Unnamed: 0,No,Date,Time,Inlet TSS (mg/L),Inlet pH,Outlet TSS (mg/L),Outlet pH,Inlet Disch (m3/s),Dosis Alum (ppm),Dosis Lime (ppm),Dosis CL-80 (ppm)
,1,2025-06-01,06:30:00,936.0,7.98,225.0,7.94,2.33,0.0,0.0,0.0
,2,2025-06-01,07:00:00,940.0,7.95,227.0,7.91,2.33,0.0,0.0,4.172627563185503
,3,2025-06-01,08:00:00,937.0,7.92,221.0,7.67,2.29,0.0,0.0,4.245511887433285
,4,2025-06-01,09:00:00,921.0,7.96,209.0,7.69,2.29,0.0,0.0,3.6390101892285296
,5,2025-06-01,10:00:00,873.0,7.93,192.0,7.71,2.29,0.0,0.0,3.6390101892285296
,6,2025-06-01,11:00:00,858.0,7.9,173.0,7.78,2.33,0.0,0.0,2.384358607534573
,7,2025-06-01,12:00:00,797.0,7.79,160.0,7.86,2.37,0.0,0.0,2.344116268166901
,8,2025-06-01,13:00:00,765.0,7.83,145.0,7.95,2.42,0.0,0.0,2.2956841138659323
,9,2025-06-01,14:00:00,747.0,7.88,129.0,7.91,2.42,0.0,0.0,2.2956841138659323
,10,2025-06-01,15:00:00,728.0,7.81,117.0,7.85,2.46,0.0,0.0,2.2583559168925023
,11,2025-06-01,16:00:00,725.0,7.79,110.0,7.88,2.46,0.0,0.0,2.2583559168925023
,12,2025-06-01,17:00:00,759.0,7.8,99.0,7.73,2.46,0.0,0.0,2.2583559168925023
,13,2025-06-01,18:00:00,774.0,7.88,95.0,7.71,2.46,0.0,0.0,2.2583559168925023
,14,2025-06-01,19:00:00,734.0,7.34,107.0,7.63,2.37,0.0,0.0,2.344116268166901
,15,2025-06-01,20:00:00,741.0,7.3,103.0,7.68,2.37,0.0,0.0,2.344116268166901
,16,2025-06-01,21:00:00,738.0,7.33,105.0,7.65,2.37,0.0,0.0,2.344116268166901
,17,2025-06-01,22:00:00,724.0,7.38,89.0,7.67,2.33,0.0,0.0,2.384358607534573
,18,2025-06-01,23:00:00,712.0,7.42,73.0,7.62,2.33,0.0,0.0,2.384358607534573
,19,2025-06-01,00:00:00,703.0,7.49,66.0,7.64,2.29,0.0,0.0,2.4260067928190194
,20,2025-06-01,01:00:00,697.0,7.52,65.0,7.61,2.29,0.0,0.0,2.4260067928190194
,21,2025-06-01,02:00:00,705.0,7.55,68.0,7.6,2.29,0.0,0.0,2.4260067928190194
,22,2025-06-01,03:00:00,692.0,7.58,62.0,7.57,2.29,0.0,0.0,2.4260067928190194
,23,2025-06-01,04:00:00,690.0,7.6,64.0,7.61,2.29,0.0,0.0,2.4260067928190194
,24,2025-06-01,05:00:00,681.0,7.63,63.0,7.59,2.29,0.0,0.0,2.4260067928190194
,25,2025-06-01,06:00:00,683.0,7.65,60.0,7.55,2.29,0.0,0.0,2.4260067928190194
,26,2025-06-02,06:30:00,655.0,7.64,60.0,7.82,2.29,0.0,0.0,0.0
,27,2025-06-02,07:00:00,712.0,7.77,78.0,7.88,2.29,0.0,0.0,2.4260067928190194
,28,2025-06-02,08:00:00,618.0,7.68,75.0,7.68,2.29,0.0,0.0,2.4260067928190194
,29,2025-06-02,09:00:00,621.0,7.7,80.0,7.54,2.29,0.0,0.0,2.4260067928190194
,30,2025-06-02,10:00:00,614.0,7.73,79.0,7.59,2.29,0.0,0.0,1.8195050946142648
,31,2025-06-02,11:00:00,606.0,7.69,64.0,7.61,2.29,0.0,0.0,1.8195050946142648
,32,2025-06-02,12:00:00,502.0,7.86,42.0,7.84,2.29,0.0,0.0,1.455604075691412
,33,2025-06-02,13:00:00,498.0,7.8,58.0,7.57,2.29,0.0,0.0,1.2130033964095097
,34,2025-06-02,14:00:00,474.0,7.89,67.0,7.71,2.25,0.0,0.0,1.2345679012345678
,35,2025-06-02,15:00:00,481.0,7.79,88.0,7.87,2.25,0.0,0.0,1.2345679012345678
,36,2025-06-02,16:00:00,469.0,7.94,90.0,7.97,2.25,0.0,0.0,1.2345679012345678
,37,2025-06-02,17:00:00,476.0,7.96,96.0,7.99,2.25,0.0,0.0,1.2345679012345678
,38,2025-06-02,18:00:00,484.0,7.98,88.0,7.94,2.25,0.0,0.0,1.2345679012345678
,39,2025-06-02,19:00:00,480.0,8.27,95.0,7.95,2.21,0.0,0.0,1.256913021618904
,40,2025-06-02,20:00:00,450.0,8.24,93.0,7.91,2.21,0.0,0.0,1.256913021618904
,41,2025-06-02,21:00:00,459.0,8.19,97.0,7.96,2.21,0.0,0.0,1.256913021618904
,42,2025-06-02,22:00:00,451.0,8.11,92.0,7.99,2.21,0.0,0.0,1.256913021618904
,43,2025-06-02,23:00:00,466.0,8,88.0,8.05,2.21,0.0,0.0,1.256913021618904
,44,2025-06-02,00:00:00,443.0,8.06,80.0,8.01,2.21,0.0,0.0,1.256913021618904
,45,2025-06-02,01:00:00,450.0,8.1,86.0,8.04,2.21,0.0,0.0,1.256913021618904
,46,2025-06-02,02:00:00,456.0,8.17,83.0,8.07,2.21,0.0,0.0,1.256913021618904
,47,2025-06-02,03:00:00,442.0,8.11,81.0,8.09,2.21,0.0,0.0,1.256913021618904
,48,2025-06-02,04:00:00,438.0,8.06,87.0,8.02,2.13,0.0,0.0,1.3041210224308817
,49,2025-06-02,05:00:00,433.0,8.04,89.0,8.05,2.17,0.0,0.0,1.2800819252432156
,50,2025-06-02,06:00:00,436.0,8.08,93.0,8.07,2.17,0.0,0.0,1.2800819252432156
,51,2025-06-03,06:30:00,439.0,7.73,94.0,7.87,2.17,0.0,0.0,0.0
,52,2025-06-03,07:00:00,430.0,7.8,98.0,7.9,2.17,0.0,0.0,1.2800819252432156
,53,2025-06-03,08:00:00,425.0,7.75,126.0,7.56,2.17,0.0,0.0,1.2800819252432156
,54,2025-06-03,09:00:00,427.0,7.78,120.0,7.6,2.17,0.0,0.0,1.2800819252432156
,55,2025-06-03,10:00:00,426.0,7.86,117.0,7.64,2.17,0.0,0.0,1.0240655401945724
,56,2025-06-03,11:00:00,418.0,7.9,102.0,7.7,2.17,0.0,0.0,1.0240655401945724
,57,2025-06-03,12:00:00,420.0,7.85,73.0,7.87,2.17,0.0,0.0,1.0240655401945724
,58,2025-06-03,13:00:00,436.0,7.81,84.0,7.84,2.17,0.0,0.0,1.0240655401945724
,59,2025-06-03,14:00:00,418.0,7.79,91.0,7.74,2.17,0.0,0.0,1.0240655401945724
,60,2025-06-03,15:00:00,411.0,7.73,94.0,7.66,2.13,0.0,0.0,1.0432968179447053
,61,2025-06-03,16:00:00,404.0,7.75,89.0,7.62,2.13,0.0,0.0,1.0432968179447053
,62,2025-06-03,17:00:00,397.0,7.7,83.0,7.57,2.13,0.0,0.0,1.0432968179447053
,63,2025-06-03,18:00:00,395.0,7.71,85.0,7.6,2.13,0.0,0.0,1.0432968179447053
,64,2025-06-03,19:00:00,327.0,8.15,72.0,7.54,2.09,0.0,0.0,1.063264221158958
,65,2025-06-03,20:00:00,332.0,8.11,78.0,7.61,2.09,0.0,0.0,1.063264221158958
,66,2025-06-03,21:00:00,381.0,7.99,83.0,7.72,2.09,0.0,0.0,1.063264221158958
,67,2025-06-03,22:00:00,377.0,8.08,97.0,7.98,2.09,0.0,0.0,1.063264221158958
,68,2025-06-03,23:00:00,369.0,8.1,119.0,7.93,2.09,0.0,0.0,1.063264221158958
,69,2025-06-03,00:00:00,366.0,8.12,124.0,7.91,2.09,0.0,0.0,1.063264221158958
,70,2025-06-03,01:00:00,375.0,8.15,120.0,8.02,2.09,0.0,0.0,1.063264221158958
,71,2025-06-03,02:00:00,368.0,8.13,121.0,7.98,2.09,0.0,0.0,1.063264221158958
,72,2025-06-03,03:00:00,366.0,8.17,127.0,7.92,2.05,0.0,0.0,1.0840108401084012
,73,2025-06-03,04:00:00,362.0,8.14,124.0,8.0,2.05,0.0,0.0,1.0840108401084012
,74,2025-06-03,05:00:00,371.0,8.12,126.0,7.97,2.05,0.0,0.0,1.0840108401084012
,75,2025-06-03,06:00:00,379.0,8.16,130.0,7.95,2.05,0.0,0.0,1.0840108401084012
,76,2025-06-04,06:30:00,377.0,7.86,85.0,7.94,2.09,0.0,0.0,0.0
,77,2025-06-04,07:00:00,374.0,7.9,97.0,7.91,2.09,0.0,0.0,1.063264221158958
,78,2025-06-04,08:00:00,348.0,7.38,98.0,7.57,2.09,0.0,0.0,1.063264221158958
,79,2025-06-04,09:00:00,352.0,8.14,112.0,7.89,2.09,0.0,0.0,1.063264221158958
,80,2025-06-04,10:00:00,343.0,8.1,118.0,7.91,2.09,0.0,0.0,1.063264221158958
,81,2025-06-04,11:00:00,328.0,8.18,107.0,7.9,2.05,0.0,0.0,0.8130081300813009
,82,2025-06-04,12:00:00,316.0,8.21,97.0,7.87,2.05,0.0,0.0,0.8130081300813009
,83,2025-06-04,13:00:00,313.0,8.29,90.0,7.84,2.05,0.0,0.0,0.8130081300813009
,84,2025-06-04,14:00:00,318.0,8.27,87.0,7.99,2.05,0.0,0.0,0.8130081300813009
,85,2025-06-04,15:00:00,320.0,8.11,92.0,8.0,2.05,0.0,0.0,0.8130081300813009
,86,2025-06-04,16:00:00,328.0,7.98,90.0,7.96,2.05,0.0,0.0,0.8130081300813009
,87,2025-06-04,17:00:00,326.0,7.9,89.0,7.74,2.05,0.0,0.0,0.8130081300813009
,88,2025-06-04,18:00:00,322.0,7.92,87.0,7.88,2.05,0.0,0.0,0.8130081300813009
,89,2025-06-04,19:00:00,317.0,8.23,133.0,8.26,2.01,0.0,0.0,0.8291873963515755
,90,2025-06-04,20:00:00,314.0,8.17,130.0,8.29,2.01,0.0,0.0,0.8291873963515755
,91,2025-06-04,21:00:00,310.0,8.11,127.0,8.25,2.01,0.0,0.0,0.8291873963515755
,92,2025-06-04,22:00:00,315.0,8.09,124.0,8.23,2.01,0.0,0.0,0.8291873963515755
,93,2025-06-04,23:00:00,309.0,8.14,120.0,8.18,2.01,0.0,0.0,0.8291873963515755
,94,2025-06-04,00:00:00,315.0,8.25,115.0,8.2,2.01,0.0,0.0,0.8291873963515755
,95,2025-06-04,01:00:00,307.0,8.2,111.0,8.09,2.01,0.0,0.0,0.8291873963515755
,96,2025-06-04,02:00:00,304.0,8.16,106.0,8.11,2.01,0.0,0.0,0.8291873963515755
,97,2025-06-04,03:00:00,326.0,8.23,109.0,8.06,2.01,0.0,0.0,0.8291873963515755
,98,2025-06-04,04:00:00,322.0,8.26,112.0,8.15,2.01,0.0,0.0,0.8291873963515755
,99,2025-06-04,05:00:00,318.0,8.22,108.0,8.12,2.01,0.0,0.0,0.8291873963515755
,100,2025-06-04,06:00:00,320.0,8.28,97.0,8.14,2.01,0.0,0.0,0.8291873963515755
,101,2025-06-05,06:30:00,303.0,7.29,129.0,7.81,1.97,0.0,0.0,0.0
,102,2025-06-05,07:00:00,310.0,7.35,118.0,7.78,1.97,0.0,0.0,0.8460236886632826
,103,2025-06-05,08:00:00,293.0,7.39,110.0,7.78,1.97,0.0,0.0,0.8460236886632826
,104,2025-06-05,09:00:00,303.0,7.37,107.0,7.8,1.97,0.0,0.0,0.8460236886632826
,105,2025-06-05,10:00:00,309.0,7.37,112.0,7.79,1.97,0.0,0.0,0.8460236886632826
,106,2025-06-05,11:00:00,286.0,7.38,116.0,7.07,1.93,0.0,0.0,0.8635578583765112
,107,2025-06-05,12:00:00,281.0,7.6,98.0,7.94,1.93,0.0,0.0,0.8635578583765112
,108,2025-06-05,13:00:00,277.0,7.56,103.0,8.02,1.93,0.0,0.0,0.8635578583765112
,109,2025-06-05,14:00:00,282.0,7.62,96.0,7.98,1.93,0.0,0.0,0.8635578583765112
,110,2025-06-05,15:00:00,279.0,7.68,100.0,8.06,1.93,0.0,0.0,0.8635578583765112
,111,2025-06-05,16:00:00,272.0,7.7,103.0,8.09,1.97,0.0,0.0,0.8460236886632826
,112,2025-06-05,17:00:00,276.0,7.76,109.0,8.13,2.01,0.0,0.0,0.8291873963515755
,113,2025-06-05,18:00:00,271.0,7.73,107.0,8.08,2.05,0.0,0.0,0.8130081300813009
,114,2025-06-05,19:00:00,286.0,7.74,110.0,8.01,2.05,0.0,0.0,0.8130081300813009
,115,2025-06-05,20:00:00,282.0,7.81,104.0,8.04,2.01,0.0,0.0,0.8291873963515755
,116,2025-06-05,21:00:00,298.0,8.08,111.0,8.06,2.01,0.0,0.0,0.552791597567717
,117,2025-06-05,22:00:00,310.0,8.06,101.0,8.11,1.97,0.0,0.0,0.5640157924421884
,118,2025-06-05,23:00:00,308.0,8.22,88.0,8.15,1.97,0.0,0.0,0.5640157924421884
,119,2025-06-05,00:00:00,322.0,8.18,96.0,8.17,1.93,0.0,0.0,0.5757052389176742
,120,2025-06-05,01:00:00,319.0,8.24,85.0,8.09,1.93,0.0,0.0,0.5757052389176742
,121,2025-06-05,02:00:00,323.0,8.21,88.0,8.13,1.93,0.0,0.0,0.5757052389176742
,122,2025-06-05,03:00:00,318.0,8.17,90.0,8.15,1.93,0.0,0.0,0.5757052389176742
,123,2025-06-05,04:00:00,315.0,8.14,95.0,8.18,1.93,0.0,0.0,0.5757052389176742
,124,2025-06-05,05:00:00,310.0,8.1,97.0,8.21,1.89,0.0,0.0,0.5878894767783658
,125,2025-06-05,06:00:00,313.0,8.15,99.0,8.23,1.89,0.0,0.0,0.5878894767783658
,126,2025-06-06,06:30:00,287.0,8.25,96.0,8.23,1.89,0.0,0.0,0.0
,127,2025-06-06,07:00:00,293.0,8.2,103.0,8.2,1.89,0.0,0.0,0.5878894767783658
,128,2025-06-06,08:00:00,290.0,8.18,99.0,8.26,1.89,0.0,0.0,0.5878894767783658
,129,2025-06-06,09:00:00,285.0,8.22,100.0,8.17,1.89,0.0,0.0,0.5878894767783658
,130,2025-06-06,10:00:00,298.0,8.19,102.0,8.21,1.89,0.0,0.0,0.5878894767783658
,131,2025-06-06,11:00:00,282.0,8.1,98.0,8.17,1.85,0.0,0.0,0.6006006006006005
,132,2025-06-06,12:00:00,279.0,8.05,100.0,8.21,1.85,0.0,0.0,0.6006006006006005
,133,2025-06-06,13:00:00,286.0,8.06,98.0,8.16,1.81,0.0,0.0,0.6138735420503376
,134,2025-06-06,14:00:00,277.0,8.08,96.0,7.94,1.78,0.0,0.0,0.6242197253433209
,135,2025-06-06,15:00:00,266.0,8.06,102.0,8.12,1.74,0.0,0.0,0.6385696040868454
,136,2025-06-06,16:00:00,243.0,8.04,100.0,8.08,1.7,0.0,0.0,0.0
,137,2025-06-06,17:00:00,234.0,8.01,98.0,8.02,1.67,0.0,0.0,0.0
,138,2025-06-06,18:00:00,229.0,8,99.0,8.05,1.67,0.0,0.0,0.0
,139,2025-06-06,19:00:00,228.0,8.28,91.0,8.32,1.63,0.0,0.0,0.0
,140,2025-06-06,20:00:00,224.0,8.15,89.0,8.28,1.63,0.0,0.0,0.0
,141,2025-06-06,21:00:00,236.0,8.22,86.0,8.18,1.63,0.0,0.0,0.0
,142,2025-06-06,22:00:00,230.0,8.18,84.0,8.11,1.6,0.0,0.0,0.0
,143,2025-06-06,23:00:00,222.0,8.26,101.0,8.08,1.6,0.0,0.0,0.0
,144,2025-06-06,00:00:00,228.0,8.27,96.0,8.07,1.56,0.0,0.0,0.0
,145,2025-06-06,01:00:00,231.0,8.24,91.0,8.01,1.56,0.0,0.0,0.0
,146,2025-06-06,02:00:00,237.0,8.27,94.0,7.96,1.52,0.0,0.0,0.0
,147,2025-06-06,03:00:00,242.0,8.25,102.0,7.94,1.52,0.0,0.0,0.0
,148,2025-06-06,04:00:00,248.0,8.2,100.0,7.85,1.49,0.0,0.0,0.0
,149,2025-06-06,05:00:00,245.0,8.16,98.0,7.8,1.49,0.0,0.0,0.0
,150,2025-06-06,06:00:00,240.0,8.12,96.0,7.93,1.46,0.0,0.0,0.0
,151,2025-06-07,06:30:00,243.0,8.12,86.0,8.24,1.42,0.0,0.0,0.0
,152,2025-06-07,07:00:00,236.0,8.16,80.0,8.2,1.42,0.0,0.0,0.0
,153,2025-06-07,08:00:00,238.0,8.11,88.0,7.92,1.39,0.0,0.0,0.0
,154,2025-06-07,09:00:00,244.0,8.15,83.0,8.18,1.35,0.0,0.0,0.0
,155,2025-06-07,10:00:00,247.0,8.18,85.0,8.16,1.29,0.0,0.0,0.0
,156,2025-06-07,11:00:00,233.0,8.2,89.0,8.1,1.19,0.0,0.0,0.0
,157,2025-06-07,12:00:00,229.0,8.25,94.0,8.33,1.07,0.0,0.0,0.0
,158,2025-06-07,13:00:00,220.0,8.22,103.0,8.27,1.07,0.0,0.0,0.0
,159,2025-06-07,14:00:00,214.0,8.24,100.0,8.31,1.07,0.0,0.0,0.0
,160,2025-06-07,15:00:00,203.0,8.18,96.0,8.36,1.07,0.0,0.0,0.0
,161,2025-06-07,16:00:00,199.0,8.2,94.0,8.32,1.07,0.0,0.0,0.0
,162,2025-06-07,17:00:00,191.0,8.15,99.0,8.3,1.07,0.0,0.0,0.0
,163,2025-06-07,18:00:00,187.0,8.17,101.0,8.27,1.07,0.0,0.0,0.0
,164,2025-06-07,19:00:00,212.0,8.3,100.0,8.34,1.07,0.0,0.0,0.0
,165,2025-06-07,20:00:00,207.0,8.24,97.0,8.31,1.1,0.0,0.0,0.0
,166,2025-06-07,21:00:00,210.0,8.18,94.0,8.28,1.13,0.0,0.0,0.0
,167,2025-06-07,22:00:00,208.0,8.2,101.0,8.18,1.16,0.0,0.0,0.0
,168,2025-06-07,23:00:00,215.0,8.17,92.0,8.23,1.19,0.0,0.0,0.0
,169,2025-06-07,00:00:00,226.0,7.79,88.0,8.18,1.22,0.0,0.0,0.0
,170,2025-06-07,01:00:00,224.0,7.74,83.0,7.94,1.26,0.0,0.0,0.0
,171,2025-06-07,02:00:00,227.0,7.82,85.0,7.91,1.29,0.0,0.0,0.0
,172,2025-06-07,03:00:00,231.0,7.89,89.0,7.89,1.32,0.0,0.0,0.0
,173,2025-06-07,04:00:00,233.0,7.97,94.0,7.87,1.35,0.0,0.0,0.0
,174,2025-06-07,05:00:00,238.0,8.04,92.0,7.85,1.35,0.0,0.0,0.0
,175,2025-06-07,06:00:00,236.0,8.1,97.0,7.93,1.39,0.0,0.0,0.0
,176,2025-06-08,06:30:00,269.0,8.31,114.0,7.84,1.29,0.0,0.0,0.0
,177,2025-06-08,07:00:00,267.0,8.25,110.0,7.88,1.29,0.0,0.0,0.0
,178,2025-06-08,08:00:00,258.0,8.33,116.0,7.9,1.29,0.0,0.0,0.0
,179,2025-06-08,09:00:00,251.0,8.27,112.0,7.96,1.29,0.0,0.0,0.0
,180,2025-06-08,10:00:00,255.0,8.2,109.0,7.82,1.26,0.0,0.0,0.0
,181,2025-06-08,11:00:00,224.0,8.24,118.0,7.67,1.26,0.0,0.0,0.0
,182,2025-06-08,12:00:00,218.0,8.26,106.0,7.58,1.22,0.0,0.0,0.0
,183,2025-06-08,13:00:00,221.0,8.31,112.0,7.63,1.22,0.0,0.0,0.0
,184,2025-06-08,14:00:00,214.0,8.25,107.0,7.77,1.07,0.0,0.0,0.0
,185,2025-06-08,15:00:00,200.0,8.19,113.0,7.79,1.07,0.0,0.0,0.0
,186,2025-06-08,16:00:00,276.0,8.23,128.0,7.86,2.86,0.0,0.0,0.9712509712509713
,187,2025-06-08,17:00:00,428.0,8.21,125.0,7.91,3.14,0.0,0.0,1.7692852087756545
,188,2025-06-08,18:00:00,694.0,8.19,129.0,8.26,3.53,0.0,0.0,3.147623544224111
,189,2025-06-08,19:00:00,986.0,8.05,155.0,8.22,3.48,0.0,0.0,7.183908045977011
,190,2025-06-08,20:00:00,1222.0,8,191.0,8.14,3.23,0.0,0.0,6.879944960440317
,191,2025-06-08,21:00:00,1236.0,7.97,216.0,8.16,3.14,0.0,0.0,7.077140835102618
,192,2025-06-08,22:00:00,1252.0,7.95,228.0,8.12,3.0,0.0,0.0,6.481481481481481
,193,2025-06-08,23:00:00,1226.0,7.98,239.0,8.1,2.9,0.0,0.0,6.704980842911877
,194,2025-06-08,00:00:00,1060.0,8.08,228.0,8.13,2.81,0.0,0.0,5.931198102016608
,195,2025-06-08,01:00:00,1006.0,8.05,206.0,8.08,2.77,0.0,0.0,6.016847172081828
,196,2025-06-08,02:00:00,935.0,8.09,173.0,8.1,2.77,0.0,0.0,6.016847172081828
,197,2025-06-08,03:00:00,862.0,8.1,156.0,8.05,2.72,0.0,0.0,6.127450980392156
,198,2025-06-08,04:00:00,784.0,8.12,137.0,8.17,2.68,0.0,0.0,6.218905472636815
,199,2025-06-08,05:00:00,616.0,8.18,121.0,8.06,2.63,0.0,0.0,4.224757076468103
,200,2025-06-08,06:00:00,554.0,8.14,117.0,8.04,2.54,0.0,0.0,4.374453193350831
,201,2025-06-09,06:30:00,513.0,8.22,96.0,8.23,2.5,0.0,0.0,0.0
,202,2025-06-09,07:00:00,516.0,8.19,98.0,8.25,2.5,0.0,0.0,1.6666666666666665
,203,2025-06-09,08:00:00,504.0,8.11,90.0,8.21,2.46,0.0,0.0,1.6937669376693767
,204,2025-06-09,09:00:00,498.0,8.09,87.0,8.19,2.42,0.0,0.0,1.721763085399449
,205,2025-06-09,10:00:00,488.0,8.04,96.0,8.16,2.37,0.0,0.0,1.7580872011251758
,206,2025-06-09,11:00:00,476.0,8,91.0,8.1,2.33,0.0,0.0,1.7882689556509297
,207,2025-06-09,12:00:00,430.0,7.99,84.0,8.11,2.29,0.0,0.0,1.8195050946142648
,208,2025-06-09,13:00:00,418.0,7.94,80.0,7.67,2.21,0.0,0.0,1.885369532428356
,209,2025-06-09,14:00:00,404.0,8.03,76.0,7.91,2.09,0.0,0.0,1.9936204146730463
,210,2025-06-09,15:00:00,400.0,8,79.0,7.94,2.01,0.0,0.0,1.3819789939192926
,211,2025-06-09,16:00:00,394.0,7.86,51.0,8.06,1.97,0.0,0.0,1.410039481105471
,212,2025-06-09,17:00:00,390.0,7.91,49.0,7.97,1.93,0.0,0.0,1.4392630972941853
,213,2025-06-09,18:00:00,401.0,8.22,50.0,8.12,1.93,0.0,0.0,1.4392630972941853
,214,2025-06-09,19:00:00,389.0,8.12,75.0,8.21,1.89,0.0,0.0,1.4697236919459142
,215,2025-06-09,20:00:00,372.0,8.08,70.0,8.18,1.89,0.0,0.0,1.4697236919459142
,216,2025-06-09,21:00:00,368.0,8.14,66.0,8.16,1.89,0.0,0.0,1.4697236919459142
,217,2025-06-09,22:00:00,362.0,8.13,63.0,8.12,1.89,0.0,0.0,1.4697236919459142
,218,2025-06-09,23:00:00,367.0,8.15,66.0,8.15,1.89,0.0,0.0,1.4697236919459142
,219,2025-06-09,00:00:00,369.0,8.14,68.0,8.14,1.85,0.0,0.0,1.3513513513513513
,220,2025-06-09,01:00:00,357.0,8.08,63.0,8.12,1.85,0.0,0.0,1.3513513513513513
,221,2025-06-09,02:00:00,342.0,8.12,61.0,8.08,1.85,0.0,0.0,1.3513513513513513
,222,2025-06-09,03:00:00,338.0,8.1,69.0,8.11,1.85,0.0,0.0,1.3513513513513513
,223,2025-06-09,04:00:00,327.0,8.09,66.0,8.09,1.81,0.0,0.0,1.3812154696132597
,224,2025-06-09,05:00:00,313.0,8.11,64.0,8.06,1.81,0.0,0.0,1.3812154696132597
,225,2025-06-09,06:00:00,308.0,8.16,67.0,8.12,1.81,0.0,0.0,1.3812154696132597
,226,2025-06-10,06:30:00,,,,,,,,
,227,2025-06-10,07:00:00,,,,,,,,
,228,2025-06-10,08:00:00,,,,,,,,
,229,2025-06-10,09:00:00,,,,,,,,
,230,2025-06-10,10:00:00,,,,,,,,
,231,2025-06-10,11:00:00,,,,,,,,
,232,2025-06-10,12:00:00,,,,,,,,
,233,2025-06-10,13:00:00,,,,,,,,
,234,2025-06-10,14:00:00,,,,,,,,
,235,2025-06-10,15:00:00,,,,,,,,
,236,2025-06-10,16:00:00,,,,,,,,
,237,2025-06-10,17:00:00,,,,,,,,
,238,2025-06-10,18:00:00,,,,,,,,
,239,2025-06-10,19:00:00,,,,,,,,
,240,2025-06-10,20:00:00,,,,,,,,
,241,2025-06-10,21:00:00,,,,,,,,
,242,2025-06-10,22:00:00,,,,,,,,
,243,2025-06-10,23:00:00,,,,,,,,
,244,2025-06-10,00:00:00,427.0,8.17,93.0,8.02,1.89,0.0,0.0,1.4697236919459142
,245,2025-06-10,01:00:00,637.0,8.14,91.0,7.93,1.97,0.0,0.0,2.1150592216582065
,246,2025-06-10,02:00:00,625.0,8.1,96.0,7.97,1.97,0.0,0.0,2.1150592216582065
,247,2025-06-10,03:00:00,658.0,8.16,93.0,8.08,1.97,0.0,0.0,2.1150592216582065
,248,2025-06-10,04:00:00,673.0,8.08,94.0,8.12,2.01,0.0,0.0,2.0729684908789388
,249,2025-06-10,05:00:00,687.0,8.03,97.0,8.16,2.01,0.0,0.0,2.0729684908789388
,250,2025-06-10,06:00:00,680.0,8.05,92.0,8.1,2.01,0.0,0.0,2.0729684908789388
,251,2025-06-11,06:30:00,669.0,8,89.0,8.09,2.01,0.0,0.0,0.0
,252,2025-06-11,07:00:00,674.0,8.02,112.0,8.12,2.01,0.0,0.0,2.0729684908789388
,253,2025-06-11,08:00:00,681.0,8.05,102.0,7.92,2.01,0.0,0.0,2.0729684908789388
,254,2025-06-11,09:00:00,598.0,8.01,112.0,8.08,2.01,0.0,0.0,2.0729684908789388
,255,2025-06-11,10:00:00,538.0,8.08,88.0,7.97,2.01,0.0,0.0,1.3819789939192926
,256,2025-06-11,11:00:00,556.0,8.04,76.0,7.94,2.01,0.0,0.0,1.3819789939192926
,257,2025-06-11,12:00:00,544.0,8.11,57.0,7.89,2.01,0.0,0.0,1.3819789939192926
,258,2025-06-11,13:00:00,513.0,8.12,73.0,7.88,2.01,0.0,0.0,1.3819789939192926
,259,2025-06-11,14:00:00,526.0,8.16,87.0,7.93,2.01,0.0,0.0,1.3819789939192926
,260,2025-06-11,15:00:00,448.0,8.1,96.0,7.97,2.01,0.0,0.0,1.3819789939192926
,261,2025-06-11,16:00:00,363.0,8.03,108.0,8.01,1.97,0.0,0.0,1.2690355329949239
,262,2025-06-11,17:00:00,302.0,7.95,111.0,8.03,1.97,0.0,0.0,1.2690355329949239
,263,2025-06-11,18:00:00,310.0,8.01,116.0,8.05,1.97,0.0,0.0,1.2690355329949239
,264,2025-06-11,19:00:00,521.0,7.84,122.0,8.19,1.93,0.0,0.0,2.0149683362118593
,265,2025-06-11,20:00:00,524.0,7.98,126.0,8.14,1.93,0.0,0.0,2.0149683362118593
,266,2025-06-11,21:00:00,520.0,8.14,134.0,7.93,1.93,0.0,0.0,2.0149683362118593
,267,2025-06-11,22:00:00,518.0,8.12,131.0,7.9,1.89,0.0,0.0,2.05761316872428
,268,2025-06-11,23:00:00,511.0,8.17,128.0,7.85,1.89,0.0,0.0,2.05761316872428
,269,2025-06-11,00:00:00,480.0,8.14,126.0,7.71,1.85,0.0,0.0,1.3513513513513513
,270,2025-06-11,01:00:00,477.0,8.11,123.0,7.76,1.85,0.0,0.0,1.3513513513513513
,271,2025-06-11,02:00:00,473.0,8.15,119.0,7.7,1.85,0.0,0.0,1.3513513513513513
,272,2025-06-11,03:00:00,479.0,8.17,121.0,7.76,1.81,0.0,0.0,1.3812154696132597
,273,2025-06-11,04:00:00,482.0,8.12,126.0,7.83,1.81,0.0,0.0,1.3812154696132597
,274,2025-06-11,05:00:00,478.0,8.11,122.0,7.91,1.81,0.0,0.0,1.3812154696132597
,275,2025-06-11,06:00:00,476.0,8.15,129.0,7.83,1.81,0.0,0.0,1.3812154696132597
,276,2025-06-12,06:30:00,420.0,7.85,105.0,8.04,1.78,0.0,0.0,0.0
,277,2025-06-12,07:00:00,423.0,7.96,112.0,8.08,1.78,0.0,0.0,1.404494382022472
,278,2025-06-12,08:00:00,367.0,7.88,115.0,7.98,1.78,0.0,0.0,1.404494382022472
,279,2025-06-12,09:00:00,378.0,7.96,110.0,7.75,1.78,0.0,0.0,1.2484394506866419
,280,2025-06-12,10:00:00,386.0,7.94,112.0,7.94,1.7,0.0,0.0,0.6535947712418301
,281,2025-06-12,11:00:00,345.0,7.97,109.0,8.0,1.67,0.0,0.0,0.6653359946773121
,282,2025-06-12,12:00:00,322.0,7.9,104.0,8.02,1.63,0.0,0.0,0.6816632583503749
,283,2025-06-12,13:00:00,320.0,7.96,106.0,8.05,1.6,0.0,0.0,0.6944444444444444
,284,2025-06-12,14:00:00,318.0,7.99,101.0,8.01,1.56,0.0,0.0,0.7122507122507121
,285,2025-06-12,15:00:00,311.0,8.02,95.0,7.98,1.52,0.0,0.0,0.7309941520467836
,286,2025-06-12,16:00:00,307.0,8.05,86.0,8.0,1.49,0.0,0.0,0.7457121551081283
,287,2025-06-12,17:00:00,304.0,8.08,79.0,7.93,1.49,0.0,0.0,0.7457121551081283
,288,2025-06-12,18:00:00,300.0,8.1,83.0,8.02,1.46,0.0,0.0,0.76103500761035
,289,2025-06-12,19:00:00,,,,,,,,
,290,2025-06-12,20:00:00,,,,,,,,
,291,2025-06-12,21:00:00,,,,,,,,
,292,2025-06-12,22:00:00,,,,,,,,
,293,2025-06-12,23:00:00,,,,,,,,
,294,2025-06-12,00:00:00,,,,,,,,
,295,2025-06-12,01:00:00,,,,,,,,
,296,2025-06-12,02:00:00,,,,,,,,
,297,2025-06-12,03:00:00,,,,,,,,
,298,2025-06-12,04:00:00,,,,,,,,
,299,2025-06-12,05:00:00,,,,,,,,
,300,2025-06-12,06:00:00,,,,,,,,
,301,2025-06-19,06:30:00,,,,,,,,
,302,2025-06-19,07:00:00,,,,,,,,
,303,2025-06-19,08:00:00,,,,,,,,
,304,2025-06-19,09:00:00,,,,,,,,
,305,2025-06-19,10:00:00,,,,,,,,
,306,2025-06-19,11:00:00,,,,,,,,
,307,2025-06-19,12:00:00,,,,,,,,
,308,2025-06-19,13:00:00,,,,,,,,
,309,2025-06-19,14:00:00,,,,,,,,
,310,2025-06-19,15:00:00,,,,,,,,
,311,2025-06-19,16:00:00,,,,,,,,
,312,2025-06-19,17:00:00,,,,,,,,
,313,2025-06-19,18:00:00,,,,,,,,
,314,2025-06-19,19:00:00,404.0,8.3,118.0,8.18,2.72,0.0,0.0,1.838235294117647
,315,2025-06-19,20:00:00,1230.0,8.26,125.0,8.24,2.81,0.0,0.0,5.931198102016608
,316,2025-06-19,21:00:00,1210.0,8.23,132.0,8.2,2.81,0.0,0.0,5.931198102016608
,317,2025-06-19,22:00:00,1152.0,8.24,138.0,8.22,2.77,0.0,0.0,6.016847172081828
,318,2025-06-19,23:00:00,1257.0,8.08,152.0,8.12,2.72,0.0,0.0,6.127450980392156
,319,2025-06-19,00:00:00,1374.0,7.98,167.0,8.03,2.68,0.0,0.0,6.218905472636815
,320,2025-06-19,01:00:00,1238.0,8.05,162.0,8.08,2.63,0.0,0.0,5.280946345585129
,321,2025-06-19,02:00:00,1134.0,8.02,160.0,8.05,2.59,0.0,0.0,5.362505362505363
,322,2025-06-19,03:00:00,1120.0,7.92,157.0,8.0,2.54,0.0,0.0,5.468066491688539
,323,2025-06-19,04:00:00,1092.0,7.82,153.0,8.03,2.5,0.0,0.0,4.444444444444445
,324,2025-06-19,05:00:00,1048.0,7.62,149.0,8.06,2.46,0.0,0.0,4.5167118337850045
,325,2025-06-19,06:00:00,1072.0,7.7,155.0,8.02,2.46,0.0,0.0,4.5167118337850045
,326,2025-06-20,06:30:00,942.0,7.69,103.0,7.91,2.5,0.0,0.0,0.0
,327,2025-06-20,07:00:00,928.0,7.75,105.0,7.89,2.5,0.0,0.0,2.7777777777777777
,328,2025-06-20,08:00:00,887.0,7.82,115.0,7.77,2.46,0.0,0.0,2.8229448961156276
,329,2025-06-20,09:00:00,874.0,7.77,118.0,7.8,2.42,0.0,0.0,2.869605142332415
,330,2025-06-20,10:00:00,774.0,7.81,110.0,7.9,2.42,0.0,0.0,2.869605142332415
,331,2025-06-20,11:00:00,776.0,7.79,89.0,7.89,2.42,0.0,0.0,2.869605142332415
,332,2025-06-20,12:00:00,781.0,7.77,76.0,7.88,2.42,0.0,0.0,2.869605142332415
,333,2025-06-20,13:00:00,774.0,7.82,94.0,7.84,2.42,0.0,0.0,2.869605142332415
,334,2025-06-20,14:00:00,779.0,7.8,90.0,7.86,2.42,0.0,0.0,2.869605142332415
,335,2025-06-20,15:00:00,795.0,7.82,87.0,7.83,2.42,0.0,0.0,2.869605142332415
,336,2025-06-20,16:00:00,814.0,7.85,85.0,7.81,2.42,0.0,0.0,2.869605142332415
,337,2025-06-20,17:00:00,838.0,7.83,82.0,7.8,2.37,0.0,0.0,2.930145335208626
,338,2025-06-20,18:00:00,829.0,7.88,91.0,7.87,2.37,0.0,0.0,2.930145335208626
,339,2025-06-20,19:00:00,729.0,8.06,79.0,7.9,2.33,0.0,0.0,2.9804482594182162
,340,2025-06-20,20:00:00,731.0,8.02,82.0,7.96,2.33,0.0,0.0,2.9804482594182162
,341,2025-06-20,21:00:00,710.0,7.52,85.0,7.87,2.29,0.0,0.0,3.032508491023775
,342,2025-06-20,22:00:00,704.0,7.67,95.0,7.96,2.29,0.0,0.0,3.032508491023775
,343,2025-06-20,23:00:00,693.0,7.8,124.0,7.99,2.25,0.0,0.0,3.0864197530864197
,344,2025-06-20,00:00:00,686.0,8,139.0,8.03,2.25,0.0,0.0,3.0864197530864197
,345,2025-06-20,01:00:00,684.0,7.97,144.0,8.01,2.25,0.0,0.0,3.0864197530864197
,346,2025-06-20,02:00:00,680.0,7.94,139.0,7.96,2.21,0.0,0.0,3.14228255404726
,347,2025-06-20,03:00:00,671.0,7.83,148.0,7.91,2.21,0.0,0.0,3.14228255404726
,348,2025-06-20,04:00:00,658.0,7.62,146.0,8.02,2.21,0.0,0.0,3.14228255404726
,349,2025-06-20,05:00:00,656.0,7.68,163.0,7.82,2.17,0.0,0.0,3.200204813108039
,350,2025-06-20,06:00:00,653.0,7.62,182.0,7.69,2.17,0.0,0.0,3.200204813108039
,351,2025-06-21,06:30:00,603.0,7.95,162.0,7.71,2.17,0.0,0.0,0.0
,352,2025-06-21,07:00:00,611.0,7.68,148.0,7.84,2.17,0.0,0.0,2.5601638504864312
,353,2025-06-21,08:00:00,664.0,7.72,157.0,7.45,2.17,0.0,0.0,2.5601638504864312
,354,2025-06-21,09:00:00,697.0,7.8,155.0,7.53,2.17,0.0,0.0,2.5601638504864312
,355,2025-06-21,10:00:00,588.0,7.79,148.0,7.71,2.13,0.0,0.0,2.6082420448617634
,356,2025-06-21,11:00:00,524.0,7.81,141.0,7.64,2.13,0.0,0.0,1.9561815336463224
,357,2025-06-21,12:00:00,531.0,7.7,138.0,7.68,2.13,0.0,0.0,1.9561815336463224
,358,2025-06-21,13:00:00,513.0,7.68,134.0,7.7,2.13,0.0,0.0,1.9561815336463224
,359,2025-06-21,14:00:00,502.0,7.71,125.0,7.75,2.13,0.0,0.0,1.9561815336463224
,360,2025-06-21,15:00:00,498.0,7.73,118.0,7.73,2.13,0.0,0.0,1.9561815336463224
,361,2025-06-21,16:00:00,485.0,7.69,106.0,7.71,2.13,0.0,0.0,1.564945226917058
,362,2025-06-21,17:00:00,470.0,7.67,101.0,7.74,2.09,0.0,0.0,1.594896331738437
,363,2025-06-21,18:00:00,476.0,7.72,98.0,7.8,2.09,0.0,0.0,1.594896331738437
,364,2025-06-21,19:00:00,487.0,8.09,117.0,7.97,2.09,0.0,0.0,1.594896331738437
,365,2025-06-21,20:00:00,483.0,8.06,110.0,7.95,2.09,0.0,0.0,1.594896331738437
,366,2025-06-21,21:00:00,479.0,8.02,101.0,7.89,2.09,0.0,,1.594896331738437
,367,2025-06-21,22:00:00,478.0,7.98,104.0,7.85,2.05,0.0,0.0,1.6260162601626018
,368,2025-06-21,23:00:00,477.0,7.96,109.0,7.8,2.05,0.0,0.0,1.6260162601626018
,369,2025-06-21,00:00:00,476.0,7.95,112.0,7.89,2.05,0.0,0.0,1.6260162601626018
,370,2025-06-21,01:00:00,467.0,7.88,109.0,7.82,2.05,0.0,0.0,1.6260162601626018
,371,2025-06-21,02:00:00,473.0,7.92,115.0,7.91,2.05,0.0,0.0,1.6260162601626018
,372,2025-06-21,03:00:00,476.0,7.9,112.0,7.86,2.05,0.0,0.0,1.6260162601626018
,373,2025-06-21,04:00:00,482.0,7.97,118.0,7.92,2.05,0.0,0.0,1.6260162601626018
,374,2025-06-21,05:00:00,473.0,7.86,114.0,7.95,2.05,0.0,0.0,1.6260162601626018
,375,2025-06-21,06:00:00,479.0,7.96,115.0,7.9,2.05,0.0,0.0,1.6260162601626018
,376,2025-06-22,06:30:00,404.0,7.77,100.0,7.7,2.01,0.0,0.0,0.0
,377,2025-06-22,07:00:00,401.0,7.8,97.0,7.73,2.01,0.0,0.0,1.3819789939192926
,378,2025-06-22,08:00:00,386.0,7.88,98.0,7.49,1.97,0.0,0.0,1.410039481105471
,379,2025-06-22,09:00:00,377.0,7.86,94.0,7.69,1.93,0.0,0.0,1.4392630972941853
,380,2025-06-22,10:00:00,388.0,7.82,99.0,7.71,1.93,0.0,0.0,1.4392630972941853
,381,2025-06-22,11:00:00,407.0,7.75,96.0,7.68,1.93,0.0,0.0,1.1514104778353484
,382,2025-06-22,12:00:00,413.0,7.68,98.0,7.65,1.93,0.0,0.0,1.1514104778353484
,383,2025-06-22,13:00:00,405.0,7.72,102.0,7.61,1.93,0.0,0.0,1.1514104778353484
,384,2025-06-22,14:00:00,398.0,7.71,89.0,7.74,1.93,0.0,0.0,1.1514104778353484
,385,2025-06-22,15:00:00,377.0,7.8,87.0,7.76,1.89,0.0,0.0,1.1757789535567316
,386,2025-06-22,16:00:00,359.0,7.88,83.0,7.78,1.89,0.0,0.0,1.1757789535567316
,387,2025-06-22,17:00:00,341.0,7.95,85.0,7.74,1.85,0.0,0.0,1.201201201201201
,388,2025-06-22,18:00:00,336.0,7.92,82.0,7.75,1.85,0.0,0.0,1.201201201201201
,389,2025-06-22,19:00:00,338.0,8.04,133.0,7.98,1.85,0.0,0.0,1.201201201201201
,390,2025-06-22,20:00:00,333.0,8.06,138.0,7.93,1.85,0.0,0.0,1.201201201201201
,391,2025-06-22,21:00:00,328.0,8.08,144.0,7.85,1.85,0.0,0.0,1.201201201201201
,392,2025-06-22,22:00:00,330.0,8.1,141.0,7.83,1.81,0.0,0.0,1.2277470841006752
,393,2025-06-22,23:00:00,325.0,8.02,138.0,7.76,1.74,0.0,0.0,1.2771392081736908
,394,2025-06-22,00:00:00,328.0,8.04,147.0,7.61,1.7,0.0,0.0,1.3071895424836601
,395,2025-06-22,01:00:00,331.0,7.94,131.0,7.97,1.7,0.0,0.0,1.3071895424836601
,396,2025-06-22,02:00:00,326.0,8.01,136.0,7.94,1.67,0.0,0.0,1.3306719893546242
,397,2025-06-22,03:00:00,332.0,7.96,148.0,7.98,1.63,0.0,0.0,1.3633265167007498
,398,2025-06-22,04:00:00,339.0,7.86,142.0,7.93,1.6,0.0,0.0,1.3888888888888888
,399,2025-06-22,05:00:00,336.0,7.88,138.0,8.01,1.56,0.0,0.0,1.4245014245014243
,400,2025-06-22,06:00:00,337.0,7.81,131.0,8.04,1.52,0.0,0.0,1.4619883040935673
,401,2025-06-23,06:30:00,292.0,7.83,106.0,7.92,1.39,0.0,0.0,0.0
,402,2025-06-23,07:00:00,290.0,7.78,112.0,7.88,1.39,0.0,0.0,1.598721023181455
,403,2025-06-23,08:00:00,287.0,7.8,98.0,7.92,1.35,0.0,0.0,1.6460905349794237
,404,2025-06-23,09:00:00,289.0,7.85,102.0,7.9,1.32,0.0,0.0,1.6835016835016834
,405,2025-06-23,10:00:00,281.0,7.97,105.0,7.95,1.29,0.0,0.0,1.722652885443583
,406,2025-06-23,11:00:00,274.0,8.02,108.0,7.97,1.26,0.0,0.0,1.763668430335097
,407,2025-06-23,12:00:00,263.0,8.09,112.0,8.0,1.22,0.0,0.0,1.8214936247723132
,408,2025-06-23,13:00:00,,,,,,,,
,409,2025-06-23,14:00:00,,,,,,,,
,410,2025-06-23,15:00:00,,,,,,,,
,411,2025-06-23,16:00:00,,,,,,,,
,412,2025-06-23,17:00:00,,,,,,,,
,413,2025-06-23,18:00:00,,,,,,,,
,414,2025-06-23,19:00:00,,,,,,,,
,415,2025-06-23,20:00:00,,,,,,,,
,416,2025-06-23,21:00:00,,,,,,,,
,417,2025-06-23,22:00:00,,,,,,,,
,418,2025-06-23,23:00:00,,,,,,,,
,419,2025-06-23,00:00:00,,,,,,,,
,420,2025-06-23,01:00:00,,,,,,,,
,421,2025-06-23,02:00:00,,,,,,,,
,422,2025-06-23,03:00:00,,,,,,,,
,423,2025-06-23,04:00:00,,,,,,,,
,424,2025-06-23,05:00:00,,,,,,,,
,425,2025-06-23,06:00:00,,,,,,,,
,426,2025-08-17,06:30:00,142.0,8.08,70.0,8.3,0.25,0.0,0.0,0.0
,427,2025-08-17,07:00:00,140.0,8.1,72.0,8.35,0.25,0.0,0.0,0.0
,428,2025-08-17,08:00:00,143.0,8.07,77.0,8.04,0.25,0.0,0.0,0.0
,429,2025-08-17,09:00:00,139.0,8.11,78.0,8.28,0.25,0.0,0.0,0.0
,430,2025-08-17,10:00:00,141.0,8.08,80.0,8.3,0.25,0.0,0.0,0.0
,431,2025-08-17,11:00:00,137.0,8.05,76.0,8.25,0.25,0.0,0.0,0.0
,432,2025-08-17,12:00:00,133.0,8.11,72.0,8.27,0.25,0.0,0.0,0.0
,433,2025-08-17,13:00:00,146.0,8.13,64.0,8.29,0.25,0.0,0.0,0.0
,434,2025-08-17,14:00:00,140.0,8.06,72.0,8.2,0.25,0.0,0.0,0.0
,435,2025-08-17,15:00:00,118.0,8.1,75.0,8.25,0.28,0.0,0.0,0.0
,436,2025-08-17,16:00:00,107.0,8.04,73.0,8.27,0.33,0.0,0.0,0.0
,437,2025-08-17,17:00:00,82.0,8.11,71.0,8.32,0.41,0.0,0.0,0.0
,438,2025-08-17,18:00:00,89.0,8.1,74.0,8.28,0.41,0.0,0.0,0.0
,439,2025-08-17,19:00:00,137.0,8.06,83.0,8.49,0.54,0.0,0.0,0.0
,440,2025-08-17,20:00:00,140.0,8.08,88.0,8.45,0.64,0.0,0.0,0.0
,441,2025-08-17,21:00:00,143.0,8.11,86.0,8.4,0.76,0.0,0.0,0.0
,442,2025-08-17,22:00:00,145.0,8.13,89.0,8.37,0.87,0.0,0.0,0.0
,443,2025-08-17,23:00:00,148.0,8.11,80.0,8.41,0.92,0.0,0.0,0.0
,444,2025-08-17,00:00:00,155.0,8.14,77.0,8.38,0.95,0.0,0.0,0.0
,445,2025-08-17,01:00:00,152.0,8.09,79.0,8.3,0.98,0.0,0.0,0.0
,446,2025-08-17,02:00:00,156.0,8.07,81.0,8.22,1.04,0.0,0.0,0.0
,447,2025-08-17,03:00:00,159.0,8.03,84.0,8.17,1.1,0.0,0.0,0.0
,448,2025-08-17,04:00:00,163.0,8.05,82.0,8.11,1.16,0.0,0.0,0.0
,449,2025-08-17,05:00:00,167.0,8.08,85.0,8.06,1.19,0.0,0.0,0.0
,450,2025-08-17,06:00:00,182.0,8.04,80.0,8.05,1.19,0.0,0.0,0.0
,451,2025-08-19,06:30:00,,,,,,,,
,452,2025-08-19,07:00:00,,,,,,,,
,453,2025-08-19,08:00:00,,,,,,,,
,454,2025-08-19,09:00:00,,,,,,,,
,455,2025-08-19,10:00:00,,,,,,,,
,456,2025-08-19,11:00:00,,,,,,,,
,457,2025-08-19,12:00:00,,,,,,,,
,458,2025-08-19,13:00:00,,,,,,,,
,459,2025-08-19,14:00:00,,,,,,,,
,460,2025-08-19,15:00:00,,,,,,,,
,461,2025-08-19,16:00:00,,,,,,,,
,462,2025-08-19,17:00:00,,,,,,,,
,463,2025-08-19,18:00:00,,,,,,,,
,464,2025-08-19,19:00:00,,,,,,,,
,465,2025-08-19,20:00:00,,,,,,,,
,466,2025-08-19,21:00:00,,,,,,,,
,467,2025-08-19,22:00:00,,,,,,,,
,468,2025-08-19,23:00:00,,,,,,,,
,469,2025-08-19,00:00:00,,,,,,,,
,470,2025-08-19,01:00:00,252.0,7.98,99.0,8.12,0.98,0.0,0.0,1.7006802721088434
,471,2025-08-19,02:00:00,278.0,8,108.0,8.16,1.22,0.0,0.0,1.8214936247723132
,472,2025-08-19,03:00:00,327.0,7.96,110.0,8.14,1.46,0.0,0.0,1.9025875190258752
,473,2025-08-19,04:00:00,356.0,7.98,112.0,8.13,1.7,0.0,0.0,1.6339869281045751
,474,2025-08-19,05:00:00,379.0,7.92,116.0,8.18,1.97,0.0,0.0,2.1150592216582065
,475,2025-08-19,06:00:00,388.0,7.9,111.0,8.16,1.97,0.0,0.0,2.1150592216582065
,476,2025-08-20,06:30:00,333.0,8.15,127.0,8.3,1.97,0.0,0.0,0.0
,477,2025-08-20,07:00:00,337.0,8.19,124.0,8.32,1.97,0.0,0.0,2.1150592216582065
,478,2025-08-20,08:00:00,341.0,8.1,124.0,8.43,2.01,0.0,0.0,1.105583195135434
,479,2025-08-20,09:00:00,343.0,8,123.0,8.2,2.01,0.0,0.0,1.105583195135434
,480,2025-08-20,10:00:00,386.0,8.08,120.0,8.26,2.05,0.0,0.0,1.0840108401084012
,481,2025-08-20,11:00:00,388.0,8.03,117.0,8.23,2.05,0.0,0.0,1.0840108401084012
,482,2025-08-20,12:00:00,390.0,7.92,114.0,8.2,2.09,0.0,0.0,1.063264221158958
,483,2025-08-20,13:00:00,408.0,7.99,119.0,8.24,2.09,0.0,0.0,1.063264221158958
,484,2025-08-20,14:00:00,416.0,7.96,105.0,8.12,2.13,0.0,0.0,1.0432968179447053
,485,2025-08-20,15:00:00,626.0,7.53,108.0,8.09,2.13,0.0,0.0,1.9561815336463224
,486,2025-08-20,16:00:00,697.0,7.49,112.0,8.05,2.13,0.0,0.0,1.9561815336463224
,487,2025-08-20,17:00:00,658.0,7.64,107.0,8.08,2.17,0.0,0.0,1.9201228878648233
,488,2025-08-20,18:00:00,571.0,7.83,98.0,8.04,2.17,0.0,0.0,1.9201228878648233
,489,2025-08-20,19:00:00,580.0,7.57,108.0,8.09,2.25,0.0,0.0,2.4691358024691357
,490,2025-08-20,20:00:00,578.0,7.6,110.0,8.02,2.21,0.0,0.0,2.513826043237808
,491,2025-08-20,21:00:00,584.0,7.59,113.0,8.05,2.17,0.0,0.0,2.5601638504864312
,492,2025-08-20,22:00:00,583.0,7.65,117.0,8.12,2.17,0.0,0.0,2.5601638504864312
,493,2025-08-20,23:00:00,586.0,7.72,119.0,8.18,2.13,0.0,0.0,2.6082420448617634
,494,2025-08-20,00:00:00,580.0,7.79,121.0,8.21,2.13,0.0,0.0,2.6082420448617634
,495,2025-08-20,01:00:00,547.0,7.83,128.0,8.16,2.13,0.0,0.0,1.9561815336463224
,496,2025-08-20,02:00:00,523.0,7.85,132.0,8.22,2.13,0.0,0.0,1.9561815336463224
,497,2025-08-20,03:00:00,497.0,7.84,136.0,8.18,2.13,0.0,0.0,1.9561815336463224
,498,2025-08-20,04:00:00,505.0,7.88,140.0,8.11,2.09,0.0,0.0,1.9936204146730463
,499,2025-08-20,05:00:00,491.0,7.91,143.0,8.14,2.09,0.0,0.0,1.9936204146730463
,500,2025-08-20,06:00:00,482.0,7.94,141.0,8.16,2.09,0.0,0.0,1.9936204146730463
,501,2025-08-31,06:30:00,,,,,,,,
,502,2025-08-31,07:00:00,,,,,,,,
,503,2025-08-31,08:00:00,,,,,,,,
,504,2025-08-31,09:00:00,,,,,,,,
,505,2025-08-31,10:00:00,,,,,,,,
,506,2025-08-31,11:00:00,,,,,,,,
,507,2025-08-31,12:00:00,,,,,,,,
,508,2025-08-31,13:00:00,,,,,,,,
,509,2025-08-31,14:00:00,,,,,,,,
,510,2025-08-31,15:00:00,,,,,,,,
,511,2025-08-31,16:00:00,,,,,,,,
,512,2025-08-31,17:00:00,,,,,,,,
,513,2025-08-31,18:00:00,,,,,,,,
,514,2025-08-31,19:00:00,,,,,,,,
,515,2025-08-31,20:00:00,261.0,8.27,114.0,8.38,1.39,0.0,0.0,1.1990407673860912
,516,2025-08-31,21:00:00,318.0,8.31,117.0,8.42,1.39,0.0,0.0,1.3988808952837732
,517,2025-08-31,22:00:00,325.0,8.37,120.0,8.33,1.42,0.0,0.0,1.3693270735524259
,518,2025-08-31,23:00:00,343.0,8.44,124.0,8.25,1.42,0.0,0.0,1.3693270735524259
,519,2025-08-31,00:00:00,349.0,8.53,127.0,8.12,1.42,0.0,0.0,1.3693270735524259
,520,2025-08-31,01:00:00,331.0,8.46,121.0,8.23,1.46,0.0,0.0,1.5220700152207
,521,2025-08-31,02:00:00,367.0,8.32,115.0,8.19,1.46,0.0,0.0,1.5220700152207
,522,2025-08-31,03:00:00,351.0,8.29,109.0,8.17,1.46,0.0,0.0,1.5220700152207
,523,2025-08-31,04:00:00,342.0,8.26,105.0,8.13,1.46,0.0,0.0,1.5220700152207
,524,2025-08-31,05:00:00,397.0,8.21,110.0,8.15,1.46,0.0,0.0,1.5220700152207
,525,2025-08-31,06:00:00,481.0,8.17,118.0,8.09,1.46,0.0,0.0,1.5220700152207
,526,2025-09-01,06:30:00,431.0,8.16,135.0,8.1,1.49,0.0,0.0,0.0
,527,2025-09-01,07:00:00,428.0,8.14,128.0,8.08,1.49,0.0,0.0,1.4914243102162565
,528,2025-09-01,08:00:00,423.0,8.1,107.0,7.96,1.456,0.0,0.0,1.5262515262515262
,529,2025-09-01,09:00:00,425.0,8.07,90.0,7.78,1.456,0.0,0.0,1.5262515262515262
,530,2025-09-01,10:00:00,414.0,8.1,101.0,7.84,1.456,0.0,0.0,1.5262515262515262
,531,2025-09-01,11:00:00,408.0,8.13,114.0,7.89,1.456,0.0,0.0,1.5262515262515262
,532,2025-09-01,12:00:00,381.0,8.08,98.0,8.01,1.456,0.0,0.0,1.5262515262515262
,533,2025-09-01,13:00:00,353.0,8.25,117.0,8.25,1.456,0.0,0.0,1.3354700854700854
,534,2025-09-01,14:00:00,338.0,8.18,110.0,8.31,1.456,0.0,0.0,1.3354700854700854
,535,2025-09-01,15:00:00,327.0,8.11,108.0,8.27,1.456,0.0,0.0,1.3354700854700854
,536,2025-09-01,16:00:00,320.0,8.19,118.0,8.24,1.456,0.0,0.0,1.1446886446886448
,537,2025-09-01,17:00:00,300.0,8.24,130.0,8.12,1.456,0.0,0.0,1.1446886446886448
,538,2025-09-01,18:00:00,303.0,8.22,128.0,8.1,1.456,0.0,0.0,1.1446886446886448
,539,2025-09-01,19:00:00,287.0,8.28,124.0,8.37,1.422,0.0,0.0,1.1720581340834506
,540,2025-09-01,20:00:00,284.0,8.25,121.0,8.33,1.422,0.0,0.0,1.1720581340834506
,541,2025-09-01,21:00:00,305.0,8.21,117.0,8.3,1.422,0.0,0.0,1.1720581340834506
,542,2025-09-01,22:00:00,310.0,8.26,112.0,8.39,1.422,0.0,0.0,1.1720581340834506
,543,2025-09-01,23:00:00,307.0,8.29,108.0,8.22,1.422,0.0,0.0,0.9767151117362087
,544,2025-09-01,00:00:00,333.0,8.34,103.0,8.27,1.422,0.0,0.0,0.9767151117362087
,545,2025-09-01,01:00:00,331.0,8.38,105.0,8.21,1.388,0.0,0.0,1.0006404098623118
,546,2025-09-01,02:00:00,336.0,8.34,107.0,8.34,1.388,0.0,0.0,1.0006404098623118
,547,2025-09-01,03:00:00,328.0,8.31,104.0,8.28,1.388,0.0,0.0,1.0006404098623118
,548,2025-09-01,04:00:00,336.0,8.29,106.0,8.31,1.388,0.0,0.0,1.0006404098623118
,549,2025-09-01,05:00:00,334.0,8.36,103.0,8.27,1.388,0.0,0.0,1.0006404098623118
,550,2025-09-01,06:00:00,330.0,8.33,100.0,8.33,1.388,0.0,0.0,1.0006404098623118
,551,2025-09-02,06:30:00,311.0,8.08,91.0,8.14,1.355,0.0,0.0,0.0
,552,2025-09-02,07:00:00,307.0,8.04,104.0,8.17,1.322,0.0,0.0,0.0
,553,2025-09-02,08:00:00,303.0,8.1,101.0,8.19,1.322,0.0,0.0,0.0
,554,2025-09-02,09:00:00,298.0,8.12,98.0,8.21,1.322,0.0,0.0,0.0
,555,2025-09-02,10:00:00,281.0,8.16,94.0,8.18,1.289,0.0,0.0,0.0
,556,2025-09-02,11:00:00,274.0,8.18,96.0,8.2,1.289,0.0,0.0,0.0
,557,2025-09-02,12:00:00,259.0,8.15,90.0,8.17,1.289,0.0,0.0,0.0
,558,2025-09-02,13:00:00,247.0,8.14,83.0,8.15,0.289,0.0,0.0,0.0
,559,2025-09-02,14:00:00,244.0,8.17,89.0,8.12,1.257,0.0,0.0,0.0
,560,2025-09-02,15:00:00,217.0,8.62,86.0,8.16,1.225,0.0,0.0,0.0
,561,2025-09-02,16:00:00,221.0,8.33,83.0,8.22,1.193,0.0,0.0,0.0
,562,2025-09-02,17:00:00,219.0,8.2,81.0,8.28,1.162,0.0,0.0,0.0
,563,2025-09-02,18:00:00,226.0,8.27,84.0,8.33,1.131,0.0,0.0,0.0
,564,2025-09-02,19:00:00,215.0,8.26,71.0,8.4,1.07,0.0,0.0,0.0
,565,2025-09-02,20:00:00,213.0,8.29,75.0,8.38,1.07,0.0,0.0,0.0
,566,2025-09-02,21:00:00,210.0,8.25,80.0,8.41,1.04,0.0,0.0,0.0
,567,2025-09-02,22:00:00,208.0,8.29,83.0,8.47,1.04,0.0,0.0,0.0
,568,2025-09-02,23:00:00,219.0,8.17,95.0,8.35,1.011,0.0,0.0,0.0
,569,2025-09-02,00:00:00,226.0,8.32,101.0,8.41,0.982,0.0,0.0,0.0
,570,2025-09-02,01:00:00,221.0,8.28,97.0,8.36,0.953,0.0,0.0,0.0
,571,2025-09-02,02:00:00,238.0,8.27,94.0,8.24,0.953,0.0,0.0,0.0
,572,2025-09-02,03:00:00,227.0,8.36,92.0,8.19,0.924,0.0,0.0,0.0
,573,2025-09-02,04:00:00,225.0,8.34,99.0,8.17,0.924,0.0,0.0,0.0
,574,2025-09-02,05:00:00,228.0,8.31,95.0,8.15,0.89,0.0,0.0,0.0
,575,2025-09-02,06:00:00,223.0,8.3,97.0,8.12,0.869,0.0,0.0,0.0
,576,2025-09-03,06:30:00,224.0,7.97,72.0,8.09,0.814,0.0,0.0,0.0
,577,2025-09-03,07:00:00,220.0,7.99,80.0,8.02,0.814,0.0,0.0,0.0
,578,2025-09-03,08:00:00,223.0,7.95,101.0,7.98,0.814,0.0,0.0,0.0
,579,2025-09-03,09:00:00,227.0,7.93,98.0,8.05,0.814,0.0,0.0,0.0
,580,2025-09-03,10:00:00,219.0,7.9,100.0,8.1,0.814,0.0,0.0,0.0
,581,2025-09-03,11:00:00,192.0,7.96,103.0,8.08,0.788,0.0,0.0,0.0
,582,2025-09-03,12:00:00,187.0,8.01,97.0,8.0,0.761,0.0,0.0,0.0
,583,2025-09-03,13:00:00,183.0,8.06,99.0,8.03,0.761,0.0,0.0,0.0
,584,2025-09-03,14:00:00,185.0,8.04,102.0,8.01,0.761,0.0,0.0,0.0
,585,2025-09-03,15:00:00,188.0,8.02,97.0,8.05,0.735,0.0,0.0,0.0
,586,2025-09-03,16:00:00,182.0,8.07,96.0,8.06,0.735,0.0,0.0,0.0
,587,2025-09-03,17:00:00,184.0,8.05,98.0,8.02,0.71,0.0,0.0,0.0
,588,2025-09-03,18:00:00,180.0,8.1,91.0,8.05,0.71,0.0,0.0,0.0
,589,2025-09-03,19:00:00,192.0,8.32,89.0,8.2,0.685,0.0,0.0,0.0
,590,2025-09-03,20:00:00,186.0,8.28,101.0,8.32,0.685,0.0,0.0,0.0
,591,2025-09-03,21:00:00,181.0,8.21,88.0,8.15,0.66,0.0,0.0,0.0
,592,2025-09-03,22:00:00,194.0,8.18,83.0,8.21,0.636,0.0,0.0,0.0
,593,2025-09-03,23:00:00,198.0,8.22,86.0,8.32,0.612,0.0,0.0,0.0
,594,2025-09-03,00:00:00,201.0,8.19,80.0,8.38,0.588,0.0,0.0,0.0
,595,2025-09-03,01:00:00,203.0,8.21,73.0,8.43,0.565,0.0,0.0,0.0
,596,2025-09-03,02:00:00,200.0,8.16,70.0,8.4,0.565,0.0,0.0,0.0
,597,2025-09-03,03:00:00,205.0,8.14,65.0,8.6,0.565,0.0,0.0,0.0
,598,2025-09-03,04:00:00,208.0,8.18,67.0,8.32,0.542,0.0,0.0,0.0
,599,2025-09-03,05:00:00,206.0,8.17,69.0,8.3,0.542,0.0,0.0,0.0
,600,2025-09-03,06:00:00,204.0,8.2,75.0,8.29,0.542,0.0,0.0,0.0
,601,2025-09-04,06:30:00,195.0,7.92,79.0,8.2,0.497,0.0,0.0,0.0
,602,2025-09-04,07:00:00,191.0,7.9,82.0,8.17,0.497,0.0,0.0,0.0
,603,2025-09-04,08:00:00,187.0,8.08,85.0,8.19,0.497,0.0,0.0,0.0
,604,2025-09-04,09:00:00,179.0,8.12,80.0,8.23,0.475,0.0,0.0,0.0
,605,2025-09-04,10:00:00,172.0,8.09,72.0,8.18,0.475,0.0,0.0,0.0
,606,2025-09-04,11:00:00,168.0,8.11,77.0,8.2,0.475,0.0,0.0,0.0
,607,2025-09-04,12:00:00,161.0,8.1,74.0,8.19,0.454,0.0,0.0,0.0
,608,2025-09-04,13:00:00,165.0,8.13,71.0,8.22,0.454,0.0,0.0,0.0
,609,2025-09-04,14:00:00,167.0,8.1,76.0,8.24,0.433,0.0,0.0,0.0
,610,2025-09-04,15:00:00,163.0,8.15,73.0,8.31,0.433,0.0,0.0,0.0
,611,2025-09-04,16:00:00,158.0,8.11,77.0,8.35,0.433,0.0,0.0,0.0
,612,2025-09-04,17:00:00,152.0,8.06,84.0,8.4,0.433,0.0,0.0,0.0
,613,2025-09-04,18:00:00,150.0,8.1,80.0,8.34,0.433,0.0,0.0,0.0
,614,2025-09-04,19:00:00,161.0,8.29,74.0,8.27,0.433,0.0,0.0,0.0
,615,2025-09-04,20:00:00,158.0,8.27,77.0,8.3,0.39,0.0,0.0,0.0
,616,2025-09-04,21:00:00,164.0,8.2,79.0,8.41,0.393,0.0,0.0,0.0
,617,2025-09-04,22:00:00,171.0,8.17,80.0,8.38,0.373,0.0,0.0,0.0
,618,2025-09-04,23:00:00,186.0,8.14,91.0,8.31,0.373,0.0,0.0,0.0
,619,2025-09-04,00:00:00,188.0,8.17,86.0,8.28,0.354,0.0,0.0,0.0
,620,2025-09-04,01:00:00,190.0,8.18,84.0,8.34,0.354,0.0,0.0,0.0
,621,2025-09-04,02:00:00,193.0,8.2,90.0,8.32,0.354,0.0,0.0,0.0
,622,2025-09-04,03:00:00,188.0,8.22,88.0,8.3,0.354,0.0,0.0,0.0
,623,2025-09-04,04:00:00,182.0,8.19,82.0,8.28,0.354,0.0,0.0,0.0
,624,2025-09-04,05:00:00,184.0,8.17,78.0,8.26,0.335,0.0,0.0,0.0
,625,2025-09-04,06:00:00,189.0,8.21,89.0,8.25,0.335,0.0,0.0,0.0
,626,2025-09-05,06:30:00,183.0,8.17,97.0,8.15,0.335,0.0,0.0,0.0
,627,2025-09-05,07:00:00,180.0,8.2,91.0,8.2,0.335,0.0,0.0,0.0
,628,2025-09-05,08:00:00,177.0,8.18,92.0,7.91,0.335,0.0,0.0,0.0
,629,2025-09-05,09:00:00,181.0,8.15,88.0,8.02,0.35,0.0,0.0,0.0
,630,2025-09-05,10:00:00,175.0,8.1,80.0,7.97,0.335,0.0,0.0,0.0
,631,2025-09-05,11:00:00,163.0,8.14,82.0,8.0,0.316,0.0,0.0,0.0
,632,2025-09-05,12:00:00,158.0,8.11,87.0,7.92,0.316,0.0,0.0,0.0
,633,2025-09-05,13:00:00,160.0,8.13,90.0,7.95,0.316,0.0,0.0,0.0
,634,2025-09-05,14:00:00,164.0,8.15,92.0,7.967,0.316,0.0,0.0,0.0
,635,2025-09-05,15:00:00,167.0,8.17,87.0,7.93,0.316,0.0,0.0,0.0
,636,2025-09-05,16:00:00,162.0,8.12,83.0,7.898,0.316,0.0,0.0,0.0
,637,2025-09-05,17:00:00,159.0,8.08,85.0,7.95,0.316,0.0,0.0,0.0
,638,2025-09-05,18:00:00,160.0,8.11,81.0,8.0,0.316,0.0,0.0,0.0
,639,2025-09-05,19:00:00,176.0,8.21,79.0,8.25,0.316,0.0,0.0,0.0
,640,2025-09-05,20:00:00,172.0,8.18,77.0,8.18,0.316,0.0,0.0,0.0
,641,2025-09-05,21:00:00,201.0,8.23,84.0,8.23,0.316,0.0,0.0,0.0
,642,2025-09-05,22:00:00,188.0,8.19,91.0,8.119,0.316,0.0,0.0,0.0
,643,2025-09-05,23:00:00,191.0,8.2,76.0,8.27,0.29,0.0,0.0,0.0
,644,2025-09-05,00:00:00,189.0,8.18,81.0,8.25,0.298,0.0,0.0,0.0
,645,2025-09-05,01:00:00,203.0,8.174,78.0,8.2,0.298,0.0,0.0,0.0
,646,2025-09-05,02:00:00,240.0,8.16,83.0,8.14,0.454,0.0,0.0,0.0
,647,2025-09-05,03:00:00,253.0,8.13,77.0,8.16,0.735,0.0,0.0,0.0
,648,2025-09-05,04:00:00,266.0,8.11,74.0,8.08,1.458,0.0,0.0,0.0
,649,2025-09-05,05:00:00,289.0,8.09,80.0,8.01,2.415,0.0,0.0,1.1502185415228894
,650,2025-09-05,06:00:00,390.0,8.06,101.0,8.05,2.588,0.0,0.0,1.0733298986776574
,651,2025-09-06,06:30:00,539.0,8.03,118.0,8.28,2.632,0.0,0.0,0.0
,652,2025-09-06,07:00:00,747.0,8.06,120.0,8.3,2.676,0.0,0.0,1.0380335492443116
,653,2025-09-06,08:00:00,993.0,8,116.0,8.05,2.721,0.0,0.0,4.0834660459798275
,654,2025-09-06,09:00:00,1103.0,7.95,129.0,8.21,2.766,0.0,0.0,4.017032216598377
,655,2025-09-06,10:00:00,1186.0,7.92,132.0,8.17,2.766,0.0,0.0,4.017032216598377
,656,2025-09-06,11:00:00,1307.0,7.86,136.0,8.25,2.7966,0.0,0.0,3.9730784206218654
,657,2025-09-06,12:00:00,1432.0,7.83,139.0,8.16,2.766,0.0,0.0,4.017032216598377
,658,2025-09-06,13:00:00,1435.0,7.81,135.0,8.14,2.721,0.0,0.0,4.0834660459798275
,659,2025-09-06,14:00:00,1486.0,7.79,147.0,8.09,2.5676,0.0,0.0,4.327430717834207
,660,2025-09-06,15:00:00,1391.0,7.76,129.0,8.15,2.632,0.0,0.0,4.221546774738264
,661,2025-09-06,16:00:00,1353.0,7.84,152.0,8.25,2.544,0.0,0.0,4.367575122292103
,662,2025-09-06,17:00:00,1326.0,7.93,179.0,8.21,2.502,0.0,0.0,4.440891731059597
,663,2025-09-06,18:00:00,1308.0,8.03,198.0,8.19,2.458,0.0,0.0,4.520386945122502
,664,2025-09-06,19:00:00,1368.0,7.77,213.0,8.01,2.331,0.0,0.0,4.7666714333381
,665,2025-09-06,20:00:00,1288.0,7.79,187.0,8.04,2.331,0.0,0.0,4.7666714333381
,666,2025-09-06,21:00:00,1260.0,7.84,173.0,8.02,2.289,0.0,0.0,4.854133294500267
,667,2025-09-06,22:00:00,1255.0,7.88,164.0,7.97,2.289,0.0,0.0,4.854133294500267
,668,2025-09-06,23:00:00,1241.0,7.93,151.0,7.95,2.289,0.0,0.0,4.854133294500267
,669,2025-09-06,00:00:00,1234.0,7.91,137.0,7.93,2.248,0.0,0.0,3.7069988137603795
,670,2025-09-06,01:00:00,1188.0,7.87,133.0,7.91,2.248,0.0,0.0,3.7069988137603795
,671,2025-09-06,02:00:00,1140.0,7.85,130.0,7.87,2.207,0.0,0.0,3.775864673010119
,672,2025-09-06,03:00:00,1136.0,7.8,127.0,7.89,2.207,0.0,0.0,3.1465538941750997
,673,2025-09-06,04:00:00,1130.0,7.78,123.0,7.86,2.207,0.0,0.0,3.1465538941750997
,674,2025-09-06,05:00:00,1134.0,7.75,120.0,7.84,2.166,0.0,0.0,3.2061147019595775
,675,2025-09-06,06:00:00,1128.0,7.72,111.0,7.88,2.166,0.0,0.0,3.2061147019595775
,676,2025-09-07,06:30:00,886.0,7.88,93.0,7.97,2.166,0.0,0.0,0.0
,677,2025-09-07,07:00:00,891.0,7.9,96.0,7.93,2.166,0.0,0.0,3.2061147019595775
,678,2025-09-07,08:00:00,882.0,7.86,99.0,7.42,2.166,0.0,0.0,3.2061147019595775
,679,2025-09-07,09:00:00,874.0,7.81,103.0,7.88,2.126,0.0,0.0,1.9598620257133899
,680,2025-09-07,10:00:00,838.0,7.73,90.0,7.95,2.126,0.0,0.0,1.9598620257133899
,681,2025-09-07,11:00:00,849.0,7.7,77.0,7.8,2.126,0.0,0.0,1.3065746838089265
,682,2025-09-07,12:00:00,866.0,7.67,50.0,7.85,2.086,0.0,0.0,1.331628848407372
,683,2025-09-07,13:00:00,840.0,7.69,53.0,7.82,2.086,0.0,0.0,1.331628848407372
,684,2025-09-07,14:00:00,875.0,7.71,51.0,7.78,2.086,0.0,0.0,1.331628848407372
,685,2025-09-07,15:00:00,883.0,7.74,48.0,7.8,2.086,0.0,0.0,1.331628848407372
,686,2025-09-07,16:00:00,894.0,7.76,50.0,7.81,2.086,0.0,0.0,1.8642803877703207
,687,2025-09-07,17:00:00,931.0,7.68,52.0,7.79,2.086,0.0,0.0,1.8642803877703207
,688,2025-09-07,18:00:00,956.0,7.66,54.0,7.83,2.086,0.0,0.0,1.8642803877703207
,689,2025-09-07,19:00:00,882.0,7.64,62.0,7.78,2.046,0.0,0.0,1.9007277071793203
,690,2025-09-07,20:00:00,876.0,7.68,59.0,7.8,2.046,0.0,0.0,2.7153252959704575
,691,2025-09-07,21:00:00,916.0,7.72,89.0,7.76,2.046,0.0,0.0,3.3941566199630717
,692,2025-09-07,22:00:00,922.0,7.66,92.0,7.82,2.046,0.0,0.0,3.3941566199630717
,693,2025-09-07,23:00:00,930.0,7.64,98.0,7.79,2.046,0.0,0.0,3.3941566199630717
,694,2025-09-07,00:00:00,938.0,7.61,108.0,7.8,2.046,0.0,0.0,3.3941566199630717
,695,2025-09-07,01:00:00,930.0,7.65,104.0,7.76,2.046,0.0,0.0,3.3941566199630717
,696,2025-09-07,02:00:00,903.0,7.63,110.0,7.74,2.046,0.0,0.0,3.3941566199630717
,697,2025-09-07,03:00:00,872.0,7.66,102.0,7.77,2.046,0.0,0.0,3.3941566199630717
,698,2025-09-07,04:00:00,846.0,7.64,99.0,7.73,2.046,0.0,0.0,3.3941566199630717
,699,2025-09-07,05:00:00,818.0,7.62,97.0,7.71,2.166,0.0,0.0,3.2061147019595775
,700,2025-09-07,06:00:00,826.0,7.65,103.0,7.74,2.166,0.0,0.0,3.2061147019595775
,701,2025-09-08,06:30:00,830.0,7.65,164.0,7.88,2.126,0.0,0.0,0.0
,702,2025-09-08,07:00:00,828.0,7.67,160.0,7.83,2.126,0.0,0.0,2.613149367617853
,703,2025-09-08,08:00:00,833.0,7.72,157.0,7.92,2.126,0.0,0.0,2.613149367617853
,704,2025-09-08,09:00:00,816.0,7.79,155.0,7.95,2.126,0.0,0.0,2.613149367617853
,705,2025-09-08,10:00:00,814.0,7.76,120.0,7.99,2.126,0.0,0.0,2.613149367617853
,706,2025-09-08,11:00:00,753.0,7.69,137.0,7.86,2.126,0.0,0.0,2.613149367617853
,707,2025-09-08,12:00:00,717.0,7.74,150.0,7.92,2.126,0.0,0.0,2.613149367617853
,708,2025-09-08,13:00:00,721.0,7.72,152.0,7.46,2.126,0.0,0.0,2.613149367617853
,709,2025-09-08,14:00:00,736.0,7.66,167.0,7.83,2.126,0.0,0.0,2.613149367617853
,710,2025-09-08,15:00:00,732.0,7.52,135.0,7.8,2.086,0.0,0.0,2.663257696814744
,711,2025-09-08,16:00:00,740.0,7.49,123.0,7.76,2.086,0.0,0.0,3.32907212101843
,712,2025-09-08,17:00:00,725.0,7.63,128.0,7.71,2.086,0.0,0.0,3.32907212101843
,713,2025-09-08,18:00:00,712.0,7.82,139.0,7.67,2.086,0.0,0.0,3.32907212101843
,714,2025-09-08,19:00:00,710.0,7.5,153.0,7.72,2.046,0.0,0.0,3.3941566199630717
,715,2025-09-08,20:00:00,714.0,7.57,151.0,7.7,2.046,0.0,0.0,3.3941566199630717
,716,2025-09-08,21:00:00,708.0,7.62,144.0,7.68,2.046,0.0,0.0,3.3941566199630717
,717,2025-09-08,22:00:00,712.0,7.67,146.0,7.73,2.046,0.0,0.0,3.3941566199630717
,718,2025-09-08,23:00:00,703.0,7.61,141.0,7.69,2.046,0.0,0.0,3.3941566199630717
,719,2025-09-08,00:00:00,698.0,7.65,144.0,7.71,2.006,0.0,0.0,3.4618367120859643
,720,2025-09-08,01:00:00,695.0,7.62,147.0,7.73,2.006,0.0,0.0,2.7694693696687716
,721,2025-09-08,02:00:00,691.0,7.66,152.0,7.75,2.006,0.0,0.0,2.7694693696687716
,722,2025-09-08,03:00:00,686.0,7.59,153.0,7.72,2.006,0.0,0.0,2.7694693696687716
,723,2025-09-08,04:00:00,682.0,7.62,151.0,7.71,2.006,0.0,0.0,2.0771020272515788
,724,2025-09-08,05:00:00,673.0,7.57,158.0,7.76,2.006,0.0,0.0,2.0771020272515788
,725,2025-09-08,06:00:00,670.0,7.6,156.0,7.74,2.006,0.0,0.0,2.0771020272515788
,726,2025-09-09,06:30:00,662.0,7.83,143.0,7.79,2.006,0.0,0.0,0.0
,727,2025-09-09,07:00:00,659.0,7.81,141.0,7.8,2.006,0.0,0.0,2.0771020272515788
,728,2025-09-09,08:00:00,657.0,7.78,140.0,7.82,1.967,0.0,0.0,1.9770660340055355
,729,2025-09-09,09:00:00,631.0,7.76,139.0,7.81,1.967,0.0,0.0,1.9770660340055355
,730,2025-09-09,10:00:00,628.0,7.748,136.0,7.84,1.967,0.0,0.0,1.9770660340055355
,731,2025-09-09,11:00:00,625.0,7.83,138.0,7.85,1.967,0.0,0.0,2.1182850364345027
,732,2025-09-09,12:00:00,579.0,7.94,123.0,7.88,1.967,0.0,0.0,2.1182850364345027
,733,2025-09-09,13:00:00,593.0,7.8,111.0,7.87,1.967,0.0,0.0,2.1182850364345027
,734,2025-09-09,14:00:00,591.0,7.87,97.0,7.89,1.967,0.0,0.0,1.9770660340055355
,735,2025-09-09,15:00:00,569.0,7.65,94.0,7.91,1.967,0.0,0.0,1.9770660340055355
,736,2025-09-09,16:00:00,575.0,7.83,96.0,7.96,1.967,0.0,0.0,1.9770660340055355
,737,2025-09-09,17:00:00,586.0,7.94,98.0,7.93,1.967,0.0,0.0,1.9770660340055355
,738,2025-09-09,18:00:00,582.0,7.96,101.0,7.91,1.967,0.0,0.0,1.9770660340055355
,739,2025-09-09,19:00:00,570.0,7.9,127.0,7.87,2.046,0.0,0.0,1.9007277071793203
,740,2025-09-09,20:00:00,568.0,7.88,124.0,7.83,2.046,0.0,0.0,1.9007277071793203
,741,2025-09-09,21:00:00,572.0,7.86,121.0,7.78,2.046,0.0,0.0,1.9007277071793203
,742,2025-09-09,22:00:00,578.0,7.82,119.0,7.75,2.086,0.0,0.0,1.9974432726110578
,743,2025-09-09,23:00:00,605.0,7.91,104.0,7.86,2.086,0.0,0.0,1.9974432726110578
,744,2025-09-09,00:00:00,631.0,7.95,95.0,7.99,2.086,0.0,0.0,1.9974432726110578
,745,2025-09-09,01:00:00,619.0,7.86,96.0,7.94,2.086,0.0,0.0,1.9974432726110578
,746,2025-09-09,02:00:00,628.0,7.9,108.0,7.92,2.086,0.0,0.0,1.9974432726110578
,747,2025-09-09,03:00:00,641.0,7.88,102.0,7.96,2.046,0.0,0.0,2.036493971977843
,748,2025-09-09,04:00:00,633.0,7.91,99.0,7.87,2.046,0.0,0.0,2.036493971977843
,749,2025-09-09,05:00:00,694.0,7.96,104.0,7.99,2.046,0.0,0.0,2.036493971977843
,750,2025-09-09,06:00:00,735.0,7.8,98.0,7.88,2.046,0.0,0.0,2.036493971977843
,751,2025-09-10,06:30:00,716.0,7.92,132.0,7.77,2.046,0.0,0.0,0.0
,752,2025-09-10,07:00:00,699.0,7.94,130.0,7.79,2.046,0.0,0.0,2.036493971977843
,753,2025-09-10,08:00:00,695.0,7.9,133.0,7.68,2.046,0.0,0.0,2.036493971977843
,754,2025-09-10,09:00:00,697.0,7.89,131.0,7.7,2.046,0.0,0.0,2.036493971977843
,755,2025-09-10,10:00:00,723.0,7.78,129.0,7.72,2.046,0.0,0.0,2.036493971977843
,756,2025-09-10,11:00:00,703.0,7.8,127.0,7.75,2.046,0.0,0.0,2.036493971977843
,757,2025-09-10,12:00:00,635.0,7.93,145.0,7.78,2.046,0.0,0.0,2.036493971977843
,758,2025-09-10,13:00:00,639.0,7.83,160.0,7.8,2.046,0.0,0.0,2.036493971977843
,759,2025-09-10,14:00:00,645.0,7.88,179.0,7.85,2.046,0.0,0.0,2.036493971977843
,760,2025-09-10,15:00:00,656.0,7.96,152.0,7.88,2.046,0.0,0.0,2.036493971977843
,761,2025-09-10,16:00:00,668.0,7.692,133.0,7.9,2.046,0.0,0.0,2.036493971977843
,762,2025-09-10,17:00:00,674.0,7.85,110.0,7.93,2.046,0.0,0.0,2.036493971977843
,763,2025-09-10,18:00:00,690.0,7.88,116.0,7.96,2.046,0.0,0.0,2.036493971977843
,764,2025-09-10,19:00:00,649.0,7.83,176.0,7.72,2.046,0.0,0.0,2.036493971977843
,765,2025-09-10,20:00:00,653.0,7.86,172.0,7.77,2.046,0.0,0.0,2.036493971977843
,766,2025-09-10,21:00:00,721.0,7.59,163.0,7.87,2.046,0.0,0.0,2.036493971977843
,767,2025-09-10,22:00:00,719.0,7.63,157.0,7.9,2.046,0.0,0.0,2.036493971977843
,768,2025-09-10,23:00:00,725.0,7.79,159.0,7.94,2.046,0.0,0.0,2.036493971977843
,769,2025-09-10,00:00:00,718.0,7.84,163.0,7.97,2.046,0.0,0.0,2.036493971977843
,770,2025-09-10,01:00:00,696.0,7.87,147.0,7.89,2.046,0.0,0.0,2.036493971977843
,771,2025-09-10,02:00:00,687.0,7.73,140.0,7.96,2.046,0.0,0.0,2.036493971977843
,772,2025-09-10,03:00:00,721.0,7.86,153.0,7.99,2.046,0.0,0.0,2.036493971977843
,773,2025-09-10,04:00:00,735.0,7.71,167.0,8.02,2.046,0.0,0.0,2.036493971977843
,774,2025-09-10,05:00:00,698.0,7.82,162.0,7.98,2.046,0.0,0.0,2.036493971977843
,775,2025-09-10,06:00:00,737.0,7.78,165.0,8.04,2.046,0.0,0.0,2.036493971977843
,776,2025-09-11,06:30:00,667.0,7.67,156.0,7.68,2.046,0.0,0.0,0.0
,777,2025-09-11,07:00:00,673.0,7.7,158.0,7.71,2.046,0.0,0.0,2.036493971977843
,778,2025-09-11,08:00:00,675.0,7.72,168.0,7.66,2.046,0.0,0.0,2.036493971977843
,779,2025-09-11,09:00:00,670.0,7.71,171.0,7.69,2.046,0.0,0.0,2.036493971977843
,780,2025-09-11,10:00:00,668.0,7.68,175.0,7.72,2.046,0.0,0.0,2.036493971977843
,781,2025-09-11,11:00:00,661.0,7.63,177.0,7.66,2.046,0.0,0.0,2.036493971977843
,782,2025-09-11,12:00:00,652.0,7.55,181.0,7.6,2.046,0.0,0.0,2.036493971977843
,783,2025-09-11,13:00:00,650.0,7.58,178.0,7.63,2.006,0.0,0.0,2.0771020272515788
,784,2025-09-11,14:00:00,638.0,7.61,188.0,7.65,2.006,0.0,0.0,2.0771020272515788
,785,2025-09-11,15:00:00,625.0,7.68,183.0,7.68,1.967,0.0,0.0,2.1182850364345027
,786,2025-09-11,16:00:00,619.0,7.72,190.0,7.74,1.967,0.0,0.0,2.1182850364345027
,787,2025-09-11,17:00:00,613.0,7.74,187.0,7.77,1.929,0.0,0.0,2.160013824088474
,788,2025-09-11,18:00:00,602.0,7.83,192.0,7.78,1.929,0.0,0.0,2.0160129024825757
,789,2025-09-11,19:00:00,520.0,7.9,203.0,7.79,1.929,0.0,0.0,2.160013824088474
,790,2025-09-11,20:00:00,516.0,7.86,211.0,7.83,1.929,0.0,0.0,2.160013824088474
,791,2025-09-11,21:00:00,525.0,7.83,219.0,7.89,1.929,0.0,0.0,2.160013824088474
,792,2025-09-11,22:00:00,530.0,7.79,225.0,7.8,1.89,0.0,0.0,2.2045855379188715
,793,2025-09-11,23:00:00,526.0,7.75,203.0,7.96,1.89,0.0,0.0,2.2045855379188715
,794,2025-09-11,00:00:00,529.0,7.72,186.0,8.1,1.852,0.0,0.0,2.249820014398848
,795,2025-09-11,01:00:00,522.0,7.8,189.0,8.07,1.852,0.0,0.0,2.249820014398848
,796,2025-09-11,02:00:00,526.0,7.71,172.0,7.98,1.814,0.0,0.0,2.296949650863653
,797,2025-09-11,03:00:00,524.0,7.88,176.0,8.01,1.814,0.0,0.0,2.296949650863653
,798,2025-09-11,04:00:00,531.0,7.76,178.0,7.92,1.777,0.0,0.0,2.3447758394297504
,799,2025-09-11,05:00:00,527.0,7.84,171.0,7.96,1.777,0.0,0.0,2.3447758394297504
,800,2025-09-11,06:00:00,523.0,7.79,174.0,7.93,1.777,0.0,0.0,2.3447758394297504
,801,2025-09-12,06:30:00,515.0,7.61,192.0,7.71,1.74,0.0,0.0,0.0
,802,2025-09-12,07:00:00,511.0,7.64,188.0,7.68,1.74,0.0,0.0,2.3946360153256707
,803,2025-09-12,08:00:00,506.0,7.66,183.0,7.88,1.74,0.0,0.0,2.3946360153256707
,804,2025-09-12,09:00:00,513.0,7.68,189.0,7.73,1.74,0.0,0.0,2.3946360153256707
,805,2025-09-12,10:00:00,483.0,7.72,172.0,7.76,1.74,0.0,0.0,2.3946360153256707
,806,2025-09-12,11:00:00,447.0,7.67,154.0,7.75,1.74,0.0,0.0,2.3946360153256707
,807,2025-09-12,12:00:00,402.0,7.7,135.0,7.78,1.703,0.0,0.0,1.6311085013375088
,808,2025-09-12,13:00:00,389.0,7.75,130.0,7.83,1.703,0.0,0.0,1.6311085013375088
,809,2025-09-12,14:00:00,372.0,7.71,124.0,7.84,1.667,0.0,0.0,1.3330667199893353
,810,2025-09-12,15:00:00,364.0,7.76,115.0,7.86,1.667,0.0,0.0,1.3330667199893353
,811,2025-09-12,16:00:00,356.0,7.73,112.0,7.88,1.631,0.0,0.0,1.3624906328768989
,812,2025-09-12,17:00:00,342.0,7.75,106.0,7.92,1.631,0.0,0.0,1.3624906328768989
,813,2025-09-12,18:00:00,345.0,7.78,108.0,7.9,1.631,0.0,0.0,1.3624906328768989
,814,2025-09-12,19:00:00,333.0,7.91,107.0,7.9,1.631,0.0,0.0,1.3624906328768989
,815,2025-09-12,20:00:00,328.0,7.88,105.0,7.89,1.388,0.0,0.0,1.4008965738072365
,816,2025-09-12,21:00:00,324.0,7.9,117.0,7.85,1.289,0.0,0.0,1.5084906473579864
,817,2025-09-12,22:00:00,339.0,7.86,113.0,7.82,1.225,0.0,0.0,1.587301587301587
,818,2025-09-12,23:00:00,350.0,7.82,110.0,7.78,1.193,0.0,0.0,1.6298779919903137
,819,2025-09-12,00:00:00,367.0,7.77,105.0,7.8,1.162,0.0,0.0,1.6733601070950468
,820,2025-09-12,01:00:00,361.0,7.81,108.0,7.79,1.162,0.0,0.0,1.6733601070950468
,821,2025-09-12,02:00:00,355.0,7.79,106.0,7.77,1.162,0.0,0.0,1.6733601070950468
,822,2025-09-12,03:00:00,353.0,7.75,113.0,7.79,1.131,0.0,0.0,1.7192258571568917
,823,2025-09-12,04:00:00,350.0,7.69,114.0,7.81,1.131,0.0,0.0,1.7192258571568917
,824,2025-09-12,05:00:00,348.0,7.71,110.0,7.83,1.131,0.0,0.0,1.7192258571568917
,825,2025-09-12,06:00:00,345.0,7.74,112.0,7.8,1.1,0.0,0.0,1.7676767676767675
,826,2025-09-13,06:30:00,327.0,7.7,114.0,7.77,1.07,0.0,0.0,0.0
,827,2025-09-13,07:00:00,320.0,7.74,110.0,7.8,1.07,0.0,0.0,1.557632398753894
,828,2025-09-13,08:00:00,318.0,7.68,97.0,7.89,1.07,0.0,0.0,1.557632398753894
,829,2025-09-13,09:00:00,311.0,7.71,100.0,7.91,1.07,0.0,0.0,1.557632398753894
,830,2025-09-13,10:00:00,304.0,7.74,93.0,7.94,1.04,0.0,0.0,1.6025641025641024
,831,2025-09-13,11:00:00,293.0,7.76,103.0,7.92,1.04,0.0,0.0,1.0683760683760684
,832,2025-09-13,12:00:00,280.0,7.3,100.0,7.97,1.011,0.0,0.0,1.0990218705352237
,833,2025-09-13,13:00:00,271.0,7.7,96.0,7.8,1.011,0.0,0.0,1.0990218705352237
,834,2025-09-13,14:00:00,269.0,7.75,99.0,7.79,1.422,0.0,0.0,1.9534302234724175
,835,2025-09-13,15:00:00,258.0,7.67,102.0,7.81,1.852,0.0,0.0,2.999760019198464
,836,2025-09-13,16:00:00,886.0,7.72,97.0,7.78,3.529,0.0,0.0,4.722773212430339
,837,2025-09-13,17:00:00,1044.0,7.86,93.0,7.71,3.737,0.0,0.0,8.919810900008919
,838,2025-09-13,18:00:00,1862.0,7.81,102.0,7.8,4.543,0.0,0.0,7.337295472888693
,839,2025-09-13,19:00:00,2740.0,7.9,104.0,8.09,4.21,0.0,0.0,7.91765637371338
,840,2025-09-13,20:00:00,3420.0,7.92,113.0,8.02,3.233,0.0,0.0,10.310341272296114
,841,2025-09-13,21:00:00,3225.0,7.89,120.0,8.0,2.995,0.0,0.0,11.129660545353365
,842,2025-09-13,22:00:00,3104.0,7.77,133.0,7.88,2.903,0.0,0.0,10.525510008803154
,843,2025-09-13,23:00:00,2913.0,7.63,141.0,7.72,2.811,0.0,0.0,8.893632159373889
,844,2025-09-13,00:00:00,2712.0,7.45,148.0,7.54,2.676,0.0,0.0,7.266234844710181
,845,2025-09-13,01:00:00,2603.0,7.5,155.0,7.58,2.544,0.0,0.0,6.551362683438155
,846,2025-09-13,02:00:00,2513.0,7.47,162.0,7.55,2.501,0.0,0.0,5.55333422186681
,847,2025-09-13,03:00:00,2385.0,7.42,160.0,7.52,2.501,0.0,0.0,4.442667377493447
,848,2025-09-13,04:00:00,2169.0,7.38,157.0,7.48,2.458,0.0,0.0,4.520386945122502
,849,2025-09-13,05:00:00,2097.0,7.31,159.0,7.43,2.415,0.0,0.0,4.6008741660915575
,850,2025-09-13,06:00:00,2016.0,7.33,156.0,7.45,2.373,0.0,0.0,4.682305567261319
,851,2025-09-14,06:30:00,1884.0,7.74,153.0,7.66,2.331,0.0,0.0,0.0
,852,2025-09-14,07:00:00,1862.0,7.75,161.0,7.62,2.331,0.0,0.0,4.7666714333381
,853,2025-09-14,08:00:00,1796.0,7.7,147.0,7.75,2.331,0.0,0.0,4.7666714333381
,854,2025-09-14,09:00:00,1783.0,7.64,132.0,7.66,2.331,0.0,0.0,4.7666714333381
,855,2025-09-14,10:00:00,1766.0,7.51,127.0,7.54,2.331,0.0,0.0,4.7666714333381
,856,2025-09-14,11:00:00,1730.0,7.44,119.0,7.44,2.331,0.0,0.0,4.7666714333381
,857,2025-09-14,12:00:00,1710.0,7.38,102.0,7.36,2.331,0.0,0.0,4.7666714333381
,858,2025-09-14,13:00:00,1760.0,7.43,115.0,7.42,2.331,0.0,0.0,3.5750035750035747
,859,2025-09-14,14:00:00,1738.0,7.45,129.0,7.46,2.331,0.0,0.0,3.5750035750035747
,860,2025-09-14,15:00:00,1746.0,7.41,132.0,7.43,2.289,0.0,0.0,3.6405999708751997
,861,2025-09-14,16:00:00,1762.0,7.38,139.0,7.47,2.29,0.0,0.0,3.6390101892285296
,862,2025-09-14,17:00:00,1779.0,7.35,154.0,7.5,2.248,0.0,0.0,3.7069988137603795
,863,2025-09-14,18:00:00,1736.0,7.37,169.0,7.52,2.248,0.0,0.0,3.7069988137603795
,864,2025-09-14,19:00:00,1731.0,7.55,183.0,7.51,2.248,0.0,0.0,3.7069988137603795
,865,2025-09-14,20:00:00,1720.0,7.57,188.0,7.54,2.248,0.0,0.0,3.7069988137603795
,866,2025-09-14,21:00:00,1728.0,7.6,191.0,7.57,2.248,0.0,0.0,3.7069988137603795
,867,2025-09-14,22:00:00,1725.0,7.6122,190.0,7.53,2.248,0.0,0.0,3.7069988137603795
,868,2025-09-14,23:00:00,1722.0,7.58,188.0,7.5,2.248,0.0,0.0,3.7069988137603795
,869,2025-09-14,00:00:00,1719.0,7.56,186.0,7.4,2.248,0.0,0.0,3.7069988137603795
,870,2025-09-14,01:00:00,1730.0,7.59,189.0,7.51,2.289,0.0,0.0,3.6405999708751997
,871,2025-09-14,02:00:00,1715.0,7.55,187.0,7.52,2.289,0.0,0.0,3.6405999708751997
,872,2025-09-14,03:00:00,1702.0,7.53,185.0,7.5,2.289,0.0,0.0,3.6405999708751997
,873,2025-09-14,04:00:00,1695.0,7.48,186.0,7.48,2.248,0.0,0.0,3.7069988137603795
,874,2025-09-14,05:00:00,1686.0,7.44,183.0,7.47,2.248,0.0,0.0,3.7069988137603795
,875,2025-09-14,06:00:00,1690.0,7.46,180.0,7.45,2.248,0.0,0.0,3.7069988137603795
,876,2025-09-15,06:30:00,1599.0,7.5,224.0,7.37,2.207,0.0,0.0,0.0
,877,2025-09-15,07:00:00,1597.0,7.56,221.0,7.34,2.207,0.0,0.0,5.034486230680159
,878,2025-09-15,08:00:00,1536.0,7.48,179.0,7.58,2.207,0.0,0.0,5.034486230680159
,879,2025-09-15,09:00:00,1488.0,7.3,146.0,7.85,2.207,0.0,0.0,3.775864673010119
,880,2025-09-15,10:00:00,1437.0,7.34,128.0,7.45,2.207,0.0,0.0,3.775864673010119
,881,2025-09-15,11:00:00,1276.0,7.3,108.0,7.53,2.207,0.0,0.0,3.775864673010119
,882,2025-09-15,12:00:00,1188.0,7.33,96.0,7.46,2.207,0.0,0.0,3.1465538941750997
,883,2025-09-15,13:00:00,1255.0,7.42,91.0,7.59,2.207,0.0,0.0,3.1465538941750997
,884,2025-09-15,14:00:00,1301.0,7.48,89.0,7.55,2.207,0.0,0.0,3.1465538941750997
,885,2025-09-15,15:00:00,1316.0,7.39,86.0,7.52,2.207,0.0,0.0,3.1465538941750997
,886,2025-09-15,16:00:00,1371.0,7.32,83.0,7.48,2.207,0.0,0.0,3.1465538941750997
,887,2025-09-15,17:00:00,1336.0,7.26,97.0,7.42,2.207,0.0,0.0,3.1465538941750997
,888,2025-09-15,18:00:00,1236.0,7.32,105.0,7.35,2.207,0.0,0.0,3.1465538941750997
,889,2025-09-15,19:00:00,1324.0,7.61,97.0,7.39,2.166,0.0,0.0,3.2061147019595775
,890,2025-09-15,20:00:00,1310.0,7.57,100.0,7.41,2.166,0.0,0.0,3.2061147019595775
,891,2025-09-15,21:00:00,1386.0,7.55,92.0,7.37,2.166,0.0,0.0,2.564891761567662
,892,2025-09-15,22:00:00,1416.0,7.53,95.0,7.36,2.166,0.0,0.0,2.564891761567662
,893,2025-09-15,23:00:00,1236.0,7.51,87.0,7.38,2.166,0.0,0.0,2.564891761567662
,894,2025-09-15,00:00:00,1130.0,7.48,78.0,7.4,2.126,0.0,0.0,2.613149367617853
,895,2025-09-15,01:00:00,1186.0,7.52,72.0,7.37,2.126,0.0,0.0,2.3518344308560675
,896,2025-09-15,02:00:00,1216.0,7.47,69.0,7.35,2.126,0.0,0.0,2.3518344308560675
,897,2025-09-15,03:00:00,1194.0,7.45,65.0,7.32,2.126,0.0,0.0,2.3518344308560675
,898,2025-09-15,04:00:00,1214.0,7.49,53.0,7.36,2.126,0.0,0.0,2.3518344308560675
,899,2025-09-15,05:00:00,1232.0,7.43,48.0,7.31,2.126,0.0,0.0,2.3518344308560675
,900,2025-09-15,06:00:00,1180.0,7.45,45.0,7.33,2.126,0.0,0.0,2.3518344308560675
,901,2025-09-16,06:30:00,1144.0,7.51,45.0,7.52,2.086,0.0,0.0,0.0
,902,2025-09-16,07:00:00,1127.0,7.56,47.0,7.5,2.086,0.0,0.0,2.3969319271332696
,903,2025-09-16,08:00:00,1127.0,7.63,47.0,7.36,2.086,0.0,0.0,2.3969319271332696
,904,2025-09-16,09:00:00,1158.0,7.66,42.0,7.3,2.086,0.0,0.0,2.3969319271332696
,905,2025-09-16,10:00:00,1141.0,7.53,38.0,7.38,2.086,0.0,0.0,2.3969319271332696
,906,2025-09-16,11:00:00,1138.0,7.47,40.0,7.43,2.086,0.0,0.0,2.3969319271332696
,907,2025-09-16,12:00:00,1134.0,7.29,37.0,7.47,2.086,0.0,0.0,2.3969319271332696
,908,2025-09-16,13:00:00,1139.0,7.36,42.0,7.52,2.086,0.0,0.0,2.3969319271332696
,909,2025-09-16,14:00:00,1118.0,7.33,44.0,7.5,2.086,0.0,0.0,2.3969319271332696
,910,2025-09-16,15:00:00,1114.0,7.3,46.0,7.53,2.086,0.0,0.0,2.3969319271332696
,911,2025-09-16,16:00:00,1123.0,7.34,49.0,7.48,2.126,0.0,0.0,2.3518344308560675
,912,2025-09-16,17:00:00,1185.0,7.39,56.0,7.55,2.126,0.0,0.0,2.3518344308560675
,913,2025-09-16,18:00:00,1206.0,7.36,68.0,7.62,2.126,0.0,0.0,2.3518344308560675
,914,2025-09-16,19:00:00,1286.0,7.6,65.0,7.41,2.126,0.0,0.0,2.3518344308560675
,915,2025-09-16,20:00:00,1234.0,7.54,73.0,7.57,2.126,0.0,0.0,2.3518344308560675
,916,2025-09-16,21:00:00,1204.0,7.57,71.0,7.54,2.126,0.0,0.0,2.3518344308560675
,917,2025-09-16,22:00:00,1182.0,7.51,76.0,7.56,2.126,0.0,0.0,2.3518344308560675
,918,2025-09-16,23:00:00,1126.0,7.55,72.0,7.53,2.126,0.0,0.0,2.3518344308560675
,919,2025-09-16,00:00:00,1088.0,7.52,74.0,7.55,2.126,0.0,0.0,2.3518344308560675
,920,2025-09-16,01:00:00,1102.0,7.5,77.0,7.57,2.126,0.0,0.0,2.3518344308560675
,921,2025-09-16,02:00:00,1093.0,7.46,79.0,7.54,2.126,0.0,0.0,2.3518344308560675
,922,2025-09-16,03:00:00,1087.0,7.51,81.0,7.58,2.126,0.0,0.0,2.3518344308560675
,923,2025-09-16,04:00:00,1034.0,7.49,78.0,7.54,2.126,0.0,0.0,2.3518344308560675
,924,2025-09-16,05:00:00,1060.0,7.44,82.0,7.56,2.126,0.0,0.0,2.3518344308560675
,925,2025-09-16,06:00:00,1057.0,7.47,88.0,7.59,2.126,0.0,0.0,2.3518344308560675
,926,2025-09-17,06:30:00,1094.0,7.64,58.0,7.61,2.126,0.0,0.0,0.0
,927,2025-09-17,07:00:00,1091.0,7.6,61.0,7.57,2.126,0.0,0.0,2.3518344308560675
,928,2025-09-17,08:00:00,1112.0,7.58,55.0,7.6,2.126,0.0,0.0,2.3518344308560675
,929,2025-09-17,09:00:00,1106.0,7.53,57.0,7.45,2.126,0.0,0.0,2.3518344308560675
,930,2025-09-17,10:00:00,1106.0,7.49,52.0,7.43,2.126,0.0,0.0,2.3518344308560675
,931,2025-09-17,11:00:00,1115.0,7.41,56.0,7.49,2.086,0.0,0.0,1.9974432726110578
,932,2025-09-17,12:00:00,1011.0,7.45,59.0,7.61,2.086,0.0,0.0,1.9974432726110578
,933,2025-09-17,13:00:00,1006.0,7.53,78.0,7.63,2.086,0.0,0.0,1.9974432726110578
,934,2025-09-17,14:00:00,1027.0,7.58,89.0,7.67,2.086,0.0,0.0,1.9974432726110578
,935,2025-09-17,15:00:00,1039.0,7.61,93.0,7.64,2.207,0.0,0.0,1.8879323365050595
,936,2025-09-17,16:00:00,801.0,7.65,88.0,7.71,2.248,0.0,0.0,1.8534994068801898
,937,2025-09-17,17:00:00,788.0,7.72,90.0,7.66,2.289,0.0,0.0,1.8202999854375999
,938,2025-09-17,18:00:00,754.0,7.75,92.0,7.65,2.289,0.0,0.0,1.8202999854375999
,939,2025-09-17,19:00:00,717.0,7.61,99.0,7.71,2.289,0.0,0.0,1.8202999854375999
,940,2025-09-17,20:00:00,723.0,7.57,95.0,7.66,2.248,0.0,0.0,1.8534994068801898
,941,2025-09-17,21:00:00,719.0,7.55,92.0,7.63,2.207,0.0,0.0,1.8879323365050595
,942,2025-09-17,22:00:00,716.0,7.59,86.0,7.65,2.166,0.0,0.0,1.9236688211757464
,943,2025-09-17,23:00:00,715.0,7.6,93.0,7.57,2.126,0.0,0.0,1.9598620257133899
,944,2025-09-17,00:00:00,711.0,7.58,89.0,7.5,2.126,0.0,0.0,1.9598620257133899
,945,2025-09-17,01:00:00,722.0,7.63,84.0,7.47,2.126,0.0,0.0,1.9598620257133899
,946,2025-09-17,02:00:00,719.0,7.64,87.0,7.49,2.126,0.0,0.0,1.9598620257133899
,947,2025-09-17,03:00:00,722.0,7.61,83.0,7.43,2.126,0.0,0.0,1.9598620257133899
,948,2025-09-17,04:00:00,727.0,7.63,81.0,7.45,2.126,0.0,0.0,1.9598620257133899
,949,2025-09-17,05:00:00,724.0,7.59,86.0,7.46,2.126,0.0,0.0,1.9598620257133899
,950,2025-09-17,06:00:00,736.0,7.62,82.0,7.48,2.126,0.0,0.0,1.9598620257133899
,951,2025-09-18,06:30:00,754.0,7.67,92.0,7.6,2.126,0.0,0.0,0.0
,952,2025-09-18,07:00:00,767.0,7.69,88.0,7.72,2.126,0.0,0.0,1.9598620257133899
,953,2025-09-18,08:00:00,771.0,7.71,89.0,7.74,2.126,0.0,0.0,1.9598620257133899
,954,2025-09-18,09:00:00,808.0,7.74,83.0,7.56,2.086,0.0,0.0,1.9974432726110578
,955,2025-09-18,10:00:00,796.0,7.68,97.0,7.74,2.086,0.0,0.0,1.9974432726110578
,956,2025-09-18,11:00:00,736.0,7.54,78.0,7.73,2.086,0.0,0.0,1.8642803877703207
,957,2025-09-18,12:00:00,608.0,7.4,74.0,7.77,2.086,0.0,0.0,1.8642803877703207
,958,2025-09-18,13:00:00,627.0,7.48,71.0,7.79,2.086,0.0,0.0,1.8642803877703207
,959,2025-09-18,14:00:00,632.0,7.57,80.0,7.81,2.086,0.0,0.0,1.8642803877703207
,960,2025-09-18,15:00:00,633.0,7.68,89.0,7.76,2.086,0.0,0.0,1.8642803877703207
,961,2025-09-18,16:00:00,671.0,7.66,87.0,7.68,2.086,0.0,0.0,1.8642803877703207
,962,2025-09-18,17:00:00,641.0,7.63,60.0,7.62,2.086,0.0,0.0,1.8642803877703207
,963,2025-09-18,18:00:00,639.0,7.67,73.0,7.7,2.086,0.0,0.0,1.8642803877703207
,964,2025-09-18,19:00:00,616.0,7.7,57.0,7.71,2.086,0.0,0.0,1.8642803877703207
,965,2025-09-18,20:00:00,621.0,7.68,55.0,7.75,2.086,0.0,0.0,1.9974432726110578
,966,2025-09-18,21:00:00,633.0,7.62,63.0,7.69,2.086,0.0,0.0,1.9974432726110578
,967,2025-09-18,22:00:00,629.0,7.57,57.0,7.66,2.086,0.0,0.0,1.9974432726110578
,968,2025-09-18,23:00:00,617.0,7.65,60.0,7.83,2.086,0.0,0.0,1.9974432726110578
,969,2025-09-18,00:00:00,627.0,7.71,63.0,7.87,2.086,0.0,0.0,1.9974432726110578
,970,2025-09-18,01:00:00,634.0,7.73,59.0,7.84,2.086,0.0,0.0,1.9974432726110578
,971,2025-09-18,02:00:00,648.0,7.57,63.0,7.76,2.086,0.0,0.0,1.9974432726110578
,972,2025-09-18,03:00:00,657.0,7.64,54.0,7.81,2.046,0.0,0.0,2.036493971977843
,973,2025-09-18,04:00:00,672.0,7.58,57.0,7.78,2.046,0.0,0.0,2.036493971977843
,974,2025-09-18,05:00:00,639.0,7.7,51.0,7.75,2.046,0.0,0.0,2.036493971977843
,975,2025-09-18,06:00:00,645.0,7.63,49.0,7.8,2.046,0.0,0.0,2.036493971977843
,976,2025-09-19,06:30:00,597.0,7.64,75.0,7.72,2.086,0.0,0.0,0.0
,977,2025-09-19,07:00:00,586.0,7.71,80.0,7.84,2.086,0.0,0.0,1.7311175029295836
,978,2025-09-19,08:00:00,579.0,7.76,55.0,7.52,2.086,0.0,0.0,1.7311175029295836
,979,2025-09-19,09:00:00,525.0,7.65,62.0,7.68,2.046,0.0,0.0,1.3576626479852287
,980,2025-09-19,10:00:00,508.0,7.67,65.0,7.7,2.046,0.0,0.0,1.3576626479852287
,981,2025-09-19,11:00:00,514.0,7.64,74.0,7.81,2.046,0.0,0.0,1.3576626479852287
,982,2025-09-19,12:00:00,470.0,7.66,81.0,7.73,2.046,0.0,0.0,1.3576626479852287
,983,2025-09-19,13:00:00,473.0,7.68,79.0,7.72,2.046,0.0,0.0,1.3576626479852287
,984,2025-09-19,14:00:00,460.0,7.71,80.0,7.74,2.046,0.0,0.0,1.3576626479852287
,985,2025-09-19,15:00:00,468.0,7.73,78.0,7.75,2.046,0.0,0.0,1.3576626479852287
,986,2025-09-19,16:00:00,470.0,7.76,83.0,7.71,2.046,0.0,0.0,1.3576626479852287
,987,2025-09-19,17:00:00,472.0,7.75,81.0,7.72,2.006,0.0,0.0,1.3847346848343858
,988,2025-09-19,18:00:00,468.0,7.79,79.0,7.76,2.006,0.0,0.0,1.3847346848343858
,989,2025-09-19,19:00:00,474.0,7.7,103.0,7.83,2.006,0.0,0.0,1.3847346848343858
,990,2025-09-19,20:00:00,476.0,7.74,96.0,7.81,2.006,0.0,0.0,1.3847346848343858
,991,2025-09-19,21:00:00,469.0,7.72,97.0,7.84,2.006,0.0,0.0,1.3847346848343858
,992,2025-09-19,22:00:00,467.0,7.75,99.0,7.87,2.006,0.0,0.0,1.3847346848343858
,993,2025-09-19,23:00:00,452.0,7.72,95.0,7.83,2.006,0.0,0.0,1.3847346848343858
,994,2025-09-19,00:00:00,440.0,7.78,82.0,7.89,2.006,0.0,0.0,1.3847346848343858
,995,2025-09-19,01:00:00,447.0,7.66,88.0,7.84,2.006,0.0,0.0,1.3847346848343858
,996,2025-09-19,02:00:00,453.0,7.62,94.0,7.79,2.006,0.0,0.0,1.3847346848343858
,997,2025-09-19,03:00:00,438.0,7.67,91.0,7.86,1.967,0.0,0.0,1.4121900242896683
,998,2025-09-19,04:00:00,419.0,7.58,89.0,7.91,1.967,0.0,0.0,1.4121900242896683
,999,2025-09-19,05:00:00,424.0,7.72,97.0,7.8,1.929,0.0,0.0,1.4400092160589826
,1000,2025-09-19,06:00:00,416.0,7.64,80.0,7.86,1.929,0.0,0.0,1.4400092160589826
,1001,2025-09-20,06:30:00,429.0,7.62,75.0,7.69,1.89,0.0,0.0,0.0
,1002,2025-09-20,07:00:00,426.0,7.67,73.0,7.71,1.89,0.0,0.0,1.4697236919459142
,1003,2025-09-20,08:00:00,417.0,7.74,70.0,7.5,1.852,0.0,0.0,1.499880009599232
,1004,2025-09-20,09:00:00,380.0,7.68,74.0,7.54,1.852,0.0,0.0,1.499880009599232
,1005,2025-09-20,10:00:00,336.0,7.66,77.0,7.58,1.814,0.0,0.0,1.2250398137939482
,1006,2025-09-20,11:00:00,341.0,7.64,88.0,7.66,1.814,0.0,0.0,1.2250398137939482
,1007,2025-09-20,12:00:00,339.0,7.65,104.0,7.78,1.814,0.0,0.0,1.2250398137939482
,1008,2025-09-20,13:00:00,319.0,7.77,97.0,7.86,1.777,0.0,0.0,1.2505471143625335
,1009,2025-09-20,14:00:00,323.0,7.81,89.0,7.79,1.777,0.0,0.0,1.2505471143625335
,1010,2025-09-20,15:00:00,325.0,7.85,97.0,7.74,1.777,0.0,0.0,1.2505471143625335
,1011,2025-09-20,16:00:00,321.0,7.8,103.0,7.81,1.74,0.0,0.0,1.2771392081736908
,1012,2025-09-20,17:00:00,319.0,7.86,116.0,7.79,1.74,0.0,0.0,1.2771392081736908
,1013,2025-09-20,18:00:00,316.0,7.93,114.0,7.83,1.74,0.0,0.0,1.2771392081736908
,1014,2025-09-20,19:00:00,326.0,7.73,117.0,7.84,1.703,0.0,0.0,1.304886801070007
,1015,2025-09-20,20:00:00,319.0,7.78,112.0,7.89,1.703,0.0,0.0,1.304886801070007
,1016,2025-09-20,21:00:00,317.0,7.75,115.0,7.87,1.74,0.0,0.0,1.2771392081736908
,1017,2025-09-20,22:00:00,320.0,7.83,111.0,7.88,1.703,0.0,0.0,1.304886801070007
,1018,2025-09-20,23:00:00,328.0,7.79,116.0,7.72,1.667,0.0,0.0,1.3330667199893353
,1019,2025-09-20,00:00:00,335.0,7.82,112.0,7.53,1.667,0.0,0.0,1.3330667199893353
,1020,2025-09-20,01:00:00,328.0,7.76,115.0,7.68,1.631,0.0,0.0,1.3624906328768989
,1021,2025-09-20,02:00:00,351.0,7.81,113.0,7.75,1.595,0.0,0.0,1.3932427725531176
,1022,2025-09-20,03:00:00,337.0,7.79,111.0,7.69,1.56,0.0,0.0,1.4245014245014243
,1023,2025-09-20,04:00:00,346.0,7.84,107.0,7.76,1.525,0.0,0.0,1.4571948998178508
,1024,2025-09-20,05:00:00,332.0,7.86,102.0,7.84,1.49,0.0,0.0,1.4914243102162565
,1025,2025-09-20,06:00:00,341.0,7.83,105.0,7.71,1.456,0.0,0.0,1.5262515262515262
,1026,2025-09-21,06:30:00,315.0,7.56,106.0,7.77,1.289,0.0,0.0,0.0
,1027,2025-09-21,07:00:00,318.0,7.6,102.0,7.72,1.289,0.0,0.0,1.5084906473579864
,1028,2025-09-21,08:00:00,310.0,7.62,100.0,7.7,1.297,0.0,0.0,1.499186156086696
,1029,2025-09-21,09:00:00,297.0,7.65,96.0,7.66,1.257,0.0,0.0,1.1049235392910812
,1030,2025-09-21,10:00:00,296.0,7.527,101.0,7.64,1.225,0.0,0.0,1.1337868480725624
,1031,2025-09-21,11:00:00,285.0,7.6,99.0,7.57,1.225,0.0,0.0,1.1337868480725624
,1032,2025-09-21,12:00:00,255.0,7.82,97.0,7.5,1.193,0.0,0.0,1.1641985657073668
,1033,2025-09-21,13:00:00,259.0,7.8,99.0,7.78,1.162,0.0,0.0,1.195257219353605
,1034,2025-09-21,14:00:00,251.0,7.76,86.0,7.72,1.1,0.0,0.0,1.2626262626262625
,1035,2025-09-21,15:00:00,277.0,7.73,84.0,7.76,1.07,0.0,0.0,1.2980269989615785
,1036,2025-09-21,16:00:00,236.0,7.75,82.0,7.82,1.04,0.0,0.0,0.0
,1037,2025-09-21,17:00:00,223.0,7.79,80.0,7.88,1.011,0.0,0.0,0.0
,1038,2025-09-21,18:00:00,217.0,7.76,85.0,7.84,0.953,0.0,0.0,0.0
,1039,2025-09-21,19:00:00,221.0,7.8,88.0,7.9,0.953,0.0,0.0,0.0
,1040,2025-09-21,20:00:00,219.0,7.87,80.0,7.89,0.924,0.0,0.0,0.0
,1041,2025-09-21,21:00:00,236.0,7.77,91.0,7.86,0.896,0.0,0.0,0.0
,1042,2025-09-21,22:00:00,229.0,7.89,74.0,7.79,0.869,0.0,0.0,0.0
,1043,2025-09-21,23:00:00,237.0,7.81,84.0,7.94,0.869,0.0,0.0,0.0
,1044,2025-09-21,00:00:00,236.0,7.89,81.0,7.97,0.844,0.0,0.0,0.0
,1045,2025-09-21,01:00:00,234.0,7.85,78.0,7.9,0.841,0.0,0.0,0.0
,1046,2025-09-21,02:00:00,231.0,7.83,80.0,7.88,0.814,0.0,0.0,0.0
,1047,2025-09-21,03:00:00,228.0,7.76,86.0,7.85,0.761,0.0,0.0,0.0
,1048,2025-09-21,04:00:00,226.0,7.74,84.0,7.83,0.71,0.0,0.0,0.0
,1049,2025-09-21,05:00:00,221.0,7.7,81.0,7.79,0.66,0.0,0.0,0.0
,1050,2025-09-21,06:00:00,224.0,7.8,78.0,7.83,0.66,0.0,0.0,0.0
,1051,2025-09-22,06:30:00,221.0,7.44,73.0,7.8,0.66,0.0,0.0,0.0
,1052,2025-09-22,07:00:00,219.0,7.48,78.0,7.82,0.66,0.0,0.0,0.0
,1053,2025-09-22,08:00:00,214.0,7.45,75.0,7.62,0.66,0.0,0.0,0.0
,1054,2025-09-22,09:00:00,197.0,7.57,69.0,7.58,0.66,0.0,0.0,0.0
,1055,2025-09-22,10:00:00,185.0,7.6,73.0,7.6,0.66,0.0,0.0,0.0
,1056,2025-09-22,11:00:00,191.0,7.69,78.0,7.59,0.66,0.0,0.0,0.0
,1057,2025-09-22,12:00:00,218.0,7.78,73.0,7.54,0.66,0.0,0.0,0.0
,1058,2025-09-22,13:00:00,201.0,7.71,70.0,7.62,0.66,0.0,0.0,0.0
,1059,2025-09-22,14:00:00,196.0,7.63,66.0,7.6,0.66,0.0,0.0,0.0
,1060,2025-09-22,15:00:00,192.0,7.65,69.0,7.65,0.66,0.0,0.0,0.0
,1061,2025-09-22,16:00:00,183.0,7.72,73.0,7.7,0.66,0.0,0.0,0.0
,1062,2025-09-22,17:00:00,167.0,7.81,83.0,7.79,0.66,0.0,0.0,0.0
,1063,2025-09-22,18:00:00,160.0,7.76,85.0,7.75,0.66,0.0,0.0,0.0
,1064,2025-09-22,19:00:00,184.0,7.91,73.0,7.96,0.66,0.0,0.0,0.0
,1065,2025-09-22,20:00:00,179.0,7.86,88.0,7.89,0.66,0.0,0.0,0.0
,1066,2025-09-22,21:00:00,168.0,7.88,96.0,7.99,0.636,0.0,0.0,0.0
,1067,2025-09-22,22:00:00,174.0,7.77,80.0,7.87,0.636,0.0,0.0,0.0
,1068,2025-09-22,23:00:00,181.0,7.89,79.0,7.8,0.636,0.0,0.0,0.0
,1069,2025-09-22,00:00:00,187.0,7.9,84.0,7.97,0.612,0.0,0.0,0.0
,1070,2025-09-22,01:00:00,195.0,7.92,106.0,8.04,0.612,0.0,0.0,0.0
,1071,2025-09-22,02:00:00,193.0,7.94,102.0,8.02,0.588,0.0,0.0,0.0
,1072,2025-09-22,03:00:00,188.0,7.89,103.0,8.0,0.588,0.0,0.0,0.0
,1073,2025-09-22,04:00:00,186.0,7.9,100.0,8.01,0.565,0.0,0.0,0.0
,1074,2025-09-22,05:00:00,180.0,7.87,97.0,7.96,0.565,0.0,0.0,0.0
,1075,2025-09-22,06:00:00,183.0,7.91,94.0,7.99,0.542,0.0,0.0,0.0
,1076,2025-09-23,06:30:00,182.0,7.62,96.0,7.96,0.542,0.0,0.0,0.0
,1077,2025-09-23,07:00:00,180.0,7.65,94.0,7.93,0.542,0.0,0.0,0.0
,1078,2025-09-23,08:00:00,173.0,7.61,91.0,7.57,0.542,0.0,0.0,0.0
,1079,2025-09-23,09:00:00,175.0,7.68,87.0,7.9,0.542,0.0,0.0,0.0
,1080,2025-09-23,10:00:00,178.0,7.66,90.0,7.86,0.542,0.0,0.0,0.0
,1081,2025-09-23,11:00:00,170.0,7.69,83.0,7.89,0.542,0.0,0.0,0.0
,1082,2025-09-23,12:00:00,178.0,7.92,95.0,7.52,0.542,0.0,0.0,0.0
,1083,2025-09-23,13:00:00,152.0,7.95,91.0,7.68,0.542,0.0,0.0,0.0
,1084,2025-09-23,14:00:00,145.0,7.83,84.0,7.73,0.542,0.0,0.0,0.0
,1085,2025-09-23,15:00:00,140.0,7.86,88.0,7.75,0.542,0.0,0.0,0.0
,1086,2025-09-23,16:00:00,136.0,7.88,90.0,7.77,0.542,0.0,0.0,0.0
,1087,2025-09-23,17:00:00,129.0,7.91,94.0,7.87,0.542,0.0,0.0,0.0
,1088,2025-09-23,18:00:00,125.0,7.87,87.0,7.9,0.542,0.0,0.0,0.0
,1089,2025-09-23,19:00:00,153.0,8,84.0,8.1,0.519,0.0,0.0,0.0
,1090,2025-09-23,20:00:00,162.0,8.04,74.0,8.03,0.519,0.0,0.0,0.0
,1091,2025-09-23,21:00:00,170.0,8.01,67.0,7.97,0.519,0.0,0.0,0.0
,1092,2025-09-23,22:00:00,171.0,8.05,54.0,8.1,0.519,0.0,0.0,0.0
,1093,2025-09-23,23:00:00,169.0,8.07,48.0,8.08,0.519,0.0,0.0,0.0
,1094,2025-09-23,00:00:00,173.0,8.03,44.0,8.11,0.519,0.0,0.0,0.0
,1095,2025-09-23,01:00:00,175.0,8.02,39.0,8.06,0.519,0.0,0.0,0.0
,1096,2025-09-23,02:00:00,173.0,8,42.0,8.02,0.519,0.0,0.0,0.0
,1097,2025-09-23,03:00:00,169.0,8.01,48.0,7.98,0.519,0.0,0.0,0.0
,1098,2025-09-23,04:00:00,164.0,7.97,50.0,8.01,0.519,0.0,0.0,0.0
,1099,2025-09-23,05:00:00,161.0,7.88,53.0,8.0,0.519,0.0,0.0,0.0
,1100,2025-09-23,06:00:00,157.0,7.96,49.0,8.02,0.519,0.0,0.0,0.0
,1101,2025-09-24,06:30:00,155.0,7.81,56.0,8.08,0.475,0.0,0.0,0.0
,1102,2025-09-24,07:00:00,146.0,7.73,51.0,8.01,0.475,0.0,0.0,0.0
,1103,2025-09-24,08:00:00,149.0,7.78,58.0,7.96,0.475,0.0,0.0,0.0
,1104,2025-09-24,09:00:00,152.0,7.71,60.0,7.94,0.475,0.0,0.0,0.0
,1105,2025-09-24,10:00:00,147.0,7.76,58.0,7.89,0.475,0.0,0.0,0.0
,1106,2025-09-24,11:00:00,143.0,7.8,53.0,7.96,0.475,0.0,0.0,0.0
,1107,2025-09-24,12:00:00,148.0,7.99,67.0,8.07,0.454,0.0,0.0,0.0
,1108,2025-09-24,13:00:00,153.0,7.85,63.0,8.11,0.454,0.0,0.0,0.0
,1109,2025-09-24,14:00:00,156.0,7.88,66.0,8.08,0.454,0.0,0.0,0.0
,1110,2025-09-24,15:00:00,148.0,7.86,62.0,7.98,0.454,0.0,0.0,0.0
,1111,2025-09-24,16:00:00,151.0,7.82,58.0,8.02,0.454,0.0,0.0,0.0
,1112,2025-09-24,17:00:00,132.0,7.97,54.0,8.05,0.433,0.0,0.0,0.0
,1113,2025-09-24,18:00:00,116.0,8.12,57.0,8.03,0.433,0.0,0.0,0.0
,1114,2025-09-24,19:00:00,134.0,7.99,57.0,7.58,0.433,0.0,0.0,0.0
,1115,2025-09-24,20:00:00,128.0,7.87,62.0,7.68,0.433,0.0,0.0,0.0
,1116,2025-09-24,21:00:00,130.0,7.91,59.0,7.72,0.433,0.0,0.0,0.0
,1117,2025-09-24,22:00:00,124.0,7.95,63.0,7.86,0.433,0.0,0.0,0.0
,1118,2025-09-24,23:00:00,127.0,7.9,61.0,7.8,0.433,0.0,0.0,0.0
,1119,2025-09-24,00:00:00,133.0,7.92,59.0,7.9,0.433,0.0,0.0,0.0
,1120,2025-09-24,01:00:00,130.0,7.96,57.0,7.86,0.433,0.0,0.0,0.0
,1121,2025-09-24,02:00:00,125.0,7.93,55.0,7.84,0.433,0.0,0.0,0.0
,1122,2025-09-24,03:00:00,127.0,7.95,60.0,7.8,0.433,0.0,0.0,0.0
,1123,2025-09-24,04:00:00,132.0,7.89,64.0,7.83,0.433,0.0,0.0,0.0
,1124,2025-09-24,05:00:00,129.0,7.95,67.0,7.78,0.433,0.0,0.0,0.0
,1125,2025-09-24,06:00:00,126.0,7.93,62.0,7.81,0.433,0.0,0.0,0.0
,1126,2025-09-25,06:30:00,145.0,8,63.0,7.86,0.413,0.0,0.0,0.0
,1127,2025-09-25,07:00:00,142.0,7.97,60.0,7.89,0.413,0.0,0.0,0.0
,1128,2025-09-25,08:00:00,136.0,7.92,60.0,7.89,0.413,0.0,0.0,0.0
,1129,2025-09-25,09:00:00,133.0,7.99,66.0,8.03,0.413,0.0,0.0,0.0
,1130,2025-09-25,10:00:00,140.0,7.82,51.0,8.11,0.413,0.0,0.0,0.0
,1131,2025-09-25,11:00:00,144.0,7.857,55.0,8.06,0.413,0.0,0.0,0.0
,1132,2025-09-25,12:00:00,119.0,8.18,60.0,7.94,0.413,0.0,0.0,0.0
,1133,2025-09-25,13:00:00,114.0,8.12,57.0,7.93,0.413,0.0,0.0,0.0
,1134,2025-09-25,14:00:00,111.0,8.07,59.0,7.99,0.413,0.0,0.0,0.0
,1135,2025-09-25,15:00:00,115.0,8.15,55.0,7.87,0.413,0.0,0.0,0.0
,1136,2025-09-25,16:00:00,117.0,8.1,60.0,7.83,0.413,0.0,0.0,0.0
,1137,2025-09-25,17:00:00,124.0,8.06,58.0,7.91,0.413,0.0,0.0,0.0
,1138,2025-09-25,18:00:00,129.0,8.08,54.0,7.94,0.413,0.0,0.0,0.0
,1139,2025-09-25,19:00:00,130.0,7.94,70.0,7.81,0.413,0.0,0.0,0.0
,1140,2025-09-25,20:00:00,127.0,7.91,72.0,7.77,0.413,0.0,0.0,0.0
,1141,2025-09-25,21:00:00,121.0,7.87,70.0,7.82,0.413,0.0,0.0,0.0
,1142,2025-09-25,22:00:00,126.0,7.97,67.0,7.87,0.413,0.0,0.0,0.0
,1143,2025-09-25,23:00:00,123.0,7.95,73.0,7.85,0.393,0.0,0.0,0.0
,1144,2025-09-25,00:00:00,125.0,8.06,68.0,7.9,0.393,0.0,0.0,0.0
,1145,2025-09-25,01:00:00,120.0,7.99,64.0,7.86,0.393,0.0,0.0,0.0
,1146,2025-09-25,02:00:00,126.0,8.02,67.0,7.88,0.393,0.0,0.0,0.0
,1147,2025-09-25,03:00:00,124.0,8.03,61.0,7.82,0.393,0.0,0.0,0.0
,1148,2025-09-25,04:00:00,121.0,7.96,63.0,7.79,0.393,0.0,0.0,0.0
,1149,2025-09-25,05:00:00,123.0,8,66.0,7.73,0.393,0.0,0.0,0.0
,1150,2025-09-25,06:00:00,125.0,8.02,60.0,7.8,0.393,0.0,0.0,0.0
,1151,2025-09-26,06:30:00,177.0,8.01,63.0,7.93,0.373,0.0,0.0,0.0
,1152,2025-09-26,07:00:00,172.0,8.06,67.0,7.99,0.373,0.0,0.0,0.0
,1153,2025-09-26,08:00:00,165.0,8.1,60.0,7.76,0.373,0.0,0.0,0.0
,1154,2025-09-26,09:00:00,168.0,8.05,57.0,7.84,0.373,0.0,0.0,0.0
,1155,2025-09-26,10:00:00,174.0,8.09,62.0,7.75,0.373,0.0,0.0,0.0
,1156,2025-09-26,11:00:00,132.0,8,58.0,7.93,0.373,0.0,0.0,0.0
,1157,2025-09-26,12:00:00,116.0,8.05,62.0,8.1,0.373,0.0,0.0,0.0
,1158,2025-09-26,13:00:00,111.0,8.11,66.0,8.07,0.373,0.0,0.0,0.0
,1159,2025-09-26,14:00:00,128.0,8.07,63.0,8.04,0.393,0.0,0.0,0.0
,1160,2025-09-26,15:00:00,135.0,8.12,61.0,8.01,0.413,0.0,0.0,0.0
,1161,2025-09-26,16:00:00,150.0,8.1,59.0,8.05,0.413,0.0,0.0,0.0
,1162,2025-09-26,17:00:00,143.0,8.06,65.0,8.0,0.433,0.0,0.0,0.0
,1163,2025-09-26,18:00:00,139.0,7.99,68.0,8.02,0.433,0.0,0.0,0.0
,1164,2025-09-26,19:00:00,110.0,7.83,57.0,8.02,0.433,0.0,0.0,0.0
,1165,2025-09-26,20:00:00,113.0,7.85,62.0,7.96,0.433,0.0,0.0,0.0
,1166,2025-09-26,21:00:00,116.0,7.86,63.0,8.01,0.454,0.0,0.0,0.0
,1167,2025-09-26,22:00:00,108.0,7.89,66.0,7.98,0.454,0.0,0.0,0.0
,1168,2025-09-26,23:00:00,110.0,7.88,72.0,7.95,0.454,0.0,0.0,0.0
,1169,2025-09-26,00:00:00,114.0,7.81,78.0,7.99,0.475,0.0,0.0,0.0
,1170,2025-09-26,01:00:00,117.0,7.86,73.0,7.97,0.475,0.0,0.0,0.0
,1171,2025-09-26,02:00:00,115.0,7.9,75.0,7.92,0.454,0.0,0.0,0.0
,1172,2025-09-26,03:00:00,118.0,7.88,77.0,7.95,0.454,0.0,0.0,0.0
,1173,2025-09-26,04:00:00,111.0,7.92,76.0,7.98,0.433,0.0,0.0,0.0
,1174,2025-09-26,05:00:00,121.0,7.94,74.0,7.9,0.433,0.0,0.0,0.0
,1175,2025-09-26,06:00:00,119.0,7.91,78.0,7.93,0.433,0.0,0.0,0.0
,1176,2025-09-27,06:30:00,129.0,8,59.0,8.09,0.433,0.0,0.0,0.0
,1177,2025-09-27,07:00:00,126.0,8.02,57.0,8.06,0.433,0.0,0.0,0.0
,1178,2025-09-27,08:00:00,136.0,8.06,66.0,7.82,0.433,0.0,0.0,0.0
,1179,2025-09-27,09:00:00,127.0,8.08,48.0,8.01,0.433,0.0,0.0,0.0
,1180,2025-09-27,10:00:00,120.0,7.98,69.0,8.04,0.433,0.0,0.0,0.0
,1181,2025-09-27,11:00:00,123.0,8.03,74.0,8.07,0.433,0.0,0.0,0.0
,1182,2025-09-27,12:00:00,148.0,8.08,92.0,8.1,0.433,0.0,0.0,0.0
,1183,2025-09-27,13:00:00,134.0,8.1,86.0,8.08,0.433,0.0,0.0,0.0
,1184,2025-09-27,14:00:00,129.0,8.11,79.0,8.09,0.433,0.0,0.0,0.0
,1185,2025-09-27,15:00:00,114.0,8.14,80.0,8.13,0.433,0.0,0.0,0.0
,1186,2025-09-27,16:00:00,108.0,8.22,72.0,8.15,0.413,0.0,0.0,0.0
,1187,2025-09-27,17:00:00,100.0,8.31,61.0,8.16,0.413,0.0,0.0,0.0
,1188,2025-09-27,18:00:00,105.0,8.35,83.0,8.2,0.413,0.0,0.0,0.0
,1189,2025-09-27,19:00:00,122.0,8.12,63.0,8.15,0.393,0.0,0.0,0.0
,1190,2025-09-27,20:00:00,119.0,8.17,66.0,8.21,0.393,0.0,0.0,0.0
,1191,2025-09-27,21:00:00,112.0,8.12,59.0,8.03,0.393,0.0,0.0,0.0
,1192,2025-09-27,22:00:00,108.0,8.19,57.0,8.07,0.393,0.0,0.0,0.0
,1193,2025-09-27,23:00:00,112.0,8.13,60.0,8.1,0.393,0.0,0.0,0.0
,1194,2025-09-27,00:00:00,118.0,8.09,54.0,8.16,0.393,0.0,0.0,0.0
,1195,2025-09-27,01:00:00,110.0,8.12,62.0,8.11,0.393,0.0,0.0,0.0
,1196,2025-09-27,02:00:00,112.0,8.18,58.0,8.08,0.393,0.0,0.0,0.0
,1197,2025-09-27,03:00:00,109.0,8.14,51.0,8.14,0.373,0.0,0.0,0.0
,1198,2025-09-27,04:00:00,107.0,8.16,54.0,8.06,0.373,0.0,0.0,0.0
,1199,2025-09-27,05:00:00,102.0,8.1,63.0,8.12,0.373,0.0,0.0,0.0
,1200,2025-09-27,06:00:00,104.0,8.13,50.0,8.09,0.373,0.0,0.0,0.0
,1201,2025-09-28,06:30:00,145.0,8.06,64.0,8.11,0.373,0.0,0.0,0.0
,1202,2025-09-28,07:00:00,140.0,8.1,68.0,8.06,0.373,0.0,0.0,0.0
,1203,2025-09-28,08:00:00,149.0,8.14,92.0,7.79,0.373,0.0,0.0,0.0
,1204,2025-09-28,09:00:00,156.0,8.11,88.0,8.02,0.373,0.0,0.0,0.0
,1205,2025-09-28,10:00:00,136.0,8.13,81.0,8.04,0.373,0.0,0.0,0.0
,1206,2025-09-28,11:00:00,141.0,8.1,79.0,8.08,0.373,0.0,0.0,0.0
,1207,2025-09-28,12:00:00,138.0,8.08,84.0,8.11,0.373,0.0,0.0,0.0
,1208,2025-09-28,13:00:00,114.0,8.21,78.0,8.2,0.373,0.0,0.0,0.0
,1209,2025-09-28,14:00:00,108.0,8.32,80.0,8.18,0.373,0.0,0.0,0.0
,1210,2025-09-28,15:00:00,113.0,8.38,76.0,8.16,0.373,0.0,0.0,0.0
,1211,2025-09-28,16:00:00,111.0,8.36,74.0,8.13,0.354,0.0,0.0,0.0
,1212,2025-09-28,17:00:00,109.0,8.35,71.0,8.14,0.354,0.0,0.0,0.0
,1213,2025-09-28,18:00:00,109.0,8.3,76.0,8.1,0.354,0.0,0.0,0.0
,1214,2025-09-28,19:00:00,106.0,8.22,69.0,8.17,0.335,0.0,0.0,0.0
,1215,2025-09-28,20:00:00,110.0,8.27,73.0,8.15,0.335,0.0,0.0,0.0
,1216,2025-09-28,21:00:00,107.0,8.21,66.0,8.11,0.335,0.0,0.0,0.0
,1217,2025-09-28,22:00:00,110.0,8.26,61.0,8.04,0.335,0.0,0.0,0.0
,1218,2025-09-28,23:00:00,114.0,8.22,58.0,8.1,0.335,0.0,0.0,0.0
,1219,2025-09-28,00:00:00,117.0,8.19,62.0,8.15,0.335,0.0,0.0,0.0
,1220,2025-09-28,01:00:00,109.0,8.12,66.0,8.03,0.335,0.0,0.0,0.0
,1221,2025-09-28,02:00:00,113.0,8.09,59.0,8.1,0.335,0.0,0.0,0.0
,1222,2025-09-28,03:00:00,106.0,8.16,53.0,8.06,0.335,0.0,0.0,0.0
,1223,2025-09-28,04:00:00,117.0,8.21,57.0,8.08,0.335,0.0,0.0,0.0
,1224,2025-09-28,05:00:00,112.0,8.19,62.0,8.05,0.335,0.0,0.0,0.0
,1225,2025-09-28,06:00:00,114.0,8.22,56.0,8.02,0.335,0.0,0.0,0.0
,1226,2025-09-29,06:30:00,130.0,8.16,52.0,8.18,0.335,0.0,0.0,0.0
,1227,2025-09-29,07:00:00,129.0,8.17,69.0,8.36,0.335,0.0,0.0,0.0
,1228,2025-09-29,08:00:00,136.0,8.19,78.0,8.25,0.335,0.0,0.0,0.0
,1229,2025-09-29,09:00:00,132.0,8.15,75.0,8.23,0.335,0.0,0.0,0.0
,1230,2025-09-29,10:00:00,128.0,8.14,73.0,8.2,0.335,0.0,0.0,0.0
,1231,2025-09-29,11:00:00,121.0,8.18,86.0,8.19,0.335,0.0,0.0,0.0
,1232,2025-09-29,12:00:00,126.0,8.11,77.0,8.21,0.316,0.0,0.0,0.0
,1233,2025-09-29,13:00:00,122.0,8.13,74.0,8.18,0.316,0.0,0.0,0.0
,1234,2025-09-29,14:00:00,118.0,8.15,71.0,8.2,0.316,0.0,0.0,0.0
,1235,2025-09-29,15:00:00,124.0,8.13,69.0,8.23,0.316,0.0,0.0,0.0
,1236,2025-09-29,16:00:00,118.0,8.17,64.0,8.21,0.316,0.0,0.0,0.0
,1237,2025-09-29,17:00:00,113.0,8.19,58.0,8.23,0.316,0.0,0.0,0.0
,1238,2025-09-29,18:00:00,116.0,8.16,60.0,8.18,0.316,0.0,0.0,0.0
,1239,2025-09-29,19:00:00,117.0,7.9,38.0,8.1,0.316,0.0,0.0,0.0
,1240,2025-09-29,20:00:00,121.0,7.98,57.0,8.21,0.316,0.0,0.0,0.0
,1241,2025-09-29,21:00:00,125.0,8.06,44.0,8.19,0.316,0.0,0.0,0.0
,1242,2025-09-29,22:00:00,119.0,8.11,40.0,8.16,0.316,0.0,0.0,0.0
,1243,2025-09-29,23:00:00,115.0,8.04,47.0,8.19,0.316,0.0,0.0,0.0
,1244,2025-09-29,00:00:00,111.0,8.02,56.0,8.09,0.316,0.0,0.0,0.0
,1245,2025-09-29,01:00:00,114.0,8.06,51.0,8.13,0.316,0.0,0.0,0.0
,1246,2025-09-29,02:00:00,109.0,8.12,47.0,8.16,0.316,0.0,0.0,0.0
,1247,2025-09-29,03:00:00,111.0,8.09,55.0,8.12,0.316,0.0,0.0,0.0
,1248,2025-09-29,04:00:00,107.0,8.18,46.0,8.15,0.316,0.0,0.0,0.0
,1249,2025-09-29,05:00:00,103.0,8.15,45.0,8.17,0.316,0.0,0.0,0.0
,1250,2025-09-29,06:00:00,105.0,8.1,48.0,8.13,0.316,0.0,0.0,0.0
,1251,2025-09-30,06:30:00,117.0,7.78,42.0,8.09,0.298,0.0,0.0,0.0
,1252,2025-09-30,07:00:00,114.0,7.81,45.0,8.02,0.298,0.0,0.0,0.0
,1253,2025-09-30,08:00:00,110.0,7.85,40.0,8.3,0.298,0.0,0.0,0.0
,1254,2025-09-30,09:00:00,112.0,7.8,43.0,8.15,0.298,0.0,0.0,0.0
,1255,2025-09-30,10:00:00,106.0,7.82,47.0,8.08,0.298,0.0,0.0,0.0
,1256,2025-09-30,11:00:00,109.0,7.83,45.0,8.1,0.298,0.0,0.0,0.0
,1257,2025-09-30,12:00:00,113.0,7.91,44.0,8.22,0.298,0.0,0.0,0.0
,1258,2025-09-30,13:00:00,111.0,7.86,41.0,8.16,0.298,0.0,0.0,0.0
,1259,2025-09-30,14:00:00,114.0,7.9,45.0,8.2,0.298,0.0,0.0,0.0
,1260,2025-09-30,15:00:00,117.0,7.93,48.0,8.18,0.298,0.0,0.0,0.0
,1261,2025-09-30,16:00:00,115.0,7.85,44.0,8.13,0.298,0.0,0.0,0.0
,1262,2025-09-30,17:00:00,118.0,7.88,40.0,8.16,0.298,0.0,0.0,0.0
,1263,2025-09-30,18:00:00,112.0,7.86,46.0,8.2,0.298,0.0,0.0,0.0
,1264,2025-09-30,19:00:00,110.0,8.22,57.0,8.27,0.281,0.0,0.0,0.0
,1265,2025-09-30,20:00:00,108.0,8.2,54.0,8.25,0.281,0.0,0.0,0.0
,1266,2025-09-30,21:00:00,111.0,8.18,62.0,8.32,0.281,0.0,0.0,0.0
,1267,2025-09-30,22:00:00,118.0,8.14,48.0,8.21,0.281,0.0,0.0,0.0
,1268,2025-09-30,23:00:00,114.0,8.19,56.0,8.009,0.281,0.0,0.0,0.0
,1269,2025-09-30,00:00:00,123.0,8.21,44.0,8.2,0.281,0.0,0.0,0.0
,1270,2025-09-30,01:00:00,127.0,8.13,37.0,8.18,0.281,0.0,0.0,0.0
,1271,2025-09-30,02:00:00,131.0,8.17,41.0,8.24,0.264,0.0,0.0,0.0
,1272,2025-09-30,03:00:00,129.0,8.19,43.0,8.27,0.264,0.0,0.0,0.0
,1273,2025-09-30,04:00:00,125.0,8.21,40.0,8.3,0.264,0.0,0.0,0.0
,1274,2025-09-30,05:00:00,122.0,8.24,39.0,8.32,0.264,0.0,0.0,0.0
,1275,2025-09-30,06:00:00,120.0,8.27,42.0,8.31,0.264,0.0,0.0,0.0
,1276,2025-10-01,06:30:00,107.0,7.74,37.0,8.12,0.247,0.0,0.0,0.0
,1277,2025-10-01,07:00:00,110.0,7.8,34.0,8.1,0.247,0.0,0.0,0.0
,1278,2025-10-01,08:00:00,109.0,7.86,39.0,8.03,0.247,0.0,0.0,0.0
,1279,2025-10-01,09:00:00,113.0,7.82,35.0,8.08,0.247,0.0,0.0,0.0
,1280,2025-10-01,10:00:00,107.0,7.88,37.0,8.1,0.247,0.0,0.0,0.0
,1281,2025-10-01,11:00:00,110.0,7.9,33.0,8.07,0.247,0.0,0.0,0.0
,1282,2025-10-01,12:00:00,106.0,7.91,35.0,8.01,0.247,0.0,0.0,0.0
,1283,2025-10-01,13:00:00,112.0,7.82,39.0,8.1,0.247,0.0,0.0,0.0
,1284,2025-10-01,14:00:00,107.0,7.87,42.0,8.05,0.247,0.0,0.0,0.0
,1285,2025-10-01,15:00:00,100.0,7.81,40.0,8.0,0.231,0.0,0.0,0.0
,1286,2025-10-01,16:00:00,103.0,7.88,45.0,8.07,0.231,0.0,0.0,0.0
,1287,2025-10-01,17:00:00,101.0,7.93,42.0,8.03,0.231,0.0,0.0,0.0
,1288,2025-10-01,18:00:00,97.0,7.9,40.0,8.05,0.231,0.0,0.0,0.0
,1289,2025-10-01,19:00:00,102.0,8.21,49.0,8.29,0.231,0.0,0.0,0.0
,1290,2025-10-01,20:00:00,98.0,8.22,56.0,8.32,0.231,0.0,0.0,0.0
,1291,2025-10-01,21:00:00,108.0,8.17,48.0,8.19,0.231,0.0,0.0,0.0
,1292,2025-10-01,22:00:00,101.0,8.14,44.0,8.21,0.231,0.0,0.0,0.0
,1293,2025-10-01,23:00:00,114.0,8.2,33.0,8.3,0.231,0.0,0.0,0.0
,1294,2025-10-01,00:00:00,112.0,8.25,38.0,8.29,0.231,0.0,0.0,0.0
,1295,2025-10-01,01:00:00,115.0,8.23,29.0,8.31,0.231,0.0,0.0,0.0
,1296,2025-10-01,02:00:00,113.0,8.21,41.0,8.28,0.231,0.0,0.0,0.0
,1297,2025-10-01,03:00:00,111.0,8.17,42.0,8.5,0.231,0.0,0.0,0.0
,1298,2025-10-01,04:00:00,108.0,8.17,40.0,8.21,0.231,0.0,0.0,0.0
,1299,2025-10-01,05:00:00,106.0,8.2,44.0,8.16,0.231,0.0,0.0,0.0
,1300,2025-10-01,06:00:00,110.0,8.21,41.0,8.2,0.231,0.0,0.0,0.0
,1301,2025-10-02,06:30:00,97.0,7.93,37.0,8.32,0.231,0.0,0.0,0.0
,1302,2025-10-02,07:00:00,95.0,7.98,41.0,8.28,0.231,0.0,0.0,0.0
,1303,2025-10-02,08:00:00,90.0,7.91,39.0,8.27,0.231,0.0,0.0,0.0
,1304,2025-10-02,09:00:00,92.0,7.95,43.0,8.25,0.231,0.0,0.0,0.0
,1305,2025-10-02,10:00:00,88.0,7.92,45.0,8.23,0.231,0.0,0.0,0.0
,1306,2025-10-02,11:00:00,95.0,7.95,41.0,8.21,0.231,0.0,0.0,0.0
,1307,2025-10-02,12:00:00,94.0,7.92,35.0,8.31,0.231,0.0,0.0,0.0
,1308,2025-10-02,13:00:00,90.0,7.95,39.0,8.28,0.231,0.0,0.0,0.0
,1309,2025-10-02,14:00:00,93.0,7.91,37.0,8.24,0.231,0.0,0.0,0.0
,1310,2025-10-02,15:00:00,87.0,7.86,35.0,8.3,0.231,0.0,0.0,0.0
,1311,2025-10-02,16:00:00,85.0,7.88,36.0,8.28,0.231,0.0,0.0,0.0
,1312,2025-10-02,17:00:00,80.0,8.01,32.0,8.26,0.231,0.0,0.0,0.0
,1313,2025-10-02,18:00:00,82.0,8.03,35.0,8.21,0.231,0.0,0.0,0.0
,1314,2025-10-02,19:00:00,86.0,8.25,42.0,8.33,0.215,0.0,0.0,0.0
,1315,2025-10-02,20:00:00,84.0,8.22,40.0,8.3,0.215,0.0,0.0,0.0
,1316,2025-10-02,21:00:00,91.0,8.26,39.0,8.38,0.199,0.0,0.0,0.0
,1317,2025-10-02,22:00:00,88.0,8.24,44.0,8.41,0.17,0.0,0.0,0.0
,1318,2025-10-02,23:00:00,80.0,8.31,31.0,8.39,0.156,0.0,0.0,0.0
,1319,2025-10-02,00:00:00,79.0,8.36,37.0,8.4,0.156,0.0,0.0,0.0
,1320,2025-10-02,01:00:00,85.0,8.28,34.0,8.44,0.156,0.0,0.0,0.0
,1321,2025-10-02,02:00:00,87.0,8.3,30.0,8.41,0.156,0.0,0.0,0.0
,1322,2025-10-02,03:00:00,84.0,8.33,32.0,8.39,0.156,0.0,0.0,0.0
,1323,2025-10-02,04:00:00,88.0,8.29,36.0,8.37,0.17,0.0,0.0,0.0
,1324,2025-10-02,05:00:00,91.0,8.31,38.0,8.34,0.17,0.0,0.0,0.0
,1325,2025-10-02,06:00:00,89.0,8.32,35.0,8.36,0.17,0.0,0.0,0.0
,1326,2025-10-03,06:30:00,68.0,8.26,37.0,8.48,0.185,0.0,0.0,0.0
,1327,2025-10-03,07:00:00,61.0,8.23,40.0,8.39,0.185,0.0,0.0,0.0
,1328,2025-10-03,08:00:00,57.0,8.21,41.0,8.01,0.185,0.0,0.0,0.0
,1329,2025-10-03,09:00:00,64.0,8.16,47.0,8.36,0.199,0.0,0.0,0.0
,1330,2025-10-03,10:00:00,60.0,8.25,51.0,8.3,0.215,0.0,0.0,0.0
,1331,2025-10-03,11:00:00,57.0,8.18,44.0,8.29,0.231,0.0,0.0,0.0
,1332,2025-10-03,12:00:00,53.0,8.13,33.0,8.32,0.2417,0.0,0.0,0.0
,1333,2025-10-03,13:00:00,60.0,8.1,37.0,8.38,0.298,0.0,0.0,0.0
,1334,2025-10-03,14:00:00,66.0,8.07,42.0,8.28,0.354,0.0,0.0,0.0
,1335,2025-10-03,15:00:00,59.0,8.16,44.0,8.36,0.413,0.0,0.0,0.0
,1336,2025-10-03,16:00:00,55.0,8.11,40.0,8.3,0.433,0.0,0.0,0.0
,1337,2025-10-03,17:00:00,49.0,8.09,43.0,8.47,0.433,0.0,0.0,0.0
,1338,2025-10-03,18:00:00,55.0,8.06,38.0,8.58,0.433,0.0,0.0,0.0
,1339,2025-10-03,19:00:00,69.0,8.38,32.0,8.12,0.433,0.0,0.0,0.0
,1340,2025-10-03,20:00:00,72.0,8.32,37.0,8.22,0.433,0.0,0.0,0.0
,1341,2025-10-03,21:00:00,76.0,8.27,35.0,8.19,0.433,0.0,0.0,0.0
,1342,2025-10-03,22:00:00,82.0,8.26,31.0,8.27,0.433,0.0,0.0,0.0
,1343,2025-10-03,23:00:00,88.0,8.24,36.0,8.24,0.433,0.0,0.0,0.0
,1344,2025-10-03,00:00:00,98.0,8.21,40.0,8.31,0.433,0.0,0.0,0.0
,1345,2025-10-03,01:00:00,103.0,8.17,43.0,8.35,0.433,0.0,0.0,0.0
,1346,2025-10-03,02:00:00,105.0,8.19,41.0,8.33,0.433,0.0,0.0,0.0
,1347,2025-10-03,03:00:00,108.0,8.15,46.0,8.36,0.433,0.0,0.0,0.0
,1348,2025-10-03,04:00:00,107.0,8.11,42.0,8.34,0.433,0.0,0.0,0.0
,1349,2025-10-03,05:00:00,111.0,8.08,44.0,8.39,0.433,0.0,0.0,0.0
,1350,2025-10-03,06:00:00,115.0,8.1,47.0,8.32,0.433,0.0,0.0,0.0
,1351,2025-10-04,06:30:00,156.0,8.25,50.0,8.41,1.257,0.0,0.0,0.0
,1352,2025-10-04,07:00:00,150.0,8.21,53.0,8.37,1.257,0.0,0.0,0.0
,1353,2025-10-04,08:00:00,147.0,8.19,55.0,8.02,1.257,0.0,0.0,0.0
,1354,2025-10-04,09:00:00,158.0,8.13,59.0,8.33,1.289,0.0,0.0,0.0
,1355,2025-10-04,10:00:00,166.0,8.07,67.0,8.37,1.289,0.0,0.0,0.0
,1356,2025-10-04,11:00:00,165.0,8.13,53.0,8.42,1.289,0.0,0.0,0.0
,1357,2025-10-04,12:00:00,169.0,8.24,46.0,8.38,1.289,0.0,0.0,0.0
,1358,2025-10-04,13:00:00,173.0,8.16,49.0,8.42,1.322,0.0,0.0,0.0
,1359,2025-10-04,14:00:00,179.0,8.12,54.0,8.45,1.322,0.0,0.0,0.0
,1360,2025-10-04,15:00:00,171.0,8.02,59.0,8.37,1.322,0.0,0.0,0.0
,1361,2025-10-04,16:00:00,168.0,8.07,63.0,8.3,1.355,0.0,0.0,0.0
,1362,2025-10-04,17:00:00,176.0,8.13,59.0,8.26,1.355,0.0,0.0,0.0
,1363,2025-10-04,18:00:00,181.0,8.07,54.0,8.28,1.355,0.0,0.0,0.0
,1364,2025-10-04,19:00:00,188.0,8.05,48.0,8.25,1.322,0.0,0.0,0.0
,1365,2025-10-04,20:00:00,197.0,8.1,50.0,8.28,1.322,0.0,0.0,0.0
,1366,2025-10-04,21:00:00,202.0,8.17,54.0,8.23,1.289,0.0,0.0,0.0
,1367,2025-10-04,22:00:00,210.0,8.2,49.0,8.26,1.287,0.0,0.0,0.0
,1368,2025-10-04,23:00:00,219.0,8.18,51.0,8.23,2.57,0.0,0.0,0.0
,1369,2025-10-04,00:00:00,225.0,8.27,52.0,8.25,1.225,0.0,0.0,0.0
,1370,2025-10-04,01:00:00,216.0,8.2,48.0,8.21,1.225,0.0,0.0,0.0
,1371,2025-10-04,02:00:00,202.0,8.16,43.0,8.18,1.225,0.0,0.0,0.0
,1372,2025-10-04,03:00:00,210.0,8.1,47.0,8.23,1.225,0.0,0.0,0.0
,1373,2025-10-04,04:00:00,193.0,8.02,42.0,8.2,1.257,0.0,0.0,0.0
,1374,2025-10-04,05:00:00,197.0,7.99,46.0,8.21,1.257,0.0,0.0,0.0
,1375,2025-10-04,06:00:00,194.0,8.05,49.0,8.16,1.225,0.0,0.0,0.0
,1376,2025-10-05,06:30:00,,,,,,,,
,1377,2025-10-05,07:00:00,,,,,,,,
,1378,2025-10-05,08:00:00,,,,,,,,
,1379,2025-10-05,09:00:00,,,,,,,,
,1380,2025-10-05,10:00:00,,,,,,,,
,1381,2025-10-05,11:00:00,,,,,,,,
,1382,2025-10-05,12:00:00,,,,,,,,
,1383,2025-10-05,13:00:00,,,,,,,,
,1384,2025-10-05,14:00:00,,,,,,,,
,1385,2025-10-05,15:00:00,,,,,,,,
,1386,2025-10-05,16:00:00,,,,,,,,
,1387,2025-10-05,17:00:00,,,,,,,,
,1388,2025-10-05,18:00:00,,,,,,,,
,1389,2025-10-05,19:00:00,,,,,,,,
,1390,2025-10-05,20:00:00,,,,,,,,
,1391,2025-10-05,21:00:00,,,,,,,,
,1392,2025-10-05,22:00:00,,,,,,,,
,1393,2025-10-05,23:00:00,,,,,,,,
,1394,2025-10-05,00:00:00,,,,,,,,
,1395,2025-10-05,01:00:00,,,,,,,,
,1396,2025-10-05,02:00:00,,,,,,,,
,1397,2025-10-05,03:00:00,,,,,,,,
,1398,2025-10-05,04:00:00,,,,,,,,
,1399,2025-10-05,05:00:00,,,,,,,,
,1400,2025-10-05,06:00:00,,,,,,,,
,1401,2025-10-06,06:30:00,207.0,8.16,55.0,8.25,1.193,0.0,0.0,0.0
,1402,2025-10-06,07:00:00,204.0,8.14,61.0,8.23,1.162,0.0,0.0,0.0
,1403,2025-10-06,08:00:00,211.0,8.17,60.0,8.16,1.131,0.0,0.0,0.0
,1404,2025-10-06,09:00:00,208.0,8.18,72.0,8.21,1.131,0.0,0.0,0.0
,1405,2025-10-06,10:00:00,214.0,8.23,68.0,8.19,1.1,0.0,0.0,0.0
,1406,2025-10-06,11:00:00,206.0,8.18,61.0,8.17,1.1,0.0,0.0,0.0
,1407,2025-10-06,12:00:00,196.0,7.93,53.0,8.17,1.1,0.0,0.0,0.0
,1408,2025-10-06,13:00:00,199.0,8.02,58.0,8.2,1.07,0.0,0.0,0.0
,1409,2025-10-06,14:00:00,194.0,8.08,66.0,8.22,1.07,0.0,0.0,0.0
,1410,2025-10-06,15:00:00,198.0,8.1,54.0,8.27,1.04,0.0,0.0,0.0
,1411,2025-10-06,16:00:00,194.0,7.96,56.0,8.23,1.04,0.0,0.0,0.0
,1412,2025-10-06,17:00:00,183.0,7.73,52.0,8.19,1.04,0.0,0.0,0.0
,1413,2025-10-06,18:00:00,186.0,7.82,50.0,8.17,1.011,0.0,0.0,0.0
,1414,2025-10-06,19:00:00,147.0,8.05,37.0,8.39,0.953,0.0,0.0,0.0
,1415,2025-10-06,20:00:00,153.0,8.02,40.0,8.33,0.953,0.0,0.0,0.0
,1416,2025-10-06,21:00:00,159.0,8.07,48.0,8.19,0.953,0.0,0.0,0.0
,1417,2025-10-06,22:00:00,148.0,8.03,53.0,8.27,0.924,0.0,0.0,0.0
,1418,2025-10-06,23:00:00,152.0,8.1,47.0,8.3,0.924,0.0,0.0,0.0
,1419,2025-10-06,00:00:00,159.0,8.15,39.0,8.27,0.924,0.0,0.0,0.0
,1420,2025-10-06,01:00:00,143.0,8.05,51.0,8.23,0.924,0.0,0.0,0.0
,1421,2025-10-06,02:00:00,149.0,8.12,47.0,8.3,0.924,0.0,0.0,0.0
,1422,2025-10-06,03:00:00,153.0,8.09,43.0,8.24,0.924,0.0,0.0,0.0
,1423,2025-10-06,04:00:00,145.0,8.04,38.0,8.29,0.924,0.0,0.0,0.0
,1424,2025-10-06,05:00:00,156.0,8.1,50.0,8.31,0.814,0.0,0.0,0.0
,1425,2025-10-06,06:00:00,167.0,8.14,64.0,8.25,0.814,0.0,0.0,0.0
,1426,2025-10-07,06:30:00,159.0,8.18,54.0,8.27,0.814,0.0,0.0,0.0
,1427,2025-10-07,07:00:00,162.0,8.16,57.0,8.25,0.814,0.0,0.0,0.0
,1428,2025-10-07,08:00:00,160.0,8.13,60.0,8.04,0.814,0.0,0.0,0.0
,1429,2025-10-07,09:00:00,158.0,8.15,64.0,8.1,0.814,0.0,0.0,0.0
,1430,2025-10-07,10:00:00,148.0,8.11,71.0,8.18,0.71,0.0,0.0,0.0
,1431,2025-10-07,11:00:00,156.0,8.08,59.0,8.21,0.66,0.0,0.0,0.0
,1432,2025-10-07,12:00:00,152.0,8.14,76.0,8.23,0.66,0.0,0.0,0.0
,1433,2025-10-07,13:00:00,138.0,8.23,104.0,8.19,0.66,0.0,0.0,0.0
,1434,2025-10-07,14:00:00,123.0,8.25,108.0,8.22,0.612,0.0,0.0,0.0
,1435,2025-10-07,15:00:00,118.0,8.28,106.0,8.25,0.588,0.0,0.0,0.0
,1436,2025-10-07,16:00:00,113.0,8.33,103.0,8.24,0.588,0.0,0.0,0.0
,1437,2025-10-07,17:00:00,107.0,8.38,105.0,8.26,0.565,0.0,0.0,0.0
,1438,2025-10-07,18:00:00,105.0,8.35,102.0,8.29,0.565,0.0,0.0,0.0
,1439,2025-10-07,19:00:00,96.0,7.99,98.0,8.25,0.565,0.0,0.0,0.0
,1440,2025-10-07,20:00:00,99.0,8.04,96.0,8.27,0.565,0.0,0.0,0.0
,1441,2025-10-07,21:00:00,103.0,8.1,101.0,8.24,0.565,0.0,0.0,0.0
,1442,2025-10-07,22:00:00,96.0,8,94.0,8.18,0.565,0.0,0.0,0.0
,1443,2025-10-07,23:00:00,113.0,8.07,101.0,8.26,0.565,0.0,0.0,0.0
,1444,2025-10-07,00:00:00,122.0,8.15,107.0,8.22,0.565,0.0,0.0,0.0
,1445,2025-10-07,01:00:00,117.0,8.11,103.0,8.28,0.542,0.0,0.0,0.0
,1446,2025-10-07,02:00:00,120.0,8.14,100.0,8.3,0.542,0.0,0.0,0.0
,1447,2025-10-07,03:00:00,124.0,8.17,97.0,8.27,0.542,0.0,0.0,0.0
,1448,2025-10-07,04:00:00,121.0,8.13,102.0,8.21,0.542,0.0,0.0,0.0
,1449,2025-10-07,05:00:00,123.0,8.15,103.0,8.17,0.542,0.0,0.0,0.0
,1450,2025-10-07,06:00:00,119.0,8.17,106.0,8.25,0.542,0.0,0.0,0.0
,1451,2025-10-08,06:30:00,151.0,8.189,103.0,8.1,0.519,0.0,0.0,0.0
,1452,2025-10-08,07:00:00,148.0,8.22,101.0,8.15,0.519,0.0,0.0,0.0
,1453,2025-10-08,08:00:00,139.0,8.18,106.0,8.3,0.519,0.0,0.0,0.0
,1454,2025-10-08,09:00:00,121.0,8.09,109.0,8.17,0.497,0.0,0.0,0.0
,1455,2025-10-08,10:00:00,130.0,8.11,111.0,8.21,0.497,0.0,0.0,0.0
,1456,2025-10-08,11:00:00,128.0,8.08,118.0,8.23,0.475,0.0,0.0,0.0
,1457,2025-10-08,12:00:00,125.0,8.13,126.0,8.18,0.475,0.0,0.0,0.0
,1458,2025-10-08,13:00:00,122.0,8.14,127.0,8.16,0.475,0.0,0.0,0.0
,1459,2025-10-08,14:00:00,119.0,8.11,120.0,8.19,0.475,0.0,0.0,0.0
,1460,2025-10-08,15:00:00,123.0,8.18,118.0,8.21,0.454,0.0,0.0,0.0
,1461,2025-10-08,16:00:00,226.0,8.09,115.0,8.24,0.86,0.0,0.0,0.0
,1462,2025-10-08,17:00:00,291.0,8.09,117.0,8.22,1.388,0.0,0.0,0.0
,1463,2025-10-08,18:00:00,288.0,8.12,123.0,8.19,2.166,0.0,0.0,0.0
,1464,2025-10-08,19:00:00,233.0,8.32,104.0,8.42,2.331,0.0,0.0,0.0
,1465,2025-10-08,20:00:00,239.0,8.27,108.0,8.4,2.373,0.0,0.0,0.0
,1466,2025-10-08,21:00:00,547.0,8.19,117.0,8.37,2.373,0.0,0.0,4.097017371353655
,1467,2025-10-08,22:00:00,783.0,8.14,129.0,8.32,2.415,0.0,0.0,4.025764895330113
,1468,2025-10-08,23:00:00,960.0,8.09,136.0,8.24,2.415,0.0,0.0,4.025764895330113
,1469,2025-10-08,00:00:00,1154.0,8.07,132.0,8.28,2.415,0.0,0.0,4.6008741660915575
,1470,2025-10-08,01:00:00,1132.0,8.03,140.0,8.25,2.373,0.0,0.0,4.682305567261319
,1471,2025-10-08,02:00:00,1110.0,8.05,153.0,8.21,2.289,0.0,0.0,4.854133294500267
,1472,2025-10-08,03:00:00,1104.0,8.02,160.0,8.19,2.248,0.0,0.0,3.7069988137603795
,1473,2025-10-08,04:00:00,1121.0,8,176.0,8.17,2.207,0.0,0.0,3.775864673010119
,1474,2025-10-08,05:00:00,1096.0,7.97,188.0,8.12,2.126,0.0,0.0,3.9197240514267797
,1475,2025-10-08,06:00:00,1088.0,7.95,203.0,8.1,2.046,0.0,0.0,4.072987943955686
,1476,2025-10-09,06:30:00,918.0,8.05,374.0,7.84,1.929,0.0,0.0,0.0
,1477,2025-10-09,07:00:00,912.0,8.01,381.0,7.88,1.929,43.20027648176948,0.0,2.880018432117965
,1478,2025-10-09,08:00:00,916.0,7.98,368.0,7.81,1.89,44.091710758377424,0.0,2.9394473838918285
,1479,2025-10-09,09:00:00,927.0,8.02,352.0,7.86,1.852,0.0,0.0,2.999760019198464
,1480,2025-10-09,10:00:00,816.0,7.91,286.0,7.76,1.852,0.0,0.0,2.999760019198464
,1481,2025-10-09,11:00:00,635.0,7.84,164.0,7.82,1.852,0.0,0.0,2.999760019198464
,1482,2025-10-09,12:00:00,477.0,7.7,177.0,7.46,1.84,0.0,0.0,2.2644927536231885
,1483,2025-10-09,13:00:00,458.0,7.64,170.0,7.52,1.777,0.0,0.0,1.563183892953167
,1484,2025-10-09,14:00:00,446.0,7.66,164.0,7.56,1.74,0.0,0.0,1.5964240102171134
,1485,2025-10-09,15:00:00,432.0,7.69,150.0,7.53,1.703,0.0,0.0,1.6311085013375088
,1486,2025-10-09,16:00:00,435.0,7.67,133.0,7.59,1.703,0.0,0.0,1.6311085013375088
,1487,2025-10-09,17:00:00,428.0,7.63,129.0,7.57,1.703,0.0,0.0,1.6311085013375088
,1488,2025-10-09,18:00:00,431.0,7.68,131.0,7.68,1.703,0.0,0.0,1.6311085013375088
,1489,2025-10-09,19:00:00,468.0,8.04,128.0,7.73,1.703,0.0,0.0,1.304886801070007
,1490,2025-10-09,20:00:00,480.0,8.02,107.0,7.67,1.667,0.0,0.0,1.3330667199893353
,1491,2025-10-09,21:00:00,479.0,8.08,89.0,7.64,1.667,0.0,0.0,1.3330667199893353
,1492,2025-10-09,22:00:00,483.0,8.05,91.0,7.6,1.631,0.0,0.0,1.3624906328768989
,1493,2025-10-09,23:00:00,448.0,8.08,86.0,7.58,1.595,0.0,0.0,1.3932427725531176
,1494,2025-10-09,00:00:00,465.0,8.01,79.0,7.62,1.595,0.0,0.0,1.3932427725531176
,1495,2025-10-09,01:00:00,463.0,7.98,65.0,7.65,1.595,0.0,0.0,1.3932427725531176
,1496,2025-10-09,02:00:00,436.0,7.99,70.0,7.75,1.595,0.0,0.0,1.3932427725531176
,1497,2025-10-09,03:00:00,428.0,8.04,78.0,7.72,1.56,0.0,0.0,1.4245014245014243
,1498,2025-10-09,04:00:00,424.0,8.02,88.0,7.69,1.56,0.0,0.0,1.4245014245014243
,1499,2025-10-09,05:00:00,419.0,8.09,94.0,7.67,1.56,0.0,0.0,1.4245014245014243
,1500,2025-10-09,06:00:00,410.0,8.11,87.0,7.71,1.56,0.0,0.0,1.4245014245014243
,1501,2025-10-10,06:30:00,380.0,7.75,93.0,7.89,1.49,0.0,0.0,0.0
,1502,2025-10-10,07:00:00,382.0,7.78,90.0,7.81,1.49,0.0,0.0,1.4914243102162565
,1503,2025-10-10,08:00:00,374.0,7.72,95.0,7.4,1.49,0.0,0.0,1.4914243102162565
,1504,2025-10-10,09:00:00,334.0,7.7,97.0,7.86,1.456,0.0,0.0,0.5723443223443224
,1505,2025-10-10,10:00:00,324.0,7.69,94.0,7.84,1.422,0.0,0.0,0.5860290670417253
,1506,2025-10-10,11:00:00,309.0,7.73,98.0,7.88,1.388,0.0,0.0,0.6003842459173871
,1507,2025-10-10,12:00:00,298.0,7.61,102.0,7.92,1.322,0.0,0.0,0.6303580433686333
,1508,2025-10-10,13:00:00,292.0,7.66,99.0,7.84,1.289,0.0,0.0,0.6464959917248514
,1509,2025-10-10,14:00:00,284.0,7.72,104.0,7.8,1.289,0.0,0.0,0.6464959917248514
,1510,2025-10-10,15:00:00,280.0,7.68,100.0,7.73,1.257,0.0,0.0,0.6629541235746487
,1511,2025-10-10,16:00:00,278.0,7.72,93.0,7.75,1.257,0.0,0.0,0.6629541235746487
,1512,2025-10-10,17:00:00,241.0,7.78,97.0,7.69,1.225,0.0,0.0,0.0
,1513,2025-10-10,18:00:00,247.0,7.8,99.0,7.72,1.225,0.0,0.0,0.0
,1514,2025-10-10,19:00:00,231.0,7.94,98.0,7.97,1.193,0.0,0.0,0.0
,1515,2025-10-10,20:00:00,244.0,7.89,102.0,7.86,1.131,0.0,0.0,0.0
,1516,2025-10-10,21:00:00,238.0,7.99,88.0,7.89,1.07,0.0,0.0,0.0
,1517,2025-10-10,22:00:00,241.0,7.92,90.0,7.94,1.04,0.0,0.0,0.0
,1518,2025-10-10,23:00:00,233.0,7.8,84.0,7.87,1.011,0.0,0.0,0.0
,1519,2025-10-10,00:00:00,240.0,7.97,93.0,7.84,0.982,0.0,0.0,0.0
,1520,2025-10-10,01:00:00,246.0,7.93,99.0,7.87,0.924,0.0,0.0,0.0
,1521,2025-10-10,02:00:00,239.0,7.96,104.0,7.9,0.924,0.0,0.0,0.0
,1522,2025-10-10,03:00:00,236.0,7.98,110.0,7.94,0.896,0.0,0.0,0.0
,1523,2025-10-10,04:00:00,230.0,7.95,115.0,7.98,0.896,0.0,0.0,0.0
,1524,2025-10-10,05:00:00,228.0,7.93,118.0,7.96,0.869,0.0,0.0,0.0
,1525,2025-10-10,06:00:00,225.0,7.91,116.0,7.95,0.869,0.0,0.0,0.0
,1526,2025-10-11,06:30:00,210.0,7.89,108.0,7.97,0.814,0.0,0.0,0.0
,1527,2025-10-11,07:00:00,208.0,7.82,102.0,7.9,0.814,0.0,0.0,0.0
,1528,2025-10-11,08:00:00,212.0,7.77,100.0,7.64,0.814,0.0,0.0,0.0
,1529,2025-10-11,09:00:00,207.0,7.81,104.0,7.81,0.814,0.0,0.0,0.0
,1530,2025-10-11,10:00:00,202.0,7.84,101.0,7.87,0.788,0.0,0.0,0.0
,1531,2025-10-11,11:00:00,201.0,7.8,103.0,7.68,0.788,0.0,0.0,0.0
,1532,2025-10-11,12:00:00,199.0,7.75,107.0,7.41,0.788,0.0,0.0,0.0
,1533,2025-10-11,13:00:00,197.0,7.78,102.0,7.5,0.788,0.0,0.0,0.0
,1534,2025-10-11,14:00:00,192.0,7.74,98.0,7.48,0.685,0.0,0.0,0.0
,1535,2025-10-11,15:00:00,186.0,7.7,100.0,7.45,0.612,0.0,0.0,0.0
,1536,2025-10-11,16:00:00,184.0,7.76,96.0,7.43,0.542,0.0,0.0,0.0
,1537,2025-10-11,17:00:00,181.0,7.72,94.0,7.47,0.542,0.0,0.0,0.0
,1538,2025-10-11,18:00:00,178.0,7.77,97.0,7.61,0.519,0.0,0.0,0.0
,1539,2025-10-11,19:00:00,180.0,8,88.0,7.99,0.497,0.0,0.0,0.0
,1540,2025-10-11,20:00:00,178.0,8.01,77.0,7.87,0.497,0.0,0.0,0.0
,1541,2025-10-11,21:00:00,186.0,8.11,90.0,7.8,0.475,0.0,0.0,0.0
,1542,2025-10-11,22:00:00,180.0,8.04,89.0,7.76,0.75,0.0,0.0,0.0
,1543,2025-10-11,23:00:00,191.0,8.06,86.0,7.77,0.454,0.0,0.0,0.0
,1544,2025-10-11,00:00:00,181.0,8.03,81.0,8.14,0.454,0.0,0.0,0.0
,1545,2025-10-11,01:00:00,175.0,8.02,78.0,8.2,0.454,0.0,0.0,0.0
,1546,2025-10-11,02:00:00,177.0,8,80.0,8.16,0.454,0.0,0.0,0.0
,1547,2025-10-11,03:00:00,179.0,7.98,85.0,8.14,0.454,0.0,0.0,0.0
,1548,2025-10-11,04:00:00,181.0,7.95,83.0,8.07,0.433,0.0,0.0,0.0
,1549,2025-10-11,05:00:00,184.0,7.96,81.0,8.02,0.433,0.0,0.0,0.0
,1550,2025-10-11,06:00:00,188.0,7.98,84.0,8.04,0.433,0.0,0.0,0.0
,1551,2025-10-12,06:30:00,183.0,7.94,88.0,8.0,0.433,0.0,0.0,0.0
,1552,2025-10-12,07:00:00,180.0,7.97,85.0,8.04,0.433,0.0,0.0,0.0
,1553,2025-10-12,08:00:00,176.0,7.9,87.0,7.91,0.433,0.0,0.0,0.0
,1554,2025-10-12,09:00:00,179.0,7.86,82.0,7.97,0.433,0.0,0.0,0.0
,1555,2025-10-12,10:00:00,175.0,7.83,86.0,7.99,0.413,0.0,0.0,0.0
,1556,2025-10-12,11:00:00,170.0,7.89,81.0,7.88,0.413,0.0,0.0,0.0
,1557,2025-10-12,12:00:00,161.0,8.05,65.0,8.16,0.413,0.0,0.0,0.0
,1558,2025-10-12,13:00:00,167.0,8.02,77.0,8.11,0.413,0.0,0.0,0.0
,1559,2025-10-12,14:00:00,164.0,8.11,69.0,8.17,0.413,0.0,0.0,0.0
,1560,2025-10-12,15:00:00,170.0,8.04,65.0,8.12,0.413,0.0,0.0,0.0
,1561,2025-10-12,16:00:00,173.0,8.01,70.0,8.1,0.393,0.0,0.0,0.0
,1562,2025-10-12,17:00:00,168.0,8.09,72.0,8.06,0.393,0.0,0.0,0.0
,1563,2025-10-12,18:00:00,156.0,8.1,74.0,8.03,0.373,0.0,0.0,0.0
,1564,2025-10-12,19:00:00,168.0,8.05,74.0,8.02,0.354,0.0,0.0,0.0
,1565,2025-10-12,20:00:00,170.0,8.08,70.0,8.0,0.354,0.0,0.0,0.0
,1566,2025-10-12,21:00:00,164.0,8.03,73.0,7.97,0.354,0.0,0.0,0.0
,1567,2025-10-12,22:00:00,160.0,8.056,76.0,8.01,0.354,0.0,0.0,0.0
,1568,2025-10-12,23:00:00,158.0,8.08,72.0,7.999,0.354,0.0,0.0,0.0
,1569,2025-10-12,00:00:00,156.0,8.08,77.0,8.03,0.354,0.0,0.0,0.0
,1570,2025-10-12,01:00:00,151.0,8.02,71.0,8.0,0.354,0.0,0.0,0.0
,1571,2025-10-12,02:00:00,155.0,8.05,74.0,8.0,0.354,0.0,0.0,0.0
,1572,2025-10-12,03:00:00,159.0,8.03,70.0,7.97,0.354,0.0,0.0,0.0
,1573,2025-10-12,04:00:00,157.0,8.07,76.0,8.02,0.335,0.0,0.0,0.0
,1574,2025-10-12,05:00:00,153.0,8.01,72.0,7.98,0.335,0.0,0.0,0.0
,1575,2025-10-12,06:00:00,151.0,8.06,75.0,8.01,0.335,0.0,0.0,0.0
,1576,2025-10-13,06:30:00,165.0,8.04,68.0,8.13,0.281,0.0,0.0,0.0
,1577,2025-10-13,07:00:00,161.0,8.07,70.0,8.19,0.281,0.0,0.0,0.0
,1578,2025-10-13,08:00:00,149.0,8.01,78.0,8.16,0.281,0.0,0.0,0.0
,1579,2025-10-13,09:00:00,157.0,8.04,72.0,8.42,0.281,0.0,0.0,0.0
,1580,2025-10-13,10:00:00,147.0,8.02,70.0,8.26,0.281,0.0,0.0,0.0
,1581,2025-10-13,11:00:00,156.0,8.05,65.0,8.2,0.281,0.0,0.0,0.0
,1582,2025-10-13,12:00:00,141.0,8.45,57.0,8.25,0.281,0.0,0.0,0.0
,1583,2025-10-13,13:00:00,146.0,8.39,54.0,8.29,0.281,0.0,0.0,0.0
,1584,2025-10-13,14:00:00,151.0,8.26,59.0,8.33,0.281,0.0,0.0,0.0
,1585,2025-10-13,15:00:00,148.0,8.21,63.0,8.36,0.264,0.0,0.0,0.0
,1586,2025-10-13,16:00:00,150.0,8.24,65.0,8.4,0.264,0.0,0.0,0.0
,1587,2025-10-13,17:00:00,148.0,8.19,69.0,8.37,0.264,0.0,0.0,0.0
,1588,2025-10-13,18:00:00,147.0,8.1,73.0,8.26,0.264,0.0,0.0,0.0
,1589,2025-10-13,19:00:00,155.0,8.03,69.0,8.22,0.264,0.0,0.0,0.0
,1590,2025-10-13,20:00:00,150.0,8.08,71.0,8.2,0.264,0.0,0.0,0.0
,1591,2025-10-13,21:00:00,148.0,8.12,67.0,8.17,0.264,0.0,0.0,0.0
,1592,2025-10-13,22:00:00,145.0,8.18,74.0,8.12,0.264,0.0,0.0,0.0
,1593,2025-10-13,23:00:00,149.0,8.12,70.0,8.09,0.25,0.0,0.0,0.0
,1594,2025-10-13,00:00:00,151.0,8.11,71.0,8.0,0.25,0.0,0.0,0.0
,1595,2025-10-13,01:00:00,143.0,8.15,74.0,8.05,0.25,0.0,0.0,0.0
,1596,2025-10-13,02:00:00,146.0,8.12,76.0,8.03,0.25,0.0,0.0,0.0
,1597,2025-10-13,03:00:00,148.0,8.16,73.0,8.01,0.25,0.0,0.0,0.0
,1598,2025-10-13,04:00:00,140.0,8.2,70.0,8.04,0.25,0.0,0.0,0.0
,1599,2025-10-13,05:00:00,144.0,8.14,74.0,8.07,0.25,0.0,0.0,0.0
,1600,2025-10-13,06:00:00,145.0,8.17,72.0,8.05,0.25,0.0,0.0,0.0
,1601,2025-10-14,06:30:00,167.0,8.09,72.0,8.21,0.231,0.0,0.0,0.0
,1602,2025-10-14,07:00:00,163.0,8.11,69.0,8.24,0.231,0.0,0.0,0.0
,1603,2025-10-14,08:00:00,158.0,8.17,69.0,8.3,0.231,0.0,0.0,0.0
,1604,2025-10-14,09:00:00,155.0,8.22,63.0,8.37,0.231,0.0,0.0,0.0
,1605,2025-10-14,10:00:00,151.0,8.26,68.0,8.3,0.231,0.0,0.0,0.0
,1606,2025-10-14,11:00:00,139.0,8.3,63.0,8.22,0.231,0.0,0.0,0.0
,1607,2025-10-14,12:00:00,124.0,8.34,55.0,8.16,0.231,0.0,0.0,0.0
,1608,2025-10-14,13:00:00,121.0,8.29,51.0,8.19,0.231,0.0,0.0,0.0
,1609,2025-10-14,14:00:00,117.0,8.22,58.0,8.1,0.231,0.0,0.0,0.0
,1610,2025-10-14,15:00:00,125.0,8.19,61.0,8.09,0.231,0.0,0.0,0.0
,1611,2025-10-14,16:00:00,128.0,8.16,63.0,8.18,0.199,0.0,0.0,0.0
,1612,2025-10-14,17:00:00,124.0,8.31,59.0,8.27,0.199,0.0,0.0,0.0
,1613,2025-10-14,18:00:00,121.0,8.43,52.0,8.36,0.17,0.0,0.0,0.0
,1614,2025-10-14,19:00:00,123.0,8.25,53.0,8.39,0.17,0.0,0.0,0.0
,1615,2025-10-14,20:00:00,125.0,8.21,50.0,8.34,0.17,0.0,0.0,0.0
,1616,2025-10-14,21:00:00,127.0,8.26,47.0,8.31,0.17,0.0,0.0,0.0
,1617,2025-10-14,22:00:00,121.0,8.24,52.0,8.33,0.17,0.0,0.0,0.0
,1618,2025-10-14,23:00:00,126.0,8.22,49.0,8.29,0.17,0.0,0.0,0.0
,1619,2025-10-14,00:00:00,124.0,8.29,51.0,8.25,0.17,0.0,0.0,0.0
,1620,2025-10-14,01:00:00,122.0,8.24,47.0,8.27,0.17,0.0,0.0,0.0
,1621,2025-10-14,02:00:00,128.0,8.27,46.0,8.24,0.17,0.0,0.0,0.0
,1622,2025-10-14,03:00:00,120.0,8.3,41.0,8.28,0.17,0.0,0.0,0.0
,1623,2025-10-14,04:00:00,117.0,8.35,46.0,8.23,0.17,0.0,0.0,0.0
,1624,2025-10-14,05:00:00,114.0,8.32,45.0,8.26,0.17,0.0,0.0,0.0
,1625,2025-10-14,06:00:00,116.0,8.34,42.0,8.25,0.17,0.0,0.0,0.0
,1626,2025-10-15,06:30:00,130.0,8.07,47.0,8.23,0.156,0.0,0.0,0.0
,1627,2025-10-15,07:00:00,128.0,8.04,56.0,8.27,0.156,0.0,0.0,0.0
,1628,2025-10-15,08:00:00,136.0,8.1,48.0,8.19,0.156,0.0,0.0,0.0
,1629,2025-10-15,09:00:00,129.0,8.06,57.0,8.03,0.156,0.0,0.0,0.0
,1630,2025-10-15,10:00:00,119.0,8.01,62.0,8.18,0.156,0.0,0.0,0.0
,1631,2025-10-15,11:00:00,117.0,8.03,48.0,8.21,0.156,0.0,0.0,0.0
,1632,2025-10-15,12:00:00,106.0,8.4,49.0,8.35,0.156,0.0,0.0,0.0
,1633,2025-10-15,13:00:00,111.0,8.44,52.0,8.3,0.156,0.0,0.0,0.0
,1634,2025-10-15,14:00:00,108.0,8.41,47.0,8.28,0.156,0.0,0.0,0.0
,1635,2025-10-15,15:00:00,104.0,8.38,38.0,8.24,0.156,0.0,0.0,0.0
,1636,2025-10-15,16:00:00,101.0,8.34,33.0,8.22,0.156,0.0,0.0,0.0
,1637,2025-10-15,17:00:00,95.0,8.36,28.0,8.26,0.156,0.0,0.0,0.0
,1638,2025-10-15,18:00:00,105.0,8.32,36.0,8.31,0.156,0.0,0.0,0.0
,1639,2025-10-15,19:00:00,106.0,8.32,39.0,8.02,0.156,0.0,0.0,0.0
,1640,2025-10-15,20:00:00,104.0,8.37,36.0,8.13,0.156,0.0,0.0,0.0
,1641,2025-10-15,21:00:00,107.0,8.33,40.0,8.19,0.156,0.0,0.0,0.0
,1642,2025-10-15,22:00:00,110.0,8.26,38.0,8.15,0.156,0.0,0.0,0.0
,1643,2025-10-15,23:00:00,103.0,8.19,36.0,8.07,0.156,0.0,0.0,0.0
,1644,2025-10-15,00:00:00,97.0,8.54,42.0,8.45,0.156,0.0,0.0,0.0
,1645,2025-10-15,01:00:00,95.0,8.41,31.0,8.52,0.156,0.0,0.0,0.0
,1646,2025-10-15,02:00:00,106.0,8.36,40.0,8.46,0.156,0.0,0.0,0.0
,1647,2025-10-15,03:00:00,100.0,8.24,33.0,8.37,0.156,0.0,0.0,0.0
,1648,2025-10-15,04:00:00,102.0,8.27,37.0,8.24,0.156,0.0,0.0,0.0
,1649,2025-10-15,05:00:00,104.0,8.38,35.0,8.32,0.156,0.0,0.0,0.0
,1650,2025-10-15,06:00:00,98.0,8.4,31.0,8.3,0.156,0.0,0.0,0.0
,1651,2025-10-16,06:30:00,110.0,8.21,48.0,8.35,0.156,0.0,0.0,0.0
,1652,2025-10-16,07:00:00,108.0,8.34,44.0,8.28,0.156,0.0,0.0,0.0
,1653,2025-10-16,08:00:00,101.0,8.27,51.0,8.24,0.156,0.0,0.0,0.0
,1654,2025-10-16,09:00:00,98.0,8.38,46.0,7.83,0.156,0.0,0.0,0.0
,1655,2025-10-16,10:00:00,104.0,8.41,38.0,8.33,0.156,0.0,0.0,0.0
,1656,2025-10-16,11:00:00,102.0,8.3,54.0,8.41,0.156,0.0,0.0,0.0
,1657,2025-10-16,12:00:00,111.0,8.24,68.0,8.37,0.156,0.0,0.0,0.0
,1658,2025-10-16,13:00:00,107.0,8.21,71.0,8.34,0.156,0.0,0.0,0.0
,1659,2025-10-16,14:00:00,102.0,8.28,66.0,8.32,0.156,0.0,0.0,0.0
,1660,2025-10-16,15:00:00,96.0,8.37,62.0,8.3,0.156,0.0,0.0,0.0
,1661,2025-10-16,16:00:00,94.0,8.41,58.0,8.27,0.156,0.0,0.0,0.0
,1662,2025-10-16,17:00:00,87.0,8.59,54.0,8.25,0.156,0.0,0.0,0.0
,1663,2025-10-16,18:00:00,93.0,8.54,56.0,8.28,0.156,0.0,0.0,0.0
,1664,2025-10-16,19:00:00,98.0,8.32,61.0,8.16,0.156,0.0,0.0,0.0
,1665,2025-10-16,20:00:00,94.0,8.39,58.0,8.23,0.156,0.0,0.0,0.0
,1666,2025-10-16,21:00:00,88.0,8.42,60.0,8.27,0.156,0.0,0.0,0.0
,1667,2025-10-16,22:00:00,93.0,8.34,57.0,8.31,0.156,0.0,0.0,0.0
,1668,2025-10-16,23:00:00,97.0,8.38,54.0,8.25,0.156,0.0,0.0,0.0
,1669,2025-10-16,00:00:00,102.0,8.41,52.0,8.35,0.156,0.0,0.0,0.0
,1670,2025-10-16,01:00:00,98.0,8.44,55.0,8.37,0.156,0.0,0.0,0.0
,1671,2025-10-16,02:00:00,101.0,8.48,47.0,8.35,0.156,0.0,0.0,0.0
,1672,2025-10-16,03:00:00,95.0,8.46,52.0,8.29,0.156,0.0,0.0,0.0
,1673,2025-10-16,04:00:00,97.0,8.39,40.0,8.31,0.156,0.0,0.0,0.0
,1674,2025-10-16,05:00:00,99.0,8.42,46.0,8.34,0.156,0.0,0.0,0.0
,1675,2025-10-16,06:00:00,91.0,8.44,42.0,8.3,0.156,0.0,0.0,0.0
,1676,2025-10-17,06:30:00,97.0,8.36,47.0,8.22,0.156,0.0,0.0,0.0
,1677,2025-10-17,07:00:00,89.0,8.41,49.0,8.19,0.156,0.0,0.0,0.0
,1678,2025-10-17,08:00:00,94.0,8.38,58.0,7.67,0.156,0.0,0.0,0.0
,1679,2025-10-17,09:00:00,90.0,8.33,43.0,8.17,0.156,0.0,0.0,0.0
,1680,2025-10-17,10:00:00,86.0,8.4,55.0,8.27,0.156,0.0,0.0,0.0
,1681,2025-10-17,11:00:00,89.0,8.34,57.0,8.32,0.156,0.0,0.0,0.0
,1682,2025-10-17,12:00:00,80.0,8.43,61.0,8.3,0.156,0.0,0.0,0.0
,1683,2025-10-17,13:00:00,85.0,8.43,65.0,8.31,0.156,0.0,0.0,0.0
,1684,2025-10-17,14:00:00,91.0,8.47,68.0,8.33,0.156,0.0,0.0,0.0
,1685,2025-10-17,15:00:00,86.0,8.37,66.0,8.3,0.156,0.0,0.0,0.0
,1686,2025-10-17,16:00:00,80.0,8.4,64.0,8.27,0.156,0.0,0.0,0.0
,1687,2025-10-17,17:00:00,71.0,8.36,62.0,8.22,0.156,0.0,0.0,0.0
,1688,2025-10-17,18:00:00,74.0,8.38,66.0,8.25,0.156,0.0,0.0,0.0
,1689,2025-10-17,19:00:00,75.0,8.41,56.0,8.43,0.156,0.0,0.0,0.0
,1690,2025-10-17,20:00:00,70.0,8.35,51.0,8.36,0.156,0.0,0.0,0.0
,1691,2025-10-17,21:00:00,77.0,8.29,54.0,8.39,0.156,0.0,0.0,0.0
,1692,2025-10-17,22:00:00,79.0,8.22,57.0,8.37,0.156,0.0,0.0,0.0
,1693,2025-10-17,23:00:00,86.0,8.28,53.0,8.42,0.156,0.0,0.0,0.0
,1694,2025-10-17,00:00:00,89.0,8.35,55.0,8.4,0.156,0.0,0.0,0.0
,1695,2025-10-17,01:00:00,92.0,8.45,32.0,8.36,0.156,0.0,0.0,0.0
,1696,2025-10-17,02:00:00,96.0,8.38,41.0,8.33,0.156,0.0,0.0,0.0
,1697,2025-10-17,03:00:00,93.0,8.47,36.0,8.42,0.156,0.0,0.0,0.0
,1698,2025-10-17,04:00:00,95.0,8.4,57.0,8.32,0.156,0.0,0.0,0.0
,1699,2025-10-17,05:00:00,97.0,8.43,40.0,8.31,0.156,0.0,0.0,0.0
,1700,2025-10-17,06:00:00,90.0,8.36,52.0,8.36,0.156,0.0,0.0,0.0
,1701,2025-10-18,06:30:00,88.0,7.83,49.0,8.11,0.185,0.0,0.0,0.0
,1702,2025-10-18,07:00:00,85.0,7.9,46.0,8.17,0.185,0.0,0.0,0.0
,1703,2025-10-18,08:00:00,87.0,7.92,50.0,8.28,0.185,0.0,0.0,0.0
,1704,2025-10-18,09:00:00,82.0,7.88,52.0,8.2,0.185,0.0,0.0,0.0
,1705,2025-10-18,10:00:00,85.0,7.9,47.0,8.25,0.185,0.0,0.0,0.0
,1706,2025-10-18,11:00:00,76.0,7.93,45.0,8.22,0.17,0.0,0.0,0.0
,1707,2025-10-18,12:00:00,70.0,7.99,50.0,8.13,0.17,0.0,0.0,0.0
,1708,2025-10-18,13:00:00,68.0,7.97,52.0,8.18,0.17,0.0,0.0,0.0
,1709,2025-10-18,14:00:00,62.0,7.96,48.0,8.2,0.17,0.0,0.0,0.0
,1710,2025-10-18,15:00:00,67.0,8.02,50.0,8.15,0.17,0.0,0.0,0.0
,1711,2025-10-18,16:00:00,71.0,8.07,49.0,8.19,0.17,0.0,0.0,0.0
,1712,2025-10-18,17:00:00,65.0,8.12,47.0,8.16,0.17,0.0,0.0,0.0
,1713,2025-10-18,18:00:00,69.0,8.17,52.0,8.18,0.17,0.0,0.0,0.0
,1714,2025-10-18,19:00:00,74.0,8.44,39.0,8.3,0.17,0.0,0.0,0.0
,1715,2025-10-18,20:00:00,86.0,8.3,41.0,8.28,0.17,0.0,0.0,0.0
,1716,2025-10-18,21:00:00,70.0,8.38,50.0,8.2,0.17,0.0,0.0,0.0
,1717,2025-10-18,22:00:00,73.0,8.44,57.0,8.3,0.17,0.0,0.0,0.0
,1718,2025-10-18,23:00:00,75.0,8.47,40.0,8.29,0.17,0.0,0.0,0.0
,1719,2025-10-18,00:00:00,77.0,8.52,42.0,8.39,0.17,0.0,0.0,0.0
,1720,2025-10-18,01:00:00,81.0,8.5,51.0,8.33,0.17,0.0,0.0,0.0
,1721,2025-10-18,02:00:00,84.0,8.53,53.0,8.31,0.185,0.0,0.0,0.0
,1722,2025-10-18,03:00:00,86.0,8.47,50.0,8.34,0.185,0.0,0.0,0.0
,1723,2025-10-18,04:00:00,83.0,8.35,48.0,8.36,0.185,0.0,0.0,0.0
,1724,2025-10-18,05:00:00,80.0,8.2,45.0,8.38,0.185,0.0,0.0,0.0
,1725,2025-10-18,06:00:00,82.0,8.26,43.0,8.4,0.185,0.0,0.0,0.0
,1726,2025-10-19,06:30:00,76.0,8.15,41.0,8.41,0.17,0.0,0.0,0.0
,1727,2025-10-19,07:00:00,72.0,8.18,47.0,8.38,0.17,0.0,0.0,0.0
,1728,2025-10-19,08:00:00,75.0,8.13,42.0,8.35,0.17,0.0,0.0,0.0
,1729,2025-10-19,09:00:00,69.0,8.2,45.0,8.37,0.17,0.0,0.0,0.0
,1730,2025-10-19,10:00:00,62.0,8.26,47.0,8.39,0.17,0.0,0.0,0.0
,1731,2025-10-19,11:00:00,60.0,8.28,43.0,8.33,0.17,0.0,0.0,0.0
,1732,2025-10-19,12:00:00,57.0,8.2,42.0,8.34,0.17,0.0,0.0,0.0
,1733,2025-10-19,13:00:00,54.0,8.26,45.0,8.3,0.17,0.0,0.0,0.0
,1734,2025-10-19,14:00:00,52.0,8.22,41.0,8.31,0.17,0.0,0.0,0.0
,1735,2025-10-19,15:00:00,50.0,8.28,46.0,8.29,0.17,0.0,0.0,0.0
,1736,2025-10-19,16:00:00,58.0,8.3,43.0,8.27,0.17,0.0,0.0,0.0
,1737,2025-10-19,17:00:00,56.0,8.34,40.0,8.23,0.17,0.0,0.0,0.0
,1738,2025-10-19,18:00:00,59.0,8.3,44.0,8.25,0.17,0.0,0.0,0.0
,1739,2025-10-19,19:00:00,65.0,8.49,55.0,8.23,0.185,0.0,0.0,0.0
,1740,2025-10-19,20:00:00,71.0,8.51,61.0,8.28,0.185,0.0,0.0,0.0
,1741,2025-10-19,21:00:00,68.0,8.44,48.0,8.32,0.185,0.0,0.0,0.0
,1742,2025-10-19,22:00:00,59.0,8.38,39.0,8.27,0.199,0.0,0.0,0.0
,1743,2025-10-19,23:00:00,62.0,8.55,37.0,8.21,0.199,0.0,0.0,0.0
,1744,2025-10-19,00:00:00,60.0,8.49,44.0,8.23,0.199,0.0,0.0,0.0
,1745,2025-10-19,01:00:00,57.0,8.52,41.0,8.25,0.199,0.0,0.0,0.0
,1746,2025-10-19,02:00:00,59.0,8.5,43.0,8.27,0.199,0.0,0.0,0.0
,1747,2025-10-19,03:00:00,65.0,8.44,40.0,8.24,0.199,0.0,0.0,0.0
,1748,2025-10-19,04:00:00,72.0,8.39,39.0,8.26,0.199,0.0,0.0,0.0
,1749,2025-10-19,05:00:00,76.0,8.34,37.0,8.3,0.199,0.0,0.0,0.0
,1750,2025-10-19,06:00:00,74.0,8.4,35.0,8.33,0.199,0.0,0.0,0.0
,1751,2025-10-20,06:30:00,68.0,8.04,36.0,8.36,0.199,0.0,0.0,0.0
,1752,2025-10-20,07:00:00,70.0,8.1,39.0,8.32,0.199,0.0,0.0,0.0
,1753,2025-10-20,08:00:00,66.0,8.13,37.0,8.44,0.199,0.0,0.0,0.0
,1754,2025-10-20,09:00:00,72.0,8.19,35.0,8.38,0.199,0.0,0.0,0.0
,1755,2025-10-20,10:00:00,69.0,8.2,39.0,8.32,0.199,0.0,0.0,0.0
,1756,2025-10-20,11:00:00,65.0,8.18,42.0,8.38,0.199,0.0,0.0,0.0
,1757,2025-10-20,12:00:00,58.0,8.34,32.0,8.51,0.199,0.0,0.0,0.0
,1758,2025-10-20,13:00:00,62.0,8.3,36.0,8.42,0.199,0.0,0.0,0.0
,1759,2025-10-20,14:00:00,60.0,8.27,34.0,8.46,0.199,0.0,0.0,0.0
,1760,2025-10-20,15:00:00,63.0,8.29,35.0,8.43,0.199,0.0,0.0,0.0
,1761,2025-10-20,16:00:00,60.0,8.25,39.0,8.38,0.199,0.0,0.0,0.0
,1762,2025-10-20,17:00:00,52.0,8.22,33.0,8.3,0.199,0.0,0.0,0.0
,1763,2025-10-20,18:00:00,62.0,8.23,33.0,8.39,0.199,0.0,0.0,0.0
,1764,2025-10-20,19:00:00,67.0,8.27,37.0,8.38,0.185,0.0,0.0,0.0
,1765,2025-10-20,20:00:00,64.0,8.3,40.0,8.41,0.185,0.0,0.0,0.0
,1766,2025-10-20,21:00:00,66.0,8.34,44.0,8.44,0.185,0.0,0.0,0.0
,1767,2025-10-20,22:00:00,69.0,8.33,42.0,8.47,0.185,0.0,0.0,0.0
,1768,2025-10-20,23:00:00,73.0,8.3,40.0,8.45,0.185,0.0,0.0,0.0
,1769,2025-10-20,00:00:00,70.0,8.28,38.0,8.42,0.185,0.0,0.0,0.0
,1770,2025-10-20,01:00:00,68.0,8.25,39.0,8.4,0.185,0.0,0.0,0.0
,1771,2025-10-20,02:00:00,66.0,8.29,41.0,8.43,0.185,0.0,0.0,0.0
,1772,2025-10-20,03:00:00,71.0,8.33,44.0,8.45,0.185,0.0,0.0,0.0
,1773,2025-10-20,04:00:00,67.0,8.31,42.0,8.41,0.185,0.0,0.0,0.0
,1774,2025-10-20,05:00:00,64.0,8.28,39.0,8.39,0.185,0.0,0.0,0.0
,1775,2025-10-20,06:00:00,62.0,8.3,35.0,8.38,0.185,0.0,0.0,0.0
,1776,2025-10-21,06:30:00,67.0,8.32,30.0,8.49,0.17,0.0,0.0,0.0
,1777,2025-10-21,07:00:00,63.0,8.26,27.0,8.43,0.17,0.0,0.0,0.0
,1778,2025-10-21,08:00:00,60.0,8.33,32.0,8.34,0.17,0.0,0.0,0.0
,1779,2025-10-21,09:00:00,56.0,8.29,35.0,8.39,0.17,0.0,0.0,0.0
,1780,2025-10-21,10:00:00,59.0,8.34,29.0,8.41,0.17,0.0,0.0,0.0
,1781,2025-10-21,11:00:00,55.0,8.28,27.0,8.5,0.17,0.0,0.0,0.0
,1782,2025-10-21,12:00:00,63.0,8.24,25.0,8.61,0.17,0.0,0.0,0.0
,1783,2025-10-21,13:00:00,70.0,8.27,29.0,8.53,0.17,0.0,0.0,0.0
,1784,2025-10-21,14:00:00,66.0,8.2,37.0,8.5,0.17,0.0,0.0,0.0
,1785,2025-10-21,15:00:00,61.0,8.15,33.0,8.5,0.17,0.0,0.0,0.0
,1786,2025-10-21,16:00:00,57.0,8.22,38.0,8.4,0.17,0.0,0.0,0.0
,1787,2025-10-21,17:00:00,53.0,8.4,36.0,8.48,0.17,0.0,0.0,0.0
,1788,2025-10-21,18:00:00,47.0,8.57,31.0,8.5,0.17,0.0,0.0,0.0
,1789,2025-10-21,19:00:00,40.0,8.33,28.0,8.53,0.17,0.0,0.0,0.0
,1790,2025-10-21,20:00:00,36.0,8.39,33.0,8.56,0.17,0.0,0.0,0.0
,1791,2025-10-21,21:00:00,42.0,8.42,29.0,8.52,0.17,0.0,0.0,0.0
,1792,2025-10-21,22:00:00,39.0,8.45,31.0,8.5,0.17,0.0,0.0,0.0
,1793,2025-10-21,23:00:00,41.0,8.43,35.0,8.54,0.17,0.0,0.0,0.0
,1794,2025-10-21,00:00:00,38.0,8.4,32.0,8.51,0.17,0.0,0.0,0.0
,1795,2025-10-21,01:00:00,40.0,8.37,28.0,8.57,0.17,0.0,0.0,0.0
,1796,2025-10-21,02:00:00,36.0,8.42,33.0,8.49,0.17,0.0,0.0,0.0
,1797,2025-10-21,03:00:00,39.0,8.4,30.0,8.52,0.17,0.0,0.0,0.0
,1798,2025-10-21,04:00:00,36.0,8.38,28.0,8.5,0.17,0.0,0.0,0.0
,1799,2025-10-21,05:00:00,37.0,8.41,31.0,8.56,0.17,0.0,0.0,0.0
,1800,2025-10-21,06:00:00,40.0,8.4,34.0,8.54,0.17,0.0,0.0,0.0
,1801,2025-10-22,06:30:00,41.0,8.33,24.0,8.66,0.17,0.0,0.0,0.0
,1802,2025-10-22,07:00:00,45.0,8.3,30.0,8.6,0.17,0.0,0.0,0.0
,1803,2025-10-22,08:00:00,42.0,8.25,27.0,8.36,0.17,0.0,0.0,0.0
,1804,2025-10-22,09:00:00,50.0,8.34,32.0,8.57,0.17,0.0,0.0,0.0
,1805,2025-10-22,10:00:00,53.0,8.28,26.0,8.5,0.17,0.0,0.0,0.0
,1806,2025-10-22,11:00:00,58.0,8.39,32.0,8.58,0.17,0.0,0.0,0.0
,1807,2025-10-22,12:00:00,49.0,8.29,38.0,8.47,0.17,0.0,0.0,0.0
,1808,2025-10-22,13:00:00,118.0,8.3,48.0,8.45,0.247,0.0,0.0,0.0
,1809,2025-10-22,14:00:00,126.0,8.37,53.0,8.39,0.281,0.0,0.0,0.0
,1810,2025-10-22,15:00:00,139.0,8.28,50.0,8.43,0.316,0.0,0.0,0.0
,1811,2025-10-22,16:00:00,131.0,8.2,46.0,8.4,0.335,0.0,0.0,0.0
,1812,2025-10-22,17:00:00,109.0,8.18,51.0,8.38,0.354,0.0,0.0,0.0
,1813,2025-10-22,18:00:00,76.0,8.16,53.0,8.45,0.373,0.0,0.0,0.0
,1814,2025-10-22,19:00:00,99.0,7.93,42.0,8.3,0.433,0.0,0.0,0.0
,1815,2025-10-22,20:00:00,102.0,7.97,47.0,8.27,0.433,0.0,0.0,0.0
,1816,2025-10-22,21:00:00,97.0,8.01,50.0,8.35,0.433,0.0,0.0,0.0
,1817,2025-10-22,22:00:00,92.0,8.08,46.0,8.32,0.433,0.0,0.0,0.0
,1818,2025-10-22,23:00:00,86.0,8.03,48.0,8.3,0.433,0.0,0.0,0.0
,1819,2025-10-22,00:00:00,77.0,8.05,44.0,8.28,0.433,0.0,0.0,0.0
,1820,2025-10-22,01:00:00,83.0,8.02,42.0,8.33,0.497,0.0,0.0,0.0
,1821,2025-10-22,02:00:00,84.0,8.09,48.0,8.31,0.565,0.0,0.0,0.0
,1822,2025-10-22,03:00:00,86.0,8.06,46.0,8.3,0.636,0.0,0.0,0.0
,1823,2025-10-22,04:00:00,81.0,8.1,44.0,8.32,0.71,0.0,0.0,0.0
,1824,2025-10-22,05:00:00,82.0,8.07,41.0,8.35,0.788,0.0,0.0,0.0
,1825,2025-10-22,06:00:00,85.0,8.05,47.0,8.35,0.788,0.0,0.0,0.0
,1826,2025-10-23,06:30:00,73.0,8.26,35.0,8.45,0.788,0.0,0.0,0.0
,1827,2025-10-23,07:00:00,77.0,8.3,39.0,8.4,0.788,0.0,0.0,0.0
,1828,2025-10-23,08:00:00,69.0,8.34,33.0,8.38,0.788,0.0,0.0,0.0
,1829,2025-10-23,09:00:00,76.0,8.28,39.0,8.41,0.814,0.0,0.0,0.0
,1830,2025-10-23,10:00:00,80.0,8.22,42.0,8.47,0.814,0.0,0.0,0.0
,1831,2025-10-23,11:00:00,74.0,8.27,34.0,8.45,0.814,0.0,0.0,0.0
,1832,2025-10-23,12:00:00,65.0,8.33,30.0,8.42,0.814,0.0,0.0,0.0
,1833,2025-10-23,13:00:00,68.0,8.31,37.0,8.39,0.814,0.0,0.0,0.0
,1834,2025-10-23,14:00:00,72.0,8.38,40.0,8.44,0.814,0.0,0.0,0.0
,1835,2025-10-23,15:00:00,79.0,8.36,33.0,8.51,0.814,0.0,0.0,0.0
,1836,2025-10-23,16:00:00,75.0,8.4,36.0,8.53,0.814,0.0,0.0,0.0
,1837,2025-10-23,17:00:00,71.0,8.36,32.0,8.6,0.814,0.0,0.0,0.0
,1838,2025-10-23,18:00:00,68.0,8.29,31.0,8.68,0.814,0.0,0.0,0.0
,1839,2025-10-23,19:00:00,105.0,8.16,34.0,8.67,0.788,0.0,0.0,0.0
,1840,2025-10-23,20:00:00,109.0,8.12,38.0,8.62,0.841,0.0,0.0,0.0
,1841,2025-10-23,21:00:00,112.0,8.1,42.0,8.57,0.869,0.0,0.0,0.0
,1842,2025-10-23,22:00:00,113.0,8.06,46.0,8.52,0.896,0.0,0.0,0.0
,1843,2025-10-23,23:00:00,116.0,8.08,49.0,8.46,0.924,0.0,0.0,0.0
,1844,2025-10-23,00:00:00,126.0,7.87,51.0,8.38,0.924,0.0,0.0,0.0
,1845,2025-10-23,01:00:00,129.0,7.92,53.0,8.36,0.924,0.0,0.0,0.0
,1846,2025-10-23,02:00:00,132.0,7.89,46.0,8.33,0.924,0.0,0.0,0.0
,1847,2025-10-23,03:00:00,135.0,7.91,48.0,8.35,0.924,0.0,0.0,0.0
,1848,2025-10-23,04:00:00,133.0,7.94,51.0,8.39,0.896,0.0,0.0,0.0
,1849,2025-10-23,05:00:00,138.0,7.92,49.0,8.37,0.896,0.0,0.0,0.0
,1850,2025-10-23,06:00:00,145.0,7.89,54.0,8.42,0.896,0.0,0.0,0.0
,1851,2025-10-24,06:30:00,147.0,8.06,47.0,8.34,0.896,0.0,0.0,0.0
,1852,2025-10-24,07:00:00,150.0,8.11,48.0,8.38,0.896,0.0,0.0,0.0
,1853,2025-10-24,08:00:00,153.0,8.08,45.0,8.4,0.924,0.0,0.0,0.0
,1854,2025-10-24,09:00:00,144.0,8.04,56.0,8.41,0.953,0.0,0.0,0.0
,1855,2025-10-24,10:00:00,138.0,8.07,61.0,8.39,0.953,0.0,0.0,0.0
,1856,2025-10-24,11:00:00,129.0,8.13,64.0,8.43,0.953,0.0,0.0,0.0
,1857,2025-10-24,12:00:00,122.0,8.18,52.0,8.56,0.953,0.0,0.0,0.0
,1858,2025-10-24,13:00:00,130.0,8.2,48.0,8.48,0.953,0.0,0.0,0.0
,1859,2025-10-24,14:00:00,137.0,8.12,39.0,8.4,0.953,0.0,0.0,0.0
,1860,2025-10-24,15:00:00,134.0,8.1,44.0,8.35,0.953,0.0,0.0,0.0
,1861,2025-10-24,16:00:00,131.0,8.07,47.0,8.3,0.953,0.0,0.0,0.0
,1862,2025-10-24,17:00:00,128.0,8.03,50.0,8.27,0.953,0.0,0.0,0.0
,1863,2025-10-24,18:00:00,117.0,8.2,48.0,8.45,0.953,0.0,0.0,0.0
,1864,2025-10-24,19:00:00,106.0,8.31,39.0,8.45,0.953,0.0,0.0,0.0
,1865,2025-10-24,20:00:00,110.0,8.28,41.0,8.42,0.953,0.0,0.0,0.0
,1866,2025-10-24,21:00:00,112.0,8.33,37.0,8.4,0.953,0.0,0.0,0.0
,1867,2025-10-24,22:00:00,109.0,8.27,44.0,8.38,0.953,0.0,0.0,0.0
,1868,2025-10-24,23:00:00,124.0,8.18,36.0,8.43,0.953,0.0,0.0,0.0
,1869,2025-10-24,00:00:00,137.0,8.12,29.0,8.46,0.924,0.0,0.0,0.0
,1870,2025-10-24,01:00:00,130.0,8.21,37.0,8.639,0.924,0.0,0.0,0.0
,1871,2025-10-24,02:00:00,138.0,8.33,38.0,8.45,0.924,0.0,0.0,0.0
,1872,2025-10-24,03:00:00,136.0,8.36,33.0,8.47,0.924,0.0,0.0,0.0
,1873,2025-10-24,04:00:00,141.0,8.47,35.0,8.56,0.896,0.0,0.0,0.0
,1874,2025-10-24,05:00:00,134.0,8.38,37.0,8.42,0.896,0.0,0.0,0.0
,1875,2025-10-24,06:00:00,138.0,8.27,33.0,8.51,0.869,0.0,0.0,0.0
,1876,2025-10-25,06:30:00,149.0,8.2,44.0,8.22,0.896,0.0,0.0,0.0
,1877,2025-10-25,07:00:00,137.0,8.19,40.0,8.17,0.839,0.0,0.0,0.0
,1878,2025-10-25,08:00:00,141.0,8.23,72.0,8.3,0.869,0.0,0.0,0.0
,1879,2025-10-25,09:00:00,130.0,8.11,68.0,8.27,0.869,0.0,0.0,0.0
,1880,2025-10-25,10:00:00,128.0,8.08,59.0,8.24,0.841,0.0,0.0,0.0
,1881,2025-10-25,11:00:00,121.0,8.04,48.0,8.3,0.841,0.0,0.0,0.0
,1882,2025-10-25,12:00:00,119.0,7.89,57.0,8.31,0.841,0.0,0.0,0.0
,1883,2025-10-25,13:00:00,123.0,7.74,53.0,8.28,0.814,0.0,0.0,0.0
,1884,2025-10-25,14:00:00,121.0,8.54,47.0,8.24,0.814,0.0,0.0,0.0
,1885,2025-10-25,15:00:00,127.0,8.31,56.0,8.36,0.788,0.0,0.0,0.0
,1886,2025-10-25,16:00:00,118.0,8.34,68.0,8.48,0.788,0.0,0.0,0.0
,1887,2025-10-25,17:00:00,101.0,8.39,76.0,8.57,0.788,0.0,0.0,0.0
,1888,2025-10-25,18:00:00,103.0,8.32,70.0,8.4,0.788,0.0,0.0,0.0
,1889,2025-10-25,19:00:00,122.0,8.29,68.0,8.5,0.788,0.0,0.0,0.0
,1890,2025-10-25,20:00:00,120.0,8.31,66.0,8.53,0.788,0.0,0.0,0.0
,1891,2025-10-25,21:00:00,117.0,8.35,62.0,8.51,0.788,0.0,0.0,0.0
,1892,2025-10-25,22:00:00,119.0,8.28,71.0,8.55,0.788,0.0,0.0,0.0
,1893,2025-10-25,23:00:00,131.0,8.37,65.0,8.49,0.861,0.0,0.0,0.0
,1894,2025-10-25,00:00:00,140.0,8.32,62.0,8.52,0.861,0.0,0.0,0.0
,1895,2025-10-25,01:00:00,152.0,8.3,64.0,8.47,0.861,0.0,0.0,0.0
,1896,2025-10-25,02:00:00,147.0,8.22,59.0,8.49,0.861,0.0,0.0,0.0
,1897,2025-10-25,03:00:00,145.0,8.31,53.0,8.37,0.788,0.0,0.0,0.0
,1898,2025-10-25,04:00:00,143.0,8.27,62.0,8.47,0.788,0.0,0.0,0.0
,1899,2025-10-25,05:00:00,141.0,8.24,68.0,8.3,0.788,0.0,0.0,0.0
,1900,2025-10-25,06:00:00,136.0,8.39,71.0,8.54,0.788,0.0,0.0,0.0
,1901,2025-10-26,06:30:00,120.0,7.99,101.0,8.49,0.924,0.0,0.0,0.0
,1902,2025-10-26,07:00:00,119.0,8.04,94.0,8.4,0.953,0.0,0.0,0.0
,1903,2025-10-26,08:00:00,121.0,8.07,77.0,8.33,0.982,0.0,0.0,0.0
,1904,2025-10-26,09:00:00,118.0,8.01,69.0,8.19,1.04,0.0,0.0,0.0
,1905,2025-10-26,10:00:00,111.0,7.98,74.0,8.21,1.07,0.0,0.0,0.0
,1906,2025-10-26,11:00:00,114.0,7.91,71.0,8.24,1.131,0.0,0.0,0.0
,1907,2025-10-26,12:00:00,110.0,7.86,68.0,8.23,1.225,0.0,0.0,0.0
,1908,2025-10-26,13:00:00,108.0,8.04,70.0,8.27,1.257,0.0,0.0,0.0
,1909,2025-10-26,14:00:00,104.0,8.03,76.0,8.31,1.289,0.0,0.0,0.0
,1910,2025-10-26,15:00:00,100.0,8.06,66.0,8.34,1.322,0.0,0.0,0.0
,1911,2025-10-26,16:00:00,99.0,8.14,74.0,8.3,1.355,0.0,0.0,0.0
,1912,2025-10-26,17:00:00,97.0,8.11,69.0,8.38,1.355,0.0,0.0,0.0
,1913,2025-10-26,18:00:00,95.0,8.16,70.0,8.36,1.355,0.0,0.0,0.0
,1914,2025-10-26,19:00:00,159.0,8.17,72.0,8.28,1.322,0.0,0.0,0.0
,1915,2025-10-26,20:00:00,160.0,8.12,75.0,8.21,1.322,0.0,0.0,0.0
,1916,2025-10-26,21:00:00,162.0,8.09,68.0,8.24,1.322,0.0,0.0,0.0
,1917,2025-10-26,22:00:00,169.0,8.13,65.0,8.29,1.289,0.0,0.0,0.0
,1918,2025-10-26,23:00:00,177.0,8.17,72.0,8.32,1.289,0.0,0.0,0.0
,1919,2025-10-26,00:00:00,184.0,8.2,78.0,8.39,1.257,0.0,0.0,0.0
,1920,2025-10-26,01:00:00,187.0,8.25,70.0,8.35,1.257,0.0,0.0,0.0
,1921,2025-10-26,02:00:00,191.0,8.36,76.0,8.4,1.257,0.0,0.0,0.0
,1922,2025-10-26,03:00:00,198.0,8.28,71.0,8.38,1.257,0.0,0.0,0.0
,1923,2025-10-26,04:00:00,195.0,8.31,73.0,8.42,1.257,0.0,0.0,0.0
,1924,2025-10-26,05:00:00,226.0,8.24,77.0,8.35,1.257,0.0,0.0,1.1049235392910812
,1925,2025-10-26,06:00:00,253.0,8.12,79.0,8.38,1.257,0.0,0.0,1.1049235392910812
,1926,2025-10-27,06:30:00,259.0,7.98,84.0,8.25,1.225,0.0,0.0,0.0
,1927,2025-10-27,07:00:00,261.0,7.95,80.0,8.23,1.225,0.0,0.0,1.1337868480725624
,1928,2025-10-27,08:00:00,265.0,7.91,82.0,8.27,1.225,0.0,0.0,1.1337868480725624
,1929,2025-10-27,09:00:00,260.0,7.97,86.0,8.21,1.225,0.0,0.0,1.1337868480725624
,1930,2025-10-27,10:00:00,223.0,7.92,90.0,8.25,1.162,0.0,0.0,0.0
,1931,2025-10-27,11:00:00,187.0,7.9,96.0,8.24,1.162,0.0,0.0,0.0
,1932,2025-10-27,12:00:00,164.0,7.93,93.0,8.25,1.162,0.0,0.0,0.0
,1933,2025-10-27,13:00:00,160.0,7.95,90.0,8.22,1.131,0.0,0.0,0.0
,1934,2025-10-27,14:00:00,156.0,7.96,91.0,8.21,1.1,0.0,0.0,0.0
,1935,2025-10-27,15:00:00,152.0,7.93,97.0,8.16,1.1,0.0,0.0,0.0
,1936,2025-10-27,16:00:00,150.0,7.98,102.0,8.1,1.07,0.0,0.0,0.0
,1937,2025-10-27,17:00:00,147.0,7.94,105.0,8.03,1.07,0.0,0.0,0.0
,1938,2025-10-27,18:00:00,142.0,7.91,110.0,8.07,1.07,0.0,0.0,0.0
,1939,2025-10-27,19:00:00,181.0,8.09,118.0,8.29,1.04,0.0,0.0,0.0
,1940,2025-10-27,20:00:00,176.0,8.05,115.0,8.31,1.011,0.0,0.0,0.0
,1941,2025-10-27,21:00:00,189.0,8.02,116.0,8.24,0.953,0.0,0.0,0.0
,1942,2025-10-27,22:00:00,212.0,8.04,122.0,8.19,0.924,0.0,0.0,0.0
,1943,2025-10-27,23:00:00,218.0,8.14,126.0,8.27,0.924,0.0,0.0,0.0
,1944,2025-10-27,00:00:00,220.0,8.18,128.0,8.3,0.924,0.0,0.0,0.0
,1945,2025-10-27,01:00:00,224.0,8.2,130.0,8.33,0.924,0.0,0.0,0.0
,1946,2025-10-27,02:00:00,226.0,8.21,127.0,8.31,0.896,0.0,0.0,0.0
,1947,2025-10-27,03:00:00,224.0,8.19,125.0,8.28,0.896,0.0,0.0,0.0
,1948,2025-10-27,04:00:00,221.0,8.15,124.0,8.26,0.869,0.0,0.0,0.0
,1949,2025-10-27,05:00:00,219.0,8.11,121.0,8.2,0.814,0.0,0.0,0.0
,1950,2025-10-27,06:00:00,220.0,8.13,131.0,8.19,0.761,0.0,0.0,0.0
,1951,2025-10-28,06:30:00,215.0,8,99.0,8.19,0.761,0.0,0.0,0.0
,1952,2025-10-28,07:00:00,209.0,8.02,97.0,8.23,0.761,0.0,0.0,0.0
,1953,2025-10-28,08:00:00,192.0,8.03,92.0,8.16,0.761,0.0,0.0,0.0
,1954,2025-10-28,09:00:00,200.0,8.05,95.0,7.9,0.761,0.0,0.0,0.0
,1955,2025-10-28,10:00:00,192.0,8.07,92.0,8.1,0.735,0.0,0.0,0.0
,1956,2025-10-28,11:00:00,195.0,8.04,97.0,8.06,0.71,0.0,0.0,0.0
,1957,2025-10-28,12:00:00,188.0,8.09,96.0,8.03,0.685,0.0,0.0,0.0
,1958,2025-10-28,13:00:00,182.0,8.02,102.0,8.04,0.685,0.0,0.0,0.0
,1959,2025-10-28,14:00:00,211.0,8,110.0,8.1,0.735,0.0,0.0,0.0
,1960,2025-10-28,15:00:00,183.0,7.93,119.0,8.08,0.814,0.0,0.0,0.0
,1961,2025-10-28,16:00:00,165.0,7.86,126.0,8.07,0.924,0.0,0.0,0.0
,1962,2025-10-28,17:00:00,148.0,7.79,137.0,8.12,1.011,0.0,0.0,0.0
,1963,2025-10-28,18:00:00,152.0,7.82,140.0,8.15,1.07,0.0,0.0,0.0
,1964,2025-10-28,19:00:00,125.0,7.63,117.0,8.09,1.07,0.0,0.0,0.0
,1965,2025-10-28,20:00:00,140.0,7.7,126.0,8.05,1.131,0.0,0.0,0.0
,1966,2025-10-28,21:00:00,161.0,7.78,131.0,8.03,1.162,0.0,0.0,0.0
,1967,2025-10-28,22:00:00,168.0,7.81,141.0,8.14,1.162,0.0,0.0,0.0
,1968,2025-10-28,23:00:00,171.0,7.9,138.0,8.1,1.193,0.0,0.0,0.0
,1969,2025-10-28,00:00:00,180.0,7.95,135.0,8.23,1.355,0.0,0.0,0.0
,1970,2025-10-28,01:00:00,1500.0,8.07,97.0,8.14,8.8999,0.0,0.0,3.745360434761439
,1971,2025-10-28,02:00:00,2241.0,8.08,140.0,8.03,7.698,32.475967783839955,8.660258075690654,0.0
,1972,2025-10-28,03:00:00,2860.0,8.04,195.0,7.88,5.863,42.64028654272556,11.370743078060151,0.0
,1973,2025-10-28,04:00:00,3426.0,7.41,233.0,7.61,4.83,51.75983436853002,13.802622498274673,0.0
,1974,2025-10-28,05:00:00,3355.0,7.66,256.0,7.56,4.32,57.87037037037037,15.432098765432096,0.0
,1975,2025-10-28,06:00:00,3348.0,7.62,290.0,7.58,3.942,63.41958396752917,16.91188905800778,0.0
,1976,2025-10-29,06:30:00,3733.0,7.6,523.0,7.75,3.733,0.0,0.0,0.0
,1977,2025-10-29,07:00:00,3733.0,7.56,546.0,7.72,3.733,111.617108670417,0.0,0.0
,1978,2025-10-29,08:00:00,3479.0,7.62,528.0,7.62,3.479,119.7662163456932,0.0,0.0
,1979,2025-10-29,09:00:00,3331.0,7.68,517.0,7.5,3.331,125.08756129290504,0.0,0.0
,1980,2025-10-29,10:00:00,3137.0,7.54,536.0,7.4,3.137,132.82329189246624,0.0,0.0
,1981,2025-10-29,11:00:00,2995.0,7.42,294.0,6.45,2.995,139.1207568169171,0.0,0.0
,1982,2025-10-29,12:00:00,2903.0,7.31,273.0,6.85,2.903,143.52968193822483,57.41187277528993,0.0
,1983,2025-10-29,13:00:00,2811.0,7.28,209.0,6.65,2.811,0.0,59.29088106249259,5.929088106249259
,1984,2025-10-29,14:00:00,2676.0,7.32,129.0,6.72,2.676,0.0,62.28201295465869,6.228201295465869
,1985,2025-10-29,15:00:00,2588.0,7.24,129.0,6.65,2.588,0.0,64.39979392065945,6.439979392065944
,1986,2025-10-29,16:00:00,2588.0,7.39,83.0,6.52,2.588,0.0,64.39979392065945,5.366649493388288
,1987,2025-10-29,17:00:00,2588.0,7.58,61.0,6.43,2.588,0.0,64.39979392065945,5.366649493388288
,1988,2025-10-29,18:00:00,2588.0,7.5,53.0,6.4,2.588,0.0,57.959814528593505,5.366649493388288
,1989,2025-10-29,19:00:00,2544.0,7.5,96.0,6.89,2.544,0.0,2.7297344514325643,4.367575122292103
,1990,2025-10-29,20:00:00,2458.0,7.7,93.0,6.85,2.458,0.0,2.825241840701564,4.520386945122502
,1991,2025-10-29,21:00:00,2373.0,7.73,90.0,6.67,2.373,0.0,2.926440979538324,4.682305567261319
,1992,2025-10-29,22:00:00,2373.0,7.79,52.0,6.7,2.373,0.0,2.926440979538324,4.097017371353655
,1993,2025-10-29,23:00:00,2373.0,7.81,55.0,6.73,2.373,0.0,2.926440979538324,4.097017371353655
,1994,2025-10-29,00:00:00,2373.0,7.83,61.0,6.78,2.3743,0.0,2.924838665899189,4.094774132258864
,1995,2025-10-29,01:00:00,2331.0,7.82,65.0,6.88,2.331,0.0,0.0,4.170837504170837
,1996,2025-10-29,02:00:00,2331.0,7.71,48.0,6.91,2.331,0.0,0.0,4.170837504170837
,1997,2025-10-29,03:00:00,2289.0,7.74,51.0,6.98,2.289,0.0,0.0,4.247366632687733
,1998,2025-10-29,04:00:00,2289.0,7.68,42.0,7.08,2.289,0.0,0.0,4.247366632687733
,1999,2025-10-29,05:00:00,2248.0,7.44,57.0,7.7,2.248,0.0,0.0,4.324831949387109
,2000,2025-10-29,06:00:00,2248.0,7.5,53.0,7.1,2.248,0.0,0.0,4.324831949387109
,2001,2025-10-30,06:30:00,1090.0,7.25,32.0,7.09,2.207,0.0,0.0,0.0
,2002,2025-10-30,07:00:00,1086.0,7.29,30.0,7.11,2.207,0.0,0.0,4.40517545184514
,2003,2025-10-30,08:00:00,1082.0,7.33,28.0,7.14,2.207,0.0,0.0,4.40517545184514
,2004,2025-10-30,09:00:00,1078.0,7.27,33.0,7.1,2.166,0.0,0.0,4.488560582743409
,2005,2025-10-30,10:00:00,1075.0,7.24,31.0,7.12,2.166,0.0,0.0,3.2061147019595775
,2006,2025-10-30,11:00:00,1073.0,7.2,29.0,7.08,2.166,0.0,0.0,3.2061147019595775
,2007,2025-10-30,12:00:00,1070.0,7.16,33.0,7.07,2.166,0.0,0.0,3.2061147019595775
,2008,2025-10-30,13:00:00,1026.0,7.19,30.0,7.04,2.126,0.0,0.0,3.266436709522316
,2009,2025-10-30,14:00:00,1039.0,7.23,27.0,7.08,2.126,0.0,0.0,3.266436709522316
,2010,2025-10-30,15:00:00,1022.0,7.2,32.0,7.11,2.126,0.0,0.0,3.266436709522316
,2011,2025-10-30,16:00:00,1032.0,7.25,25.0,7.13,2.086,0.0,0.0,3.32907212101843
,2012,2025-10-30,17:00:00,1077.0,7.29,28.0,7.06,2.086,0.0,0.0,3.32907212101843
,2013,2025-10-30,18:00:00,1136.0,7.31,33.0,7.07,2.086,0.0,0.0,3.32907212101843
,2014,2025-10-30,19:00:00,1302.0,7.32,32.0,7.04,2.046,0.0,0.0,2.308026501574889
,2015,2025-10-30,20:00:00,1233.0,7.3,38.0,7.09,2.046,0.0,0.0,2.308026501574889
,2016,2025-10-30,21:00:00,1142.0,7.27,33.0,7.06,2.046,0.0,0.0,2.308026501574889
,2017,2025-10-30,22:00:00,1226.0,7.32,35.0,7.1,2.006,0.0,0.0,2.7694693696687716
,2018,2025-10-30,23:00:00,1276.0,7.3,39.0,7.13,2.006,0.0,0.0,2.7694693696687716
,2019,2025-10-30,00:00:00,1305.0,7.34,42.0,7.12,1.967,0.0,0.0,2.8243800485793367
,2020,2025-10-30,01:00:00,1282.0,7.37,40.0,7.08,1.967,0.0,0.0,2.8243800485793367
,2021,2025-10-30,02:00:00,1260.0,7.3,36.0,7.11,1.967,0.0,0.0,2.8243800485793367
,2022,2025-10-30,03:00:00,1248.0,7.28,41.0,7.13,1.967,0.0,0.0,2.8243800485793367
,2023,2025-10-30,04:00:00,1222.0,7.31,38.0,7.1,1.967,0.0,0.0,2.8243800485793367
,2024,2025-10-30,05:00:00,1212.0,7.26,36.0,7.09,1.967,0.0,0.0,2.8243800485793367
,2025,2025-10-30,06:00:00,1197.0,7.29,39.0,7.12,1.967,0.0,0.0,2.8243800485793367
,2026,2025-10-31,06:30:00,998.0,7.44,41.0,7.02,1.967,0.0,0.0,0.0
,2027,2025-10-31,07:00:00,995.0,7.41,46.0,7.07,1.967,0.0,0.0,2.8243800485793367
,2028,2025-10-31,08:00:00,989.0,7.5,44.0,7.32,1.967,0.0,0.0,2.8243800485793367
,2029,2025-10-31,09:00:00,986.0,7.39,39.0,7.28,1.967,0.0,0.0,2.4007230412924363
,2030,2025-10-31,10:00:00,876.0,7.18,36.0,7.33,1.967,0.0,0.0,2.4007230412924363
,2031,2025-10-31,11:00:00,898.0,7.25,56.0,7.38,1.967,0.0,0.0,2.4007230412924363
,2032,2025-10-31,12:00:00,916.0,7.31,72.0,7.41,1.967,0.0,0.0,2.4007230412924363
,2033,2025-10-31,13:00:00,908.0,7.29,75.0,7.37,1.967,0.0,0.0,2.4007230412924363
,2034,2025-10-31,14:00:00,923.0,7.37,77.0,7.34,1.967,0.0,0.0,2.4007230412924363
,2035,2025-10-31,15:00:00,917.0,7.25,80.0,7.3,1.967,0.0,0.0,2.4007230412924363
,2036,2025-10-31,16:00:00,914.0,7.28,83.0,7.36,1.967,0.0,0.0,2.4007230412924363
,2037,2025-10-31,17:00:00,883.0,7.4,81.0,7.31,1.967,0.0,0.0,2.4007230412924363
,2038,2025-10-31,18:00:00,852.0,7.57,82.0,7.36,1.967,0.0,0.0,2.4007230412924363
,2039,2025-10-31,19:00:00,858.0,7.43,80.0,7.29,1.967,0.0,0.0,2.1182850364345027
,2040,2025-10-31,20:00:00,863.0,7.47,86.0,7.32,1.967,0.0,0.0,2.1182850364345027
,2041,2025-10-31,21:00:00,876.0,7.4,93.0,7.35,1.967,0.0,0.0,2.1182850364345027
,2042,2025-10-31,22:00:00,883.0,7.42,97.0,7.31,1.929,0.0,0.0,2.160013824088474
,2043,2025-10-31,23:00:00,899.0,7.41,105.0,7.36,1.929,0.0,0.0,2.160013824088474
,2044,2025-10-31,00:00:00,932.0,7.38,113.0,7.39,1.929,0.0,0.0,2.160013824088474
,2045,2025-10-31,01:00:00,946.0,7.42,124.0,7.42,1.89,0.0,0.0,1.9106407995296886
,2046,2025-10-31,02:00:00,949.0,7.44,129.0,7.46,1.89,0.0,0.0,1.9106407995296886
,2047,2025-10-31,03:00:00,971.0,7.41,133.0,7.42,1.89,0.0,0.0,1.9106407995296886
,2048,2025-10-31,04:00:00,953.0,7.36,146.0,7.49,1.852,0.0,0.0,1.9498440124790015
,2049,2025-10-31,05:00:00,964.0,7.32,155.0,7.45,1.852,0.0,0.0,1.9498440124790015
,2050,2025-10-31,06:00:00,952.0,7.38,168.0,7.417,1.852,0.0,0.0,1.9498440124790015
,2051,2025-11-01,06:30:00,918.0,7.77,118.0,7.2,1.814,0.0,0.0,0.0
,2052,2025-11-01,07:00:00,914.0,7.72,115.0,7.25,1.814,0.0,0.0,1.9906896974151658
,2053,2025-11-01,08:00:00,916.0,7.76,117.0,7.44,1.814,0.0,0.0,1.9906896974151658
,2054,2025-11-01,09:00:00,912.0,7.69,121.0,7.41,1.814,0.0,0.0,2.60320960431214
,2055,2025-11-01,10:00:00,893.0,7.65,119.0,7.52,1.777,0.0,0.0,3.126367785906334
,2056,2025-11-01,11:00:00,860.0,7.61,123.0,7.37,1.777,0.0,0.0,3.126367785906334
,2057,2025-11-01,12:00:00,756.0,7.45,126.0,7.13,1.74,0.0,0.0,3.192848020434227
,2058,2025-11-01,13:00:00,753.0,7.49,122.0,7.21,1.74,0.0,0.0,3.192848020434227
,2059,2025-11-01,14:00:00,774.0,7.55,120.0,7.27,1.703,0.0,0.0,3.2622170026750177
,2060,2025-11-01,15:00:00,743.0,7.58,129.0,7.3,1.703,0.0,0.0,3.2622170026750177
,2061,2025-11-01,16:00:00,726.0,7.62,138.0,7.32,1.667,0.0,0.0,3.3326667999733384
,2062,2025-11-01,17:00:00,721.0,7.4,139.0,7.35,1.667,0.0,0.0,3.3326667999733384
,2063,2025-11-01,18:00:00,720.0,7.27,141.0,7.33,1.631,0.0,0.0,3.4062265821922475
,2064,2025-11-01,19:00:00,728.0,7.34,148.0,7.42,1.631,0.0,0.0,3.4062265821922475
,2065,2025-11-01,20:00:00,720.0,7.38,169.0,7.36,1.595,0.0,0.0,3.4831069313827934
,2066,2025-11-01,21:00:00,716.0,7.32,186.0,7.37,1.595,0.0,0.0,3.4831069313827934
,2067,2025-11-01,22:00:00,719.0,7.36,203.0,7.3,1.56,0.0,0.0,3.5612535612535607
,2068,2025-11-01,23:00:00,712.0,7.42,217.0,7.32,1.56,0.0,0.0,3.5612535612535607
,2069,2025-11-01,00:00:00,708.0,7.47,231.0,7.28,1.525,0.0,0.0,3.6429872495446265
,2070,2025-11-01,01:00:00,713.0,7.45,246.0,7.23,1.456,0.0,0.0,3.815628815628816
,2071,2025-11-01,02:00:00,715.0,7.432,260.0,7.25,1.422,0.0,0.0,3.906860446944835
,2072,2025-11-01,03:00:00,710.0,7.41,252.0,7.29,1.388,0.0,0.0,4.002561639449247
,2073,2025-11-01,04:00:00,707.0,7.48,237.0,7.31,1.322,0.0,0.0,4.202386955790889
,2074,2025-11-01,05:00:00,714.0,7.4,226.0,7.28,1.289,0.0,0.0,4.309973278165676
,2075,2025-11-01,06:00:00,711.0,7.43,238.0,7.3,1.225,0.0,0.0,4.535147392290249
,2076,2025-11-02,06:30:00,713.0,7.17,213.0,7.33,1.1093,0.0,0.0,0.0
,2077,2025-11-02,07:00:00,694.0,7.15,208.0,7.48,1.162,0.0,0.0,4.78102887741442
,2078,2025-11-02,08:00:00,664.0,7.1,187.0,7.57,1.131,0.0,0.0,4.912073877591119
,2079,2025-11-02,09:00:00,628.0,7.19,207.0,7.4,1.1,0.0,0.0,5.05050505050505
,2080,2025-11-02,10:00:00,581.0,7.21,181.0,7.58,1.07,0.0,0.0,5.192107995846314
,2081,2025-11-02,11:00:00,577.0,7.28,193.0,7.6,1.04,0.0,0.0,5.3418803418803416
,2082,2025-11-02,12:00:00,561.0,7.456,199.0,7.57,1.04,0.0,0.0,2.6709401709401708
,2083,2025-11-02,13:00:00,558.0,7.5,196.0,7.6,1.011,0.0,0.0,2.7475546763380594
,2084,2025-11-02,14:00:00,543.0,7.48,194.0,7.64,1.011,0.0,0.0,2.7475546763380594
,2085,2025-11-02,15:00:00,529.0,7.8,191.0,7.66,0.982,0.0,0.0,2.828694274722788
,2086,2025-11-02,16:00:00,535.0,7.66,182.0,7.57,0.982,0.0,0.0,2.828694274722788
,2087,2025-11-02,17:00:00,540.0,7.53,168.0,7.49,0.953,0.0,0.0,2.9147720648245308
,2088,2025-11-02,18:00:00,537.0,7.6,180.0,7.63,0.924,0.0,0.0,3.0062530062530057
,2089,2025-11-02,19:00:00,540.0,7.38,170.0,7.29,0.896,0.0,0.0,3.100198412698412
,2090,2025-11-02,20:00:00,543.0,7.44,174.0,7.33,0.689,0.0,0.0,4.031607805192711
,2091,2025-11-02,21:00:00,538.0,7.46,159.0,7.42,0.841,0.0,0.0,3.3029462280354074
,2092,2025-11-02,22:00:00,542.0,7.42,153.0,7.44,0.814,0.0,0.0,3.412503412503413
,2093,2025-11-02,23:00:00,558.0,7.31,147.0,7.48,0.788,0.0,0.0,3.5250987027636773
,2094,2025-11-02,00:00:00,555.0,7.31,145.0,7.46,0.761,0.0,0.0,3.650167907723755
,2095,2025-11-02,01:00:00,549.0,7.35,142.0,7.51,0.71,0.0,0.0,3.912363067292645
,2096,2025-11-02,02:00:00,547.0,7.39,149.0,7.48,0.66,0.0,0.0,4.2087542087542085
,2097,2025-11-02,03:00:00,542.0,7.48,146.0,7.33,0.612,0.0,0.0,4.538852578068264
,2098,2025-11-02,04:00:00,548.0,7.43,152.0,7.3,0.588,0.0,0.0,4.72411186696901
,2099,2025-11-02,05:00:00,539.0,7.56,150.0,7.42,0.565,0.0,0.0,4.916420845624386
,2100,2025-11-02,06:00:00,526.0,7.41,148.0,7.3,0.542,0.0,0.0,5.125051250512504
,2101,2025-11-10,06:30:00,264.0,7.65,60.0,7.56,0.565,0.0,0.0,0.0
,2102,2025-11-10,07:00:00,257.0,7.61,67.0,7.5,0.565,0.0,0.0,0.0
,2103,2025-11-10,08:00:00,251.0,7.57,69.0,7.77,0.565,0.0,0.0,0.0
,2104,2025-11-10,09:00:00,246.0,7.63,63.0,8.04,0.542,0.0,0.0,0.0
,2105,2025-11-10,10:00:00,241.0,7.69,79.0,7.91,0.542,0.0,0.0,0.0
,2106,2025-11-10,11:00:00,239.0,7.9,88.0,7.87,0.519,0.0,0.0,0.0
,2107,2025-11-10,12:00:00,234.0,8.19,76.0,7.83,0.519,0.0,0.0,0.0
,2108,2025-11-10,13:00:00,251.0,8.07,81.0,7.89,0.519,0.0,0.0,0.0
,2109,2025-11-10,14:00:00,247.0,8.11,85.0,7.96,0.519,0.0,0.0,0.0
,2110,2025-11-10,15:00:00,229.0,8.19,80.0,7.91,0.497,0.0,0.0,0.0
,2111,2025-11-10,16:00:00,212.0,8.08,77.0,7.83,0.497,0.0,0.0,0.0
,2112,2025-11-10,17:00:00,204.0,8.23,109.0,7.8,0.475,0.0,0.0,0.0
,2113,2025-11-10,18:00:00,183.0,8.08,130.0,7.77,0.75,0.0,0.0,0.0
,2114,2025-11-10,19:00:00,171.0,8.18,126.0,7.9,0.454,0.0,0.0,0.0
,2115,2025-11-10,20:00:00,179.0,8.12,132.0,7.92,0.454,0.0,0.0,0.0
,2116,2025-11-10,21:00:00,184.0,7.96,146.0,7.95,0.454,0.0,0.0,0.0
,2117,2025-11-10,22:00:00,182.0,8.03,163.0,7.89,0.454,0.0,0.0,0.0
,2118,2025-11-10,23:00:00,186.0,8.06,178.0,7.93,0.433,0.0,0.0,0.0
,2119,2025-11-10,00:00:00,190.0,7.98,193.0,7.96,0.433,0.0,0.0,0.0
,2120,2025-11-10,01:00:00,194.0,7.9,190.0,7.89,0.413,0.0,0.0,0.0
,2121,2025-11-10,02:00:00,190.0,7.88,192.0,7.9,0.413,0.0,0.0,0.0
,2122,2025-11-10,03:00:00,191.0,7.85,194.0,7.84,0.393,0.0,0.0,0.0
,2123,2025-11-10,04:00:00,195.0,7.86,191.0,7.8,0.393,0.0,0.0,0.0
,2124,2025-11-10,05:00:00,196.0,7.82,193.0,7.74,0.393,0.0,0.0,0.0
,2125,2025-11-10,06:00:00,194.0,7.88,192.0,7.82,0.393,0.0,0.0,0.0
,2126,2025-11-11,06:30:00,189.0,7.79,179.0,7.44,0.393,0.0,0.0,0.0
,2127,2025-11-11,07:00:00,181.0,7.81,181.0,7.81,0.393,0.0,0.0,0.0
,2128,2025-11-11,08:00:00,174.0,7.78,176.0,7.86,0.373,0.0,0.0,0.0
,2129,2025-11-11,09:00:00,178.0,7.88,189.0,7.56,0.373,0.0,0.0,0.0
,2130,2025-11-11,10:00:00,171.0,7.92,174.0,7.66,0.373,0.0,0.0,0.0
,2131,2025-11-11,11:00:00,169.0,7.96,169.0,7.75,0.373,0.0,0.0,0.0
,2132,2025-11-11,12:00:00,160.0,8.05,153.0,7.88,0.373,0.0,0.0,0.0
,2133,2025-11-11,13:00:00,163.0,8.07,150.0,7.9,0.354,0.0,0.0,0.0
,2134,2025-11-11,14:00:00,161.0,8.05,147.0,7.94,0.354,0.0,0.0,0.0
,2135,2025-11-11,15:00:00,159.0,8,144.0,7.97,0.354,0.0,0.0,0.0
,2136,2025-11-11,16:00:00,160.0,8.01,139.0,8.0,0.354,0.0,0.0,0.0
,2137,2025-11-11,17:00:00,158.0,8.03,135.0,7.98,0.354,0.0,0.0,0.0
,2138,2025-11-11,18:00:00,156.0,8.04,142.0,7.93,0.335,0.0,0.0,0.0
,2139,2025-11-11,19:00:00,147.0,7.84,123.0,7.96,0.335,0.0,0.0,0.0
,2140,2025-11-11,20:00:00,151.0,7.9,127.0,7.93,0.335,0.0,0.0,0.0
,2141,2025-11-11,21:00:00,168.0,7.88,138.0,7.77,0.335,0.0,0.0,0.0
,2142,2025-11-11,22:00:00,164.0,7.96,153.0,7.8,0.335,0.0,0.0,0.0
,2143,2025-11-11,23:00:00,159.0,8.07,126.0,7.86,0.335,0.0,0.0,0.0
,2144,2025-11-11,00:00:00,166.0,8.02,119.0,7.94,0.335,0.0,0.0,0.0
,2145,2025-11-11,01:00:00,155.0,8.09,123.0,7.99,0.316,0.0,0.0,0.0
,2146,2025-11-11,02:00:00,148.0,7.82,120.0,7.96,0.316,0.0,0.0,0.0
,2147,2025-11-11,03:00:00,150.0,7.64,118.0,7.93,0.316,0.0,0.0,0.0
,2148,2025-11-11,04:00:00,142.0,7.55,115.0,7.91,0.316,0.0,0.0,0.0
,2149,2025-11-11,05:00:00,146.0,7.47,113.0,7.94,0.316,0.0,0.0,0.0
,2150,2025-11-11,06:00:00,137.0,7.52,117.0,7.97,0.298,0.0,0.0,0.0
,2151,2025-11-12,06:30:00,182.0,7.8,142.0,7.9,0.298,0.0,0.0,0.0
,2152,2025-11-12,07:00:00,178.0,7.84,135.0,7.94,0.298,0.0,0.0,0.0
,2153,2025-11-12,08:00:00,167.0,7.78,138.0,8.03,0.298,0.0,0.0,0.0
,2154,2025-11-12,09:00:00,158.0,7.84,125.0,7.86,0.298,0.0,0.0,0.0
,2155,2025-11-12,10:00:00,166.0,7.86,120.0,7.74,0.316,0.0,0.0,0.0
,2156,2025-11-12,11:00:00,171.0,7.859,118.0,7.81,0.316,0.0,0.0,0.0
,2157,2025-11-12,12:00:00,170.0,7.9,114.0,7.72,0.335,0.0,0.0,0.0
,2158,2025-11-12,13:00:00,176.0,7.93,116.0,7.75,0.335,0.0,0.0,0.0
,2159,2025-11-12,14:00:00,180.0,7.95,119.0,7.8,0.335,0.0,0.0,0.0
,2160,2025-11-12,15:00:00,172.0,7.91,117.0,7.77,0.354,0.0,0.0,0.0
,2161,2025-11-12,16:00:00,164.0,7.87,114.0,7.74,0.354,0.0,0.0,0.0
,2162,2025-11-12,17:00:00,151.0,7.83,111.0,7.69,0.354,0.0,0.0,0.0
,2163,2025-11-12,18:00:00,163.0,7.76,121.0,7.82,0.354,0.0,0.0,0.0
,2164,2025-11-12,19:00:00,150.0,7.78,92.0,7.9,0.335,0.0,0.0,0.0
,2165,2025-11-12,20:00:00,146.0,7.82,97.0,7.81,0.335,0.0,0.0,0.0
,2166,2025-11-12,21:00:00,161.0,7.86,100.0,7.95,0.335,0.0,0.0,0.0
,2167,2025-11-12,22:00:00,157.0,7.61,105.0,7.83,0.354,0.0,0.0,0.0
,2168,2025-11-12,23:00:00,160.0,7.76,97.0,7.79,0.354,0.0,0.0,0.0
,2169,2025-11-12,00:00:00,163.0,7.57,101.0,7.88,0.373,0.0,0.0,0.0
,2170,2025-11-12,01:00:00,159.0,7.62,97.0,7.82,0.373,0.0,0.0,0.0
,2171,2025-11-12,02:00:00,154.0,7.74,106.0,7.89,0.393,0.0,0.0,0.0
,2172,2025-11-12,03:00:00,151.0,7.7,101.0,7.87,0.393,0.0,0.0,0.0
,2173,2025-11-12,04:00:00,157.0,7.78,96.0,7.83,0.393,0.0,0.0,0.0
,2174,2025-11-12,05:00:00,153.0,7.69,102.0,7.86,0.393,0.0,0.0,0.0
,2175,2025-11-12,06:00:00,150.0,7.79,95.0,7.83,0.393,0.0,0.0,0.0
,2176,2025-11-13,06:30:00,161.0,7.8,112.0,7.86,0.413,0.0,0.0,0.0
,2177,2025-11-13,07:00:00,170.0,7.88,110.0,7.96,0.413,0.0,0.0,0.0
,2178,2025-11-13,08:00:00,168.0,7.86,108.0,8.3,0.413,0.0,0.0,0.0
,2179,2025-11-13,09:00:00,156.0,7.9,114.0,7.89,0.413,0.0,0.0,0.0
,2180,2025-11-13,10:00:00,141.0,7.91,116.0,7.94,0.413,0.0,0.0,0.0
,2181,2025-11-13,11:00:00,138.0,7.89,109.0,7.98,0.413,0.0,0.0,0.0
,2182,2025-11-13,12:00:00,135.0,7.94,118.0,7.9,0.413,0.0,0.0,0.0
,2183,2025-11-13,13:00:00,127.0,7.87,120.0,7.93,0.413,0.0,0.0,0.0
,2184,2025-11-13,14:00:00,130.0,7.9,114.0,7.97,0.413,0.0,0.0,0.0
,2185,2025-11-13,15:00:00,125.0,7.83,112.0,7.92,0.413,0.0,0.0,0.0
,2186,2025-11-13,16:00:00,128.0,8,110.0,8.02,0.393,0.0,0.0,0.0
,2187,2025-11-13,17:00:00,127.0,8.02,107.0,8.07,0.393,0.0,0.0,0.0
,2188,2025-11-13,18:00:00,132.0,8.04,114.0,8.1,0.393,0.0,0.0,0.0
,2189,2025-11-13,19:00:00,125.0,7.9,84.0,8.05,0.373,0.0,0.0,0.0
,2190,2025-11-13,20:00:00,121.0,7.86,92.0,8.09,0.373,0.0,0.0,0.0
,2191,2025-11-13,21:00:00,124.0,7.88,98.0,7.96,0.373,0.0,0.0,0.0
,2192,2025-11-13,22:00:00,120.0,7.83,101.0,7.99,0.373,0.0,0.0,0.0
,2193,2025-11-13,23:00:00,136.0,7.8,96.0,7.97,0.373,0.0,0.0,0.0
,2194,2025-11-13,00:00:00,129.0,7.88,94.0,8.07,0.373,0.0,0.0,0.0
,2195,2025-11-13,01:00:00,133.0,7.74,102.0,8.11,0.373,0.0,0.0,0.0
,2196,2025-11-13,02:00:00,126.0,7.69,107.0,8.0,0.373,0.0,0.0,0.0
,2197,2025-11-13,03:00:00,135.0,7.86,96.0,7.98,0.373,0.0,0.0,0.0
,2198,2025-11-13,04:00:00,144.0,7.99,94.0,8.03,0.373,0.0,0.0,0.0
,2199,2025-11-13,05:00:00,130.0,7.94,107.0,8.01,0.373,0.0,0.0,0.0
,2200,2025-11-13,06:00:00,141.0,7.98,97.0,8.03,0.373,0.0,0.0,0.0
,2201,2025-11-14,06:30:00,174.0,7.91,93.0,8.03,0.335,0.0,0.0,0.0
,2202,2025-11-14,07:00:00,170.0,7.88,90.0,8.0,0.335,0.0,0.0,0.0
,2203,2025-11-14,08:00:00,168.0,7.85,91.0,7.8,0.335,0.0,0.0,0.0
,2204,2025-11-14,09:00:00,171.0,7.9,86.0,8.02,0.335,0.0,0.0,0.0
,2205,2025-11-14,10:00:00,165.0,7.86,88.0,7.98,0.335,0.0,0.0,0.0
,2206,2025-11-14,11:00:00,160.0,7.93,83.0,7.89,0.335,0.0,0.0,0.0
,2207,2025-11-14,12:00:00,151.0,8.01,87.0,7.85,0.335,0.0,0.0,0.0
,2208,2025-11-14,13:00:00,156.0,7.97,85.0,7.82,0.335,0.0,0.0,0.0
,2209,2025-11-14,14:00:00,159.0,7.95,81.0,7.88,0.335,0.0,0.0,0.0
,2210,2025-11-14,15:00:00,161.0,7.98,88.0,7.91,0.335,0.0,0.0,0.0
,2211,2025-11-14,16:00:00,152.0,7.99,90.0,7.98,0.335,0.0,0.0,0.0
,2212,2025-11-14,17:00:00,134.0,8.03,92.0,7.93,0.335,0.0,0.0,0.0
,2213,2025-11-14,18:00:00,142.0,7.96,86.0,7.96,0.335,0.0,0.0,0.0
,2214,2025-11-14,19:00:00,137.0,8,77.0,8.14,0.335,0.0,0.0,0.0
,2215,2025-11-14,20:00:00,140.0,8.02,78.0,8.1,0.335,0.0,0.0,0.0
,2216,2025-11-14,21:00:00,135.0,7.99,80.0,8.07,0.335,0.0,0.0,0.0
,2217,2025-11-14,22:00:00,143.0,8,73.0,8.04,0.335,0.0,0.0,0.0
,2218,2025-11-14,23:00:00,157.0,8.02,69.0,8.09,0.335,0.0,0.0,0.0
,2219,2025-11-14,00:00:00,163.0,8.07,60.0,8.14,0.335,0.0,0.0,0.0
,2220,2025-11-14,01:00:00,166.0,8.04,63.0,8.16,0.335,0.0,0.0,0.0
,2221,2025-11-14,02:00:00,160.0,8.02,74.0,8.1,0.335,0.0,0.0,0.0
,2222,2025-11-14,03:00:00,158.0,7.99,77.0,8.06,0.354,0.0,0.0,0.0
,2223,2025-11-14,04:00:00,160.0,8,83.0,8.02,0.373,0.0,0.0,0.0
,2224,2025-11-14,05:00:00,162.0,7.97,94.0,7.98,0.393,0.0,0.0,0.0
,2225,2025-11-14,06:00:00,164.0,8.02,87.0,8.1,0.413,0.0,0.0,0.0
,2226,2025-11-15,06:30:00,155.0,7.99,88.0,7.73,0.433,0.0,0.0,0.0
,2227,2025-11-15,07:00:00,150.0,7.96,90.0,7.8,0.433,0.0,0.0,0.0
,2228,2025-11-15,08:00:00,142.0,7.98,88.0,8.27,0.433,0.0,0.0,0.0
,2229,2025-11-15,09:00:00,140.0,7.9,90.0,8.02,0.454,0.0,0.0,0.0
,2230,2025-11-15,10:00:00,138.0,8.55,86.0,8.08,0.497,0.0,0.0,0.0
,2231,2025-11-15,11:00:00,141.0,8,82.0,8.12,0.519,0.0,0.0,0.0
,2232,2025-11-15,12:00:00,136.0,7.99,84.0,8.07,0.542,0.0,0.0,0.0
,2233,2025-11-15,13:00:00,122.0,7.96,87.0,8.1,0.542,0.0,0.0,0.0
,2234,2025-11-15,14:00:00,116.0,8.02,82.0,8.06,0.542,0.0,0.0,0.0
,2235,2025-11-15,15:00:00,110.0,7.98,84.0,8.13,0.542,0.0,0.0,0.0
,2236,2025-11-15,16:00:00,103.0,8,88.0,8.15,0.542,0.0,0.0,0.0
,2237,2025-11-15,17:00:00,94.0,7.98,86.0,8.08,0.542,0.0,0.0,0.0
,2238,2025-11-15,18:00:00,97.0,7.96,89.0,8.01,0.542,0.0,0.0,0.0
,2239,2025-11-15,19:00:00,99.0,7.98,65.0,8.3,0.497,0.0,0.0,0.0
,2240,2025-11-15,20:00:00,123.0,8.02,74.0,8.27,0.4856,0.0,0.0,0.0
,2241,2025-11-15,21:00:00,130.0,8.06,79.0,8.21,0.454,0.0,0.0,0.0
,2242,2025-11-15,22:00:00,141.0,8.08,86.0,8.27,0.454,0.0,0.0,0.0
,2243,2025-11-15,23:00:00,138.0,8.1,89.0,8.24,0.454,0.0,0.0,0.0
,2244,2025-11-15,00:00:00,148.0,8.14,74.0,8.36,0.454,0.0,0.0,0.0
,2245,2025-11-15,01:00:00,163.0,8.189,82.0,8.44,0.454,0.0,0.0,0.0
,2246,2025-11-15,02:00:00,166.0,8.15,84.0,8.35,0.433,0.0,0.0,0.0
,2247,2025-11-15,03:00:00,164.0,8.12,89.0,8.32,0.433,0.0,0.0,0.0
,2248,2025-11-15,04:00:00,161.0,8.09,90.0,8.28,0.433,0.0,0.0,0.0
,2249,2025-11-15,05:00:00,159.0,8.07,88.0,8.26,0.413,0.0,0.0,0.0
,2250,2025-11-15,06:00:00,168.0,8.04,87.0,8.32,0.413,0.0,0.0,0.0
,2251,2025-11-16,06:30:00,159.0,8.05,89.0,8.16,0.433,0.0,0.0,0.0
,2252,2025-11-16,07:00:00,151.0,8.02,80.0,8.1,0.433,0.0,0.0,0.0
,2253,2025-11-16,08:00:00,146.0,8.09,93.0,7.87,0.433,0.0,0.0,0.0
,2254,2025-11-16,09:00:00,142.0,8.03,87.0,7.92,0.433,0.0,0.0,0.0
,2255,2025-11-16,10:00:00,143.0,8.01,84.0,7.93,0.433,0.0,0.0,0.0
,2256,2025-11-16,11:00:00,140.0,8.04,80.0,7.9,0.433,0.0,0.0,0.0
,2257,2025-11-16,12:00:00,136.0,8.03,77.0,7.86,0.433,0.0,0.0,0.0
,2258,2025-11-16,13:00:00,132.0,8.06,79.0,7.96,0.413,0.0,0.0,0.0
,2259,2025-11-16,14:00:00,127.0,8.02,86.0,7.92,0.413,0.0,0.0,0.0
,2260,2025-11-16,15:00:00,130.0,8.07,88.0,7.9,0.393,0.0,0.0,0.0
,2261,2025-11-16,16:00:00,124.0,8.01,82.0,7.94,0.373,0.0,0.0,0.0
,2262,2025-11-16,17:00:00,129.0,8.06,84.0,7.92,0.373,0.0,0.0,0.0
,2263,2025-11-16,18:00:00,124.0,8.03,88.0,7.97,0.373,0.0,0.0,0.0
,2264,2025-11-16,19:00:00,132.0,8.25,91.0,8.16,0.373,0.0,0.0,0.0
,2265,2025-11-16,20:00:00,142.0,8.22,101.0,8.18,0.373,0.0,0.0,0.0
,2266,2025-11-16,21:00:00,149.0,8.27,89.0,8.21,0.354,0.0,0.0,0.0
,2267,2025-11-16,22:00:00,156.0,8.11,97.0,8.18,0.354,0.0,0.0,0.0
,2268,2025-11-16,23:00:00,148.0,8.19,88.0,8.24,0.335,0.0,0.0,0.0
,2269,2025-11-16,00:00:00,181.0,8.1,84.0,8.16,0.335,0.0,0.0,0.0
,2270,2025-11-16,01:00:00,196.0,8.09,92.0,8.17,0.335,0.0,0.0,0.0
,2271,2025-11-16,02:00:00,198.0,8.12,90.0,8.19,0.335,0.0,0.0,0.0
,2272,2025-11-16,03:00:00,195.0,8.11,88.0,8.21,0.335,0.0,0.0,0.0
,2273,2025-11-16,04:00:00,192.0,8.07,87.0,8.18,0.316,0.0,0.0,0.0
,2274,2025-11-16,05:00:00,194.0,8.08,85.0,8.15,0.316,0.0,0.0,0.0
,2275,2025-11-16,06:00:00,189.0,8.1,88.0,8.19,0.316,0.0,0.0,0.0
,2276,2025-11-17,06:30:00,181.0,7.1,109.0,7.84,0.335,0.0,0.0,0.0
,2277,2025-11-17,07:00:00,176.0,8.07,104.0,7.87,0.335,0.0,0.0,0.0
,2278,2025-11-17,08:00:00,161.0,8.02,106.0,7.79,0.335,0.0,0.0,0.0
,2279,2025-11-17,09:00:00,167.0,8.11,100.0,7.9,0.335,0.0,0.0,0.0
,2280,2025-11-17,10:00:00,158.0,8.09,102.0,7.87,0.335,0.0,0.0,0.0
,2281,2025-11-17,11:00:00,161.0,8.17,98.0,8.21,0.335,0.0,0.0,0.0
,2282,2025-11-17,12:00:00,158.0,8.21,94.0,8.28,0.316,0.0,0.0,0.0
,2283,2025-11-17,13:00:00,155.0,8.24,101.0,8.17,0.316,0.0,0.0,0.0
,2284,2025-11-17,14:00:00,150.0,8.28,97.0,8.2,0.316,0.0,0.0,0.0
,2285,2025-11-17,15:00:00,147.0,8.31,100.0,8.18,0.316,0.0,0.0,0.0
,2286,2025-11-17,16:00:00,143.0,8.36,103.0,8.22,0.316,0.0,0.0,0.0
,2287,2025-11-17,17:00:00,135.0,8.43,88.0,8.24,0.298,0.0,0.0,0.0
,2288,2025-11-17,18:00:00,122.0,8.45,78.0,8.36,0.298,0.0,0.0,0.0
,2289,2025-11-17,19:00:00,135.0,8.08,75.0,8.05,0.281,0.0,0.0,0.0
,2290,2025-11-17,20:00:00,130.0,8.1,70.0,8.11,0.281,0.0,0.0,0.0
,2291,2025-11-17,21:00:00,128.0,8.07,78.0,8.12,0.281,0.0,0.0,0.0
,2292,2025-11-17,22:00:00,131.0,8.12,74.0,8.07,0.281,0.0,0.0,0.0
,2293,2025-11-17,23:00:00,133.0,7.99,76.0,8.1,0.281,0.0,0.0,0.0
,2294,2025-11-17,00:00:00,138.0,7.97,71.0,8.04,0.281,0.0,0.0,0.0
,2295,2025-11-17,01:00:00,136.0,8.03,72.0,8.08,0.281,0.0,0.0,0.0
,2296,2025-11-17,02:00:00,130.0,7.98,75.0,8.06,0.281,0.0,0.0,0.0
,2297,2025-11-17,03:00:00,127.0,8,73.0,8.11,0.281,0.0,0.0,0.0
,2298,2025-11-17,04:00:00,132.0,8.04,76.0,8.08,0.281,0.0,0.0,0.0
,2299,2025-11-17,05:00:00,128.0,7.99,74.0,8.07,0.281,0.0,0.0,0.0
,2300,2025-11-17,06:00:00,126.0,8.02,77.0,8.09,0.281,0.0,0.0,0.0
,2301,2025-11-18,06:30:00,177.0,8.23,73.0,8.22,0.247,0.0,0.0,0.0
,2302,2025-11-18,07:00:00,173.0,8.26,78.0,8.28,0.247,0.0,0.0,0.0
,2303,2025-11-18,08:00:00,166.0,8.31,86.0,8.05,0.247,0.0,0.0,0.0
,2304,2025-11-18,09:00:00,162.0,8.22,89.0,8.17,0.247,0.0,0.0,0.0
,2305,2025-11-18,10:00:00,173.0,8.24,76.0,8.12,0.247,0.0,0.0,0.0
,2306,2025-11-18,11:00:00,168.0,8.21,81.0,8.15,0.247,0.0,0.0,0.0
,2307,2025-11-18,12:00:00,133.0,8.28,99.0,8.27,0.247,0.0,0.0,0.0
,2308,2025-11-18,13:00:00,148.0,8.33,92.0,8.21,0.247,0.0,0.0,0.0
,2309,2025-11-18,14:00:00,140.0,8.31,88.0,8.28,0.247,0.0,0.0,0.0
,2310,2025-11-18,15:00:00,136.0,8.29,84.0,8.34,0.247,0.0,0.0,0.0
,2311,2025-11-18,16:00:00,129.0,8.27,78.0,8.3,0.247,0.0,0.0,0.0
,2312,2025-11-18,17:00:00,123.0,8.32,69.0,8.41,0.247,0.0,0.0,0.0
,2313,2025-11-18,18:00:00,119.0,8.29,62.0,8.48,0.247,0.0,0.0,0.0
,2314,2025-11-18,19:00:00,132.0,8.11,66.0,8.12,0.247,0.0,0.0,0.0
,2315,2025-11-18,20:00:00,127.0,8.17,61.0,8.15,0.247,0.0,0.0,0.0
,2316,2025-11-18,21:00:00,130.0,8.1,57.0,8.18,0.247,0.0,0.0,0.0
,2317,2025-11-18,22:00:00,133.0,8.14,62.0,8.2,0.247,0.0,0.0,0.0
,2318,2025-11-18,23:00:00,129.0,8.11,59.0,8.16,0.247,0.0,0.0,0.0
,2319,2025-11-18,00:00:00,131.0,8.09,60.0,8.19,0.247,0.0,0.0,0.0
,2320,2025-11-18,01:00:00,127.0,8.07,62.0,8.15,0.247,0.0,0.0,0.0
,2321,2025-11-18,02:00:00,125.0,8.05,65.0,8.13,0.247,0.0,0.0,0.0
,2322,2025-11-18,03:00:00,122.0,8.08,60.0,8.11,0.247,0.0,0.0,0.0
,2323,2025-11-18,04:00:00,126.0,8.06,60.0,8.18,0.247,0.0,0.0,0.0
,2324,2025-11-18,05:00:00,123.0,8.1,58.0,8.17,0.247,0.0,0.0,0.0
,2325,2025-11-18,06:00:00,128.0,8.03,63.0,8.13,0.247,0.0,0.0,0.0
,2326,2025-11-19,06:30:00,145.0,8.18,51.0,8.36,0.247,0.0,0.0,0.0
,2327,2025-11-19,07:00:00,140.0,8.22,53.0,8.33,0.247,0.0,0.0,0.0
,2328,2025-11-19,08:00:00,151.0,8.12,69.0,8.48,0.247,0.0,0.0,0.0
,2329,2025-11-19,09:00:00,143.0,8.17,64.0,8.3,0.247,0.0,0.0,0.0
,2330,2025-11-19,10:00:00,156.0,8.22,70.0,8.27,0.247,0.0,0.0,0.0
,2331,2025-11-19,11:00:00,150.0,8.16,74.0,8.38,0.247,0.0,0.0,0.0
,2332,2025-11-19,12:00:00,153.0,8.26,77.0,8.47,0.247,0.0,0.0,0.0
,2333,2025-11-19,13:00:00,147.0,8.29,73.0,8.5,0.247,0.0,0.0,0.0
,2334,2025-11-19,14:00:00,133.0,8.31,69.0,8.52,0.247,0.0,0.0,0.0
,2335,2025-11-19,15:00:00,128.0,8.35,63.0,8.54,0.247,0.0,0.0,0.0
,2336,2025-11-19,16:00:00,126.0,8.38,58.0,8.6,0.231,0.0,0.0,0.0
,2337,2025-11-19,17:00:00,119.0,8.41,55.0,8.66,0.231,0.0,0.0,0.0
,2338,2025-11-19,18:00:00,114.0,8.45,51.0,8.72,0.231,0.0,0.0,0.0
,2339,2025-11-19,19:00:00,114.0,8.3,52.0,8.45,0.247,0.0,0.0,0.0
,2340,2025-11-19,20:00:00,117.0,8.33,48.0,8.48,0.247,0.0,0.0,0.0
,2341,2025-11-19,21:00:00,113.0,8.28,53.0,8.46,0.247,0.0,0.0,0.0
,2342,2025-11-19,22:00:00,115.0,8.35,50.0,8.49,0.231,0.0,0.0,0.0
,2343,2025-11-19,23:00:00,114.0,8.3,54.0,8.41,0.231,0.0,0.0,0.0
,2344,2025-11-19,00:00:00,120.0,8.32,50.0,8.35,0.231,0.0,0.0,0.0
,2345,2025-11-19,01:00:00,127.0,8.35,52.0,8.38,0.231,0.0,0.0,0.0
,2346,2025-11-19,02:00:00,122.0,8.31,55.0,8.4,0.231,0.0,0.0,0.0
,2347,2025-11-19,03:00:00,126.0,8.37,51.0,8.36,0.231,0.0,0.0,0.0
,2348,2025-11-19,04:00:00,124.0,8.34,53.0,8.41,0.231,0.0,0.0,0.0
,2349,2025-11-19,05:00:00,119.0,8.38,55.0,8.44,0.231,0.0,0.0,0.0
,2350,2025-11-19,06:00:00,129.0,8.33,52.0,8.42,0.231,0.0,0.0,0.0
,2351,2025-11-20,06:30:00,122.0,8.08,71.0,8.36,0.17,0.0,0.0,0.0
,2352,2025-11-20,07:00:00,136.0,8.1,74.0,8.48,0.17,0.0,0.0,0.0
,2353,2025-11-20,08:00:00,128.0,8.06,62.0,8.57,0.17,0.0,0.0,0.0
,2354,2025-11-20,09:00:00,130.0,8.1,65.0,8.55,0.156,0.0,0.0,0.0
,2355,2025-11-20,10:00:00,127.0,8.08,68.0,8.53,0.156,0.0,0.0,0.0
,2356,2025-11-20,11:00:00,120.0,8.2,70.0,8.57,0.156,0.0,0.0,0.0
,2357,2025-11-20,12:00:00,115.0,8.16,75.0,8.3,0.143,0.0,0.0,0.0
,2358,2025-11-20,13:00:00,117.0,8.22,73.0,8.34,0.143,0.0,0.0,0.0
,2359,2025-11-20,14:00:00,113.0,8.18,78.0,8.4,0.143,0.0,0.0,0.0
,2360,2025-11-20,15:00:00,110.0,8.14,74.0,8.39,0.143,0.0,0.0,0.0
,2361,2025-11-20,16:00:00,108.0,8.24,66.0,8.28,0.143,0.0,0.0,0.0
,2362,2025-11-20,17:00:00,106.0,8.29,61.0,8.24,0.143,0.0,0.0,0.0
,2363,2025-11-20,18:00:00,104.0,8.24,68.0,8.36,0.143,0.0,0.0,0.0
,2364,2025-11-20,19:00:00,98.0,8.19,65.0,8.45,0.143,0.0,0.0,0.0
,2365,2025-11-20,20:00:00,102.0,8.24,72.0,8.41,0.143,0.0,0.0,0.0
,2366,2025-11-20,21:00:00,100.0,8.2,69.0,8.37,0.143,0.0,0.0,0.0
,2367,2025-11-20,22:00:00,107.0,8.16,63.0,7.39,0.143,0.0,0.0,0.0
,2368,2025-11-20,23:00:00,119.0,8.02,61.0,8.4,0.143,0.0,0.0,0.0
,2369,2025-11-20,00:00:00,115.0,8.09,56.0,8.36,0.143,0.0,0.0,0.0
,2370,2025-11-20,01:00:00,111.0,8.13,51.0,8.29,0.143,0.0,0.0,0.0
,2371,2025-11-20,02:00:00,107.0,8.19,63.0,8.37,0.143,0.0,0.0,0.0
,2372,2025-11-20,03:00:00,114.0,8.22,67.0,8.42,0.143,0.0,0.0,0.0
,2373,2025-11-20,04:00:00,127.0,8.18,57.0,8.18,0.143,0.0,0.0,0.0
,2374,2025-11-20,05:00:00,120.0,8.24,51.0,8.29,0.143,0.0,0.0,0.0
,2375,2025-11-20,06:00:00,124.0,8.13,54.0,8.48,0.143,0.0,0.0,0.0
,2376,2025-11-21,06:30:00,136.0,8.19,68.0,8.4,0.17,0.0,0.0,0.0
,2377,2025-11-21,07:00:00,142.0,8.22,63.0,8.43,0.185,0.0,0.0,0.0
,2378,2025-11-21,08:00:00,140.0,8.28,58.0,8.5,0.185,0.0,0.0,0.0
,2379,2025-11-21,09:00:00,138.0,8.31,60.0,8.48,0.199,0.0,0.0,0.0
,2380,2025-11-21,10:00:00,135.0,8.23,64.0,8.35,0.199,0.0,0.0,0.0
,2381,2025-11-21,11:00:00,133.0,8.3,67.0,8.33,0.215,0.0,0.0,0.0
,2382,2025-11-21,12:00:00,132.0,8.36,61.0,8.29,0.215,0.0,0.0,0.0
,2383,2025-11-21,13:00:00,128.0,8.49,65.0,8.34,0.231,0.0,0.0,0.0
,2384,2025-11-21,14:00:00,133.0,8.5,70.0,8.4,0.231,0.0,0.0,0.0
,2385,2025-11-21,15:00:00,131.0,8.44,68.0,8.47,0.231,0.0,0.0,0.0
,2386,2025-11-21,16:00:00,129.0,8.39,64.0,8.41,0.231,0.0,0.0,0.0
,2387,2025-11-21,17:00:00,127.0,8.35,65.0,8.33,0.231,0.0,0.0,0.0
,2388,2025-11-21,18:00:00,120.0,8.31,67.0,8.3,0.231,0.0,0.0,0.0
,2389,2025-11-21,19:00:00,86.0,8.21,43.0,8.49,0.247,0.0,0.0,0.0
,2390,2025-11-21,20:00:00,93.0,8.27,51.0,8.42,0.247,0.0,0.0,0.0
,2391,2025-11-21,21:00:00,97.0,8.19,56.0,8.38,0.247,0.0,0.0,0.0
,2392,2025-11-21,22:00:00,102.0,8.23,53.0,8.35,0.247,0.0,0.0,0.0
,2393,2025-11-21,23:00:00,101.0,8.2,48.0,8.33,0.247,0.0,0.0,0.0
,2394,2025-11-21,00:00:00,105.0,8.28,46.0,8.41,0.247,0.0,0.0,0.0
,2395,2025-11-21,01:00:00,99.0,8.17,57.0,8.37,0.247,0.0,0.0,0.0
,2396,2025-11-21,02:00:00,103.0,8.31,48.0,8.35,0.247,0.0,0.0,0.0
,2397,2025-11-21,03:00:00,98.0,8.28,51.0,8.41,0.247,0.0,0.0,0.0
,2398,2025-11-21,04:00:00,108.0,8.36,44.0,8.47,0.247,0.0,0.0,0.0
,2399,2025-11-21,05:00:00,102.0,8.24,43.0,8.38,0.247,0.0,0.0,0.0
,2400,2025-11-21,06:00:00,104.0,8.31,49.0,8.4,0.247,0.0,0.0,0.0
,2401,2025-11-22,06:30:00,103.0,8.21,68.0,8.32,0.231,0.0,0.0,0.0
,2402,2025-11-22,07:00:00,106.0,8.19,64.0,8.35,0.231,0.0,0.0,0.0
,2403,2025-11-22,08:00:00,110.0,8.22,58.0,8.5,0.231,0.0,0.0,0.0
,2404,2025-11-22,09:00:00,109.0,8.36,69.0,8.4,0.231,0.0,0.0,0.0
,2405,2025-11-22,10:00:00,112.0,8.28,55.0,8.38,0.231,0.0,0.0,0.0
,2406,2025-11-22,11:00:00,104.0,8.3,58.0,8.4,0.231,0.0,0.0,0.0
,2407,2025-11-22,12:00:00,91.0,8.26,60.0,8.44,0.231,0.0,0.0,0.0
,2408,2025-11-22,13:00:00,85.0,8.29,62.0,8.51,0.231,0.0,0.0,0.0
,2409,2025-11-22,14:00:00,88.0,8.36,59.0,8.56,0.247,0.0,0.0,0.0
,2410,2025-11-22,15:00:00,90.0,8.4,61.0,8.6,0.247,0.0,0.0,0.0
,2411,2025-11-22,16:00:00,93.0,8.47,57.0,8.57,0.247,0.0,0.0,0.0
,2412,2025-11-22,17:00:00,95.0,8.55,55.0,8.53,0.247,0.0,0.0,0.0
,2413,2025-11-22,18:00:00,98.0,8.49,63.0,8.47,0.2747,0.0,0.0,0.0
,2414,2025-11-22,19:00:00,79.0,8.31,32.0,8.48,0.247,0.0,0.0,0.0
,2415,2025-11-22,20:00:00,86.0,8.35,37.0,8.44,0.264,0.0,0.0,0.0
,2416,2025-11-22,21:00:00,104.0,8.33,42.0,8.4,0.264,0.0,0.0,0.0
,2417,2025-11-22,22:00:00,117.0,8.25,45.0,8.38,0.28,0.0,0.0,0.0
,2418,2025-11-22,23:00:00,139.0,8.31,48.0,8.49,0.281,0.0,0.0,0.0
,2419,2025-11-22,00:00:00,150.0,8.36,50.0,8.4,0.298,0.0,0.0,0.0
,2420,2025-11-22,01:00:00,148.0,8.38,57.0,8.36,0.298,0.0,0.0,0.0
,2421,2025-11-22,02:00:00,155.0,8.29,49.0,8.44,0.316,0.0,0.0,0.0
,2422,2025-11-22,03:00:00,146.0,8.33,55.0,8.42,0.354,0.0,0.0,0.0
,2423,2025-11-22,04:00:00,152.0,8.37,53.0,8.48,0.373,0.0,0.0,0.0
,2424,2025-11-22,05:00:00,140.0,8.34,51.0,8.39,0.393,0.0,0.0,0.0
,2425,2025-11-22,06:00:00,145.0,8.32,45.0,8.43,0.413,0.0,0.0,0.0
,2426,2025-11-23,06:30:00,,,,,,,,
,2427,2025-11-23,07:00:00,,,,,,,,
,2428,2025-11-23,08:00:00,,,,,,,,
,2429,2025-11-23,09:00:00,,,,,,,,
,2430,2025-11-23,10:00:00,,,,,,,,
,2431,2025-11-23,11:00:00,,,,,,,,
,2432,2025-11-23,12:00:00,,,,,,,,
,2433,2025-11-23,13:00:00,,,,,,,,
,2434,2025-11-23,14:00:00,,,,,,,,
,2435,2025-11-23,15:00:00,,,,,,,,
,2436,2025-11-23,16:00:00,,,,,,,,
,2437,2025-11-23,17:00:00,,,,,,,,
,2438,2025-11-23,18:00:00,,,,,,,,
,2439,2025-11-23,19:00:00,,,,,,,,
,2440,2025-11-23,20:00:00,,,,,,,,
,2441,2025-11-23,21:00:00,,,,,,,,
,2442,2025-11-23,22:00:00,,,,,,,,
,2443,2025-11-23,23:00:00,,,,,,,,
,2444,2025-11-23,00:00:00,,,,,,,,
,2445,2025-11-23,01:00:00,,,,,,,,
,2446,2025-11-23,02:00:00,,,,,,,,
,2447,2025-11-23,03:00:00,,,,,,,,
,2448,2025-11-23,04:00:00,,,,,,,,
,2449,2025-11-23,05:00:00,,,,,,,,
,2450,2025-11-23,06:00:00,,,,,,,,
,2451,2025-11-24,06:30:00,262.0,8.16,40.0,8.38,0.761,0.0,0.0,0.0
,2452,2025-11-24,07:00:00,265.0,8.14,46.0,8.35,0.761,0.0,0.0,0.0
,2453,2025-11-24,08:00:00,247.0,8.11,53.0,8.39,1.011,0.0,0.0,0.0
,2454,2025-11-24,09:00:00,223.0,8.08,49.0,8.27,1.322,0.0,0.0,0.0
,2455,2025-11-24,10:00:00,273.0,8.12,52.0,8.18,1.631,0.0,0.0,0.0
,2456,2025-11-24,11:00:00,187.0,8.07,50.0,8.21,1.929,0.0,0.0,0.0
,2457,2025-11-24,12:00:00,243.0,8.26,48.0,8.38,1.967,0.0,0.0,0.0
,2458,2025-11-24,13:00:00,416.0,8.03,53.0,8.36,2.046,0.0,0.0,1.3576626479852287
,2459,2025-11-24,14:00:00,513.0,7.98,51.0,8.3,2.046,0.0,0.0,1.7649614423807973
,2460,2025-11-24,15:00:00,655.0,7.92,55.0,8.35,2.046,0.0,0.0,1.7649614423807973
,2461,2025-11-24,16:00:00,691.0,8,57.0,8.32,1.967,0.0,0.0,1.8358470315765687
,2462,2025-11-24,17:00:00,733.0,8.02,52.0,8.37,1.929,0.0,0.0,1.8720119808766775
,2463,2025-11-24,18:00:00,717.0,7.96,59.0,8.3,1.929,0.0,0.0,1.8720119808766775
,2464,2025-11-24,19:00:00,690.0,8.15,70.0,8.58,1.929,0.0,0.0,1.8720119808766775
,2465,2025-11-24,20:00:00,641.0,8.18,89.0,8.41,1.89,0.0,0.0,1.9106407995296886
,2466,2025-11-24,21:00:00,610.0,8.16,101.0,8.5,1.852,0.0,0.0,1.9498440124790015
,2467,2025-11-24,22:00:00,602.0,8.2,108.0,8.48,1.814,0.0,0.0,1.9906896974151658
,2468,2025-11-24,23:00:00,589.0,8.17,114.0,8.5,1.814,0.0,0.0,1.9906896974151658
,2469,2025-11-24,00:00:00,436.0,8.04,138.0,8.35,2.373,0.0,0.0,2.3411527836306596
,2470,2025-11-24,01:00:00,443.0,7.82,131.0,8.34,2.857,0.0,0.0,1.9445416715280206
,2471,2025-11-24,02:00:00,527.0,7.88,128.0,8.36,2.857,0.0,0.0,1.9445416715280206
,2472,2025-11-24,03:00:00,860.0,7.94,122.0,8.4,2.544,0.0,0.0,2.1837875611460515
,2473,2025-11-24,04:00:00,1034.0,8,118.0,8.37,2.458,0.0,0.0,2.486212819817376
,2474,2025-11-24,05:00:00,1072.0,8.05,133.0,8.21,2.415,0.0,0.0,2.5304807913503566
,2475,2025-11-24,06:00:00,1196.0,8.07,135.0,8.25,2.331,0.0,0.0,2.621669288335955
,2476,2025-11-25,06:30:00,950.0,7.996,128.0,8.37,2.331,0.0,0.0,0.0
,2477,2025-11-25,07:00:00,944.0,7.98,129.0,8.3,2.331,0.0,0.0,2.621669288335955
,2478,2025-11-25,08:00:00,880.0,7.92,133.0,8.24,2.289,0.0,0.0,2.6697733119751463
,2479,2025-11-25,09:00:00,905.0,7.95,138.0,8.13,2.148,0.0,0.0,2.8450237947444648
,2480,2025-11-25,10:00:00,830.0,7.93,143.0,8.22,2.166,0.0,0.0,2.8213809377244283
,2481,2025-11-25,11:00:00,749.0,7.9,147.0,8.14,2.166,0.0,0.0,2.8213809377244283
,2482,2025-11-25,12:00:00,656.0,7.83,143.0,8.06,2.126,0.0,0.0,2.874464304379638
,2483,2025-11-25,13:00:00,637.0,7.87,139.0,8.08,2.086,0.0,0.0,2.9295834664962186
,2484,2025-11-25,14:00:00,601.0,7.85,131.0,8.02,2.046,0.0,0.0,1.7649614423807973
,2485,2025-11-25,15:00:00,596.0,7.84,136.0,8.07,2.006,0.0,0.0,1.8001550902847017
,2486,2025-11-25,16:00:00,590.0,7.93,140.0,8.01,1.967,0.0,0.0,1.8358470315765687
,2487,2025-11-25,17:00:00,587.0,7.99,142.0,8.09,1.959,0.0,0.0,1.8433441098065906
,2488,2025-11-25,18:00:00,570.0,7.96,148.0,8.03,1.959,0.0,0.0,1.8433441098065906
,2489,2025-11-25,19:00:00,610.0,7.89,131.0,8.01,1.959,0.0,0.0,1.8433441098065906
,2490,2025-11-25,20:00:00,592.0,8.04,145.0,8.06,1.852,0.0,0.0,2.099832013438925
,2491,2025-11-25,21:00:00,556.0,8.01,154.0,8.04,1.852,0.0,0.0,2.249820014398848
,2492,2025-11-25,22:00:00,550.0,8.03,138.0,8.08,1.814,0.0,0.0,2.296949650863653
,2493,2025-11-25,23:00:00,538.0,7.97,149.0,8.011,1.777,0.0,0.0,2.3447758394297504
,2494,2025-11-25,00:00:00,541.0,7.98,150.0,8.02,1.74,0.0,0.0,2.3946360153256707
,2495,2025-11-25,01:00:00,547.0,7.96,160.0,8.04,1.703,0.0,0.0,2.4466627520062634
,2496,2025-11-25,02:00:00,553.0,7.93,158.0,8.01,1.703,0.0,0.0,2.4466627520062634
,2497,2025-11-25,03:00:00,566.0,7.9,155.0,7.97,1.703,0.0,0.0,2.4466627520062634
,2498,2025-11-25,04:00:00,562.0,7.88,152.0,7.95,1.667,0.0,0.0,2.4995000999800037
,2499,2025-11-25,05:00:00,559.0,7.85,149.0,7.92,1.667,0.0,0.0,2.4995000999800037
,2500,2025-11-25,06:00:00,554.0,7.89,137.0,7.94,1.667,0.0,0.0,2.4995000999800037
,2501,2025-11-26,06:30:00,418.0,7.88,153.0,8.01,1.631,0.0,0.0,0.0
,2502,2025-11-26,07:00:00,415.0,7.92,149.0,8.04,1.631,0.0,0.0,2.5546699366441854
,2503,2025-11-26,08:00:00,409.0,7.97,152.0,7.95,1.631,0.0,0.0,1.7031132910961237
,2504,2025-11-26,09:00:00,417.0,7.84,146.0,7.92,1.631,0.0,0.0,1.3624906328768989
,2505,2025-11-26,10:00:00,389.0,7.87,151.0,7.9,1.595,0.0,0.0,1.3932427725531176
,2506,2025-11-26,11:00:00,343.0,7.73,160.0,7.86,1.595,0.0,0.0,1.3932427725531176
,2507,2025-11-26,12:00:00,302.0,7.66,168.0,7.84,1.595,0.0,0.0,1.3932427725531176
,2508,2025-11-26,13:00:00,316.0,7.7,162.0,7.89,1.595,0.0,0.0,1.3932427725531176
,2509,2025-11-26,14:00:00,309.0,7.75,155.0,7.86,1.56,0.0,0.0,1.4245014245014243
,2510,2025-11-26,15:00:00,314.0,7.81,151.0,7.9,1.56,0.0,0.0,1.4245014245014243
,2511,2025-11-26,16:00:00,306.0,7.73,146.0,7.87,1.56,0.0,0.0,1.4245014245014243
,2512,2025-11-26,17:00:00,297.0,7.69,141.0,7.88,1.56,0.0,0.0,0.0
,2513,2025-11-26,18:00:00,283.0,7.67,139.0,7.92,1.56,0.0,0.0,0.0
,2514,2025-11-26,19:00:00,243.0,7.64,132.0,7.82,1.49,0.0,0.0,0.0
,2515,2025-11-26,20:00:00,252.0,7.69,127.0,7.8,1.456,0.0,0.0,0.0
,2516,2025-11-26,21:00:00,257.0,7.73,130.0,7.76,1.388,0.0,0.0,0.0
,2517,2025-11-26,22:00:00,263.0,7.82,126.0,7.71,1.355,0.0,0.0,0.0
,2518,2025-11-26,23:00:00,270.0,7.77,124.0,7.75,1.322,0.0,0.0,0.0
,2519,2025-11-26,00:00:00,278.0,7.86,122.0,7.78,1.257,0.0,0.0,0.0
,2520,2025-11-26,01:00:00,272.0,7.78,126.0,7.82,1.257,0.0,0.0,0.0
,2521,2025-11-26,02:00:00,270.0,7.8,128.0,7.8,1.225,0.0,0.0,0.0
,2522,2025-11-26,03:00:00,264.0,7.79,136.0,7.83,1.225,0.0,0.0,0.0
,2523,2025-11-26,04:00:00,273.0,7.73,132.0,7.85,1.193,0.0,0.0,0.0
,2524,2025-11-26,05:00:00,269.0,7.75,131.0,7.89,1.162,0.0,0.0,0.0
,2525,2025-11-26,06:00:00,262.0,7.76,139.0,7.86,1.162,0.0,0.0,0.0
,2526,2025-11-27,06:30:00,286.0,7.54,132.0,7.83,1.225,0.0,0.0,0.0
,2527,2025-11-27,07:00:00,279.0,7.59,135.0,7.87,1.225,0.0,0.0,0.0
,2528,2025-11-27,08:00:00,274.0,7.66,133.0,7.74,1.225,0.0,0.0,0.0
,2529,2025-11-27,09:00:00,263.0,7.69,126.0,7.8,1.162,0.0,0.0,0.0
,2530,2025-11-27,10:00:00,247.0,7.58,122.0,7.73,1.1,0.0,0.0,0.0
,2531,2025-11-27,11:00:00,233.0,7.66,115.0,7.77,1.04,0.0,0.0,0.0
,2532,2025-11-27,12:00:00,241.0,7.61,104.0,7.8,1.011,0.0,0.0,0.0
,2533,2025-11-27,13:00:00,237.0,7.54,109.0,7.88,0.982,0.0,0.0,0.0
,2534,2025-11-27,14:00:00,233.0,7.52,112.0,7.9,0.953,0.0,0.0,0.0
,2535,2025-11-27,15:00:00,229.0,7.76,106.0,7.93,0.924,0.0,0.0,0.0
,2536,2025-11-27,16:00:00,234.0,7.7,117.0,7.97,0.896,0.0,0.0,0.0
,2537,2025-11-27,17:00:00,217.0,7.64,112.0,7.86,0.869,0.0,0.0,0.0
,2538,2025-11-27,18:00:00,180.0,7.67,105.0,7.79,0.869,0.0,0.0,0.0
,2539,2025-11-27,19:00:00,173.0,7.65,105.0,7.86,0.839,0.0,0.0,0.0
,2540,2025-11-27,20:00:00,168.0,7.7,110.0,7.82,0.869,0.0,0.0,0.0
,2541,2025-11-27,21:00:00,170.0,7.67,107.0,7.8,0.841,0.0,0.0,0.0
,2542,2025-11-27,22:00:00,174.0,7.71,109.0,7.77,0.841,0.0,0.0,0.0
,2543,2025-11-27,23:00:00,179.0,7.83,146.0,7.8,0.761,0.0,0.0,0.0
,2544,2025-11-27,00:00:00,181.0,7.89,177.0,7.82,0.66,0.0,0.0,0.0
,2545,2025-11-27,01:00:00,173.0,7.82,178.0,7.85,0.588,0.0,0.0,0.0
,2546,2025-11-27,02:00:00,177.0,7.86,183.0,7.81,0.542,0.0,0.0,0.0
,2547,2025-11-27,03:00:00,181.0,7.8,181.0,7.82,0.542,0.0,0.0,0.0
,2548,2025-11-27,04:00:00,179.0,7.79,177.0,7.78,0.542,0.0,0.0,0.0
,2549,2025-11-27,05:00:00,180.0,7.76,171.0,7.81,0.542,0.0,0.0,0.0
,2550,2025-11-27,06:00:00,176.0,7.78,178.0,7.79,0.542,0.0,0.0,0.0
,2551,2025-11-28,06:30:00,201.0,7.66,130.0,7.76,0.497,0.0,0.0,0.0
,2552,2025-11-28,07:00:00,206.0,7.63,136.0,7.79,0.497,0.0,0.0,0.0
,2553,2025-11-28,08:00:00,193.0,7.5,134.0,7.88,0.497,0.0,0.0,0.0
,2554,2025-11-28,09:00:00,197.0,7.57,129.0,7.83,0.497,0.0,0.0,0.0
,2555,2025-11-28,10:00:00,188.0,7.62,127.0,7.74,0.497,0.0,0.0,0.0
,2556,2025-11-28,11:00:00,182.0,7.69,119.0,7.71,0.497,0.0,0.0,0.0
,2557,2025-11-28,12:00:00,185.0,7.78,133.0,7.92,0.497,0.0,0.0,0.0
,2558,2025-11-28,13:00:00,190.0,7.76,126.0,7.86,0.497,0.0,0.0,0.0
,2559,2025-11-28,14:00:00,184.0,7.57,121.0,7.78,0.497,0.0,0.0,0.0
,2560,2025-11-28,15:00:00,187.0,7.6,128.0,7.82,0.497,0.0,0.0,0.0
,2561,2025-11-28,16:00:00,191.0,7.58,132.0,7.84,0.497,0.0,0.0,0.0
,2562,2025-11-28,17:00:00,177.0,7.69,135.0,7.91,0.497,0.0,0.0,0.0
,2563,2025-11-28,18:00:00,166.0,7.82,138.0,7.94,0.497,0.0,0.0,0.0
,2564,2025-11-28,19:00:00,169.0,7.75,154.0,7.88,0.497,0.0,0.0,0.0
,2565,2025-11-28,20:00:00,173.0,7.76,157.0,7.86,0.497,0.0,0.0,0.0
,2566,2025-11-28,21:00:00,178.0,7.78,151.0,7.82,0.497,0.0,0.0,0.0
,2567,2025-11-28,22:00:00,183.0,7.73,137.0,7.88,0.497,0.0,0.0,0.0
,2568,2025-11-28,23:00:00,192.0,7.77,133.0,7.859,0.497,0.0,0.0,0.0
,2569,2025-11-28,00:00:00,207.0,7.75,129.0,7.83,0.497,0.0,0.0,0.0
,2570,2025-11-28,01:00:00,193.0,7.72,136.0,7.88,0.497,0.0,0.0,0.0
,2571,2025-11-28,02:00:00,190.0,7.78,130.0,7.85,0.497,0.0,0.0,0.0
,2572,2025-11-28,03:00:00,186.0,7.76,135.0,7.82,0.497,0.0,0.0,0.0
,2573,2025-11-28,04:00:00,198.0,7.8,130.0,7.88,0.497,0.0,0.0,0.0
,2574,2025-11-28,05:00:00,211.0,7.79,127.0,7.85,0.497,0.0,0.0,0.0
,2575,2025-11-28,06:00:00,202.0,7.75,132.0,7.82,0.497,0.0,0.0,0.0
,2576,2025-11-29,06:30:00,200.0,7.82,151.0,7.53,0.454,0.0,0.0,0.0
,2577,2025-11-29,07:00:00,188.0,7.84,140.0,7.69,0.475,0.0,0.0,0.0
,2578,2025-11-29,08:00:00,179.0,7.82,124.0,7.82,0.497,0.0,0.0,0.0
,2579,2025-11-29,09:00:00,198.0,7.85,130.0,7.8,0.519,0.0,0.0,0.0
,2580,2025-11-29,10:00:00,199.0,7.87,128.0,7.83,0.592,0.0,0.0,0.0
,2581,2025-11-29,11:00:00,211.0,7.82,136.0,7.74,0.569,0.0,0.0,0.0
,2582,2025-11-29,12:00:00,218.0,7.76,141.0,7.72,0.588,0.0,0.0,0.0
,2583,2025-11-29,13:00:00,233.0,7.7,144.0,7.78,0.612,0.0,0.0,0.0
,2584,2025-11-29,14:00:00,241.0,7.74,138.0,7.81,0.735,0.0,0.0,0.0
,2585,2025-11-29,15:00:00,184.0,7.69,143.0,7.84,0.814,0.0,0.0,0.0
,2586,2025-11-29,16:00:00,180.0,7.67,130.0,8.02,0.814,0.0,0.0,0.0
,2587,2025-11-29,17:00:00,175.0,7.64,118.0,8.1,0.841,0.0,0.0,0.0
,2588,2025-11-29,18:00:00,141.0,7.67,123.0,8.08,0.841,0.0,0.0,0.0
,2589,2025-11-29,19:00:00,143.0,7.4,92.0,7.99,0.841,0.0,0.0,0.0
,2590,2025-11-29,20:00:00,139.0,7.46,95.0,8.03,0.841,0.0,0.0,0.0
,2591,2025-11-29,21:00:00,137.0,7.5,101.0,8.08,0.869,0.0,0.0,0.0
,2592,2025-11-29,22:00:00,143.0,7.54,107.0,8.17,0.869,0.0,0.0,0.0
,2593,2025-11-29,23:00:00,156.0,7.49,103.0,8.13,0.869,0.0,0.0,0.0
,2594,2025-11-29,00:00:00,162.0,7.46,96.0,8.04,0.869,0.0,0.0,0.0
,2595,2025-11-29,01:00:00,149.0,7.53,100.0,8.09,0.869,0.0,0.0,0.0
,2596,2025-11-29,02:00:00,151.0,7.61,98.0,8.16,0.841,0.0,0.0,0.0
,2597,2025-11-29,03:00:00,164.0,7.58,101.0,8.13,0.841,0.0,0.0,0.0
,2598,2025-11-29,04:00:00,175.0,7.66,103.0,8.21,0.814,0.0,0.0,0.0
,2599,2025-11-29,05:00:00,173.0,7.62,100.0,8.15,0.814,0.0,0.0,0.0
,2600,2025-11-29,06:00:00,178.0,7.68,104.0,8.18,0.788,0.0,0.0,0.0
,2601,2025-11-30,06:30:00,246.0,7.81,100.0,8.06,0.788,0.0,0.0,0.0
,2602,2025-11-30,07:00:00,248.0,7.84,98.0,8.08,0.788,0.0,0.0,0.0
,2603,2025-11-30,08:00:00,245.0,7.87,89.0,7.91,0.761,0.0,0.0,0.0
,2604,2025-11-30,09:00:00,240.0,7.85,90.0,7.93,0.761,0.0,0.0,0.0
,2605,2025-11-30,10:00:00,212.0,7.82,88.0,7.9,0.735,0.0,0.0,0.0
,2606,2025-11-30,11:00:00,183.0,7.75,86.0,7.88,0.735,0.0,0.0,0.0
,2607,2025-11-30,12:00:00,158.0,7.62,90.0,7.84,0.735,0.0,0.0,0.0
,2608,2025-11-30,13:00:00,153.0,7.7,94.0,7.86,0.71,0.0,0.0,0.0
,2609,2025-11-30,14:00:00,149.0,7.73,91.0,7.91,0.71,0.0,0.0,0.0
,2610,2025-11-30,15:00:00,143.0,7.8,88.0,7.89,0.685,0.0,0.0,0.0
,2611,2025-11-30,16:00:00,141.0,7.78,86.0,7.94,0.685,0.0,0.0,0.0
,2612,2025-11-30,17:00:00,145.0,7.77,84.0,7.97,0.66,0.0,0.0,0.0
,2613,2025-11-30,18:00:00,142.0,7.82,82.0,7.99,0.66,0.0,0.0,0.0
,2614,2025-11-30,19:00:00,175.0,7.67,96.0,7.81,0.66,0.0,0.0,0.0
,2615,2025-11-30,20:00:00,172.0,7.69,93.0,7.86,0.66,0.0,0.0,0.0
,2616,2025-11-30,21:00:00,168.0,7.71,89.0,7.89,0.636,0.0,0.0,0.0
,2617,2025-11-30,22:00:00,171.0,7.68,91.0,7.84,0.636,0.0,0.0,0.0
,2618,2025-11-30,23:00:00,195.0,7.634,92.0,7.78,0.612,0.0,0.0,0.0
,2619,2025-11-30,00:00:00,228.0,7.6,94.0,7.746,0.612,0.0,0.0,0.0
,2620,2025-11-30,01:00:00,236.0,7.73,105.0,7.82,0.588,0.0,0.0,0.0
,2621,2025-11-30,02:00:00,251.0,7.66,97.0,7.78,0.588,0.0,0.0,0.0
,2622,2025-11-30,03:00:00,233.0,7.74,108.0,7.84,0.565,0.0,0.0,0.0
,2623,2025-11-30,04:00:00,247.0,7.6,115.0,7.72,0.542,0.0,0.0,0.0
,2624,2025-11-30,05:00:00,238.0,7.67,109.0,7.81,0.519,0.0,0.0,0.0
,2625,2025-11-30,06:00:00,245.0,7.64,118.0,7.76,0.519,0.0,0.0,0.0
,2626,2025-12-01,06:30:00,257.0,7.74,93.0,7.83,0.519,0.0,0.0,0.0
,2627,2025-12-01,07:00:00,259.0,7.78,91.0,7.86,0.519,0.0,0.0,0.0
,2628,2025-12-01,08:00:00,262.0,7.8,101.0,7.88,0.519,0.0,0.0,0.0
,2629,2025-12-01,09:00:00,268.0,7.83,96.0,7.97,0.519,0.0,0.0,0.0
,2630,2025-12-01,10:00:00,246.0,7.71,88.0,7.88,0.519,0.0,0.0,0.0
,2631,2025-12-01,11:00:00,238.0,7.8,79.0,7.9,0.519,0.0,0.0,0.0
,2632,2025-12-01,12:00:00,221.0,7.79,84.0,7.89,0.519,0.0,0.0,0.0
,2633,2025-12-01,13:00:00,187.0,7.78,76.0,7.93,0.519,0.0,0.0,0.0
,2634,2025-12-01,14:00:00,190.0,7.95,108.0,7.96,0.497,0.0,0.0,0.0
,2635,2025-12-01,15:00:00,198.0,8.07,135.0,7.99,0.497,0.0,0.0,0.0
,2636,2025-12-01,16:00:00,195.0,8.14,152.0,8.02,0.497,0.0,0.0,0.0
,2637,2025-12-01,17:00:00,193.0,8.19,161.0,8.0,0.475,0.0,0.0,0.0
,2638,2025-12-01,18:00:00,256.0,8.22,178.0,8.07,0.497,0.0,0.0,0.0
,2639,2025-12-01,19:00:00,222.0,7.5,159.0,7.93,0.542,0.0,0.0,0.0
,2640,2025-12-01,20:00:00,217.0,7.62,151.0,7.99,0.542,0.0,0.0,0.0
,2641,2025-12-01,21:00:00,225.0,7.57,154.0,7.87,0.565,0.0,0.0,0.0
,2642,2025-12-01,22:00:00,228.0,7.43,148.0,7.82,0.66,0.0,0.0,0.0
,2643,2025-12-01,23:00:00,236.0,7.59,160.0,7.93,0.66,0.0,0.0,0.0
,2644,2025-12-01,00:00:00,242.0,7.74,164.0,8.04,0.66,0.0,0.0,0.0
,2645,2025-12-01,01:00:00,248.0,7.87,151.0,8.01,0.735,0.0,0.0,0.0
,2646,2025-12-01,02:00:00,239.0,7.76,162.0,7.98,0.788,0.0,0.0,0.0
,2647,2025-12-01,03:00:00,254.0,7.82,169.0,8.03,0.982,0.0,0.0,0.0
,2648,2025-12-01,04:00:00,241.0,7.87,167.0,8.05,1.131,0.0,0.0,0.0
,2649,2025-12-01,05:00:00,249.0,7.73,159.0,7.91,1.257,0.0,0.0,0.0
,2650,2025-12-01,06:00:00,264.0,7.76,163.0,8.06,1.422,0.0,0.0,0.0
,2651,2025-12-02,06:30:00,269.0,7.967,199.0,7.74,1.49,0.0,0.0,0.0
,2652,2025-12-02,07:00:00,272.0,7.95,189.0,7.77,1.49,0.0,0.0,0.0
,2653,2025-12-02,08:00:00,286.0,7.98,182.0,7.9,1.49,0.0,0.0,0.0
,2654,2025-12-02,09:00:00,280.0,7.92,193.0,7.82,1.525,0.0,0.0,0.0
,2655,2025-12-02,10:00:00,293.0,7.99,190.0,7.79,1.56,0.0,0.0,0.0
,2656,2025-12-02,11:00:00,268.0,7.82,171.0,7.82,1.631,0.0,0.0,0.0
,2657,2025-12-02,12:00:00,253.0,7.85,167.0,7.9,1.631,0.0,0.0,0.0
,2658,2025-12-02,13:00:00,237.0,7.74,149.0,7.94,1.631,0.0,0.0,0.0
,2659,2025-12-02,14:00:00,239.0,7.72,157.0,7.91,1.631,0.0,0.0,0.0
,2660,2025-12-02,15:00:00,232.0,7.76,163.0,7.86,1.631,0.0,0.0,0.0
,2661,2025-12-02,16:00:00,258.0,7.82,171.0,7.89,1.631,0.0,0.0,0.0
,2662,2025-12-02,17:00:00,271.0,7.99,175.0,7.86,1.631,0.0,0.0,0.0
,2663,2025-12-02,18:00:00,278.0,7.94,170.0,7.88,1.631,0.0,0.0,0.0
,2664,2025-12-02,19:00:00,450.0,7.92,152.0,8.26,1.595,0.0,0.0,1.7415534656913967
,2665,2025-12-02,20:00:00,462.0,8.06,157.0,8.23,1.595,0.0,0.0,1.7415534656913967
,2666,2025-12-02,21:00:00,481.0,8.04,164.0,8.27,1.595,0.0,0.0,1.7415534656913967
,2667,2025-12-02,22:00:00,494.0,8.01,170.0,8.3,1.595,0.0,0.0,1.7415534656913967
,2668,2025-12-02,23:00:00,507.0,8.05,162.0,8.22,1.595,0.0,0.0,1.7415534656913967
,2669,2025-12-02,00:00:00,514.0,8.02,151.0,8.13,1.595,0.0,0.0,1.7415534656913967
,2670,2025-12-02,01:00:00,520.0,7.97,140.0,8.01,1.595,0.0,0.0,1.7415534656913967
,2671,2025-12-02,02:00:00,517.0,8,142.0,8.0,1.56,0.0,0.0,1.7806267806267804
,2672,2025-12-02,03:00:00,511.0,7.98,144.0,7.94,1.56,0.0,0.0,1.7806267806267804
,2673,2025-12-02,04:00:00,513.0,7.95,141.0,7.88,1.525,0.0,0.0,1.8214936247723132
,2674,2025-12-02,05:00:00,506.0,7.92,139.0,7.85,1.49,0.0,0.0,1.8642803877703207
,2675,2025-12-02,06:00:00,517.0,7.97,146.0,7.83,1.49,0.0,0.0,1.8642803877703207
,2676,2025-12-03,06:30:00,520.0,7.72,181.0,7.86,1.422,0.0,0.0,0.0
,2677,2025-12-03,07:00:00,515.0,7.75,177.0,7.9,1.422,0.0,0.0,1.7580872011251758
,2678,2025-12-03,08:00:00,503.0,7.79,169.0,8.05,1.322,0.0,0.0,1.8910741301059
,2679,2025-12-03,09:00:00,405.0,7.73,162.0,7.93,1.289,0.0,0.0,1.2929919834497028
,2680,2025-12-03,10:00:00,363.0,7.76,184.0,7.91,1.257,0.0,0.0,0.6629541235746487
,2681,2025-12-03,11:00:00,340.0,7.8,206.0,7.896,1.225,0.0,0.0,0.6802721088435373
,2682,2025-12-03,12:00:00,325.0,7.81,236.0,7.98,1.193,0.0,0.0,0.6985191394244202
,2683,2025-12-03,13:00:00,330.0,7.86,242.0,7.94,1.162,0.0,0.0,0.717154331612163
,2684,2025-12-03,14:00:00,332.0,7.84,240.0,7.93,1.131,0.0,0.0,0.7368110816386678
,2685,2025-12-03,15:00:00,314.0,7.88,234.0,7.92,1.1,0.0,0.0,0.7575757575757575
,2686,2025-12-03,16:00:00,318.0,7.85,229.0,7.95,1.1,0.0,0.0,0.7575757575757575
,2687,2025-12-03,17:00:00,310.0,7.91,224.0,7.93,1.07,0.0,0.0,0.778816199376947
,2688,2025-12-03,18:00:00,322.0,7.95,230.0,7.96,1.07,0.0,0.0,0.778816199376947
,2689,2025-12-03,19:00:00,337.0,8.03,225.0,8.14,1.011,0.0,0.0,0.8242664029014178
,2690,2025-12-03,20:00:00,348.0,8.01,217.0,8.04,0.953,0.0,0.0,0.8744316194473593
,2691,2025-12-03,21:00:00,351.0,7.99,210.0,8.03,0.924,0.0,0.0,0.9018759018759018
,2692,2025-12-03,22:00:00,348.0,8.02,208.0,8.02,0.924,0.0,0.0,0.9018759018759018
,2693,2025-12-03,23:00:00,343.0,8,201.0,8.04,0.896,0.0,0.0,0.9300595238095237
,2694,2025-12-03,00:00:00,341.0,7.97,194.0,7.97,0.896,0.0,0.0,0.9300595238095237
,2695,2025-12-03,01:00:00,337.0,7.94,197.0,7.99,0.869,0.0,0.0,0.9589566551591868
,2696,2025-12-03,02:00:00,330.0,7.92,180.0,8.0,0.869,0.0,0.0,0.9589566551591868
,2697,2025-12-03,03:00:00,325.0,7.88,174.0,7.98,0.841,0.0,0.0,0.9908838684106224
,2698,2025-12-03,04:00:00,319.0,7.9,171.0,7.96,0.814,0.0,0.0,1.0237510237510237
,2699,2025-12-03,05:00:00,314.0,7.85,167.0,7.93,0.788,0.0,0.0,1.057529610829103
,2700,2025-12-03,06:00:00,317.0,7.83,169.0,7.91,0.788,0.0,0.0,1.057529610829103
,2701,2025-12-04,06:30:00,312.0,7.72,180.0,7.92,0.66,0.0,0.0,0.0
,2702,2025-12-04,07:00:00,307.0,7.79,178.0,7.96,0.66,0.0,0.0,1.2626262626262625
,2703,2025-12-04,08:00:00,310.0,7.76,160.0,8.22,0.66,0.0,0.0,0.8417508417508417
,2704,2025-12-04,09:00:00,306.0,7.8,161.0,7.98,0.636,0.0,0.0,0.8735150244584206
,2705,2025-12-04,10:00:00,317.0,7.84,166.0,7.96,0.588,0.0,0.0,0.472411186696901
,2706,2025-12-04,11:00:00,296.0,7.87,147.0,7.962,0.565,0.0,0.0,0.0
,2707,2025-12-04,12:00:00,293.0,7.91,131.0,7.88,0.542,0.0,0.0,0.0
,2708,2025-12-04,13:00:00,290.0,7.88,140.0,7.9,0.542,0.0,0.0,0.0
,2709,2025-12-04,14:00:00,286.0,7.93,146.0,7.93,0.543,0.0,0.0,0.0
,2710,2025-12-04,15:00:00,264.0,7.96,142.0,7.92,0.542,0.0,0.0,0.0
,2711,2025-12-04,16:00:00,251.0,7.91,140.0,7.9,0.519,0.0,0.0,0.0
,2712,2025-12-04,17:00:00,244.0,7.96,136.0,7.93,0.519,0.0,0.0,0.0
,2713,2025-12-04,18:00:00,242.0,7.98,139.0,7.91,0.519,0.0,0.0,0.0
,2714,2025-12-04,19:00:00,258.0,7.91,111.0,8.03,0.519,0.0,0.0,0.0
,2715,2025-12-04,20:00:00,261.0,7.94,118.0,8.06,0.497,0.0,0.0,0.0
,2716,2025-12-04,21:00:00,263.0,7.98,121.0,8.1,0.497,0.0,0.0,0.0
,2717,2025-12-04,22:00:00,271.0,7.96,124.0,8.12,0.497,0.0,0.0,0.0
,2718,2025-12-04,23:00:00,275.0,7.89,122.0,8.09,0.497,0.0,0.0,0.0
,2719,2025-12-04,00:00:00,282.0,7.82,119.0,8.08,0.497,0.0,0.0,0.0
,2720,2025-12-04,01:00:00,287.0,7.9,118.0,8.07,0.497,0.0,0.0,0.0
,2721,2025-12-04,02:00:00,285.0,7.88,114.0,8.04,0.475,0.0,0.0,0.0
,2722,2025-12-04,03:00:00,288.0,7.85,111.0,8.01,0.475,0.0,0.0,0.0
,2723,2025-12-04,04:00:00,286.0,7.81,100.0,7.98,0.475,0.0,0.0,0.0
,2724,2025-12-04,05:00:00,284.0,7.83,107.0,7.94,0.454,0.0,0.0,0.0
,2725,2025-12-04,06:00:00,287.0,7.86,110.0,7.96,0.454,0.0,0.0,0.0
,2726,2025-12-05,06:30:00,259.0,7.68,94.0,7.92,0.433,0.0,0.0,0.0
,2727,2025-12-05,07:00:00,262.0,7.64,97.0,7.88,0.433,0.0,0.0,0.0
,2728,2025-12-05,08:00:00,257.0,7.59,90.0,7.75,0.433,0.0,0.0,0.0
,2729,2025-12-05,09:00:00,249.0,7.53,96.0,7.81,0.433,0.0,0.0,0.0
,2730,2025-12-05,10:00:00,246.0,7.6,100.0,7.79,0.433,0.0,0.0,0.0
,2731,2025-12-05,11:00:00,251.0,7.51,103.0,7.68,0.433,0.0,0.0,0.0
,2732,2025-12-05,12:00:00,233.0,7.89,98.0,8.02,0.433,0.0,0.0,0.0
,2733,2025-12-05,13:00:00,229.0,7.64,93.0,8.09,0.433,0.0,0.0,0.0
,2734,2025-12-05,14:00:00,247.0,7.78,89.0,8.0,0.454,0.0,0.0,0.0
,2735,2025-12-05,15:00:00,253.0,7.82,85.0,8.04,0.454,0.0,0.0,0.0
,2736,2025-12-05,16:00:00,261.0,7.77,87.0,8.01,0.47,0.0,0.0,0.0
,2737,2025-12-05,17:00:00,248.0,7.8,91.0,8.06,0.175,0.0,0.0,0.0
,2738,2025-12-05,18:00:00,230.0,7.85,94.0,8.04,0.497,0.0,0.0,0.0
,2739,2025-12-05,19:00:00,200.0,7.53,96.0,7.93,0.565,0.0,0.0,0.0
,2740,2025-12-05,20:00:00,216.0,7.62,98.0,8.02,0.588,0.0,0.0,0.0
,2741,2025-12-05,21:00:00,208.0,7.66,92.0,7.96,0.612,0.0,0.0,0.0
,2742,2025-12-05,22:00:00,220.0,7.73,95.0,8.0,0.636,0.0,0.0,0.0
,2743,2025-12-05,23:00:00,219.0,7.79,94.0,8.03,0.66,0.0,0.0,0.0
,2744,2025-12-05,00:00:00,229.0,7.88,97.0,8.09,0.685,0.0,0.0,0.0
,2745,2025-12-05,01:00:00,233.0,7.73,93.0,8.06,0.71,0.0,0.0,0.0
,2746,2025-12-05,02:00:00,239.0,7.86,99.0,8.02,0.71,0.0,0.0,0.0
,2747,2025-12-05,03:00:00,236.0,7.82,92.0,8.05,0.71,0.0,0.0,0.0
,2748,2025-12-05,04:00:00,227.0,7.89,90.0,8.07,0.735,0.0,0.0,0.0
,2749,2025-12-05,05:00:00,221.0,7.88,94.0,8.08,0.735,0.0,0.0,0.0
,2750,2025-12-05,06:00:00,225.0,7.9,98.0,8.052,0.735,0.0,0.0,0.0
,2751,2025-12-06,06:30:00,218.0,7.87,95.0,8.0,0.685,0.0,0.0,0.0
,2752,2025-12-06,07:00:00,221.0,7.83,99.0,8.04,0.685,0.0,0.0,0.0
,2753,2025-12-06,08:00:00,217.0,7.81,98.0,7.742,0.685,0.0,0.0,0.0
,2754,2025-12-06,09:00:00,214.0,7.77,93.0,7.8,0.685,0.0,0.0,0.0
,2755,2025-12-06,10:00:00,211.0,7.74,90.0,7.84,0.685,0.0,0.0,0.0
,2756,2025-12-06,11:00:00,195.0,7.68,87.0,7.91,0.685,0.0,0.0,0.0
,2757,2025-12-06,12:00:00,178.0,7.63,83.0,7.85,0.685,0.0,0.0,0.0
,2758,2025-12-06,13:00:00,188.0,7.72,80.0,7.88,0.685,0.0,0.0,0.0
,2759,2025-12-06,14:00:00,182.0,7.68,84.0,7.86,0.685,0.0,0.0,0.0
,2760,2025-12-06,15:00:00,189.0,7.73,92.0,7.89,0.66,0.0,0.0,0.0
,2761,2025-12-06,16:00:00,185.0,7.74,81.0,7.94,0.66,0.0,0.0,0.0
,2762,2025-12-06,17:00:00,163.0,7.56,76.0,7.83,0.636,0.0,0.0,0.0
,2763,2025-12-06,18:00:00,128.0,7.39,62.0,7.91,0.636,0.0,0.0,0.0
,2764,2025-12-06,19:00:00,149.0,7.78,63.0,7.9,0.612,0.0,0.0,0.0
,2765,2025-12-06,20:00:00,157.0,7.83,65.0,7.94,0.612,0.0,0.0,0.0
,2766,2025-12-06,21:00:00,173.0,7.76,61.0,7.98,0.588,0.0,0.0,0.0
,2767,2025-12-06,22:00:00,196.0,7.78,67.0,7.93,0.565,0.0,0.0,0.0
,2768,2025-12-06,23:00:00,219.0,7.8,62.0,7.91,0.565,0.0,0.0,0.0
,2769,2025-12-06,00:00:00,239.0,7.82,64.0,7.96,0.542,0.0,0.0,0.0
,2770,2025-12-06,01:00:00,230.0,7.87,67.0,7.98,0.542,0.0,0.0,0.0
,2771,2025-12-06,02:00:00,227.0,7.83,62.0,7.93,0.542,0.0,0.0,0.0
,2772,2025-12-06,03:00:00,218.0,7.85,64.0,7.97,0.542,0.0,0.0,0.0
,2773,2025-12-06,04:00:00,222.0,7.82,61.0,7.94,0.519,0.0,0.0,0.0
,2774,2025-12-06,05:00:00,230.0,7.85,56.0,7.83,0.519,0.0,0.0,0.0
,2775,2025-12-06,06:00:00,224.0,7.88,60.0,7.89,0.519,0.0,0.0,0.0
,2776,2025-12-07,06:30:00,212.0,7.83,89.0,7.85,0.497,0.0,0.0,0.0
,2777,2025-12-07,07:00:00,209.0,7.79,86.0,7.82,0.497,0.0,0.0,0.0
,2778,2025-12-07,08:00:00,205.0,7.74,84.0,8.33,0.497,0.0,0.0,0.0
,2779,2025-12-07,09:00:00,197.0,7.81,107.0,7.99,0.497,0.0,0.0,0.0
,2780,2025-12-07,10:00:00,186.0,7.66,100.0,7.92,0.497,0.0,0.0,0.0
,2781,2025-12-07,11:00:00,206.0,7.73,96.0,7.88,0.497,0.0,0.0,0.0
,2782,2025-12-07,12:00:00,197.0,7.85,84.0,7.92,0.497,0.0,0.0,0.0
,2783,2025-12-07,13:00:00,194.0,7.83,87.0,7.95,0.475,0.0,0.0,0.0
,2784,2025-12-07,14:00:00,191.0,7.8,83.0,7.97,0.4756,0.0,0.0,0.0
,2785,2025-12-07,15:00:00,188.0,7.76,94.0,7.9,0.454,0.0,0.0,0.0
,2786,2025-12-07,16:00:00,190.0,7.78,97.0,7.98,0.454,0.0,0.0,0.0
,2787,2025-12-07,17:00:00,179.0,7.92,95.0,8.04,0.433,0.0,0.0,0.0
,2788,2025-12-07,18:00:00,160.0,7.97,92.0,8.08,0.433,0.0,0.0,0.0
,2789,2025-12-07,19:00:00,165.0,7.92,119.0,8.08,0.433,0.0,0.0,0.0
,2790,2025-12-07,20:00:00,161.0,7.96,107.0,8.1,0.433,0.0,0.0,0.0
,2791,2025-12-07,21:00:00,177.0,7.87,113.0,8.02,0.433,0.0,0.0,0.0
,2792,2025-12-07,22:00:00,267.0,7.9,110.0,8.06,0.66,0.0,0.0,0.0
,2793,2025-12-07,23:00:00,638.0,7.82,146.0,8.01,1.225,0.0,0.0,1.8140589569160994
,2794,2025-12-07,00:00:00,382.0,7.93,159.0,8.07,2.331,0.0,0.0,0.5958339291672625
,2795,2025-12-07,01:00:00,625.0,7.9,153.0,8.02,2.766,0.0,0.0,2.5106451353739856
,2796,2025-12-07,02:00:00,932.0,7.84,160.0,7.96,2.857,0.0,0.0,3.889083343056041
,2797,2025-12-07,03:00:00,1452.0,7.86,165.0,7.92,2.766,0.0,0.0,5.021290270747971
,2798,2025-12-07,04:00:00,1656.0,7.69,161.0,7.9,2.721,0.0,0.0,5.104332557474784
,2799,2025-12-07,05:00:00,1872.0,7.58,166.0,7.81,2.632,0.0,0.0,5.27693346842283
,2800,2025-12-07,06:00:00,1764.0,7.63,179.0,7.86,2.501,0.0,0.0,5.55333422186681
,2801,2025-12-08,06:30:00,1593.0,7.66,183.0,7.78,2.458,0.0,0.0,0.0
,2802,2025-12-08,07:00:00,1570.0,7.75,167.0,7.81,2.373,0.0,0.0,0.0
,2803,2025-12-08,08:00:00,1552.0,7.81,177.0,7.79,2.289,0.0,0.0,0.0
,2804,2025-12-08,09:00:00,1495.0,7.79,152.0,7.71,2.289,36.405999708752,18.202999854376,0.0
,2805,2025-12-08,10:00:00,1543.0,7.89,169.0,7.78,2.289,36.405999708752,18.202999854376,0.0
,2806,2025-12-08,11:00:00,970.0,7.7,171.0,7.76,2.248,37.069988137603794,18.534994068801897,0.0
,2807,2025-12-08,12:00:00,868.0,7.52,173.0,7.74,2.166,38.47337642351493,19.236688211757464,0.0
,2808,2025-12-08,13:00:00,887.0,7.49,181.0,7.82,2.126,39.1972405142678,19.5986202571339,0.0
,2809,2025-12-08,14:00:00,845.0,7.5,175.0,7.8,2.126,39.1972405142678,19.5986202571339,0.0
,2810,2025-12-08,15:00:00,793.0,7.53,168.0,7.76,2.126,39.1972405142678,19.5986202571339,0.0
,2811,2025-12-08,16:00:00,781.0,7.57,161.0,7.73,2.086,39.948865452221156,19.974432726110578,0.0
,2812,2025-12-08,17:00:00,776.0,7.59,155.0,7.6,2.086,39.948865452221156,19.974432726110578,0.0
,2813,2025-12-08,18:00:00,750.0,7.62,153.0,7.64,2.086,39.948865452221156,19.974432726110578,0.0
,2814,2025-12-08,19:00:00,555.0,7.24,132.0,7.43,2.006,27.694693696687715,13.847346848343857,0.0
,2815,2025-12-08,20:00:00,562.0,7.28,136.0,7.41,2.006,27.694693696687715,13.847346848343857,0.0
,2816,2025-12-08,21:00:00,574.0,7.33,139.0,7.37,2.006,27.694693696687715,13.847346848343857,0.0
,2817,2025-12-08,22:00:00,586.0,7.37,133.0,7.33,1.967,28.243800485793365,14.121900242896682,0.0
,2818,2025-12-08,23:00:00,581.0,7.44,140.0,7.25,1.967,28.243800485793365,14.121900242896682,0.0
,2819,2025-12-08,00:00:00,579.0,7.65,142.0,7.08,1.56,35.61253561253561,17.806267806267805,0.0
,2820,2025-12-08,01:00:00,577.0,7.62,139.0,7.11,1.56,35.61253561253561,17.806267806267805,0.0
,2821,2025-12-08,02:00:00,575.0,7.58,137.0,7.21,1.89,29.394473838918284,14.697236919459142,0.0
,2822,2025-12-08,03:00:00,573.0,7.46,141.0,7.2,1.852,29.99760019198464,14.99880009599232,0.0
,2823,2025-12-08,04:00:00,578.0,7.51,147.0,7.25,1.814,30.625995344848707,15.312997672424354,0.0
,2824,2025-12-08,05:00:00,574.0,7.53,139.0,7.23,1.777,31.26367785906334,15.63183892953167,0.0
,2825,2025-12-08,06:00:00,576.0,7.54,148.0,7.21,1.74,31.92848020434227,15.964240102171136,0.0
,2826,2025-12-09,06:30:00,486.0,7.58,133.0,7.02,1.703,0.0,0.0,0.0
,2827,2025-12-09,07:00:00,480.0,7.63,131.0,6.89,1.703,0.0,0.0,1.1417759509362564
,2828,2025-12-09,08:00:00,476.0,7.57,147.0,7.33,1.703,0.0,0.0,0.6524434005350035
,2829,2025-12-09,09:00:00,403.0,7.66,151.0,7.24,1.667,0.0,0.0,0.6665333599946677
,2830,2025-12-09,10:00:00,358.0,7.59,154.0,7.18,1.667,0.0,0.0,0.6665333599946677
,2831,2025-12-09,11:00:00,341.0,7.61,158.0,7.12,1.631,0.0,0.0,0.6812453164384494
,2832,2025-12-09,12:00:00,369.0,7.64,167.0,7.06,1.631,0.0,0.0,0.6812453164384494
,2833,2025-12-09,13:00:00,360.0,7.59,148.0,7.03,1.595,0.0,0.0,0.6966213862765588
,2834,2025-12-09,14:00:00,356.0,7.62,151.0,7.15,1.595,0.0,0.0,0.6966213862765588
,2835,2025-12-09,15:00:00,343.0,7.6,165.0,7.13,1.595,0.0,0.0,0.6966213862765588
,2836,2025-12-09,16:00:00,325.0,7.56,172.0,7.1,1.595,0.0,0.0,0.6966213862765588
,2837,2025-12-09,17:00:00,310.0,7.57,175.0,7.07,1.595,0.0,0.0,0.6966213862765588
,2838,2025-12-09,18:00:00,303.0,7.61,177.0,7.05,1.56,0.0,0.0,0.7122507122507121
,2839,2025-12-09,19:00:00,305.0,7.26,166.0,7.02,1.525,0.0,0.0,0.7285974499089254
,2840,2025-12-09,20:00:00,301.0,7.39,160.0,7.09,1.49,0.0,0.0,0.7457121551081283
,2841,2025-12-09,21:00:00,327.0,7.45,149.0,7.11,1.49,0.0,0.0,0.7457121551081283
,2842,2025-12-09,22:00:00,324.0,7.41,147.0,7.08,1.49,0.0,0.0,0.7457121551081283
,2843,2025-12-09,23:00:00,322.0,7.35,145.0,7.03,1.49,0.0,0.0,0.7457121551081283
,2844,2025-12-09,00:00:00,320.0,7.27,142.0,7.06,1.456,0.0,0.0,0.7631257631257631
,2845,2025-12-09,01:00:00,314.0,7.3,154.0,7.13,1.456,0.0,0.0,0.7631257631257631
,2846,2025-12-09,02:00:00,312.0,7.38,158.0,7.18,1.422,0.0,0.0,0.781372089388967
,2847,2025-12-09,03:00:00,308.0,7.42,155.0,7.21,1.422,0.0,0.0,0.781372089388967
,2848,2025-12-09,04:00:00,292.0,7.48,160.0,7.24,1.388,0.0,0.0,0.8005123278898496
,2849,2025-12-09,05:00:00,311.0,7.34,153.0,7.1,1.388,0.0,0.0,0.8005123278898496
,2850,2025-12-09,06:00:00,327.0,7.22,146.0,7.07,1.388,0.0,0.0,0.8005123278898496
,2851,2025-12-10,06:30:00,303.0,7.4,187.0,7.14,1.289,0.0,0.0,0.0
,2852,2025-12-10,07:00:00,310.0,7.44,176.0,7.17,1.225,0.0,0.0,0.9070294784580497
,2853,2025-12-10,08:00:00,308.0,7.48,137.0,7.05,1.193,0.0,0.0,0.9313588525658936
,2854,2025-12-10,09:00:00,302.0,7.49,141.0,7.08,1.193,0.0,0.0,0.9313588525658936
,2855,2025-12-10,10:00:00,306.0,7.45,154.0,7.01,1.195,0.0,0.0,0.9298000929800092
,2856,2025-12-10,11:00:00,304.0,7.43,144.0,7.07,1.162,0.0,0.0,0.9562057754828839
,2857,2025-12-10,12:00:00,311.0,7.56,139.0,7.08,1.162,0.0,0.0,0.9562057754828839
,2858,2025-12-10,13:00:00,306.0,7.48,150.0,7.1,1.131,0.0,0.0,0.9824147755182238
,2859,2025-12-10,14:00:00,303.0,7.4,146.0,7.07,1.131,0.0,0.0,0.9824147755182238
,2860,2025-12-10,15:00:00,350.0,7.46,139.0,7.12,1.257,0.0,0.0,0.8839388314328649
,2861,2025-12-10,16:00:00,337.0,7.24,131.0,7.18,1.49,0.0,0.0,0.7457121551081283
,2862,2025-12-10,17:00:00,323.0,7.16,126.0,7.21,1.595,0.0,0.0,0.6966213862765588
,2863,2025-12-10,18:00:00,311.0,7.2,128.0,7.19,1.703,0.0,0.0,0.6524434005350035
,2864,2025-12-10,19:00:00,222.0,7.22,140.0,7.22,1.703,0.0,0.0,0.0
,2865,2025-12-10,20:00:00,239.0,7.21,137.0,7.18,1.74,0.0,0.0,0.0
,2866,2025-12-10,21:00:00,255.0,7.24,132.0,7.2,1.777,0.0,0.0,0.0
,2867,2025-12-10,22:00:00,258.0,7.27,139.0,7.16,1.852,0.0,0.0,0.0
,2868,2025-12-10,23:00:00,435.0,7.16,144.0,7.12,1.962,0.0,0.0,0.707894438781289
,2869,2025-12-10,00:00:00,522.0,7.09,148.0,7.1,2.126,0.0,0.0,1.8292045573324973
,2870,2025-12-10,01:00:00,626.0,7.21,137.0,7.23,2.248,0.0,0.0,1.8534994068801898
,2871,2025-12-10,02:00:00,639.0,7.19,146.0,7.18,2.331,0.0,0.0,1.7875017875017873
,2872,2025-12-10,03:00:00,651.0,7.26,139.0,7.21,2.289,0.0,0.0,1.8202999854375999
,2873,2025-12-10,04:00:00,647.0,7.28,141.0,7.17,2.248,0.0,0.0,1.8534994068801898
,2874,2025-12-10,05:00:00,638.0,7.18,136.0,7.24,2.207,0.0,0.0,1.8879323365050595
,2875,2025-12-10,06:00:00,656.0,7.22,143.0,7.16,2.16,0.0,0.0,1.929012345679012
,2876,2025-12-11,06:30:00,690.0,7.3,176.0,7.23,2.086,0.0,0.0,0.0
,2877,2025-12-11,07:00:00,687.0,7.36,179.0,7.28,2.086,0.0,0.0,1.9974432726110578
,2878,2025-12-11,08:00:00,652.0,7.38,240.0,7.54,2.046,0.0,0.0,2.036493971977843
,2879,2025-12-11,09:00:00,633.0,7.35,247.0,7.33,2.046,0.0,0.0,2.036493971977843
,2880,2025-12-11,10:00:00,601.0,7.47,262.0,7.39,2.006,0.0,0.0,2.0771020272515788
,2881,2025-12-11,11:00:00,585.0,7.59,253.0,7.48,2.006,0.0,0.0,2.0771020272515788
,2882,2025-12-11,12:00:00,556.0,7.79,249.0,7.66,1.967,0.0,0.0,2.1182850364345027
,2883,2025-12-11,13:00:00,576.0,7.72,254.0,7.69,1.929,0.0,0.0,1.8720119808766775
,2884,2025-12-11,14:00:00,560.0,7.83,242.0,7.73,1.959,0.0,0.0,1.8433441098065906
,2885,2025-12-11,15:00:00,537.0,7.82,250.0,7.86,1.89,0.0,0.0,1.9106407995296886
,2886,2025-12-11,16:00:00,493.0,7.86,247.0,7.91,1.852,0.0,0.0,0.5999520038396927
,2887,2025-12-11,17:00:00,437.0,7.82,243.0,7.97,1.818,0.0,0.0,0.6111722283339446
,2888,2025-12-11,18:00:00,429.0,7.87,249.0,7.95,1.818,0.0,0.0,0.6111722283339446
,2889,2025-12-11,19:00:00,457.0,7.93,231.0,7.6,1.7777,0.0,0.0,0.937541017419512
,2890,2025-12-11,20:00:00,444.0,7.9,234.0,7.67,1.777,0.0,0.0,0.9379103357719002
,2891,2025-12-11,21:00:00,438.0,7.89,223.0,7.78,1.777,0.0,0.0,0.9379103357719002
,2892,2025-12-11,22:00:00,451.0,7.91,226.0,7.81,1.74,0.0,0.0,0.9578544061302683
,2893,2025-12-11,23:00:00,432.0,7.88,220.0,7.74,1.74,0.0,0.0,0.9578544061302683
,2894,2025-12-11,00:00:00,413.0,7.86,218.0,7.74,1.703,0.0,0.0,0.9786651008025053
,2895,2025-12-11,01:00:00,424.0,7.8,204.0,7.77,1.703,0.0,0.0,0.9786651008025053
,2896,2025-12-11,02:00:00,416.0,7.83,198.0,7.74,1.703,0.0,0.0,0.9786651008025053
,2897,2025-12-11,03:00:00,404.0,7.81,195.0,7.71,1.703,0.0,0.0,0.9786651008025053
,2898,2025-12-11,04:00:00,395.0,7.78,190.0,7.66,1.667,0.0,0.0,0.9998000399920016
,2899,2025-12-11,05:00:00,387.0,7.75,187.0,7.63,1.667,0.0,0.0,0.9998000399920016
,2900,2025-12-11,06:00:00,384.0,7.76,183.0,7.61,1.667,0.0,0.0,0.9998000399920016
,2901,2025-12-12,06:30:00,373.0,7.54,191.0,7.75,1.631,0.0,0.0,0.0
,2902,2025-12-12,07:00:00,370.0,7.61,200.0,7.8,1.631,0.0,0.0,0.5109339873288371
,2903,2025-12-12,08:00:00,366.0,7.63,210.0,7.67,1.631,0.0,0.0,0.5109339873288371
,2904,2025-12-12,09:00:00,326.0,7.68,192.0,7.73,1.595,0.0,0.0,0.3483106931382794
,2905,2025-12-12,10:00:00,338.0,7.73,188.0,7.79,1.595,0.0,0.0,0.3483106931382794
,2906,2025-12-12,11:00:00,291.0,7.77,181.0,7.81,1.595,0.0,0.0,0.0
,2907,2025-12-12,12:00:00,269.0,7.72,176.0,7.85,1.595,0.0,0.0,0.0
,2908,2025-12-12,13:00:00,266.0,7.83,173.0,7.82,1.595,0.0,0.0,0.0
,2909,2025-12-12,14:00:00,261.0,7.88,175.0,7.79,1.595,0.0,0.0,0.0
,2910,2025-12-12,15:00:00,257.0,7.84,179.0,7.75,1.595,0.0,0.0,0.0
,2911,2025-12-12,16:00:00,262.0,7.89,173.0,7.73,1.56,0.0,0.0,0.0
,2912,2025-12-12,17:00:00,269.0,7.86,171.0,7.7,1.56,0.0,0.0,0.0
,2913,2025-12-12,18:00:00,260.0,7.83,174.0,7.78,1.56,0.0,0.0,0.0
,2914,2025-12-12,19:00:00,266.0,7.81,165.0,7.88,1.56,0.0,0.0,0.0
,2915,2025-12-12,20:00:00,268.0,7.84,163.0,7.83,1.525,0.0,0.0,0.0
,2916,2025-12-12,21:00:00,273.0,7.82,160.0,7.78,1.525,0.0,0.0,0.0
,2917,2025-12-12,22:00:00,271.0,7.8,158.0,7.75,1.49,0.0,0.0,0.0
,2918,2025-12-12,23:00:00,275.0,7.76,155.0,7.73,1.49,0.0,0.0,0.0
,2919,2025-12-12,00:00:00,272.0,7.7,157.0,7.69,1.456,0.0,0.0,0.0
,2920,2025-12-12,01:00:00,269.0,7.68,168.0,7.72,1.456,0.0,0.0,0.0
,2921,2025-12-12,02:00:00,263.0,7.73,173.0,7.78,1.422,0.0,0.0,0.0
,2922,2025-12-12,03:00:00,265.0,7.75,177.0,7.81,1.388,0.0,0.0,0.0
,2923,2025-12-12,04:00:00,260.0,7.72,185.0,7.79,1.355,0.0,0.0,0.0
,2924,2025-12-12,05:00:00,257.0,7.71,190.0,7.76,1.322,0.0,0.0,0.0
,2925,2025-12-12,06:00:00,246.0,7.72,188.0,7.8,1.289,0.0,0.0,0.0
,2926,2025-12-13,06:30:00,228.0,7.62,192.0,7.84,1.289,0.0,0.0,0.0
,2927,2025-12-13,07:00:00,231.0,7.67,195.0,7.8,1.289,0.0,0.0,0.0
,2928,2025-12-13,08:00:00,220.0,7.72,190.0,7.7,1.257,0.0,0.0,0.0
,2929,2025-12-13,09:00:00,217.0,7.78,187.0,7.73,1.257,0.0,0.0,0.0
,2930,2025-12-13,10:00:00,226.0,7.7,193.0,7.78,1.257,0.0,0.0,0.0
,2931,2025-12-13,11:00:00,209.0,7.76,190.0,7.72,1.225,0.0,0.0,0.0
,2932,2025-12-13,12:00:00,198.0,7.82,193.0,7.67,1.225,0.0,0.0,0.0
,2933,2025-12-13,13:00:00,200.0,7.88,197.0,7.8,1.193,0.0,0.0,0.0
,2934,2025-12-13,14:00:00,197.0,7.9,192.0,7.77,1.193,0.0,0.0,0.0
,2935,2025-12-13,15:00:00,196.0,7.92,190.0,7.86,1.162,0.0,0.0,0.0
,2936,2025-12-13,16:00:00,197.0,7.96,193.0,7.82,1.162,0.0,0.0,0.0
,2937,2025-12-13,17:00:00,193.0,7.99,195.0,7.83,1.131,0.0,0.0,0.0
,2938,2025-12-13,18:00:00,190.0,7.96,189.0,7.8,1.131,0.0,0.0,0.0
,2939,2025-12-13,19:00:00,195.0,7.89,187.0,7.76,1.131,0.0,0.0,0.0
,2940,2025-12-13,20:00:00,186.0,7.94,181.0,7.77,1.131,0.0,0.0,0.0
,2941,2025-12-13,21:00:00,191.0,7.84,179.0,7.81,1.1,0.0,0.0,0.0
,2942,2025-12-13,22:00:00,197.0,7.99,198.0,7.88,1.07,0.0,0.0,0.0
,2943,2025-12-13,23:00:00,189.0,7.93,188.0,7.95,1.07,0.0,0.0,0.0
,2944,2025-12-13,00:00:00,190.0,7.87,184.0,7.9,1.04,0.0,0.0,0.0
,2945,2025-12-13,01:00:00,192.0,7.92,193.0,7.93,1.01,0.0,0.0,0.0
,2946,2025-12-13,02:00:00,196.0,7.9,191.0,7.91,1.011,0.0,0.0,0.0
,2947,2025-12-13,03:00:00,194.0,7.88,189.0,7.88,0.982,0.0,0.0,0.0
,2948,2025-12-13,04:00:00,195.0,7.85,186.0,7.86,0.982,0.0,0.0,0.0
,2949,2025-12-13,05:00:00,193.0,7.82,184.0,7.81,0.953,0.0,0.0,0.0
,2950,2025-12-13,06:00:00,196.0,7.89,185.0,7.85,0.924,0.0,0.0,0.0
,2951,2025-12-14,06:30:00,184.0,7.73,124.0,7.97,0.924,0.0,0.0,0.0
,2952,2025-12-14,07:00:00,180.0,7.69,132.0,7.94,0.924,0.0,0.0,0.0
,2953,2025-12-14,08:00:00,187.0,7.66,177.0,7.47,0.924,0.0,0.0,0.0
,2954,2025-12-14,09:00:00,189.0,7.68,175.0,7.5,0.924,0.0,0.0,0.0
,2955,2025-12-14,10:00:00,191.0,7.74,169.0,7.55,0.924,0.0,0.0,0.0
,2956,2025-12-14,11:00:00,188.0,7.71,173.0,7.48,0.896,0.0,0.0,0.0
,2957,2025-12-14,12:00:00,183.0,7.9,178.0,7.53,0.896,0.0,0.0,0.0
,2958,2025-12-14,13:00:00,194.0,7.86,170.0,7.5,0.896,0.0,0.0,0.0
,2959,2025-12-14,14:00:00,182.0,7.857,166.0,7.44,0.896,0.0,0.0,0.0
,2960,2025-12-14,15:00:00,176.0,7.82,161.0,7.52,0.869,0.0,0.0,0.0
,2961,2025-12-14,16:00:00,165.0,7.756,158.0,7.49,0.869,0.0,0.0,0.0
,2962,2025-12-14,17:00:00,159.0,8.04,156.0,7.61,0.844,0.0,0.0,0.0
,2963,2025-12-14,18:00:00,145.0,8.12,155.0,7.8,0.841,0.0,0.0,0.0
,2964,2025-12-14,19:00:00,158.0,7.66,149.0,7.98,0.788,0.0,0.0,0.0
,2965,2025-12-14,20:00:00,150.0,7.71,151.0,7.9,0.788,0.0,0.0,0.0
,2966,2025-12-14,21:00:00,157.0,7.748,153.0,7.96,0.761,0.0,0.0,0.0
,2967,2025-12-14,22:00:00,163.0,7.83,150.0,7.92,0.761,0.0,0.0,0.0
,2968,2025-12-14,23:00:00,168.0,7.86,146.0,7.97,0.735,0.0,0.0,0.0
,2969,2025-12-14,00:00:00,173.0,7.92,148.0,7.94,0.735,0.0,0.0,0.0
,2970,2025-12-14,01:00:00,170.0,7.95,152.0,7.96,0.71,0.0,0.0,0.0
,2971,2025-12-14,02:00:00,166.0,7.92,146.0,7.93,0.685,0.0,0.0,0.0
,2972,2025-12-14,03:00:00,169.0,7.97,150.0,7.95,0.66,0.0,0.0,0.0
,2973,2025-12-14,04:00:00,162.0,7.94,148.0,7.98,0.636,0.0,0.0,0.0
,2974,2025-12-14,05:00:00,158.0,7.93,144.0,7.96,0.612,0.0,0.0,0.0
,2975,2025-12-14,06:00:00,163.0,7.96,147.0,7.92,0.588,0.0,0.0,0.0
,2976,2025-12-15,06:30:00,183.0,7.79,115.0,8.01,0.588,0.0,0.0,0.0
,2977,2025-12-15,07:00:00,177.0,7.82,100.0,8.12,0.588,0.0,0.0,0.0
,2978,2025-12-15,08:00:00,171.0,7.85,117.0,8.07,0.588,0.0,0.0,0.0
,2979,2025-12-15,09:00:00,174.0,7.91,138.0,7.53,0.588,0.0,0.0,0.0
,2980,2025-12-15,10:00:00,172.0,7.86,129.0,7.62,0.588,0.0,0.0,0.0
,2981,2025-12-15,11:00:00,174.0,7.89,124.0,8.0,0.588,0.0,0.0,0.0
,2982,2025-12-15,12:00:00,178.0,7.81,118.0,8.1,0.588,0.0,0.0,0.0
,2983,2025-12-15,13:00:00,169.0,7.94,121.0,8.14,0.588,0.0,0.0,0.0
,2984,2025-12-15,14:00:00,165.0,7.98,117.0,8.11,0.588,0.0,0.0,0.0
,2985,2025-12-15,15:00:00,161.0,7.92,120.0,8.07,0.588,0.0,0.0,0.0
,2986,2025-12-15,16:00:00,158.0,7.9,124.0,8.13,0.588,0.0,0.0,0.0
,2987,2025-12-15,17:00:00,136.0,8.07,119.0,8.12,0.588,0.0,0.0,0.0
,2988,2025-12-15,18:00:00,124.0,8.14,123.0,8.09,0.588,0.0,0.0,0.0
,2989,2025-12-15,19:00:00,128.0,7.95,131.0,7.93,0.588,0.0,0.0,0.0
,2990,2025-12-15,20:00:00,125.0,7.97,128.0,8.0,0.588,0.0,0.0,0.0
,2991,2025-12-15,21:00:00,129.0,8,127.0,7.96,0.588,0.0,0.0,0.0
,2992,2025-12-15,22:00:00,124.0,7.96,130.0,8.02,0.588,0.0,0.0,0.0
,2993,2025-12-15,23:00:00,122.0,7.98,128.0,7.97,0.588,0.0,0.0,0.0
,2994,2025-12-15,00:00:00,129.0,8.02,124.0,7.91,0.588,0.0,0.0,0.0
,2995,2025-12-15,01:00:00,124.0,8.04,120.0,7.96,0.588,0.0,0.0,0.0
,2996,2025-12-15,02:00:00,132.0,8.01,118.0,7.94,0.588,0.0,0.0,0.0
,2997,2025-12-15,03:00:00,130.0,7.99,123.0,7.9,0.588,0.0,0.0,0.0
,2998,2025-12-15,04:00:00,126.0,7.96,120.0,7.95,0.588,0.0,0.0,0.0
,2999,2025-12-15,05:00:00,128.0,7.93,127.0,7.97,0.588,0.0,0.0,0.0
,3000,2025-12-15,06:00:00,131.0,7.97,122.0,7.94,0.588,0.0,0.0,0.0
,3001,2025-12-16,06:30:00,151.0,8.12,132.0,8.12,0.542,0.0,0.0,0.0
,3002,2025-12-16,07:00:00,148.0,8.07,126.0,8.15,0.542,0.0,0.0,0.0
,3003,2025-12-16,08:00:00,153.0,8.02,146.0,7.89,0.542,0.0,0.0,0.0
,3004,2025-12-16,09:00:00,150.0,8.1,144.0,7.93,0.542,0.0,0.0,0.0
,3005,2025-12-16,10:00:00,156.0,8.04,140.0,7.98,0.542,0.0,0.0,0.0
,3006,2025-12-16,11:00:00,149.0,8.09,123.0,7.87,0.542,0.0,0.0,0.0
,3007,2025-12-16,12:00:00,145.0,8.14,106.0,7.99,0.542,0.0,0.0,0.0
,3008,2025-12-16,13:00:00,151.0,8.17,124.0,7.96,0.542,0.0,0.0,0.0
,3009,2025-12-16,14:00:00,147.0,8.13,127.0,7.95,0.542,0.0,0.0,0.0
,3010,2025-12-16,15:00:00,145.0,8.19,121.0,7.88,0.542,0.0,0.0,0.0
,3011,2025-12-16,16:00:00,143.0,8.21,130.0,7.94,0.542,0.0,0.0,0.0
,3012,2025-12-16,17:00:00,140.0,8.28,128.0,8.01,0.565,0.0,0.0,0.0
,3013,2025-12-16,18:00:00,142.0,8.32,134.0,8.1,0.565,0.0,0.0,0.0
,3014,2025-12-16,19:00:00,200.0,7.9,142.0,8.2,0.66,0.0,0.0,0.0
,3015,2025-12-16,20:00:00,341.0,7.81,157.0,8.16,2.126,0.0,0.0,0.0
,3016,2025-12-16,21:00:00,367.0,7.76,133.0,8.12,2.766,0.0,0.0,0.0
,3017,2025-12-16,22:00:00,842.0,7.72,129.0,8.06,2.857,0.0,0.0,0.0
,3018,2025-12-16,23:00:00,1806.0,7.86,136.0,8.03,2.676,0.0,0.0,0.0
,3019,2025-12-16,00:00:00,1698.0,7.99,129.0,7.99,2.544,0.0,0.0,0.0
,3020,2025-12-16,01:00:00,1772.0,7.92,137.0,7.92,2.373,0.0,0.0,0.0
,3021,2025-12-16,02:00:00,1788.0,7.9,151.0,7.96,2.289,0.0,0.0,0.0
,3022,2025-12-16,03:00:00,1803.0,7.85,157.0,7.98,2.248,0.0,0.0,0.0
,3023,2025-12-16,04:00:00,1765.0,7.87,150.0,7.92,2.207,0.0,0.0,0.0
,3024,2025-12-16,05:00:00,1722.0,7.8,142.0,7.95,2.126,0.0,0.0,0.0
,3025,2025-12-16,06:00:00,1747.0,7.83,148.0,7.93,2.126,0.0,0.0,0.0
,3026,2025-12-17,06:30:00,1394.0,7.9,141.0,7.97,2.126,0.0,0.0,0.0
,3027,2025-12-17,07:00:00,1376.0,7.93,158.0,7.94,2.086,0.0,0.0,0.0
,3028,2025-12-17,08:00:00,1728.0,7.98,127.0,8.38,2.086,0.0,0.0,0.0
,3029,2025-12-17,09:00:00,1664.0,7.91,120.0,7.95,2.086,0.0,0.0,0.0
,3030,2025-12-17,10:00:00,1516.0,7.95,128.0,8.07,2.046,0.0,0.0,0.0
,3031,2025-12-17,11:00:00,1504.0,7.97,154.0,8.03,2.046,0.0,0.0,0.0
,3032,2025-12-17,12:00:00,1394.0,7.74,176.0,7.99,2.006,0.0,0.0,0.0
,3033,2025-12-17,13:00:00,1315.0,7.88,180.0,8.01,2.006,0.0,0.0,0.0
,3034,2025-12-17,14:00:00,1286.0,7.9,174.0,8.03,2.006,0.0,0.0,0.0
,3035,2025-12-17,15:00:00,1254.0,7.92,168.0,8.06,1.967,0.0,0.0,0.0
,3036,2025-12-17,16:00:00,1166.0,7.86,164.0,7.95,1.967,0.0,0.0,0.0
,3037,2025-12-17,17:00:00,1084.0,7.74,161.0,7.89,1.967,0.0,0.0,0.0
,3038,2025-12-17,18:00:00,1079.0,7.7,164.0,7.8,1.967,0.0,0.0,0.0
,3039,2025-12-17,19:00:00,1071.0,7.6,150.0,8.0,1.929,0.0,0.0,0.0
,3040,2025-12-17,20:00:00,1068.0,7.368,154.0,7.97,1.959,0.0,0.0,0.0
,3041,2025-12-17,21:00:00,1064.0,7.72,165.0,7.94,1.929,0.0,0.0,0.0
,3042,2025-12-17,22:00:00,1097.0,7.79,169.0,7.91,1.967,0.0,0.0,0.0
,3043,2025-12-17,23:00:00,1102.0,7.83,171.0,7.88,1.89,0.0,0.0,0.0
,3044,2025-12-17,00:00:00,1119.0,7.86,174.0,7.77,1.89,0.0,0.0,0.0
,3045,2025-12-17,01:00:00,1117.0,7.81,192.0,7.89,1.89,0.0,0.0,0.0
,3046,2025-12-17,02:00:00,1113.0,7.74,186.0,7.74,1.89,0.0,0.0,0.0
,3047,2025-12-17,03:00:00,1116.0,7.82,190.0,7.76,1.89,0.0,0.0,0.0
,3048,2025-12-17,04:00:00,1118.0,7.86,177.0,7.73,1.89,0.0,0.0,0.0
,3049,2025-12-17,05:00:00,1081.0,7.72,192.0,7.81,1.89,0.0,0.0,0.0
,3050,2025-12-17,06:00:00,1032.0,7.59,217.0,7.78,1.89,0.0,0.0,0.0
,3051,2025-12-18,06:30:00,876.0,7.63,214.0,7.84,1.89,0.0,0.0,0.0
,3052,2025-12-18,07:00:00,996.0,7.74,258.0,7.77,1.89,0.0,0.0,4.11522633744856
,3053,2025-12-18,08:00:00,981.0,7.68,263.0,7.36,1.89,0.0,0.0,4.11522633744856
,3054,2025-12-18,09:00:00,901.0,7.44,277.0,7.88,1.89,0.0,0.0,5.878894767783657
,3055,2025-12-18,10:00:00,974.0,7.67,279.0,7.79,1.89,88.18342151675485,29.394473838918284,0.0
,3056,2025-12-18,11:00:00,986.0,7.72,246.0,7.48,1.89,88.18342151675485,29.394473838918284,0.0
,3057,2025-12-18,12:00:00,832.0,7.69,235.0,7.53,1.89,44.091710758377424,29.394473838918284,0.0
,3058,2025-12-18,13:00:00,844.0,7.67,241.0,7.64,1.89,44.091710758377424,29.394473838918284,0.0
,3059,2025-12-18,14:00:00,888.0,7.66,218.0,7.59,1.89,35.27336860670194,29.394473838918284,0.0
,3060,2025-12-18,15:00:00,876.0,7.81,196.0,7.47,1.89,35.27336860670194,29.394473838918284,0.0
,3061,2025-12-18,16:00:00,790.0,7.75,185.0,7.33,1.89,35.27336860670194,29.394473838918284,0.0
,3062,2025-12-18,17:00:00,667.0,7.63,179.0,7.2,1.89,35.27336860670194,29.394473838918284,0.0
,3063,2025-12-18,18:00:00,834.0,7.6,194.0,7.34,1.967,33.89256058295204,28.243800485793365,0.0
,3064,2025-12-18,19:00:00,656.0,7.41,175.0,7.36,1.929,28.800184321179653,14.400092160589827,0.0
,3065,2025-12-18,20:00:00,683.0,7.45,166.0,7.3,1.929,28.800184321179653,14.400092160589827,0.0
,3066,2025-12-18,21:00:00,729.0,7.53,161.0,7.28,1.929,28.800184321179653,14.400092160589827,0.0
,3067,2025-12-18,22:00:00,735.0,7.47,156.0,7.31,1.929,28.800184321179653,14.400092160589827,0.0
,3068,2025-12-18,23:00:00,740.0,7.52,157.0,7.46,1.929,28.800184321179653,14.400092160589827,0.0
,3069,2025-12-18,00:00:00,744.0,7.55,146.0,7.42,1.929,28.800184321179653,14.400092160589827,0.0
,3070,2025-12-18,01:00:00,737.0,7.59,140.0,7.51,1.929,0.0,0.0,1.8720119808766775
,3071,2025-12-18,02:00:00,742.0,7.57,135.0,7.49,1.929,0.0,0.0,1.8720119808766775
,3072,2025-12-18,03:00:00,734.0,7.48,128.0,7.37,1.929,43.20027648176948,21.60013824088474,0.0
,3073,2025-12-18,04:00:00,740.0,7.39,122.0,7.33,1.929,43.20027648176948,21.60013824088474,0.0
,3074,2025-12-18,05:00:00,738.0,7.42,120.0,7.28,1.929,43.20027648176948,21.60013824088474,0.0
,3075,2025-12-18,06:00:00,735.0,7.51,125.0,7.24,1.929,43.20027648176948,21.60013824088474,0.0
,3076,2025-12-19,06:30:00,725.0,7.83,113.0,7.1,1.929,0.0,0.0,0.0
,3077,2025-12-19,07:00:00,730.0,7.8,115.0,7.08,1.929,0.0,0.0,2.880018432117965
,3078,2025-12-19,08:00:00,669.0,7.79,110.0,7.04,1.929,0.0,0.0,2.880018432117965
,3079,2025-12-19,09:00:00,678.0,7.86,111.0,6.85,1.929,0.0,0.0,2.880018432117965
,3080,2025-12-19,10:00:00,689.0,7.88,108.0,7.11,1.959,0.0,0.0,2.8359140150870625
,3081,2025-12-19,11:00:00,594.0,7.78,101.0,6.98,1.959,0.0,0.0,3.9702796211218874
,3082,2025-12-19,12:00:00,597.0,7.77,100.0,7.0,1.967,0.0,0.0,3.954132068011071
,3083,2025-12-19,13:00:00,566.0,7.79,102.0,7.04,1.967,0.0,0.0,3.954132068011071
,3084,2025-12-19,14:00:00,538.0,7.81,104.0,7.1,1.967,0.0,0.0,3.954132068011071
,3085,2025-12-19,15:00:00,544.0,7.83,118.0,7.18,1.967,0.0,0.0,2.8243800485793367
,3086,2025-12-19,16:00:00,559.0,7.81,135.0,7.23,1.929,0.0,0.0,2.880018432117965
,3087,2025-12-19,17:00:00,567.0,7.8,141.0,7.21,1.929,0.0,0.0,2.880018432117965
,3088,2025-12-19,18:00:00,560.0,7.85,145.0,7.14,1.929,0.0,0.0,2.880018432117965
,3089,2025-12-19,19:00:00,585.0,7.79,132.0,7.39,1.89,0.0,0.0,2.9394473838918285
,3090,2025-12-19,20:00:00,572.0,7.83,129.0,7.26,1.89,0.0,0.0,2.9394473838918285
,3091,2025-12-19,21:00:00,579.0,7.8,141.0,7.33,1.89,0.0,0.0,2.9394473838918285
,3092,2025-12-19,22:00:00,566.0,7.74,147.0,7.29,1.89,0.0,0.0,2.9394473838918285
,3093,2025-12-19,23:00:00,564.0,7.67,153.0,7.25,1.89,0.0,0.0,2.9394473838918285
,3094,2025-12-19,00:00:00,562.0,7.54,159.0,7.12,1.89,0.0,0.0,2.9394473838918285
,3095,2025-12-19,01:00:00,565.0,7.5,162.0,7.18,1.89,0.0,0.0,2.9394473838918285
,3096,2025-12-19,02:00:00,558.0,7.48,157.0,7.13,1.89,0.0,0.0,2.9394473838918285
,3097,2025-12-19,03:00:00,563.0,7.43,160.0,7.16,1.89,0.0,0.0,2.9394473838918285
,3098,2025-12-19,04:00:00,551.0,7.46,158.0,7.19,1.852,0.0,0.0,2.999760019198464
,3099,2025-12-19,05:00:00,556.0,7.51,155.0,7.21,1.852,0.0,0.0,2.999760019198464
,3100,2025-12-19,06:00:00,553.0,7.44,162.0,7.16,1.852,0.0,0.0,2.999760019198464
,3101,2025-12-20,06:30:00,539.0,7.43,177.0,7.41,1.929,0.0,0.0,0.0
,3102,2025-12-20,07:00:00,687.0,7.4,183.0,7.38,2.126,0.0,0.0,2.613149367617853
,3103,2025-12-20,08:00:00,1590.0,7.46,184.0,7.04,3.479,0.0,0.0,4.790648653827728
,3104,2025-12-20,09:00:00,1637.0,7.42,188.0,7.3,4.543,0.0,0.0,3.974368381148042
,3105,2025-12-20,10:00:00,1755.0,7.38,216.0,7.36,4.543,0.0,0.0,4.8915303152591285
,3106,2025-12-20,11:00:00,1806.0,7.44,220.0,7.42,4.21,0.0,0.0,5.278437582475587
,3107,2025-12-20,12:00:00,1863.0,7.64,207.0,7.5,3.733,0.0,0.0,5.58085543352085
,3108,2025-12-20,13:00:00,1770.0,7.62,192.0,7.52,3.233,0.0,0.0,6.014365742172733
,3109,2025-12-20,14:00:00,1680.0,7.59,187.0,7.55,2.995,0.0,0.0,5.564830272676683
,3110,2025-12-20,15:00:00,1520.0,7.56,180.0,7.71,2.766,0.0,0.0,5.523419297822769
,3111,2025-12-20,16:00:00,1396.0,7.63,175.0,7.83,2.676,0.0,0.0,5.7091845208437135
,3112,2025-12-20,17:00:00,1269.0,7.76,167.0,7.97,2.588,0.0,0.0,5.366649493388288
,3113,2025-12-20,18:00:00,1290.0,7.71,160.0,7.92,2.501,0.0,0.0,5.55333422186681
,3114,2025-12-20,19:00:00,1218.0,7.67,185.0,7.79,2.458,0.0,0.0,5.650483681403128
,3115,2025-12-20,20:00:00,1238.0,7.64,179.0,7.81,2.415,69.01311249137336,24.154589371980677,0.0
,3116,2025-12-20,21:00:00,910.0,7.7,180.0,7.77,2.373,35.11729175445989,21.07037505267594,0.0
,3117,2025-12-20,22:00:00,936.0,7.76,184.0,7.82,2.373,35.11729175445989,21.07037505267594,0.0
,3118,2025-12-20,23:00:00,922.0,7.68,146.0,7.72,2.31,27.056277056277054,21.645021645021643,0.0
,3119,2025-12-20,00:00:00,997.0,7.4,130.0,7.64,2.289,27.304499781564,21.8435998252512,0.0
,3120,2025-12-20,01:00:00,1106.0,7.43,135.0,7.67,2.1878,28.567510741384034,22.854008593107228,0.0
,3121,2025-12-20,02:00:00,1009.0,7.38,128.0,7.58,2.207,28.318985047575897,22.655188038060718,0.0
,3122,2025-12-20,03:00:00,945.0,7.47,134.0,7.56,2.207,28.318985047575897,22.655188038060718,0.0
,3123,2025-12-20,04:00:00,868.0,7.52,142.0,7.51,2.166,28.855032317636194,23.08402585410896,0.0
,3124,2025-12-20,05:00:00,812.0,7.55,147.0,7.48,2.126,29.397930385700846,23.518344308560675,0.0
,3125,2025-12-20,06:00:00,802.0,7.58,150.0,7.5,2.086,29.96164908916587,23.969319271332697,0.0
,3126,2025-12-21,06:30:00,690.0,7.36,154.0,7.52,2.086,0.0,0.0,0.0
,3127,2025-12-21,07:00:00,687.0,7.38,160.0,7.58,2.086,0.0,0.0,1.9974432726110578
,3128,2025-12-21,08:00:00,671.0,7.42,157.0,7.25,2.086,0.0,0.0,1.9974432726110578
,3129,2025-12-21,09:00:00,658.0,7.45,151.0,7.53,2.086,0.0,0.0,1.9974432726110578
,3130,2025-12-21,10:00:00,634.0,7.53,156.0,7.5,2.046,0.0,0.0,2.036493971977843
,3131,2025-12-21,11:00:00,629.0,7.48,147.0,7.42,2.046,0.0,0.0,2.036493971977843
,3132,2025-12-21,12:00:00,606.0,7.32,136.0,7.34,2.046,0.0,0.0,2.036493971977843
,3133,2025-12-21,13:00:00,612.0,7.3,134.0,7.454,2.046,0.0,0.0,2.036493971977843
,3134,2025-12-21,14:00:00,609.0,7.35,140.0,7.4,2.006,0.0,0.0,2.0771020272515788
,3135,2025-12-21,15:00:00,611.0,7.38,169.0,7.46,2.006,0.0,0.0,2.0771020272515788
,3136,2025-12-21,16:00:00,608.0,7.4,183.0,7.48,2.086,0.0,0.0,2.663257696814744
,3137,2025-12-21,17:00:00,602.0,7.46,200.0,7.51,2.289,0.0,0.0,2.4270666472501334
,3138,2025-12-21,18:00:00,657.0,7.39,197.0,7.53,2.588,0.0,0.0,2.1466597973553148
,3139,2025-12-21,19:00:00,720.0,7.57,198.0,7.35,2.632,0.0,0.0,3.1661600810536976
,3140,2025-12-21,20:00:00,774.0,7.6,200.0,7.52,2.588,0.0,0.0,3.219989696032972
,3141,2025-12-21,21:00:00,818.0,7.62,202.0,7.5,2.501,0.0,0.0,3.9984006397441023
,3142,2025-12-21,22:00:00,950.0,7.59,208.0,7.36,2.415,0.0,0.0,4.140786749482402
,3143,2025-12-21,23:00:00,930.0,7.65,209.0,7.32,2.331,0.0,0.0,4.7666714333381
,3144,2025-12-21,00:00:00,898.0,7.52,210.0,7.22,2.248,0.0,0.0,4.9426650850138385
,3145,2025-12-21,01:00:00,840.0,7.55,223.0,7.31,2.207,0.0,0.0,5.034486230680159
,3146,2025-12-21,02:00:00,812.0,7.58,227.0,7.28,2.207,0.0,0.0,5.034486230680159
,3147,2025-12-21,03:00:00,791.0,7.5,231.0,7.22,2.207,0.0,0.0,5.034486230680159
,3148,2025-12-21,04:00:00,763.0,7.54,228.0,7.2,2.166,0.0,0.0,5.129783523135324
,3149,2025-12-21,05:00:00,728.0,7.52,215.0,7.25,2.166,0.0,0.0,5.129783523135324
,3150,2025-12-21,06:00:00,723.0,7.5,238.0,7.27,2.166,0.0,0.0,5.129783523135324
,3151,2025-12-22,06:30:00,700.0,7.32,242.0,7.48,2.126,0.0,0.0,0.0
,3152,2025-12-22,07:00:00,704.0,7.35,247.0,7.41,2.126,0.0,0.0,5.226298735235706
,3153,2025-12-22,08:00:00,692.0,7.38,241.0,7.37,2.126,0.0,0.0,5.226298735235706
,3154,2025-12-22,09:00:00,703.0,7.33,247.0,7.42,2.126,0.0,0.0,5.226298735235706
,3155,2025-12-22,10:00:00,688.0,7.36,251.0,7.49,2.086,0.0,0.0,5.326515393629488
,3156,2025-12-22,11:00:00,653.0,7.38,258.0,6.79,2.046,0.0,0.0,5.430650591940915
,3157,2025-12-22,12:00:00,524.0,7.33,258.0,7.15,2.046,0.0,0.0,5.430650591940915
,3158,2025-12-22,13:00:00,537.0,7.36,247.0,7.22,2.046,0.0,0.0,4.072987943955686
,3159,2025-12-22,14:00:00,512.0,7.39,240.0,7.41,2.006,0.0,0.0,4.1542040545031576
,3160,2025-12-22,15:00:00,510.0,7.5,222.0,7.65,2.006,0.0,0.0,2.7694693696687716
,3161,2025-12-22,16:00:00,513.0,7.56,229.0,7.68,2.006,0.0,0.0,2.7694693696687716
,3162,2025-12-22,17:00:00,500.0,7.74,225.0,7.75,1.967,0.0,0.0,2.8243800485793367
,3163,2025-12-22,18:00:00,502.0,7.7,220.0,7.71,1.967,0.0,0.0,2.8243800485793367
,3164,2025-12-22,19:00:00,519.0,7.77,224.0,7.58,1.967,0.0,0.0,3.5304750607241706
,3165,2025-12-22,20:00:00,527.0,7.73,228.0,7.6,1.967,0.0,0.0,3.5304750607241706
,3166,2025-12-22,21:00:00,541.0,7.66,233.0,7.75,1.967,0.0,0.0,3.5304750607241706
,3167,2025-12-22,22:00:00,530.0,7.68,223.0,7.7,1.967,0.0,0.0,3.5304750607241706
,3168,2025-12-22,23:00:00,522.0,7.58,191.0,7.77,1.967,0.0,0.0,3.5304750607241706
,3169,2025-12-22,00:00:00,517.0,7.76,184.0,7.76,1.967,0.0,0.0,3.5304750607241706
,3170,2025-12-22,01:00:00,500.0,7.7,189.0,7.73,1.929,0.0,0.0,2.880018432117965
,3171,2025-12-22,02:00:00,507.0,7.72,186.0,7.75,1.929,0.0,0.0,2.880018432117965
,3172,2025-12-22,03:00:00,512.0,7.75,183.0,7.72,1.929,0.0,0.0,2.880018432117965
,3173,2025-12-22,04:00:00,503.0,7.71,185.0,7.7,1.929,0.0,0.0,2.880018432117965
,3174,2025-12-22,05:00:00,493.0,7.69,188.0,7.68,1.89,0.0,0.0,2.9394473838918285
,3175,2025-12-22,06:00:00,490.0,7.73,193.0,7.69,1.89,0.0,0.0,2.9394473838918285
,3176,2025-12-23,06:30:00,475.0,7.55,187.0,7.43,1.929,0.0,0.0,0.0
,3177,2025-12-23,07:00:00,472.0,7.51,185.0,7.48,1.929,0.0,0.0,2.880018432117965
,3178,2025-12-23,08:00:00,468.0,7.62,188.0,7.55,1.929,0.0,0.0,2.880018432117965
,3179,2025-12-23,09:00:00,471.0,7.56,183.0,7.62,1.929,0.0,0.0,2.880018432117965
,3180,2025-12-23,10:00:00,476.0,7.53,180.0,7.65,1.89,0.0,0.0,2.9394473838918285
,3181,2025-12-23,11:00:00,458.0,7.51,186.0,7.68,1.89,0.0,0.0,1.9106407995296886
,3182,2025-12-23,12:00:00,448.0,7.47,197.0,7.74,1.89,0.0,0.0,1.9106407995296886
,3183,2025-12-23,13:00:00,443.0,7.5,194.0,7.71,1.89,0.0,0.0,1.9106407995296886
,3184,2025-12-23,14:00:00,439.0,7.54,186.0,7.68,1.89,0.0,0.0,1.9106407995296886
,3185,2025-12-23,15:00:00,421.0,7.6,182.0,7.65,1.89,0.0,0.0,1.4697236919459142
,3186,2025-12-23,16:00:00,398.0,7.63,185.0,7.7,1.89,0.0,0.0,1.4697236919459142
,3187,2025-12-23,17:00:00,384.0,7.89,184.0,7.86,1.89,0.0,0.0,1.4697236919459142
,3188,2025-12-23,18:00:00,377.0,7.95,186.0,7.88,1.89,0.0,0.0,1.4697236919459142
,3189,2025-12-23,19:00:00,375.0,7.92,188.0,7.89,1.89,0.0,0.0,1.4697236919459142
,3190,2025-12-23,20:00:00,380.0,7.96,184.0,7.86,1.89,0.0,0.0,0.8818342151675486
,3191,2025-12-23,21:00:00,379.0,7.93,181.0,7.93,1.89,0.0,0.0,0.8818342151675486
,3192,2025-12-23,22:00:00,371.0,7.97,179.0,7.88,1.89,0.0,0.0,0.7348618459729571
,3193,2025-12-23,23:00:00,375.0,7.94,180.0,7.9,1.89,0.0,0.0,0.7348618459729571
,3194,2025-12-23,00:00:00,374.0,7.9,176.0,7.82,1.89,0.0,0.0,0.7348618459729571
,3195,2025-12-23,01:00:00,370.0,7.93,172.0,7.86,1.89,0.0,0.0,0.7348618459729571
,3196,2025-12-23,02:00:00,363.0,7.91,171.0,7.9,1.852,0.0,0.0,0.5999520038396927
,3197,2025-12-23,03:00:00,351.0,7.95,175.0,7.88,1.852,0.0,0.0,0.5999520038396927
,3198,2025-12-23,04:00:00,346.0,7.92,174.0,7.85,1.852,0.0,0.0,0.5999520038396927
,3199,2025-12-23,05:00:00,337.0,7.9,173.0,7.84,1.814,0.0,0.0,0.6125199068969741
,3200,2025-12-23,06:00:00,342.0,7.96,177.0,7.87,1.814,0.0,0.0,0.6125199068969741
,3201,2025-12-24,06:30:00,441.0,7.96,161.0,7.89,1.777,0.0,0.0,0.0
,3202,2025-12-24,07:00:00,446.0,7.82,174.0,7.72,1.777,0.0,0.0,0.6252735571812668
,3203,2025-12-24,08:00:00,438.0,7.88,158.0,7.42,1.777,0.0,0.0,0.6252735571812668
,3204,2025-12-24,09:00:00,431.0,7.94,151.0,7.55,1.777,0.0,0.0,0.6252735571812668
,3205,2025-12-24,10:00:00,416.0,7.75,143.0,7.83,1.777,0.0,0.0,0.6252735571812668
,3206,2025-12-24,11:00:00,369.0,7.82,150.0,7.87,1.777,0.0,0.0,0.6252735571812668
,3207,2025-12-24,12:00:00,320.0,7.87,144.0,7.98,1.777,0.0,0.0,0.6252735571812668
,3208,2025-12-24,13:00:00,332.0,7.81,147.0,7.82,1.777,0.0,0.0,0.6252735571812668
,3209,2025-12-24,14:00:00,337.0,7.89,159.0,7.86,1.777,0.0,0.0,0.6252735571812668
,3210,2025-12-24,15:00:00,324.0,7.95,166.0,7.9,1.777,0.0,0.0,0.6252735571812668
,3211,2025-12-24,16:00:00,315.0,8.06,160.0,7.95,1.777,0.0,0.0,0.6252735571812668
,3212,2025-12-24,17:00:00,325.0,8.09,167.0,8.03,1.777,0.0,0.0,0.6252735571812668
,3213,2025-12-24,18:00:00,320.0,8.11,155.0,8.08,1.777,0.0,0.0,0.6252735571812668
,3214,2025-12-24,19:00:00,347.0,7.91,184.0,8.0,1.74,0.0,0.0,0.6385696040868454
,3215,2025-12-24,20:00:00,395.0,7.83,189.0,7.95,1.74,0.0,0.0,0.6385696040868454
,3216,2025-12-24,21:00:00,402.0,7.88,182.0,7.98,1.74,0.0,0.0,0.6385696040868454
,3217,2025-12-24,22:00:00,467.0,7.96,180.0,7.92,1.74,0.0,0.0,0.6385696040868454
,3218,2025-12-24,23:00:00,537.0,7.92,183.0,7.98,1.703,0.0,0.0,1.6311085013375088
,3219,2025-12-24,00:00:00,595.0,7.99,187.0,7.95,1.703,0.0,0.0,1.6311085013375088
,3220,2025-12-24,01:00:00,582.0,8.03,196.0,7.86,1.667,0.0,0.0,1.6663333999866692
,3221,2025-12-24,02:00:00,573.0,8.05,190.0,7.82,1.667,0.0,0.0,1.6663333999866692
,3222,2025-12-24,03:00:00,554.0,7.96,193.0,7.73,1.631,0.0,0.0,1.7031132910961237
,3223,2025-12-24,04:00:00,546.0,7.92,197.0,7.64,1.631,0.0,0.0,1.7031132910961237
,3224,2025-12-24,05:00:00,533.0,7.89,191.0,7.48,1.595,0.0,0.0,1.7415534656913967
,3225,2025-12-24,06:00:00,529.0,7.96,205.0,7.57,1.595,0.0,0.0,1.7415534656913967
,3226,2025-12-25,06:30:00,449.0,7.63,158.0,7.71,1.631,0.0,0.0,0.0
,3227,2025-12-25,07:00:00,453.0,7.66,155.0,7.69,1.631,0.0,0.0,1.7031132910961237
,3228,2025-12-25,08:00:00,459.0,7.6,153.0,7.54,1.631,0.0,0.0,1.7031132910961237
,3229,2025-12-25,09:00:00,431.0,7.58,148.0,7.57,1.631,0.0,0.0,1.7031132910961237
,3230,2025-12-25,10:00:00,425.0,7.67,146.0,7.55,1.631,0.0,0.0,1.7031132910961237
,3231,2025-12-25,11:00:00,384.0,7.61,149.0,7.89,1.595,0.0,0.0,1.7415534656913967
,3232,2025-12-25,12:00:00,325.0,8.33,153.0,8.2,1.595,0.0,0.0,0.6966213862765588
,3233,2025-12-25,13:00:00,337.0,8.29,150.0,8.16,1.56,0.0,0.0,0.7122507122507121
,3234,2025-12-25,14:00:00,321.0,8.17,146.0,8.11,1.56,0.0,0.0,0.7122507122507121
,3235,2025-12-25,15:00:00,317.0,8.2,149.0,8.07,1.56,0.0,0.0,0.7122507122507121
,3236,2025-12-25,16:00:00,311.0,8.26,153.0,8.01,1.56,0.0,0.0,0.7122507122507121
,3237,2025-12-25,17:00:00,318.0,8.45,164.0,8.28,1.56,0.0,0.0,0.7122507122507121
,3238,2025-12-25,18:00:00,320.0,8.64,162.0,8.51,1.56,0.0,0.0,0.7122507122507121
,3239,2025-12-25,19:00:00,296.0,8.57,168.0,8.41,1.56,0.0,0.0,0.0
,3240,2025-12-25,20:00:00,292.0,8.2,162.0,8.23,1.525,0.0,0.0,0.0
,3241,2025-12-25,21:00:00,283.0,7.96,157.0,7.96,1.49,0.0,0.0,0.0
,3242,2025-12-25,22:00:00,277.0,7.9,160.0,7.98,1.456,0.0,0.0,0.0
,3243,2025-12-25,23:00:00,274.0,7.88,158.0,7.97,1.422,0.0,0.0,0.0
,3244,2025-12-25,00:00:00,271.0,7.88,159.0,7.94,1.422,0.0,0.0,0.0
,3245,2025-12-25,01:00:00,268.0,7.89,163.0,7.92,1.388,0.0,0.0,0.0
,3246,2025-12-25,02:00:00,270.0,7.92,160.0,7.95,1.388,0.0,0.0,0.0
,3247,2025-12-25,03:00:00,266.0,7.96,168.0,7.94,1.355,0.0,0.0,0.0
,3248,2025-12-25,04:00:00,269.0,7.91,159.0,7.98,1.355,0.0,0.0,0.0
,3249,2025-12-25,05:00:00,263.0,7.94,156.0,7.91,1.322,0.0,0.0,0.0
,3250,2025-12-25,06:00:00,270.0,7.93,152.0,7.96,1.322,0.0,0.0,0.0
,3251,2025-12-26,06:30:00,290.0,7.77,174.0,7.9,1.322,0.0,0.0,0.0
,3252,2025-12-26,07:00:00,293.0,7.8,170.0,7.92,1.322,0.0,0.0,0.0
,3253,2025-12-26,08:00:00,290.0,7.85,141.0,7.44,1.289,0.0,0.0,0.0
,3254,2025-12-26,09:00:00,288.0,7.88,159.0,7.84,1.289,0.0,0.0,0.0
,3255,2025-12-26,10:00:00,285.0,7.86,153.0,7.81,1.289,0.0,0.0,0.0
,3256,2025-12-26,11:00:00,272.0,7.91,147.0,7.96,1.257,0.0,0.0,0.0
,3257,2025-12-26,12:00:00,251.0,7.95,131.0,8.04,1.257,0.0,0.0,0.0
,3258,2025-12-26,13:00:00,261.0,7.89,133.0,8.02,1.257,0.0,0.0,0.0
,3259,2025-12-26,14:00:00,254.0,8,130.0,8.0,1.225,0.0,0.0,0.0
,3260,2025-12-26,15:00:00,246.0,8.03,138.0,8.05,1.162,0.0,0.0,0.0
,3261,2025-12-26,16:00:00,233.0,8.08,134.0,8.03,1.131,0.0,0.0,0.0
,3262,2025-12-26,17:00:00,225.0,8.07,135.0,7.99,1.1,0.0,0.0,0.0
,3263,2025-12-26,18:00:00,222.0,8.04,137.0,8.01,1.07,0.0,0.0,0.0
,3264,2025-12-26,19:00:00,227.0,7.71,143.0,8.01,1.04,0.0,0.0,0.0
,3265,2025-12-26,20:00:00,223.0,7.85,140.0,8.04,1.011,0.0,0.0,0.0
,3266,2025-12-26,21:00:00,230.0,7.79,136.0,8.07,0.982,0.0,0.0,0.0
,3267,2025-12-26,22:00:00,236.0,7.83,133.0,8.11,0.953,0.0,0.0,0.0
,3268,2025-12-26,23:00:00,248.0,7.96,139.0,8.07,0.924,0.0,0.0,0.0
,3269,2025-12-26,00:00:00,241.0,8.14,145.0,8.0,0.896,0.0,0.0,0.0
,3270,2025-12-26,01:00:00,246.0,8.1,138.0,7.98,0.896,0.0,0.0,0.0
,3271,2025-12-26,02:00:00,239.0,8.12,140.0,8.04,0.869,0.0,0.0,0.0
,3272,2025-12-26,03:00:00,244.0,7.99,139.0,8.03,0.841,0.0,0.0,0.0
,3273,2025-12-26,04:00:00,238.0,8.16,135.0,8.07,0.814,0.0,0.0,0.0
,3274,2025-12-26,05:00:00,240.0,8.14,133.0,8.09,0.788,0.0,0.0,0.0
,3275,2025-12-26,06:00:00,235.0,8.12,137.0,8.04,0.761,0.0,0.0,0.0
,3276,2025-12-27,06:30:00,248.0,8.07,130.0,8.02,0.788,0.0,0.0,0.0
,3277,2025-12-27,07:00:00,242.0,8.1,133.0,8.05,0.788,0.0,0.0,0.0
,3278,2025-12-27,08:00:00,228.0,8.08,146.0,8.03,0.761,0.0,0.0,0.0
,3279,2025-12-27,09:00:00,231.0,8.15,126.0,7.5,0.735,0.0,0.0,0.0
,3280,2025-12-27,10:00:00,229.0,8.12,128.0,7.89,0.685,0.0,0.0,0.0
,3281,2025-12-27,11:00:00,226.0,8.09,125.0,7.98,0.636,0.0,0.0,0.0
,3282,2025-12-27,12:00:00,222.0,8.04,128.0,8.04,0.612,0.0,0.0,0.0
,3283,2025-12-27,13:00:00,225.0,8.08,122.0,8.09,0.612,0.0,0.0,0.0
,3284,2025-12-27,14:00:00,218.0,8.18,119.0,8.1,0.612,0.0,0.0,0.0
,3285,2025-12-27,15:00:00,214.0,8.22,116.0,8.13,0.588,0.0,0.0,0.0
,3286,2025-12-27,16:00:00,210.0,8.26,118.0,8.12,0.588,0.0,0.0,0.0
,3287,2025-12-27,17:00:00,206.0,8.28,114.0,8.14,0.588,0.0,0.0,0.0
,3288,2025-12-27,18:00:00,201.0,8.23,108.0,8.16,0.588,0.0,0.0,0.0
,3289,2025-12-27,19:00:00,189.0,8.07,110.0,8.18,0.588,0.0,0.0,0.0
,3290,2025-12-27,20:00:00,185.0,8.11,107.0,8.21,0.588,0.0,0.0,0.0
,3291,2025-12-27,21:00:00,182.0,8.13,105.0,8.19,0.588,0.0,0.0,0.0
,3292,2025-12-27,22:00:00,179.0,8.1,103.0,8.22,0.588,0.0,0.0,0.0
,3293,2025-12-27,23:00:00,188.0,8.06,94.0,8.2,0.588,0.0,0.0,0.0
,3294,2025-12-27,00:00:00,197.0,8.05,78.0,8.18,0.588,0.0,0.0,0.0
,3295,2025-12-27,01:00:00,184.0,8.07,97.0,8.16,0.612,0.0,0.0,0.0
,3296,2025-12-27,02:00:00,180.0,8.03,102.0,8.21,0.612,0.0,0.0,0.0
,3297,2025-12-27,03:00:00,178.0,8.06,96.0,8.19,0.612,0.0,0.0,0.0
,3298,2025-12-27,04:00:00,173.0,8.09,83.0,8.16,0.612,0.0,0.0,0.0
,3299,2025-12-27,05:00:00,176.0,8.04,87.0,8.22,0.612,0.0,0.0,0.0
,3300,2025-12-27,06:00:00,178.0,8.07,80.0,8.19,0.612,0.0,0.0,0.0
,3301,2025-12-28,06:30:00,189.0,8.05,101.0,8.13,0.636,0.0,0.0,0.0
,3302,2025-12-28,07:00:00,186.0,8.03,109.0,8.09,0.636,0.0,0.0,0.0
,3303,2025-12-28,08:00:00,179.0,8.06,104.0,8.14,0.636,0.0,0.0,0.0
,3304,2025-12-28,09:00:00,181.0,8.08,102.0,8.11,0.636,0.0,0.0,0.0
,3305,2025-12-28,10:00:00,180.0,8.05,99.0,8.07,0.636,0.0,0.0,0.0
,3306,2025-12-28,11:00:00,175.0,8.01,98.0,8.03,0.636,0.0,0.0,0.0
,3307,2025-12-28,12:00:00,162.0,8.02,96.0,8.04,0.636,0.0,0.0,0.0
,3308,2025-12-28,13:00:00,148.0,8.11,88.0,8.09,0.636,0.0,0.0,0.0
,3309,2025-12-28,14:00:00,138.0,8.18,82.0,8.11,0.636,0.0,0.0,0.0
,3310,2025-12-28,15:00:00,126.0,8.23,79.0,8.17,0.636,0.0,0.0,0.0
,3311,2025-12-28,16:00:00,139.0,8.26,84.0,8.28,0.636,0.0,0.0,0.0
,3312,2025-12-28,17:00:00,135.0,8.22,81.0,8.31,0.636,0.0,0.0,0.0
,3313,2025-12-28,18:00:00,144.0,8.27,77.0,8.34,0.636,0.0,0.0,0.0
,3314,2025-12-28,19:00:00,142.0,8.39,93.0,8.15,0.588,0.0,0.0,0.0
,3315,2025-12-28,20:00:00,139.0,8.31,86.0,8.19,0.588,0.0,0.0,0.0
,3316,2025-12-28,21:00:00,135.0,8.22,82.0,8.07,0.588,0.0,0.0,0.0
,3317,2025-12-28,22:00:00,138.0,8.19,78.0,8.17,0.588,0.0,0.0,0.0
,3318,2025-12-28,23:00:00,143.0,8.15,84.0,8.16,0.588,0.0,0.0,0.0
,3319,2025-12-28,00:00:00,147.0,8.12,81.0,8.2,0.588,0.0,0.0,0.0
,3320,2025-12-28,01:00:00,142.0,8.18,96.0,8.13,0.588,0.0,0.0,0.0
,3321,2025-12-28,02:00:00,138.0,8.21,87.0,8.17,0.588,0.0,0.0,0.0
,3322,2025-12-28,03:00:00,143.0,8.19,82.0,8.13,0.588,0.0,0.0,0.0
,3323,2025-12-28,04:00:00,147.0,8.16,84.0,8.15,0.588,0.0,0.0,0.0
,3324,2025-12-28,05:00:00,140.0,8.13,86.0,8.1,0.588,0.0,0.0,0.0
,3325,2025-12-28,06:00:00,148.0,8.18,83.0,8.17,0.588,0.0,0.0,0.0
,3326,2025-12-29,06:30:00,140.0,8.17,79.0,8.13,0.565,0.0,0.0,0.0
,3327,2025-12-29,07:00:00,142.0,8.15,83.0,8.1,0.565,0.0,0.0,0.0
,3328,2025-12-29,08:00:00,137.0,8.1,88.0,7.74,0.565,0.0,0.0,0.0
,3329,2025-12-29,09:00:00,131.0,8.07,81.0,8.08,0.565,0.0,0.0,0.0
,3330,2025-12-29,10:00:00,136.0,8.18,90.0,8.11,0.542,0.0,0.0,0.0
,3331,2025-12-29,11:00:00,140.0,8.14,86.0,8.0,0.542,0.0,0.0,0.0
,3332,2025-12-29,12:00:00,121.0,8.1,70.0,7.98,0.542,0.0,0.0,0.0
,3333,2025-12-29,13:00:00,128.0,8.13,73.0,8.02,0.542,0.0,0.0,0.0
,3334,2025-12-29,14:00:00,123.0,8.15,75.0,8.05,0.542,0.0,0.0,0.0
,3335,2025-12-29,15:00:00,120.0,8.11,72.0,8.01,0.542,0.0,0.0,0.0
,3336,2025-12-29,16:00:00,114.0,8.17,74.0,8.09,0.542,0.0,0.0,0.0
,3337,2025-12-29,17:00:00,108.0,8.25,76.0,8.19,0.542,0.0,0.0,0.0
,3338,2025-12-29,18:00:00,137.0,8.2,78.0,8.16,0.66,0.0,0.0,0.0
,3339,2025-12-29,19:00:00,220.0,8.18,76.0,8.25,0.66,0.0,0.0,0.0
,3340,2025-12-29,20:00:00,165.0,8.22,87.0,8.27,0.814,0.0,0.0,0.0
,3341,2025-12-29,21:00:00,150.0,8.37,74.0,8.24,1.257,0.0,0.0,0.0
,3342,2025-12-29,22:00:00,195.0,8.33,88.0,8.17,1.929,0.0,0.0,0.0
,3343,2025-12-29,23:00:00,410.0,8.27,98.0,8.15,2.544,0.0,0.0,2.1837875611460515
,3344,2025-12-29,00:00:00,470.0,8.3,103.0,8.1,3.233,0.0,0.0,2.5775853180740285
,3345,2025-12-29,01:00:00,1046.0,8.09,108.0,8.06,4.32,38.58024691358025,19.290123456790123,0.0
,3346,2025-12-29,02:00:00,1230.0,7.97,116.0,8.21,3.889,42.85591840233137,21.427959201165685,0.0
,3347,2025-12-29,03:00:00,1051.0,7.99,123.0,8.26,3.38,49.30966469428008,24.65483234714004,0.0
,3348,2025-12-29,04:00:00,890.0,7.88,134.0,8.24,3.233,0.0,0.0,3.8663779771110423
,3349,2025-12-29,05:00:00,826.0,7.62,139.0,8.23,3.137,0.0,0.0,3.541954450465767
,3350,2025-12-29,06:00:00,812.0,7.66,156.0,8.2,3.185,0.0,0.0,3.488574917146346
,3351,2025-12-30,06:30:00,616.0,7.79,161.0,7.91,3.137,0.0,0.0,0.0
,3352,2025-12-30,07:00:00,620.0,7.75,170.0,7.84,3.137,0.0,0.0,3.541954450465767
,3353,2025-12-30,08:00:00,629.0,7.7,181.0,7.2,2.995,0.0,0.0,3.7098868484511223
,3354,2025-12-30,09:00:00,621.0,7.67,177.0,7.61,2.949,0.0,0.0,3.296786104517539
,3355,2025-12-30,10:00:00,617.0,7.71,169.0,7.71,2.949,0.0,0.0,3.296786104517539
,3356,2025-12-30,11:00:00,596.0,7.68,198.0,7.69,2.857,0.0,0.0,3.4029479251740358
,3357,2025-12-30,12:00:00,601.0,7.69,228.0,7.72,2.811,0.0,0.0,3.458634728645401
,3358,2025-12-30,13:00:00,646.0,7.7,243.0,7.7,2.721,0.0,0.0,3.573032790232349
,3359,2025-12-30,14:00:00,640.0,7.68,250.0,7.77,2.676,0.0,0.0,3.6331174223550904
,3360,2025-12-30,15:00:00,651.0,7.74,224.0,7.7,2.588,0.0,0.0,3.756654645371801
,3361,2025-12-30,16:00:00,649.0,7.75,218.0,7.67,2.544,0.0,0.0,3.8216282320055903
,3362,2025-12-30,17:00:00,653.0,7.79,212.0,7.62,2.501,0.0,0.0,3.887333955306766
,3363,2025-12-30,18:00:00,647.0,7.75,217.0,7.69,2.501,0.0,0.0,3.887333955306766
,3364,2025-12-30,19:00:00,653.0,7.68,197.0,7.59,2.458,0.0,0.0,3.9553385769821894
,3365,2025-12-30,20:00:00,634.0,7.7,198.0,7.61,2.415,0.0,0.0,4.025764895330113
,3366,2025-12-30,21:00:00,631.0,7.73,195.0,7.58,2.373,0.0,0.0,4.097017371353655
,3367,2025-12-30,22:00:00,633.0,7.71,188.0,7.5,2.373,0.0,0.0,4.097017371353655
,3368,2025-12-30,23:00:00,628.0,7.65,178.0,7.44,2.331,0.0,0.0,4.170837504170837
,3369,2025-12-30,00:00:00,626.0,7.61,171.0,7.31,2.331,0.0,0.0,4.170837504170837
,3370,2025-12-30,01:00:00,621.0,7.63,175.0,7.38,2.331,0.0,0.0,4.170837504170837
,3371,2025-12-30,02:00:00,618.0,7.69,180.0,7.42,2.289,0.0,0.0,4.247366632687733
,3372,2025-12-30,03:00:00,613.0,7.72,178.0,7.44,2.289,0.0,0.0,4.247366632687733
,3373,2025-12-30,04:00:00,610.0,7.7,178.0,7.49,2.289,0.0,0.0,4.247366632687733
,3374,2025-12-30,05:00:00,607.0,7.68,174.0,7.5,2.248,0.0,0.0,4.324831949387109
,3375,2025-12-30,06:00:00,602.0,7.71,172.0,7.53,2.248,0.0,0.0,4.324831949387109
,3376,2025-12-31,06:30:00,635.0,7.6,178.0,7.65,2.166,0.0,0.0,0.0
,3377,2025-12-31,07:00:00,629.0,7.62,171.0,7.68,2.166,0.0,0.0,4.488560582743409
,3378,2025-12-31,08:00:00,637.0,7.65,175.0,7.62,2.166,0.0,0.0,4.488560582743409
,3379,2025-12-31,09:00:00,630.0,7.67,177.0,7.6,2.166,0.0,0.0,4.488560582743409
,3380,2025-12-31,10:00:00,687.0,7.64,180.0,7.64,2.166,0.0,0.0,4.488560582743409
,3381,2025-12-31,11:00:00,668.0,7.6,183.0,7.28,2.166,0.0,0.0,4.488560582743409
,3382,2025-12-31,12:00:00,657.0,7.54,179.0,7.55,2.166,0.0,0.0,4.488560582743409
,3383,2025-12-31,13:00:00,640.0,7.59,186.0,7.52,2.166,0.0,0.0,4.488560582743409
,3384,2025-12-31,14:00:00,652.0,7.55,180.0,7.5,2.166,0.0,0.0,4.488560582743409
,3385,2025-12-31,15:00:00,640.0,7.58,183.0,7.56,2.166,0.0,0.0,3.847337642351493
,3386,2025-12-31,16:00:00,653.0,7.55,179.0,7.6,2.126,0.0,0.0,3.9197240514267797
,3387,2025-12-31,17:00:00,668.0,7.58,180.0,7.64,2.126,0.0,0.0,3.9197240514267797
,3388,2025-12-31,18:00:00,647.0,7.6,177.0,7.67,2.126,0.0,0.0,3.9197240514267797
,3389,2025-12-31,19:00:00,669.0,7.69,169.0,7.68,2.126,0.0,0.0,3.9197240514267797
,3390,2025-12-31,20:00:00,671.0,7.74,174.0,7.67,2.126,0.0,0.0,3.9197240514267797
,3391,2025-12-31,21:00:00,687.0,7.7,166.0,7.63,2.086,0.0,0.0,3.9948865452221156
,3392,2025-12-31,22:00:00,681.0,7.72,170.0,7.65,2.086,0.0,0.0,3.9948865452221156
,3393,2025-12-31,23:00:00,687.0,7.68,175.0,7.64,2.086,0.0,0.0,3.9948865452221156
,3394,2025-12-31,00:00:00,685.0,7.62,176.0,7.63,2.046,0.0,0.0,4.072987943955686
,3395,2025-12-31,01:00:00,674.0,7.6,174.0,7.66,2.046,0.0,0.0,4.072987943955686
,3396,2025-12-31,02:00:00,660.0,7.63,171.0,7.7,2.046,0.0,0.0,4.072987943955686
,3397,2025-12-31,03:00:00,649.0,7.66,173.0,7.67,2.046,0.0,0.0,4.072987943955686
,3398,2025-12-31,04:00:00,638.0,7.71,169.0,7.64,2.046,0.0,0.0,4.072987943955686
,3399,2025-12-31,05:00:00,627.0,7.69,167.0,7.62,2.046,0.0,0.0,4.072987943955686
,3400,2025-12-31,06:00:00,630.0,7.72,164.0,7.58,2.046,0.0,0.0,3.8014554143586405
,3401,2026-01-01,06:30:00,612.0,7.81,168.0,7.74,2.086,0.0,0.0,0.0
,3402,2026-01-01,07:00:00,610.0,7.78,165.0,7.77,2.086,0.0,0.0,3.7285607755406414
,3403,2026-01-01,08:00:00,613.0,7.7,169.0,7.82,2.086,0.0,0.0,3.7285607755406414
,3404,2026-01-01,09:00:00,608.0,7.69,167.0,7.62,2.086,0.0,0.0,3.7285607755406414
,3405,2026-01-01,10:00:00,597.0,7.73,158.0,7.65,2.086,0.0,0.0,3.32907212101843
,3406,2026-01-01,11:00:00,566.0,7.76,160.0,7.7,2.046,0.0,0.0,3.3941566199630717
,3407,2026-01-01,12:00:00,543.0,7.82,162.0,7.74,2.046,0.0,0.0,3.3941566199630717
,3408,2026-01-01,13:00:00,571.0,7.88,158.0,7.61,2.046,0.0,0.0,3.3941566199630717
,3409,2026-01-01,14:00:00,566.0,7.76,155.0,7.67,2.046,0.0,0.0,3.3941566199630717
,3410,2026-01-01,15:00:00,601.0,7.85,162.0,7.8,2.046,0.0,0.0,3.3941566199630717
,3411,2026-01-01,16:00:00,598.0,7.8,157.0,7.75,2.046,0.0,0.0,3.3941566199630717
,3412,2026-01-01,17:00:00,569.0,7.74,159.0,7.81,2.046,0.0,0.0,3.3941566199630717
,3413,2026-01-01,18:00:00,553.0,7.72,157.0,7.83,2.046,0.0,0.0,3.3941566199630717
,3414,2026-01-01,19:00:00,544.0,7.71,156.0,7.82,2.046,0.0,0.0,3.3941566199630717
,3415,2026-01-01,20:00:00,540.0,7.66,151.0,7.84,2.046,0.0,0.0,3.3941566199630717
,3416,2026-01-01,21:00:00,532.0,7.69,146.0,7.8,2.046,0.0,0.0,3.3941566199630717
,3417,2026-01-01,22:00:00,528.0,7.63,143.0,7.79,2.046,0.0,0.0,3.3941566199630717
,3418,2026-01-01,23:00:00,520.0,7.6,139.0,7.86,2.006,0.0,0.0,2.7694693696687716
,3419,2026-01-01,00:00:00,515.0,7.58,133.0,7.76,2.006,0.0,0.0,2.7694693696687716
,3420,2026-01-01,01:00:00,510.0,"7,67",136.0,7.82,2.006,0.0,0.0,2.0771020272515788
,3421,2026-01-01,02:00:00,503.0,7.72,141.0,7.8,2.006,0.0,0.0,2.0771020272515788
,3422,2026-01-01,03:00:00,496.0,7.76,147.0,7.86,2.006,0.0,0.0,2.0771020272515788
,3423,2026-01-01,04:00:00,490.0,7.8,150.0,7.91,2.006,0.0,0.0,2.0771020272515788
,3424,2026-01-01,05:00:00,465.0,7.83,153.0,7.93,2.006,0.0,0.0,2.0771020272515788
,3425,2026-01-01,06:00:00,460.0,7.79,160.0,7.9,2.006,0.0,0.0,2.0771020272515788
,3426,2026-01-02,06:30:00,459.0,7.91,156.0,7.64,1.967,0.0,0.0,0.0
,3427,2026-01-02,07:00:00,457.0,7.86,154.0,7.68,1.967,0.0,0.0,2.1182850364345027
,3428,2026-01-02,08:00:00,460.0,7.82,160.0,7.65,1.967,0.0,0.0,2.1182850364345027
,3429,2026-01-02,09:00:00,464.0,7.89,153.0,7.73,1.967,0.0,0.0,2.1182850364345027
,3430,2026-01-02,10:00:00,455.0,7.76,159.0,7.7,1.967,0.0,0.0,2.1182850364345027
,3431,2026-01-02,11:00:00,453.0,7.8,133.0,7.76,1.967,0.0,0.0,2.1182850364345027
,3432,2026-01-02,12:00:00,451.0,7.76,113.0,7.8,1.967,0.0,0.0,2.1182850364345027
,3433,2026-01-02,13:00:00,464.0,7.79,116.0,7.71,1.967,0.0,0.0,2.1182850364345027
,3434,2026-01-02,14:00:00,446.0,7.84,120.0,7.66,1.967,0.0,0.0,2.1182850364345027
,3435,2026-01-02,15:00:00,438.0,7.88,117.0,7.63,1.967,0.0,0.0,2.1182850364345027
,3436,2026-01-02,16:00:00,432.0,7.83,115.0,7.67,1.967,0.0,0.0,2.1182850364345027
,3437,2026-01-02,17:00:00,420.0,7.75,128.0,7.83,1.967,0.0,0.0,2.1182850364345027
,3438,2026-01-02,18:00:00,411.0,7.76,135.0,7.92,1.967,0.0,0.0,2.1182850364345027
,3439,2026-01-02,19:00:00,403.0,7.79,148.0,7.9,1.967,0.0,0.0,2.1182850364345027
,3440,2026-01-02,20:00:00,410.0,7.82,141.0,7.88,1.967,0.0,0.0,1.4121900242896683
,3441,2026-01-02,21:00:00,407.0,7.76,149.0,7.92,1.967,0.0,0.0,1.4121900242896683
,3442,2026-01-02,22:00:00,409.0,7.8,143.0,7.96,1.967,0.0,0.0,1.4121900242896683
,3443,2026-01-02,23:00:00,391.0,7.86,139.0,7.84,1.967,0.0,0.0,1.4121900242896683
,3444,2026-01-02,00:00:00,370.0,7.91,135.0,7.76,1.967,0.0,0.0,1.4121900242896683
,3445,2026-01-02,01:00:00,378.0,7.89,138.0,7.79,1.967,0.0,0.0,1.1297520194317345
,3446,2026-01-02,02:00:00,372.0,7.93,142.0,7.81,1.929,0.0,0.0,1.1520073728471862
,3447,2026-01-02,03:00:00,370.0,7.97,148.0,7.83,1.929,0.0,0.0,0.7200046080294913
,3448,2026-01-02,04:00:00,368.0,7.94,145.0,7.8,1.929,0.0,0.0,0.7200046080294913
,3449,2026-01-02,05:00:00,372.0,7.95,150.0,7.82,1.929,0.0,0.0,0.5760036864235931
,3450,2026-01-02,06:00:00,366.0,7.92,153.0,7.88,1.929,0.0,0.0,0.5760036864235931
,3451,2026-01-03,06:30:00,360.0,7.27,168.0,7.84,1.777,0.0,0.0,0.0
,3452,2026-01-03,07:00:00,357.0,7.33,164.0,7.8,1.777,0.0,0.0,0.6252735571812668
,3453,2026-01-03,08:00:00,352.0,7.45,157.0,7.47,1.777,0.0,0.0,0.6252735571812668
,3454,2026-01-03,09:00:00,348.0,7.52,153.0,7.56,1.74,0.0,0.0,0.6385696040868454
,3455,2026-01-03,10:00:00,342.0,7.59,150.0,7.6,1.74,0.0,0.0,0.6385696040868454
,3456,2026-01-03,11:00:00,346.0,7.74,158.0,7.79,1.703,0.0,0.0,0.6524434005350035
,3457,2026-01-03,12:00:00,350.0,7.97,147.0,7.85,1.667,0.0,0.0,0.6665333599946677
,3458,2026-01-03,13:00:00,347.0,7.91,159.0,7.89,1.631,0.0,0.0,0.6812453164384494
,3459,2026-01-03,14:00:00,344.0,7.82,146.0,7.79,1.631,0.0,0.0,0.6812453164384494
,3460,2026-01-03,15:00:00,341.0,7.86,154.0,7.86,1.595,0.0,0.0,0.6966213862765588
,3461,2026-01-03,16:00:00,328.0,7.93,142.0,7.82,1.595,0.0,0.0,0.6966213862765588
,3462,2026-01-03,17:00:00,315.0,8.13,145.0,7.91,1.595,0.0,0.0,0.6966213862765588
,3463,2026-01-03,18:00:00,290.0,8.21,146.0,7.95,1.595,0.0,0.0,0.6966213862765588
,3464,2026-01-03,19:00:00,285.0,7.87,162.0,7.89,1.56,0.0,0.0,0.0
,3465,2026-01-03,20:00:00,281.0,7.9,167.0,7.92,1.525,0.0,0.0,0.0
,3466,2026-01-03,21:00:00,277.0,7.96,164.0,7.86,1.49,0.0,0.0,0.0
,3467,2026-01-03,22:00:00,270.0,7.91,160.0,7.81,1.456,0.0,0.0,0.0
,3468,2026-01-03,23:00:00,272.0,7.88,164.0,7.85,1.422,0.0,0.0,0.0
,3469,2026-01-03,00:00:00,275.0,7.92,166.0,7.82,1.388,0.0,0.0,0.0
,3470,2026-01-03,01:00:00,286.0,7.96,167.0,7.86,1.388,0.0,0.0,0.0
,3471,2026-01-03,02:00:00,279.0,7.94,172.0,7.83,1.388,0.0,0.0,0.0
,3472,2026-01-03,03:00:00,282.0,7.9,169.0,7.81,1.388,0.0,0.0,0.0
,3473,2026-01-03,04:00:00,273.0,7.96,164.0,7.86,1.355,0.0,0.0,0.0
,3474,2026-01-03,05:00:00,279.0,7.99,162.0,7.87,1.355,0.0,0.0,0.0
,3475,2026-01-03,06:00:00,280.0,7.94,167.0,7.89,1.355,0.0,0.0,0.0
,3476,2026-01-04,06:30:00,299.0,7.85,164.0,7.82,1.322,0.0,0.0,0.0
,3477,2026-01-04,07:00:00,294.0,7.86,169.0,7.88,1.322,0.0,0.0,0.0
,3478,2026-01-04,08:00:00,298.0,7.89,167.0,7.79,1.289,0.0,0.0,0.0
,3479,2026-01-04,09:00:00,296.0,7.92,170.0,7.8,1.257,0.0,0.0,0.0
,3480,2026-01-04,10:00:00,292.0,7.9,173.0,7.83,1.225,0.0,0.0,0.0
,3481,2026-01-04,11:00:00,288.0,7.82,174.0,7.85,1.225,0.0,0.0,0.0
,3482,2026-01-04,12:00:00,282.0,7.71,177.0,7.81,1.193,0.0,0.0,0.0
,3483,2026-01-04,13:00:00,285.0,7.78,172.0,7.84,1.193,0.0,0.0,0.0
,3484,2026-01-04,14:00:00,280.0,7.77,169.0,7.88,1.193,0.0,0.0,0.0
,3485,2026-01-04,15:00:00,269.0,7.86,180.0,7.9,1.162,0.0,0.0,0.0
,3486,2026-01-04,16:00:00,258.0,7.97,201.0,7.92,1.131,0.0,0.0,0.0
,3487,2026-01-04,17:00:00,248.0,8.02,209.0,7.94,1.1,0.0,0.0,0.0
,3488,2026-01-04,18:00:00,245.0,8,203.0,7.96,1.07,0.0,0.0,0.0
,3489,2026-01-04,19:00:00,251.0,8.03,214.0,7.95,1.07,0.0,0.0,0.0
,3490,2026-01-04,20:00:00,247.0,8.05,210.0,7.92,1.04,0.0,0.0,0.0
,3491,2026-01-04,21:00:00,243.0,8.01,206.0,7.89,1.011,0.0,0.0,0.0
,3492,2026-01-04,22:00:00,236.0,7.99,197.0,7.85,0.982,0.0,0.0,0.0
,3493,2026-01-04,23:00:00,233.0,7.91,195.0,7.96,0.953,0.0,0.0,0.0
,3494,2026-01-04,00:00:00,231.0,7.95,192.0,8.03,0.924,0.0,0.0,0.0
,3495,2026-01-04,01:00:00,226.0,7.91,197.0,8.07,0.924,0.0,0.0,0.0
,3496,2026-01-04,02:00:00,229.0,7.84,189.0,8.04,0.924,0.0,0.0,0.0
,3497,2026-01-04,03:00:00,221.0,8.02,184.0,7.86,0.896,0.0,0.0,0.0
,3498,2026-01-04,04:00:00,225.0,7.98,182.0,7.78,0.869,0.0,0.0,0.0
,3499,2026-01-04,05:00:00,220.0,7.94,179.0,7.93,0.841,0.0,0.0,0.0
,3500,2026-01-04,06:00:00,226.0,7.99,184.0,7.8,0.814,0.0,0.0,0.0
,3501,2026-01-05,06:30:00,261.0,7.87,180.0,7.88,0.814,0.0,0.0,0.0
,3502,2026-01-05,07:00:00,255.0,7.9,182.0,7.92,0.814,0.0,0.0,0.0
,3503,2026-01-05,08:00:00,252.0,7.84,187.0,7.89,0.788,0.0,0.0,0.0
,3504,2026-01-05,09:00:00,260.0,7.84,198.0,7.45,0.735,0.0,0.0,0.0
,3505,2026-01-05,10:00:00,272.0,7.86,210.0,7.74,0.735,0.0,0.0,0.0
,3506,2026-01-05,11:00:00,269.0,7.77,224.0,7.86,0.71,0.0,0.0,0.0
,3507,2026-01-05,12:00:00,222.0,8.02,213.0,7.85,0.66,0.0,0.0,0.0
,3508,2026-01-05,13:00:00,228.0,8.04,221.0,7.81,0.612,0.0,0.0,0.0
,3509,2026-01-05,14:00:00,226.0,8.01,218.0,7.86,0.612,0.0,0.0,0.0
,3510,2026-01-05,15:00:00,221.0,8,220.0,7.9,0.612,0.0,0.0,0.0
,3511,2026-01-05,16:00:00,216.0,8.27,172.0,8.16,0.588,0.0,0.0,0.0
,3512,2026-01-05,17:00:00,212.0,8.23,169.0,8.2,0.588,0.0,0.0,0.0
,3513,2026-01-05,18:00:00,218.0,8.2,170.0,8.19,0.588,0.0,0.0,0.0
,3514,2026-01-05,19:00:00,214.0,7.75,171.0,8.12,0.565,0.0,0.0,0.0
,3515,2026-01-05,20:00:00,217.0,7.82,168.0,8.15,0.565,0.0,0.0,0.0
,3516,2026-01-05,21:00:00,209.0,7.78,173.0,8.09,0.565,0.0,0.0,0.0
,3517,2026-01-05,22:00:00,213.0,7.91,176.0,8.11,0.565,0.0,0.0,0.0
,3518,2026-01-05,23:00:00,219.0,7.94,180.0,8.16,0.565,0.0,0.0,0.0
,3519,2026-01-05,00:00:00,225.0,7.98,185.0,8.11,0.565,0.0,0.0,0.0
,3520,2026-01-05,01:00:00,220.0,7.8,182.0,8.19,0.565,0.0,0.0,0.0
,3521,2026-01-05,02:00:00,213.0,7.86,179.0,8.13,0.565,0.0,0.0,0.0
,3522,2026-01-05,03:00:00,209.0,7.93,177.0,8.03,0.565,0.0,0.0,0.0
,3523,2026-01-05,04:00:00,211.0,7.87,168.0,8.13,0.565,0.0,0.0,0.0
,3524,2026-01-05,05:00:00,207.0,7.82,175.0,8.15,0.565,0.0,0.0,0.0
,3525,2026-01-05,06:00:00,209.0,7.86,172.0,8.18,0.565,0.0,0.0,0.0
,3526,2026-01-06,06:30:00,236.0,7.94,164.0,8.11,0.565,0.0,0.0,0.0
,3527,2026-01-06,07:00:00,232.0,8,166.0,8.09,0.565,0.0,0.0,0.0
,3528,2026-01-06,08:00:00,231.0,7.98,173.0,7.66,0.565,0.0,0.0,0.0
,3529,2026-01-06,09:00:00,228.0,7.94,180.0,8.04,0.565,0.0,0.0,0.0
,3530,2026-01-06,10:00:00,232.0,7.97,177.0,7.92,0.565,0.0,0.0,0.0
,3531,2026-01-06,11:00:00,234.0,8.06,167.0,7.98,0.565,0.0,0.0,0.0
,3532,2026-01-06,12:00:00,220.0,8.11,157.0,8.03,0.542,0.0,0.0,0.0
,3533,2026-01-06,13:00:00,217.0,8.08,155.0,8.06,0.542,0.0,0.0,0.0
,3534,2026-01-06,14:00:00,213.0,8.04,152.0,8.02,0.542,0.0,0.0,0.0
,3535,2026-01-06,15:00:00,209.0,8.07,154.0,8.05,0.542,0.0,0.0,0.0
,3536,2026-01-06,16:00:00,202.0,8.12,146.0,8.1,0.542,0.0,0.0,0.0
,3537,2026-01-06,17:00:00,191.0,8.19,140.0,8.16,0.519,0.0,0.0,0.0
,3538,2026-01-06,18:00:00,195.0,8.17,143.0,8.14,0.519,0.0,0.0,0.0
,3539,2026-01-06,19:00:00,177.0,8.07,159.0,7.74,0.519,0.0,0.0,0.0
,3540,2026-01-06,20:00:00,180.0,8.1,154.0,7.83,0.519,0.0,0.0,0.0
,3541,2026-01-06,21:00:00,176.0,8.1,148.0,7.88,0.519,0.0,0.0,0.0
,3542,2026-01-06,22:00:00,174.0,8.09,142.0,7.95,0.519,0.0,0.0,0.0
,3543,2026-01-06,23:00:00,185.0,8.02,150.0,7.97,0.519,0.0,0.0,0.0
,3544,2026-01-06,00:00:00,206.0,8.07,167.0,8.0,0.519,0.0,0.0,0.0
,3545,2026-01-06,01:00:00,193.0,8.01,158.0,8.06,0.519,0.0,0.0,0.0
,3546,2026-01-06,02:00:00,186.0,8.04,153.0,8.1,0.519,0.0,0.0,0.0
,3547,2026-01-06,03:00:00,182.0,7.99,166.0,8.04,0.519,0.0,0.0,0.0
,3548,2026-01-06,04:00:00,209.0,8.06,168.0,7.95,0.519,0.0,0.0,0.0
,3549,2026-01-06,05:00:00,204.0,8.03,157.0,8.0,0.519,0.0,0.0,0.0
,3550,2026-01-06,06:00:00,207.0,8.08,168.0,7.98,0.519,0.0,0.0,0.0
,3551,2026-01-07,06:30:00,205.0,8.04,163.0,7.99,0.497,0.0,0.0,0.0
,3552,2026-01-07,07:00:00,200.0,8.08,160.0,8.01,0.497,0.0,0.0,0.0
,3553,2026-01-07,08:00:00,202.0,8.03,167.0,8.03,0.497,0.0,0.0,0.0
,3554,2026-01-07,09:00:00,196.0,8.11,158.0,8.21,0.497,0.0,0.0,0.0
,3555,2026-01-07,10:00:00,199.0,8.13,161.0,8.08,0.497,0.0,0.0,0.0
,3556,2026-01-07,11:00:00,184.0,8.19,163.0,8.13,0.497,0.0,0.0,0.0
,3557,2026-01-07,12:00:00,179.0,8.24,166.0,8.19,0.497,0.0,0.0,0.0
,3558,2026-01-07,13:00:00,171.0,8.26,160.0,8.16,0.497,0.0,0.0,0.0
,3559,2026-01-07,14:00:00,174.0,8.22,157.0,8.2,0.497,0.0,0.0,0.0
,3560,2026-01-07,15:00:00,188.0,8.27,163.0,8.25,0.588,0.0,0.0,0.0
,3561,2026-01-07,16:00:00,217.0,8.32,159.0,8.21,2.046,0.0,0.0,0.0
,3562,2026-01-07,17:00:00,223.0,8.24,175.0,8.37,2.676,0.0,0.0,0.0
,3563,2026-01-07,18:00:00,505.0,8.28,170.0,8.3,2.766,0.0,0.0,2.5106451353739856
,3564,2026-01-07,19:00:00,546.0,8.11,165.0,8.25,2.766,0.0,0.0,3.0127741624487827
,3565,2026-01-07,20:00:00,1080.0,8.13,171.0,8.05,2.676,0.0,0.0,4.774954326523833
,3566,2026-01-07,21:00:00,1042.0,7.94,163.0,8.01,2.544,0.0,0.0,5.022711390635919
,3567,2026-01-07,22:00:00,1090.0,8.01,178.0,8.04,2.415,0.0,0.0,5.291005291005291
,3568,2026-01-07,23:00:00,1106.0,8.03,198.0,8.06,2.331,0.0,0.0,5.4816721483388156
,3569,2026-01-07,00:00:00,1078.0,7.79,182.0,7.88,2.331,0.0,0.0,5.4816721483388156
,3570,2026-01-07,01:00:00,1030.0,7.86,204.0,8.02,3.185,0.0,0.0,4.6223617652189075
,3571,2026-01-07,02:00:00,970.0,7.88,212.0,8.04,4.946,50.54589567327133,33.69726378218089,0.0
,3572,2026-01-07,03:00:00,940.0,7.6,217.0,8.08,5.674,44.0606274233345,29.373751615556337,0.0
,3573,2026-01-07,04:00:00,889.0,7.56,234.0,7.06,4.772,34.92595697122101,17.462978485610506,0.0
,3574,2026-01-07,05:00:00,774.0,7.63,186.0,7.96,4.543,36.68647736444347,18.343238682221735,0.0
,3575,2026-01-07,06:00:00,840.0,7.7,194.0,7.89,4.431,37.61378168961107,18.806890844805537,0.0
,3576,2026-01-08,06:30:00,880.0,7.57,154.0,7.94,3.995,0.0,0.0,0.0
,3577,2026-01-08,07:00:00,872.0,7.52,160.0,7.9,3.889,42.85591840233137,21.427959201165685,0.0
,3578,2026-01-08,08:00:00,836.0,7.49,158.0,7.73,3.733,22.3234217340834,11.1617108670417,0.0
,3579,2026-01-08,09:00:00,812.0,7.54,155.0,7.88,3.63,22.95684113865932,11.47842056932966,0.0
,3580,2026-01-08,10:00:00,808.0,7.51,153.0,7.86,3.63,22.95684113865932,11.47842056932966,0.0
,3581,2026-01-08,11:00:00,822.0,7.59,178.0,7.46,3.58,23.277467411545626,11.638733705772813,0.0
,3582,2026-01-08,12:00:00,926.0,7.52,197.0,7.09,3.479,23.953243269138643,23.953243269138643,0.0
,3583,2026-01-08,13:00:00,947.0,7.53,216.0,6.97,3.282,50.782043469429205,25.391021734714602,0.0
,3584,2026-01-08,14:00:00,847.0,7.56,248.0,6.92,3.282,50.782043469429205,25.391021734714602,0.0
,3585,2026-01-08,15:00:00,856.0,7.5,281.0,6.96,3.137,53.129316756986505,26.564658378493252,3.541954450465767
,3586,2026-01-08,16:00:00,860.0,7.47,294.0,6.8,2.949,56.516333220300666,28.258166610150333,3.767755548020044
,3587,2026-01-08,17:00:00,844.0,7.44,300.0,6.69,2.766,0.0,0.0,4.017032216598377
,3588,2026-01-08,18:00:00,822.0,7.48,248.0,6.43,2.766,0.0,0.0,4.017032216598377
,3589,2026-01-08,19:00:00,826.0,7.58,247.0,6.92,2.676,0.0,0.0,4.671150971599402
,3590,2026-01-08,20:00:00,817.0,7.6,256.0,6.97,2.544,0.0,0.0,4.913522012578617
,3591,2026-01-08,21:00:00,808.0,7.62,244.0,6.89,2.458,16.951451044209385,8.475725522104693,5.085435313262814
,3592,2026-01-08,22:00:00,802.0,7.65,221.0,6.84,2.373,17.558645877229946,8.779322938614973,4.916420845624385
,3593,2026-01-08,23:00:00,780.0,7.55,196.0,6.82,2.331,17.87501787501788,8.93750893750894,5.005005005005005
,3594,2026-01-08,00:00:00,734.0,7.51,182.0,6.8,2.289,18.202999854376,9.101499927188,4.854133294500267
,3595,2026-01-08,01:00:00,730.0,7.53,184.0,6.85,2.289,0.0,0.0,4.854133294500267
,3596,2026-01-08,02:00:00,718.0,7.57,181.0,6.88,2.248,0.0,0.0,4.9426650850138385
,3597,2026-01-08,03:00:00,710.0,7.58,179.0,6.9,2.207,0.0,0.0,5.034486230680159
,3598,2026-01-08,04:00:00,695.0,7.54,174.0,6.83,2.207,0.0,0.0,4.782761919146151
,3599,2026-01-08,05:00:00,672.0,7.51,168.0,6.74,2.166,0.0,0.0,4.8732943469785575
,3600,2026-01-08,06:00:00,665.0,7.55,169.0,6.72,2.166,0.0,0.0,4.8732943469785575
,3601,2026-01-09,06:30:00,601.0,7.37,165.0,6.63,2.166,0.0,0.0,0.0
,3602,2026-01-09,07:00:00,592.0,7.32,168.0,6.6,2.166,0.0,0.0,3.847337642351493
,3603,2026-01-09,08:00:00,597.0,7.35,162.0,7.03,2.166,0.0,0.0,3.847337642351493
,3604,2026-01-09,09:00:00,591.0,7.38,157.0,6.89,2.126,0.0,0.0,3.266436709522316
,3605,2026-01-09,10:00:00,602.0,7.42,163.0,6.82,2.046,0.0,0.0,3.3941566199630717
,3606,2026-01-09,11:00:00,600.0,7.39,144.0,6.8,1.929,0.0,0.0,3.6000230401474567
,3607,2026-01-09,12:00:00,592.0,7.36,132.0,6.87,1.929,0.0,0.0,2.880018432117965
,3608,2026-01-09,13:00:00,580.0,7.38,135.0,6.86,1.967,0.0,0.0,2.8243800485793367
,3609,2026-01-09,14:00:00,583.0,7.35,137.0,6.9,2.006,0.0,0.0,2.7694693696687716
,3610,2026-01-09,15:00:00,579.0,7.37,140.0,6.91,2.006,0.0,0.0,2.7694693696687716
,3611,2026-01-09,16:00:00,584.0,7.32,129.0,6.93,2.006,0.0,0.0,2.7694693696687716
,3612,2026-01-09,17:00:00,579.0,7.35,117.0,7.1,2.046,0.0,0.0,2.036493971977843
,3613,2026-01-09,18:00:00,583.0,7.37,120.0,7.09,2.086,0.0,0.0,1.9974432726110578
,3614,2026-01-09,19:00:00,568.0,7.58,104.0,7.2,2.126,0.0,0.0,2.3518344308560675
,3615,2026-01-09,20:00:00,593.0,7.55,126.0,7.16,2.126,0.0,0.0,2.3518344308560675
,3616,2026-01-09,21:00:00,618.0,7.6,144.0,7.12,2.126,0.0,0.0,2.3518344308560675
,3617,2026-01-09,22:00:00,658.0,7.63,146.0,7.15,2.126,0.0,0.0,2.3518344308560675
,3618,2026-01-09,23:00:00,661.0,7.65,150.0,7.28,2.086,0.0,0.0,2.663257696814744
,3619,2026-01-09,00:00:00,645.0,7.63,153.0,7.32,2.086,0.0,0.0,2.663257696814744
,3620,2026-01-09,01:00:00,662.0,7.67,148.0,7.3,2.086,0.0,0.0,2.663257696814744
,3621,2026-01-09,02:00:00,657.0,7.58,155.0,7.33,2.086,0.0,0.0,2.663257696814744
,3622,2026-01-09,03:00:00,649.0,7.69,144.0,7.36,2.086,0.0,0.0,2.663257696814744
,3623,2026-01-09,04:00:00,633.0,7.62,147.0,7.31,2.046,0.0,0.0,3.3941566199630717
,3624,2026-01-09,05:00:00,610.0,7.5,150.0,7.26,2.046,0.0,0.0,3.3941566199630717
,3625,2026-01-09,06:00:00,612.0,7.53,152.0,7.28,2.006,0.0,0.0,3.4618367120859643
,3626,2026-01-10,06:30:00,589.0,7.44,148.0,7.47,2.046,0.0,0.0,0.0
,3627,2026-01-10,07:00:00,593.0,7.47,141.0,7.51,2.046,0.0,0.0,3.3941566199630717
,3628,2026-01-10,08:00:00,597.0,7.4,144.0,7.68,2.046,0.0,0.0,3.3941566199630717
,3629,2026-01-10,09:00:00,575.0,7.52,139.0,7.63,2.006,0.0,0.0,3.4618367120859643
,3630,2026-01-10,10:00:00,564.0,7.46,152.0,7.61,2.006,0.0,0.0,3.4618367120859643
,3631,2026-01-10,11:00:00,556.0,7.41,157.0,7.43,2.006,0.0,0.0,3.4618367120859643
,3632,2026-01-10,12:00:00,517.0,7.72,164.0,7.2,2.006,0.0,0.0,3.4618367120859643
,3633,2026-01-10,13:00:00,522.0,7.7,162.0,7.26,2.006,0.0,0.0,3.4618367120859643
,3634,2026-01-10,14:00:00,530.0,7.68,167.0,7.34,2.006,0.0,0.0,3.4618367120859643
,3635,2026-01-10,15:00:00,548.0,7.63,169.0,7.39,2.006,0.0,0.0,3.4618367120859643
,3636,2026-01-10,16:00:00,532.0,7.66,163.0,7.37,2.006,0.0,0.0,3.4618367120859643
,3637,2026-01-10,17:00:00,549.0,7.77,171.0,7.4,1.967,0.0,0.0,3.5304750607241706
,3638,2026-01-10,18:00:00,551.0,7.86,173.0,7.32,1.967,0.0,0.0,3.5304750607241706
,3639,2026-01-10,19:00:00,537.0,7.67,179.0,7.7,1.967,0.0,0.0,3.5304750607241706
,3640,2026-01-10,20:00:00,542.0,7.7,172.0,7.64,1.967,0.0,0.0,3.5304750607241706
,3641,2026-01-10,21:00:00,535.0,7.65,177.0,7.67,1.967,0.0,0.0,3.5304750607241706
,3642,2026-01-10,22:00:00,540.0,7.6,183.0,7.59,1.967,0.0,0.0,2.8243800485793367
,3643,2026-01-10,23:00:00,531.0,7.62,179.0,7.46,2.126,0.0,0.0,3.9197240514267797
,3644,2026-01-10,00:00:00,535.0,7.57,181.0,7.3,2.331,0.0,0.0,3.5750035750035747
,3645,2026-01-10,01:00:00,678.0,7.54,173.0,7.38,2.501,0.0,0.0,2.776667110933405
,3646,2026-01-10,02:00:00,567.0,7.5,175.0,7.42,2.632,0.0,0.0,2.638466734211415
,3647,2026-01-10,03:00:00,589.0,7.52,177.0,7.39,2.632,0.0,0.0,2.638466734211415
,3648,2026-01-10,04:00:00,547.0,7.62,172.0,7.51,2.588,0.0,0.0,2.683324746694144
,3649,2026-01-10,05:00:00,506.0,7.78,177.0,7.65,2.588,0.0,0.0,2.683324746694144
,3650,2026-01-10,06:00:00,516.0,7.69,180.0,7.62,2.588,0.0,0.0,2.683324746694144
,3651,2026-01-11,06:30:00,475.0,7.73,175.0,7.72,2.544,0.0,0.0,0.0
,3652,2026-01-11,07:00:00,472.0,7.7,173.0,7.74,2.544,0.0,0.0,2.7297344514325643
,3653,2026-01-11,08:00:00,468.0,7.67,173.0,7.53,2.544,0.0,0.0,2.7297344514325643
,3654,2026-01-11,09:00:00,470.0,7.69,176.0,7.58,2.501,0.0,0.0,2.776667110933405
,3655,2026-01-11,10:00:00,465.0,7.71,174.0,7.61,2.458,0.0,0.0,2.825241840701564
,3656,2026-01-11,11:00:00,461.0,7.74,172.0,7.63,2.415,0.0,0.0,2.8755463538072235
,3657,2026-01-11,12:00:00,439.0,7.74,168.0,7.36,2.373,0.0,0.0,2.926440979538324
,3658,2026-01-11,13:00:00,437.0,7.76,170.0,7.39,2.289,0.0,0.0,3.0338333090626666
,3659,2026-01-11,14:00:00,431.0,7.72,167.0,7.44,2.207,0.0,0.0,3.1465538941750997
,3660,2026-01-11,15:00:00,429.0,7.71,165.0,7.46,2.166,0.0,0.0,3.2061147019595775
,3661,2026-01-11,16:00:00,426.0,7.68,163.0,7.52,2.086,0.0,0.0,3.32907212101843
,3662,2026-01-11,17:00:00,414.0,7.81,159.0,7.47,2.046,0.0,0.0,3.3941566199630717
,3663,2026-01-11,18:00:00,398.0,7.83,143.0,7.35,2.006,0.0,0.0,3.4618367120859643
,3664,2026-01-11,19:00:00,383.0,7.47,148.0,7.55,1.967,0.0,0.0,2.8243800485793367
,3665,2026-01-11,20:00:00,380.0,7.57,146.0,7.5,1.967,0.0,0.0,2.8243800485793367
,3666,2026-01-11,21:00:00,374.0,7.5,139.0,7.57,1.929,0.0,0.0,2.160013824088474
,3667,2026-01-11,22:00:00,372.0,7.57,145.0,7.63,1.89,0.0,0.0,2.2045855379188715
,3668,2026-01-11,23:00:00,375.0,7.63,141.0,7.61,1.89,0.0,0.0,2.2045855379188715
,3669,2026-01-11,00:00:00,380.0,7.74,144.0,7.69,1.852,0.0,0.0,2.249820014398848
,3670,2026-01-11,01:00:00,372.0,7.76,146.0,7.66,1.814,0.0,0.0,1.5312997672424353
,3671,2026-01-11,02:00:00,354.0,7.72,140.0,7.65,1.777,0.0,0.0,1.563183892953167
,3672,2026-01-11,03:00:00,375.0,7.69,137.0,7.6,1.74,0.0,0.0,0.9578544061302683
,3673,2026-01-11,04:00:00,339.0,7.63,135.0,7.67,1.74,0.0,0.0,0.9578544061302683
,3674,2026-01-11,05:00:00,341.0,7.6,132.0,7.63,1.74,0.0,0.0,0.9578544061302683
,3675,2026-01-11,06:00:00,332.0,7.69,136.0,7.6,1.74,0.0,0.0,0.9578544061302683
,3676,2026-01-13,06:30:00,273.0,7.8,138.0,7.74,1.525,0.0,0.0,0.0
,3677,2026-01-13,07:00:00,265.0,7.82,154.0,7.82,1.456,0.0,0.0,0.0
,3678,2026-01-13,08:00:00,261.0,7.79,178.0,7.86,1.422,0.0,0.0,0.0
,3679,2026-01-13,09:00:00,276.0,7.81,174.0,7.88,1.388,0.0,0.0,0.0
,3680,2026-01-13,10:00:00,264.0,7.74,157.0,7.79,1.388,0.0,0.0,0.0
,3681,2026-01-13,11:00:00,258.0,7.86,162.0,7.84,1.388,0.0,0.0,0.0
,3682,2026-01-13,12:00:00,252.0,7.92,164.0,7.82,1.388,0.0,0.0,0.0
,3683,2026-01-13,13:00:00,248.0,7.98,170.0,7.8,1.388,0.0,0.0,0.0
,3684,2026-01-13,14:00:00,220.0,7.88,154.0,7.77,1.388,0.0,0.0,0.0
,3685,2026-01-13,15:00:00,197.0,7.84,141.0,7.81,1.388,0.0,0.0,0.0
,3686,2026-01-13,16:00:00,208.0,7.4,166.0,7.42,1.456,0.0,0.0,0.0
,3687,2026-01-13,17:00:00,229.0,6.97,181.0,7.18,1.525,0.0,0.0,0.0
,3688,2026-01-13,18:00:00,211.0,7.1,178.0,7.21,1.525,0.0,0.0,0.0
,3689,2026-01-13,19:00:00,202.0,7.08,182.0,7.2,1.49,0.0,0.0,0.0
,3690,2026-01-13,20:00:00,205.0,7.06,179.0,7.17,1.49,0.0,0.0,0.0
,3691,2026-01-13,21:00:00,210.0,7.1,176.0,7.22,1.49,0.0,0.0,0.0
,3692,2026-01-13,22:00:00,207.0,7.07,178.0,7.35,1.456,0.0,0.0,0.0
,3693,2026-01-13,23:00:00,204.0,7.02,180.0,7.41,1.456,0.0,0.0,0.0
,3694,2026-01-13,00:00:00,210.0,7.05,182.0,7.46,1.456,0.0,0.0,0.0
,3695,2026-01-13,01:00:00,203.0,7.08,187.0,7.39,1.422,0.0,0.0,0.0
,3696,2026-01-13,02:00:00,198.0,7.12,191.0,7.34,1.422,0.0,0.0,0.0
,3697,2026-01-13,03:00:00,202.0,7.14,188.0,7.31,1.422,0.0,0.0,0.0
,3698,2026-01-13,04:00:00,208.0,7.09,192.0,7.27,1.422,0.0,0.0,0.0
,3699,2026-01-13,05:00:00,203.0,7.06,190.0,7.21,1.422,0.0,0.0,0.0
,3700,2026-01-13,06:00:00,206.0,7.09,196.0,7.25,1.422,0.0,0.0,0.0
,3701,2026-01-14,06:30:00,192.0,7.05,202.0,7.16,1.422,0.0,0.0,0.0
,3702,2026-01-14,07:00:00,190.0,7.08,199.0,7.14,1.422,0.0,0.0,0.0
,3703,2026-01-14,08:00:00,186.0,7.11,208.0,7.22,1.422,0.0,0.0,0.0
,3704,2026-01-14,09:00:00,188.0,7.15,215.0,7.72,1.388,0.0,0.0,0.0
,3705,2026-01-14,10:00:00,179.0,7.1,212.0,7.2,1.388,0.0,0.0,0.0
,3706,2026-01-14,11:00:00,177.0,7.13,202.0,7.13,1.355,0.0,0.0,0.0
,3707,2026-01-14,12:00:00,172.0,7.09,191.0,7.09,1.355,0.0,0.0,0.0
,3708,2026-01-14,13:00:00,181.0,7.1,194.0,7.11,1.355,0.0,0.0,0.0
,3709,2026-01-14,14:00:00,176.0,7.12,197.0,7.08,1.355,0.0,0.0,0.0
,3710,2026-01-14,15:00:00,169.0,7.45,188.0,7.31,1.322,0.0,0.0,0.0
,3711,2026-01-14,16:00:00,173.0,7.88,172.0,7.6,1.322,0.0,0.0,0.0
,3712,2026-01-14,17:00:00,170.0,8.05,164.0,7.81,1.322,0.0,0.0,0.0
,3713,2026-01-14,18:00:00,168.0,7.99,162.0,7.83,1.289,0.0,0.0,0.0
,3714,2026-01-14,19:00:00,165.0,7.75,142.0,7.84,1.289,0.0,0.0,0.0
,3715,2026-01-14,20:00:00,161.0,7.72,137.0,7.8,1.289,0.0,0.0,0.0
,3716,2026-01-14,21:00:00,166.0,7.81,144.0,7.76,1.257,0.0,0.0,0.0
,3717,2026-01-14,22:00:00,159.0,7.83,142.0,7.63,1.257,0.0,0.0,0.0
,3718,2026-01-14,23:00:00,174.0,7.87,139.0,7.81,1.225,0.0,0.0,0.0
,3719,2026-01-14,00:00:00,180.0,7.9,126.0,7.84,1.225,0.0,0.0,0.0
,3720,2026-01-14,01:00:00,182.0,7.85,130.0,7.82,1.225,0.0,0.0,0.0
,3721,2026-01-14,02:00:00,178.0,7.81,125.0,7.76,1.193,0.0,0.0,0.0
,3722,2026-01-14,03:00:00,183.0,7.92,122.0,7.71,1.193,0.0,0.0,0.0
,3723,2026-01-14,04:00:00,184.0,7.93,127.0,7.83,1.193,0.0,0.0,0.0
,3724,2026-01-14,05:00:00,186.0,7.89,129.0,7.8,1.289,0.0,0.0,0.0
,3725,2026-01-14,06:00:00,181.0,7.91,125.0,7.87,1.422,0.0,0.0,0.0
,3726,2026-01-15,06:30:00,185.0,7.93,129.0,7.7,1.667,0.0,0.0,0.0
,3727,2026-01-15,07:00:00,188.0,7.95,127.0,7.74,1.74,0.0,0.0,0.0
,3728,2026-01-15,08:00:00,169.0,7.89,122.0,7.72,1.814,0.0,0.0,0.0
,3729,2026-01-15,09:00:00,180.0,7.9,126.0,7.75,1.814,0.0,0.0,0.0
,3730,2026-01-15,10:00:00,199.0,7.92,131.0,7.77,1.814,0.0,0.0,0.0
,3731,2026-01-15,11:00:00,181.0,7.86,132.0,7.7,1.814,0.0,0.0,0.0
,3732,2026-01-15,12:00:00,187.0,7.83,134.0,7.68,1.814,0.0,0.0,0.0
,3733,2026-01-15,13:00:00,198.0,7.74,140.0,7.66,1.852,0.0,0.0,0.0
,3734,2026-01-15,14:00:00,220.0,7.7,133.0,7.72,1.852,0.0,0.0,0.0
,3735,2026-01-15,15:00:00,251.0,7.68,136.0,7.74,1.89,0.0,0.0,0.0
,3736,2026-01-15,16:00:00,357.0,7.66,144.0,7.71,1.89,0.0,0.0,2.6455026455026456
,3737,2026-01-15,17:00:00,614.0,7.7,137.0,8.08,2.006,0.0,0.0,3.4618367120859643
,3738,2026-01-15,18:00:00,630.0,7.78,142.0,8.02,2.632,0.0,0.0,3.1661600810536976
,3739,2026-01-15,19:00:00,535.0,7.81,150.0,8.16,2.811,0.0,0.0,3.458634728645401
,3740,2026-01-15,20:00:00,729.0,7.83,158.0,8.14,3.282,16.92734782314307,8.463673911571535,0.0
,3741,2026-01-15,21:00:00,674.0,7.9,148.0,7.78,3.733,14.8822811560556,7.4411405780278,0.0
,3742,2026-01-15,22:00:00,826.0,8.21,173.0,7.89,3.58,23.277467411545626,11.638733705772813,0.0
,3743,2026-01-15,23:00:00,957.0,8.19,215.0,7.93,3.429,24.30251774083795,12.151258870418975,0.0
,3744,2026-01-15,00:00:00,1152.0,8.23,233.0,7.96,3.282,25.391021734714602,12.695510867357301,0.0
,3745,2026-01-15,01:00:00,996.0,7.94,229.0,7.75,3.785,36.69455452810803,18.347277264054014,0.0
,3746,2026-01-15,02:00:00,872.0,7.81,221.0,7.53,4.487,44.573211499888565,22.286605749944282,0.0
,3747,2026-01-15,03:00:00,710.0,7.64,198.0,7.39,5.124,39.032006245121,19.5160031225605,0.0
,3748,2026-01-15,04:00:00,732.0,7.68,193.0,7.31,4.946,40.43671653861707,20.218358269308535,0.0
,3749,2026-01-15,05:00:00,791.0,7.53,221.0,7.42,4.543,44.02377283733216,22.01188641866608,0.0
,3750,2026-01-15,06:00:00,894.0,7.45,236.0,7.31,4.21,47.50593824228029,23.752969121140143,0.0
,3751,2026-01-16,06:30:00,832.0,7.54,413.0,7.62,3.733,0.0,0.0,0.0
,3752,2026-01-16,07:00:00,828.0,7.6,407.0,7.58,3.63,45.91368227731864,22.95684113865932,0.0
,3753,2026-01-16,08:00:00,826.0,7.57,416.0,7.52,3.429,48.6050354816759,24.30251774083795,0.0
,3754,2026-01-16,09:00:00,810.0,7.53,402.0,7.46,3.233,51.55170636148056,25.77585318074028,4.29597553012338
,3755,2026-01-16,10:00:00,786.0,7.5,344.0,7.25,2.995,55.64830272676683,55.64830272676683,4.637358560563903
,3756,2026-01-16,11:00:00,743.0,7.46,305.0,6.93,2.903,57.41187277528993,57.41187277528993,4.78432273127416
,3757,2026-01-16,12:00:00,701.0,7.35,280.0,6.76,2.857,58.336250145840616,58.336250145840616,4.861354178820052
,3758,2026-01-16,13:00:00,683.0,7.38,265.0,6.72,2.766,60.25548324897566,0.0,5.021290270747971
,3759,2026-01-16,14:00:00,642.0,7.44,241.0,6.63,2.676,0.0,0.0,4.671150971599402
,3760,2026-01-16,15:00:00,616.0,7.57,247.0,6.92,2.632,0.0,0.0,4.749240121580547
,3761,2026-01-16,16:00:00,586.0,7.63,250.0,6.86,2.588,0.0,0.0,4.2933195947106295
,3762,2026-01-16,17:00:00,565.0,7.65,240.0,6.71,2.544,0.0,0.0,4.367575122292103
,3763,2026-01-16,18:00:00,558.0,7.6,220.0,6.78,2.458,0.0,0.0,4.520386945122502
,3764,2026-01-16,19:00:00,567.0,7.72,210.0,6.99,2.458,0.0,0.0,4.520386945122502
,3765,2026-01-16,20:00:00,562.0,7.76,208.0,6.97,2.415,0.0,0.0,4.6008741660915575
,3766,2026-01-16,21:00:00,559.0,7.8,201.0,6.95,2.373,0.0,0.0,4.682305567261319
,3767,2026-01-16,22:00:00,553.0,7.82,204.0,6.98,2.331,0.0,0.0,4.5283378616711945
,3768,2026-01-16,23:00:00,540.0,7.79,193.0,7.01,2.289,0.0,0.0,4.611426629775253
,3769,2026-01-16,00:00:00,528.0,7.65,178.0,7.04,2.248,0.0,0.0,4.324831949387109
,3770,2026-01-16,01:00:00,532.0,7.7,181.0,7.03,2.248,0.0,0.0,4.324831949387109
,3771,2026-01-16,02:00:00,525.0,7.73,176.0,7.06,2.207,0.0,0.0,4.40517545184514
,3772,2026-01-16,03:00:00,521.0,7.69,170.0,7.11,2.207,0.0,0.0,4.40517545184514
,3773,2026-01-16,04:00:00,514.0,7.44,165.0,7.05,2.166,0.0,0.0,4.488560582743409
,3774,2026-01-16,05:00:00,499.0,7.23,153.0,7.08,2.166,0.0,0.0,3.847337642351493
,3775,2026-01-16,06:00:00,492.0,7.3,150.0,7.1,2.126,0.0,0.0,3.9197240514267797
,3776,2026-01-17,06:30:00,483.0,7.58,117.0,7.21,2.126,0.0,0.0,0.0
,3777,2026-01-17,07:00:00,480.0,7.52,120.0,7.17,2.126,0.0,0.0,2.613149367617853
,3778,2026-01-17,08:00:00,488.0,7.57,114.0,7.21,2.126,0.0,0.0,2.613149367617853
,3779,2026-01-17,09:00:00,482.0,7.5,110.0,7.2,2.126,0.0,0.0,2.613149367617853
,3780,2026-01-17,10:00:00,467.0,7.52,113.0,7.73,2.086,0.0,0.0,1.9974432726110578
,3781,2026-01-17,11:00:00,440.0,7.55,109.0,7.39,2.086,0.0,0.0,1.331628848407372
,3782,2026-01-17,12:00:00,412.0,7.56,105.0,7.45,2.086,0.0,0.0,1.0653030787258975
,3783,2026-01-17,13:00:00,403.0,7.59,100.0,7.48,2.086,0.0,0.0,0.665814424203686
,3784,2026-01-17,14:00:00,392.0,7.63,106.0,7.44,2.086,0.0,0.0,0.665814424203686
,3785,2026-01-17,15:00:00,386.0,7.57,102.0,7.46,2.046,0.0,0.0,0.6788313239926144
,3786,2026-01-17,16:00:00,390.0,7.55,96.0,7.4,2.046,0.0,0.0,0.6788313239926144
,3787,2026-01-17,17:00:00,384.0,7.53,99.0,7.35,2.046,0.0,0.0,0.6788313239926144
,3788,2026-01-17,18:00:00,386.0,7.5,95.0,7.38,2.046,0.0,0.0,0.6788313239926144
,3789,2026-01-17,19:00:00,433.0,7.81,101.0,7.58,2.046,0.0,0.0,1.086130118388183
,3790,2026-01-17,20:00:00,440.0,7.8,97.0,7.55,2.046,0.0,0.0,1.3576626479852287
,3791,2026-01-17,21:00:00,445.0,7.78,90.0,7.6,2.046,0.0,0.0,1.3576626479852287
,3792,2026-01-17,22:00:00,448.0,7.75,94.0,7.62,2.046,0.0,0.0,1.3576626479852287
,3793,2026-01-17,23:00:00,446.0,7.73,98.0,7.59,2.006,0.0,0.0,1.3847346848343858
,3794,2026-01-17,00:00:00,451.0,7.71,100.0,7.56,2.006,0.0,0.0,1.9386285587681402
,3795,2026-01-17,01:00:00,457.0,7.74,103.0,7.55,2.006,0.0,0.0,1.9386285587681402
,3796,2026-01-17,02:00:00,455.0,7.76,105.0,7.58,1.967,0.0,0.0,1.9770660340055355
,3797,2026-01-17,03:00:00,460.0,7.73,108.0,7.61,1.967,0.0,0.0,1.9770660340055355
,3798,2026-01-17,04:00:00,436.0,7.72,113.0,7.53,1.967,0.0,0.0,1.9770660340055355
,3799,2026-01-17,05:00:00,405.0,7.74,115.0,7.42,1.967,0.0,0.0,1.9770660340055355
,3800,2026-01-17,06:00:00,401.0,7.76,119.0,7.5,1.967,0.0,0.0,1.6946280291476021
,3801,2026-01-18,06:30:00,419.0,7.66,117.0,7.58,1.967,0.0,0.0,0.0
,3802,2026-01-18,07:00:00,411.0,7.68,114.0,7.6,1.967,0.0,0.0,1.4121900242896683
,3803,2026-01-18,08:00:00,408.0,7.64,120.0,6.7,1.967,0.0,0.0,1.4121900242896683
,3804,2026-01-18,09:00:00,404.0,7.6,115.0,7.42,1.967,0.0,0.0,1.4121900242896683
,3805,2026-01-18,10:00:00,396.0,7.68,146.0,7.4,1.967,0.0,0.0,1.4121900242896683
,3806,2026-01-18,11:00:00,367.0,7.62,169.0,7.44,1.929,0.0,0.0,1.1520073728471862
,3807,2026-01-18,12:00:00,350.0,7.71,181.0,7.38,1.929,0.0,0.0,1.1520073728471862
,3808,2026-01-18,13:00:00,342.0,7.78,173.0,7.46,1.89,0.0,0.0,0.7348618459729571
,3809,2026-01-18,14:00:00,340.0,7.73,189.0,7.42,1.852,0.0,0.0,0.7499400047996159
,3810,2026-01-18,15:00:00,336.0,7.75,193.0,7.47,1.814,0.0,0.0,0.7656498836212177
,3811,2026-01-18,16:00:00,330.0,7.7,188.0,7.44,1.777,0.0,0.0,0.7815919464765835
,3812,2026-01-18,17:00:00,328.0,7.72,190.0,7.42,1.74,0.0,0.0,0.7982120051085567
,3813,2026-01-18,18:00:00,325.0,7.77,195.0,7.5,1.74,0.0,0.0,0.7982120051085567
,3814,2026-01-18,19:00:00,318.0,7.96,202.0,7.81,1.703,0.0,0.0,0.8155542506687544
,3815,2026-01-18,20:00:00,326.0,7.95,207.0,7.78,1.703,0.0,0.0,0.8155542506687544
,3816,2026-01-18,21:00:00,338.0,7.9,204.0,7.75,1.703,0.0,0.0,0.8155542506687544
,3817,2026-01-18,22:00:00,332.0,7.96,197.0,7.77,1.703,0.0,0.0,0.8155542506687544
,3818,2026-01-18,23:00:00,329.0,7.82,185.0,7.72,1.667,0.0,0.0,0.8331666999933346
,3819,2026-01-18,00:00:00,324.0,7.6,164.0,7.65,1.667,0.0,0.0,0.8331666999933346
,3820,2026-01-18,01:00:00,335.0,7.68,167.0,7.68,1.631,0.0,0.0,0.8515566455480619
,3821,2026-01-18,02:00:00,325.0,7.72,171.0,7.7,1.631,0.0,0.0,0.8515566455480619
,3822,2026-01-18,03:00:00,319.0,7.75,175.0,7.72,1.595,0.0,0.0,0.8707767328456983
,3823,2026-01-18,04:00:00,330.0,7.71,177.0,7.69,1.595,0.0,0.0,0.8707767328456983
,3824,2026-01-18,05:00:00,339.0,7.74,174.0,7.63,1.595,0.0,0.0,0.8707767328456983
,3825,2026-01-18,06:00:00,332.0,7.73,170.0,7.66,1.595,0.0,0.0,0.8707767328456983
,3826,2026-01-19,06:30:00,309.0,7.67,173.0,7.8,1.595,0.0,0.0,0.0
,3827,2026-01-19,07:00:00,307.0,7,168.0,7.77,1.595,0.0,0.0,0.8707767328456983
,3828,2026-01-19,08:00:00,305.0,7.72,175.0,7.7,1.595,0.0,0.0,0.8707767328456983
,3829,2026-01-19,09:00:00,307.0,7.75,171.0,7.67,1.595,0.0,0.0,0.8707767328456983
,3830,2026-01-19,10:00:00,296.0,7.71,169.0,7.69,1.56,0.0,0.0,0.0
,3831,2026-01-19,11:00:00,291.0,7.83,172.0,7.61,1.56,0.0,0.0,0.0
,3832,2026-01-19,12:00:00,283.0,7.97,173.0,7.63,1.525,0.0,0.0,0.0
,3833,2026-01-19,13:00:00,280.0,7.95,170.0,7.6,1.525,0.0,0.0,0.0
,3834,2026-01-19,14:00:00,276.0,7.98,176.0,7.58,1.49,0.0,0.0,0.0
,3835,2026-01-19,15:00:00,274.0,7.91,168.0,7.64,1.49,0.0,0.0,0.0
,3836,2026-01-19,16:00:00,271.0,7.89,171.0,7.57,1.49,0.0,0.0,0.0
,3837,2026-01-19,17:00:00,268.0,7.86,163.0,7.73,1.456,0.0,0.0,0.0
,3838,2026-01-19,18:00:00,240.0,7.91,159.0,7.77,1.456,0.0,0.0,0.0
,3839,2026-01-19,19:00:00,236.0,7.87,157.0,7.68,1.422,0.0,0.0,0.0
,3840,2026-01-19,20:00:00,232.0,7.92,163.0,7.72,1.422,0.0,0.0,0.0
,3841,2026-01-19,21:00:00,247.0,7.9,160.0,7.78,1.388,0.0,0.0,0.0
,3842,2026-01-19,22:00:00,253.0,7.86,161.0,7.63,1.388,0.0,0.0,0.0
,3843,2026-01-19,23:00:00,255.0,7.77,156.0,7.57,1.355,0.0,0.0,0.0
,3844,2026-01-19,00:00:00,265.0,7.65,152.0,7.5,1.355,0.0,0.0,0.0
,3845,2026-01-19,01:00:00,258.0,7.67,160.0,7.52,1.355,0.0,0.0,0.0
,3846,2026-01-19,02:00:00,261.0,7.62,157.0,7.6,1.355,0.0,0.0,0.0
,3847,2026-01-19,03:00:00,251.0,7.69,162.0,7.58,1.322,0.0,0.0,0.0
,3848,2026-01-19,04:00:00,257.0,7.6,177.0,7.62,1.322,0.0,0.0,0.0
,3849,2026-01-19,05:00:00,264.0,7.56,195.0,7.66,1.322,0.0,0.0,0.0
,3850,2026-01-19,06:00:00,259.0,7.59,190.0,7.63,1.322,0.0,0.0,0.0
,3851,2026-01-20,06:30:00,243.0,7.92,179.0,7.7,1.289,0.0,0.0,0.0
,3852,2026-01-20,07:00:00,240.0,7.88,175.0,7.74,1.289,0.0,0.0,0.0
,3853,2026-01-20,08:00:00,238.0,7.9,172.0,7.7,1.289,0.0,0.0,0.0
,3854,2026-01-20,09:00:00,235.0,7.87,169.0,7.67,1.257,0.0,0.0,0.0
,3855,2026-01-20,10:00:00,229.0,7.94,173.0,7.71,1.257,0.0,0.0,0.0
,3856,2026-01-20,11:00:00,226.0,7.85,168.0,7.66,1.225,0.0,0.0,0.0
,3857,2026-01-20,12:00:00,218.0,7.98,186.0,7.78,1.225,0.0,0.0,0.0
,3858,2026-01-20,13:00:00,216.0,7.93,189.0,7.82,1.225,0.0,0.0,0.0
,3859,2026-01-20,14:00:00,211.0,7.91,184.0,7.85,1.193,0.0,0.0,0.0
,3860,2026-01-20,15:00:00,213.0,7.87,188.0,7.75,1.193,0.0,0.0,0.0
,3861,2026-01-20,16:00:00,211.0,7.89,196.0,7.73,1.162,0.0,0.0,0.0
,3862,2026-01-20,17:00:00,209.0,,193.0,7.9,1.162,0.0,0.0,0.0
,3863,2026-01-20,18:00:00,194.0,8.11,188.0,8.19,1.162,0.0,0.0,0.0
,3864,2026-01-20,19:00:00,188.0,7.98,187.0,7.99,1.1,0.0,0.0,0.0
,3865,2026-01-20,20:00:00,182.0,7.9,180.0,7.97,1.1,0.0,0.0,0.0
,3866,2026-01-20,21:00:00,185.0,7.95,184.0,7.99,1.1,0.0,0.0,0.0
,3867,2026-01-20,22:00:00,179.0,7.97,191.0,7.95,1.07,0.0,0.0,0.0
,3868,2026-01-20,23:00:00,191.0,7.95,193.0,7.96,1.04,0.0,0.0,0.0
,3869,2026-01-20,00:00:00,204.0,7..9,195.0,7.92,1.011,0.0,0.0,0.0
,3870,2026-01-20,01:00:00,192.0,7.96,196.0,7.97,1.011,0.0,0.0,0.0
,3871,2026-01-20,02:00:00,200.0,7.91,191.0,7.94,1.011,0.0,0.0,0.0
,3872,2026-01-20,03:00:00,189.0,7.93,183.0,7.9,0.982,0.0,0.0,0.0
,3873,2026-01-20,04:00:00,193.0,8.03,192.0,7.92,0.982,0.0,0.0,0.0
,3874,2026-01-20,05:00:00,198.0,8,190.0,7.84,0.982,0.0,0.0,0.0
,3875,2026-01-20,06:00:00,195.0,7.97,195.0,7.89,0.982,0.0,0.0,0.0
,3876,2026-01-21,06:30:00,203.0,7.97,195.0,7.72,0.982,0.0,0.0,0.0
,3877,2026-01-21,07:00:00,199.0,7.92,192.0,7.76,0.982,0.0,0.0,0.0
,3878,2026-01-21,08:00:00,197.0,7.9,188.0,7.59,0.953,0.0,0.0,0.0
,3879,2026-01-21,09:00:00,195.0,7.88,190.0,7.63,0.924,0.0,0.0,0.0
,3880,2026-01-21,10:00:00,198.0,7.91,187.0,7.58,0.896,0.0,0.0,0.0
,3881,2026-01-21,11:00:00,186.0,7.99,183.0,7.7,0.869,0.0,0.0,0.0
,3882,2026-01-21,12:00:00,165.0,8.22,181.0,7.93,0.841,0.0,0.0,0.0
,3883,2026-01-21,13:00:00,174.0,8.19,172.0,7.95,0.814,0.0,0.0,0.0
,3884,2026-01-21,14:00:00,178.0,8.13,170.0,7.91,0.814,0.0,0.0,0.0
,3885,2026-01-21,15:00:00,176.0,8.1,167.0,7.89,0.788,0.0,0.0,0.0
,3886,2026-01-21,16:00:00,162.0,8.17,160.0,7.96,0.788,0.0,0.0,0.0
,3887,2026-01-21,17:00:00,158.0,8.26,152.0,7.94,0.761,0.0,0.0,0.0
,3888,2026-01-21,18:00:00,155.0,8.38,148.0,7.99,0.761,0.0,0.0,0.0
,3889,2026-01-21,19:00:00,157.0,8.15,176.0,7.62,0.735,0.0,0.0,0.0
,3890,2026-01-21,20:00:00,160.0,8.11,169.0,7.68,0.71,0.0,0.0,0.0
,3891,2026-01-21,21:00:00,156.0,8.14,172.0,7.71,0.685,0.0,0.0,0.0
,3892,2026-01-21,22:00:00,150.0,8.1,167.0,7.74,0.685,0.0,0.0,0.0
,3893,2026-01-21,23:00:00,149.0,8.13,170.0,7.7,0.685,0.0,0.0,0.0
,3894,2026-01-21,00:00:00,154.0,8.11,172.0,7.72,0.685,0.0,0.0,0.0
,3895,2026-01-21,01:00:00,163.0,8.16,169.0,7.78,0.636,0.0,0.0,0.0
,3896,2026-01-21,02:00:00,159.0,8.1,173.0,7.7,0.588,0.0,0.0,0.0
,3897,2026-01-21,03:00:00,167.0,8.13,178.0,7.74,0.542,0.0,0.0,0.0
,3898,2026-01-21,04:00:00,159.0,8.15,172.0,7.71,0.542,0.0,0.0,0.0
,3899,2026-01-21,05:00:00,150.0,8.15,178.0,7.76,0.519,0.0,0.0,0.0
,3900,2026-01-21,06:00:00,156.0,8.17,177.0,7.77,0.519,0.0,0.0,0.0
,3901,2026-01-22,06:30:00,172.0,8.19,123.0,8.13,0.565,0.0,0.0,0.0
,3902,2026-01-22,07:00:00,169.0,8.17,125.0,8.15,0.565,0.0,0.0,0.0
,3903,2026-01-22,08:00:00,167.0,8.16,102.0,8.1,0.565,0.0,0.0,0.0
,3904,2026-01-22,09:00:00,189.0,8.22,98.0,7.78,0.565,0.0,0.0,0.0
,3905,2026-01-22,10:00:00,183.0,8.18,103.0,8.06,0.565,0.0,0.0,0.0
,3906,2026-01-22,11:00:00,172.0,8.15,110.0,8.08,0.565,0.0,0.0,0.0
,3907,2026-01-22,12:00:00,157.0,8.06,114.0,8.06,0.565,0.0,0.0,0.0
,3908,2026-01-22,13:00:00,162.0,8.11,112.0,8.08,0.565,0.0,0.0,0.0
,3909,2026-01-22,14:00:00,177.0,8.17,111.0,8.11,0.565,0.0,0.0,0.0
,3910,2026-01-22,15:00:00,171.0,8.21,109.0,8.09,0.565,0.0,0.0,0.0
,3911,2026-01-22,16:00:00,164.0,8.26,108.0,8.13,0.565,0.0,0.0,0.0
,3912,2026-01-22,17:00:00,153.0,8.32,107.0,8.27,0.565,0.0,0.0,0.0
,3913,2026-01-22,18:00:00,150.0,8.35,105.0,8.3,0.565,0.0,0.0,0.0
,3914,2026-01-22,19:00:00,144.0,8.58,97.0,8.22,0.565,0.0,0.0,0.0
,3915,2026-01-22,20:00:00,142.0,8.47,99.0,8.29,0.565,0.0,0.0,0.0
,3916,2026-01-22,21:00:00,140.0,8.51,101.0,8.33,0.565,0.0,0.0,0.0
,3917,2026-01-22,22:00:00,153.0,8.55,105.0,8.3,0.565,0.0,0.0,0.0
,3918,2026-01-22,23:00:00,157.0,8.51,100.0,8.26,0.565,0.0,0.0,0.0
,3919,2026-01-22,00:00:00,168.0,8.28,102.0,8.51,0.565,0.0,0.0,0.0
,3920,2026-01-22,01:00:00,170.0,8.32,104.0,8.45,0.565,0.0,0.0,0.0
,3921,2026-01-22,02:00:00,166.0,8.27,106.0,8.4,0.565,0.0,0.0,0.0
,3922,2026-01-22,03:00:00,161.0,8.24,102.0,8.42,0.565,0.0,0.0,0.0
,3923,2026-01-22,04:00:00,176.0,8.27,105.0,8.36,0.565,0.0,0.0,0.0
,3924,2026-01-22,05:00:00,170.0,8.23,108.0,8.32,0.565,0.0,0.0,0.0
,3925,2026-01-22,06:00:00,173.0,8.25,103.0,8.49,0.565,0.0,0.0,0.0
,3926,2026-01-23,06:30:00,177.0,8.21,101.0,8.39,0.542,0.0,0.0,0.0
,3927,2026-01-23,07:00:00,172.0,8.25,99.0,8.37,0.542,0.0,0.0,0.0
,3928,2026-01-23,08:00:00,181.0,8.22,111.0,8.0,0.542,0.0,0.0,0.0
,3929,2026-01-23,09:00:00,177.0,8.2,108.0,8.27,0.542,0.0,0.0,0.0
,3930,2026-01-23,10:00:00,174.0,8.26,110.0,8.3,0.542,0.0,0.0,0.0
,3931,2026-01-23,11:00:00,171.0,8.3,106.0,8.32,0.519,0.0,0.0,0.0
,3932,2026-01-23,12:00:00,169.0,8.33,110.0,8.09,0.519,0.0,0.0,0.0
,3933,2026-01-23,13:00:00,164.0,8.35,107.0,8.11,0.519,0.0,0.0,0.0
,3934,2026-01-23,14:00:00,161.0,8.37,105.0,8.15,0.519,0.0,0.0,0.0
,3935,2026-01-23,15:00:00,160.0,8.4,109.0,8.1,0.519,0.0,0.0,0.0
,3936,2026-01-23,16:00:00,158.0,8.34,104.0,8.16,0.519,0.0,0.0,0.0
,3937,2026-01-23,17:00:00,155.0,8.24,115.0,8.06,0.519,0.0,0.0,0.0
,3938,2026-01-23,18:00:00,153.0,8.28,113.0,8.08,0.519,0.0,0.0,0.0
,3939,2026-01-23,19:00:00,142.0,8.3,106.0,8.13,0.519,0.0,0.0,0.0
,3940,2026-01-23,20:00:00,147.0,8.27,110.0,8.11,0.519,0.0,0.0,0.0
,3941,2026-01-23,21:00:00,140.0,8.51,107.0,8.06,0.519,0.0,0.0,0.0
,3942,2026-01-23,22:00:00,151.0,8.35,104.0,8.12,0.519,0.0,0.0,0.0
,3943,2026-01-23,23:00:00,166.0,8.3,111.0,8.08,0.519,0.0,0.0,0.0
,3944,2026-01-23,00:00:00,181.0,8.32,107.0,8.0,0.519,0.0,0.0,0.0
,3945,2026-01-23,01:00:00,177.0,8.27,103.0,8.04,0.519,0.0,0.0,0.0
,3946,2026-01-23,02:00:00,172.0,8.24,109.0,8.01,0.519,0.0,0.0,0.0
,3947,2026-01-23,03:00:00,169.0,8.28,112.0,8.1,0.519,0.0,0.0,0.0
,3948,2026-01-23,04:00:00,176.0,8.27,105.0,8.38,0.519,0.0,0.0,0.0
,3949,2026-01-23,05:00:00,171.0,8.24,103.0,8.14,0.519,0.0,0.0,0.0
,3950,2026-01-23,06:00:00,180.0,8.3,108.0,8.01,0.519,0.0,0.0,0.0
,3951,2026-01-24,06:30:00,196.0,8.28,106.0,8.0,0.497,0.0,0.0,0.0
,3952,2026-01-24,07:00:00,189.0,8.31,98.0,7.98,0.497,0.0,0.0,0.0
,3953,2026-01-24,08:00:00,184.0,8.34,83.0,7.61,0.497,0.0,0.0,0.0
,3954,2026-01-24,09:00:00,192.0,8.33,81.0,8.08,0.497,0.0,0.0,0.0
,3955,2026-01-24,10:00:00,188.0,8.35,90.0,8.11,0.497,0.0,0.0,0.0
,3956,2026-01-24,11:00:00,185.0,8.33,104.0,8.06,0.497,0.0,0.0,0.0
,3957,2026-01-24,12:00:00,181.0,8.37,110.0,8.03,0.497,0.0,0.0,0.0
,3958,2026-01-24,13:00:00,179.0,8.36,112.0,8.08,0.497,0.0,0.0,0.0
,3959,2026-01-24,14:00:00,184.0,8.32,114.0,8.14,0.497,0.0,0.0,0.0
,3960,2026-01-24,15:00:00,180.0,8.34,116.0,8.22,0.497,0.0,0.0,0.0
,3961,2026-01-24,16:00:00,176.0,8.38,118.0,8.25,0.497,0.0,0.0,0.0
,3962,2026-01-24,17:00:00,161.0,8.36,109.0,8.28,0.497,0.0,0.0,0.0
,3963,2026-01-24,18:00:00,163.0,8.33,111.0,8.24,0.497,0.0,0.0,0.0
,3964,2026-01-24,19:00:00,164.0,8.59,110.0,8.5,0.542,0.0,0.0,0.0
,3965,2026-01-24,20:00:00,162.0,8.47,113.0,8.41,0.542,0.0,0.0,0.0
,3966,2026-01-24,21:00:00,159.0,8.52,108.0,8.37,0.542,0.0,0.0,0.0
,3967,2026-01-24,22:00:00,155.0,8.59,111.0,8.33,0.542,0.0,0.0,0.0
,3968,2026-01-24,23:00:00,151.0,8.64,109.0,8.27,0.542,0.0,0.0,0.0
,3969,2026-01-24,00:00:00,147.0,8.61,106.0,8.2,0.542,0.0,0.0,0.0
,3970,2026-01-24,01:00:00,149.0,8.58,110.0,8.29,0.542,0.0,0.0,0.0
,3971,2026-01-24,02:00:00,142.0,8.53,108.0,8.36,0.542,0.0,0.0,0.0
,3972,2026-01-24,03:00:00,139.0,8.6,105.0,8.39,0.542,0.0,0.0,0.0
,3973,2026-01-24,04:00:00,138.0,8.49,102.0,8.36,0.519,0.0,0.0,0.0
,3974,2026-01-24,05:00:00,144.0,8.61,104.0,8.3,0.519,0.0,0.0,0.0
,3975,2026-01-24,06:00:00,141.0,8.57,100.0,8.33,0.519,0.0,0.0,0.0
,3976,2026-01-25,06:30:00,162.0,8.48,100.0,8.41,0.519,0.0,0.0,0.0
,3977,2026-01-25,07:00:00,157.0,8.45,102.0,8.46,0.519,0.0,0.0,0.0
,3978,2026-01-25,08:00:00,153.0,8.43,97.0,8.35,0.519,0.0,0.0,0.0
,3979,2026-01-25,09:00:00,165.0,8.47,99.0,8.39,0.519,0.0,0.0,0.0
,3980,2026-01-25,10:00:00,160.0,8.52,102.0,8.32,0.519,0.0,0.0,0.0
,3981,2026-01-25,11:00:00,166.0,8.5,98.0,8.31,0.519,0.0,0.0,0.0
,3982,2026-01-25,12:00:00,163.0,8.54,101.0,8.28,0.519,0.0,0.0,0.0
,3983,2026-01-25,13:00:00,161.0,8.53,104.0,8.33,0.519,0.0,0.0,0.0
,3984,2026-01-25,14:00:00,164.0,8.57,99.0,8.37,0.519,0.0,0.0,0.0
,3985,2026-01-25,15:00:00,159.0,8.55,102.0,8.34,0.519,0.0,0.0,0.0
,3986,2026-01-25,16:00:00,153.0,8.53,109.0,8.32,0.519,0.0,0.0,0.0
,3987,2026-01-25,17:00:00,155.0,8.5,114.0,8.37,0.519,0.0,0.0,0.0
,3988,2026-01-25,18:00:00,151.0,8.56,110.0,8.31,0.519,0.0,0.0,0.0
,3989,2026-01-25,19:00:00,159.0,8.58,111.0,8.37,0.497,0.0,0.0,0.0
,3990,2026-01-25,20:00:00,162.0,8.62,110.0,8.41,0.497,0.0,0.0,0.0
,3991,2026-01-25,21:00:00,157.0,8.44,109.0,8.34,0.497,0.0,0.0,0.0
,3992,2026-01-25,22:00:00,160.0,8.47,113.0,8.4,0.497,0.0,0.0,0.0
,3993,2026-01-25,23:00:00,173.0,8.41,115.0,8.38,0.497,0.0,0.0,0.0
,3994,2026-01-25,00:00:00,187.0,8.43,103.0,8.26,0.475,0.0,0.0,0.0
,3995,2026-01-25,01:00:00,190.0,8.5,105.0,8.3,0.475,0.0,0.0,0.0
,3996,2026-01-25,02:00:00,188.0,8.48,102.0,8.32,0.475,0.0,0.0,0.0
,3997,2026-01-25,03:00:00,185.0,8.44,99.0,8.31,0.475,0.0,0.0,0.0
,3998,2026-01-25,04:00:00,181.0,8.42,95.0,8.33,0.475,0.0,0.0,0.0
,3999,2026-01-25,05:00:00,183.0,8.4,97.0,8.31,0.475,0.0,0.0,0.0
,4000,2026-01-25,06:00:00,186.0,8.43,100.0,8.35,0.475,0.0,0.0,0.0
,4001,2026-01-26,06:30:00,174.0,8.38,112.0,8.4,0.475,0.0,0.0,0.0
,4002,2026-01-26,07:00:00,169.0,8.42,106.0,8.42,0.475,0.0,0.0,0.0
,4003,2026-01-26,08:00:00,161.0,8.4,107.0,8.15,0.475,0.0,0.0,0.0
,4004,2026-01-26,09:00:00,170.0,8.43,110.0,8.36,0.475,0.0,0.0,0.0
,4005,2026-01-26,10:00:00,168.0,8.45,106.0,8.4,0.475,0.0,0.0,0.0
,4006,2026-01-26,11:00:00,162.0,8.47,102.0,8.33,0.454,0.0,0.0,0.0
,4007,2026-01-26,12:00:00,156.0,8.51,107.0,8.25,0.454,0.0,0.0,0.0
,4008,2026-01-26,13:00:00,159.0,8.49,102.0,8.28,0.454,0.0,0.0,0.0
,4009,2026-01-26,14:00:00,162.0,8.52,108.0,8.3,0.454,0.0,0.0,0.0
,4010,2026-01-26,15:00:00,160.0,8.47,105.0,8.27,0.454,0.0,0.0,0.0
,4011,2026-01-26,16:00:00,156.0,8.53,109.0,8.32,0.454,0.0,0.0,0.0
,4012,2026-01-26,17:00:00,147.0,8.59,111.0,8.38,0.454,0.0,0.0,0.0
,4013,2026-01-26,18:00:00,150.0,8.52,110.0,8.4,0.454,0.0,0.0,0.0
,4014,2026-01-26,19:00:00,175.0,8.69,107.0,8.54,0.454,0.0,0.0,0.0
,4015,2026-01-26,20:00:00,177.0,8.64,104.0,8.5,0.454,0.0,0.0,0.0
,4016,2026-01-26,21:00:00,174.0,8.59,110.0,8.48,0.454,0.0,0.0,0.0
,4017,2026-01-26,22:00:00,178.0,8.53,108.0,8.51,0.454,0.0,0.0,0.0
,4018,2026-01-26,23:00:00,182.0,8.48,106.0,8.49,0.454,0.0,0.0,0.0
,4019,2026-01-26,00:00:00,189.0,8.41,88.0,8.47,0.454,0.0,0.0,0.0
,4020,2026-01-26,01:00:00,186.0,8.39,101.0,8.38,0.433,0.0,0.0,0.0
,4021,2026-01-26,02:00:00,177.0,8.44,98.0,8.44,0.433,0.0,0.0,0.0
,4022,2026-01-26,03:00:00,174.0,8.41,87.0,8.4,0.433,0.0,0.0,0.0
,4023,2026-01-26,04:00:00,183.0,8.43,83.0,8.42,0.433,0.0,0.0,0.0
,4024,2026-01-26,05:00:00,186.0,8.45,85.0,8.39,0.433,0.0,0.0,0.0
,4025,2026-01-26,06:00:00,184.0,8.4,81.0,8.43,0.433,0.0,0.0,0.0
,4026,2026-01-27,06:30:00,165.0,8.39,81.0,8.41,0.433,0.0,0.0,0.0
,4027,2026-01-27,07:00:00,161.0,8.37,87.0,8.38,0.433,0.0,0.0,0.0
,4028,2026-01-27,08:00:00,157.0,8.4,90.0,7.87,0.433,0.0,0.0,0.0
,4029,2026-01-27,09:00:00,162.0,8.38,88.0,8.35,0.433,0.0,0.0,0.0
,4030,2026-01-27,10:00:00,160.0,8.3,80.0,8.38,0.433,0.0,0.0,0.0
,4031,2026-01-27,11:00:00,162.0,8.27,85.0,8.34,0.433,0.0,0.0,0.0
,4032,2026-01-27,12:00:00,158.0,8.32,83.0,8.37,0.433,0.0,0.0,0.0
,4033,2026-01-27,13:00:00,163.0,8.38,87.0,8.32,0.433,0.0,0.0,0.0
,4034,2026-01-27,14:00:00,157.0,8.42,86.0,8.35,0.433,0.0,0.0,0.0
,4035,2026-01-27,15:00:00,152.0,8.46,84.0,8.38,0.433,0.0,0.0,0.0
,4036,2026-01-27,16:00:00,150.0,8.42,82.0,8.4,0.433,0.0,0.0,0.0
,4037,2026-01-27,17:00:00,148.0,8.45,84.0,8.44,0.433,0.0,0.0,0.0
,4038,2026-01-27,18:00:00,144.0,8.48,87.0,8.47,0.433,0.0,0.0,0.0
,4039,2026-01-27,19:00:00,150.0,8.6,80.0,8.47,0.433,0.0,0.0,0.0
,4040,2026-01-27,20:00:00,162.0,8.58,79.0,8.51,0.433,0.0,0.0,0.0
,4041,2026-01-27,21:00:00,155.0,8.54,82.0,8.48,0.433,0.0,0.0,0.0
,4042,2026-01-27,22:00:00,166.0,8.59,69.0,8.43,0.433,0.0,0.0,0.0
,4043,2026-01-27,23:00:00,168.0,8.6,56.0,8.44,0.433,0.0,0.0,0.0
,4044,2026-01-27,00:00:00,175.0,8.62,48.0,8.46,0.433,0.0,0.0,0.0
,4045,2026-01-27,01:00:00,172.0,8.71,50.0,8.4,0.433,0.0,0.0,0.0
,4046,2026-01-27,02:00:00,167.0,8.68,62.0,8.39,0.433,0.0,0.0,0.0
,4047,2026-01-27,03:00:00,159.0,8.64,64.0,8.36,0.433,0.0,0.0,0.0
,4048,2026-01-27,04:00:00,167.0,8.45,70.0,8.43,0.433,0.0,0.0,0.0
,4049,2026-01-27,05:00:00,189.0,8.47,72.0,8.4,0.413,0.0,0.0,0.0
,4050,2026-01-27,06:00:00,185.0,8.52,69.0,8.51,0.413,0.0,0.0,0.0
,4051,2026-01-28,06:30:00,161.0,8.47,59.0,8.64,0.393,0.0,0.0,0.0
,4052,2026-01-28,07:00:00,158.0,8.42,63.0,8.61,0.393,0.0,0.0,0.0
,4053,2026-01-28,08:00:00,153.0,8.39,57.0,8.3,0.393,0.0,0.0,0.0
,4054,2026-01-28,09:00:00,160.0,8.44,60.0,8.49,0.393,0.0,0.0,0.0
,4055,2026-01-28,10:00:00,148.0,8.5,67.0,8.63,0.393,0.0,0.0,0.0
,4056,2026-01-28,11:00:00,156.0,8.41,56.0,8.58,0.393,0.0,0.0,0.0
,4057,2026-01-28,12:00:00,129.0,8.59,45.0,8.44,0.393,0.0,0.0,0.0
,4058,2026-01-28,13:00:00,136.0,8.48,55.0,8.51,0.393,0.0,0.0,0.0
,4059,2026-01-28,14:00:00,142.0,8.51,62.0,8.62,0.393,0.0,0.0,0.0
,4060,2026-01-28,15:00:00,138.0,8.46,58.0,8.57,0.393,0.0,0.0,0.0
,4061,2026-01-28,16:00:00,133.0,8.57,50.0,8.68,0.393,0.0,0.0,0.0
,4062,2026-01-28,17:00:00,127.0,8.65,69.0,8.5,0.373,0.0,0.0,0.0
,4063,2026-01-28,18:00:00,116.0,8.79,76.0,8.49,0.335,0.0,0.0,0.0
,4064,2026-01-28,19:00:00,118.0,8.53,73.0,8.39,0.335,0.0,0.0,0.0
,4065,2026-01-28,20:00:00,123.0,8.56,71.0,8.43,0.335,0.0,0.0,0.0
,4066,2026-01-28,21:00:00,120.0,8.5,69.0,8.41,0.335,0.0,0.0,0.0
,4067,2026-01-28,22:00:00,125.0,8.47,75.0,8.46,0.335,0.0,0.0,0.0
,4068,2026-01-28,23:00:00,130.0,8.46,71.0,8.42,0.335,0.0,0.0,0.0
,4069,2026-01-28,00:00:00,137.0,8.42,72.0,8.39,0.335,0.0,0.0,0.0
,4070,2026-01-28,01:00:00,132.0,8.43,67.0,8.41,0.335,0.0,0.0,0.0
,4071,2026-01-28,02:00:00,129.0,8.46,75.0,8.38,0.354,0.0,0.0,0.0
,4072,2026-01-28,03:00:00,131.0,8.41,70.0,8.4,0.354,0.0,0.0,0.0
,4073,2026-01-28,04:00:00,136.0,8.49,77.0,8.47,0.354,0.0,0.0,0.0
,4074,2026-01-28,05:00:00,142.0,8.44,81.0,8.45,0.354,0.0,0.0,0.0
,4075,2026-01-28,06:00:00,140.0,8.46,79.0,8.46,0.354,0.0,0.0,0.0
,4076,2026-01-29,06:30:00,136.0,8.43,73.0,8.43,0.393,0.0,0.0,0.0
,4077,2026-01-29,07:00:00,140.0,8.45,70.0,8.4,0.393,0.0,0.0,0.0
,4078,2026-01-29,08:00:00,146.0,8.39,76.0,8.17,0.393,0.0,0.0,0.0
,4079,2026-01-29,09:00:00,151.0,8.35,69.0,8.51,0.393,0.0,0.0,0.0
,4080,2026-01-29,10:00:00,148.0,8.41,63.0,8.57,0.413,0.0,0.0,0.0
,4081,2026-01-29,11:00:00,143.0,8.44,58.0,8.49,0.413,0.0,0.0,0.0
,4082,2026-01-29,12:00:00,146.0,8.75,47.0,8.67,0.433,0.0,0.0,0.0
,4083,2026-01-29,13:00:00,139.0,8.61,44.0,8.64,0.433,0.0,0.0,0.0
,4084,2026-01-29,14:00:00,142.0,8.55,51.0,8.6,0.454,0.0,0.0,0.0
,4085,2026-01-29,15:00:00,144.0,8.59,53.0,8.56,0.454,0.0,0.0,0.0
,4086,2026-01-29,16:00:00,147.0,8.63,55.0,8.52,0.454,0.0,0.0,0.0
,4087,2026-01-29,17:00:00,138.0,8.87,52.0,8.43,0.475,0.0,0.0,0.0
,4088,2026-01-29,18:00:00,125.0,8.91,50.0,8.49,0.475,0.0,0.0,0.0
,4089,2026-01-29,19:00:00,112.0,8.68,54.0,8.45,0.454,0.0,0.0,0.0
,4090,2026-01-29,20:00:00,120.0,8.37,61.0,8.4,0.542,0.0,0.0,0.0
,4091,2026-01-29,21:00:00,116.0,8.46,68.0,8.37,0.66,42.08754208754208,0.0,0.0
,4092,2026-01-29,22:00:00,177.0,8.4,65.0,8.39,0.869,31.96522183863956,0.0,0.0
,4093,2026-01-29,23:00:00,216.0,8.36,66.0,8.45,1.131,24.560369387955596,0.0,0.0
,4094,2026-01-29,00:00:00,426.0,8.24,63.0,8.42,1.74,0.0,0.0,1.5964240102171134
,4095,2026-01-29,01:00:00,410.0,8.22,79.0,8.36,2.289,0.0,0.0,1.8202999854375999
,4096,2026-01-29,02:00:00,435.0,8.2,96.0,8.3,2.903,0.0,0.0,1.9137290925096644
,4097,2026-01-29,03:00:00,578.0,8.17,108.0,8.27,2.995,0.0,0.0,2.7824151363383414
,4098,2026-01-29,04:00:00,697.0,8.25,114.0,8.23,2.995,0.0,0.0,2.7824151363383414
,4099,2026-01-29,05:00:00,858.0,8.28,126.0,8.27,2.995,0.0,0.0,2.7824151363383414
,4100,2026-01-29,06:00:00,816.0,8.24,117.0,8.2,2.811,0.0,0.0,2.9645440531246297
,4101,2026-01-30,06:30:00,792.0,8.03,83.0,8.7,2.811,0.0,0.0,0.0
,4102,2026-01-30,07:00:00,797.0,8.09,86.0,8.68,2.811,0.0,0.0,2.9645440531246297
,4103,2026-01-30,08:00:00,782.0,8.05,87.0,8.36,2.766,0.0,0.0,3.0127741624487827
,4104,2026-01-30,09:00:00,785.0,8.11,84.0,8.58,2.721,0.0,0.0,3.0625995344848707
,4105,2026-01-30,10:00:00,780.0,8.07,79.0,8.53,2.676,0.0,0.0,3.1141006477329345
,4106,2026-01-30,11:00:00,774.0,8.14,88.0,8.57,2.588,0.0,0.0,3.219989696032972
,4107,2026-01-30,12:00:00,661.0,8,68.0,8.21,2.501,0.0,0.0,2.776667110933405
,4108,2026-01-30,13:00:00,682.0,8.05,87.0,8.19,2.458,0.0,0.0,2.825241840701564
,4109,2026-01-30,14:00:00,643.0,8.01,99.0,8.17,2.415,0.0,0.0,2.8755463538072235
,4110,2026-01-30,15:00:00,636.0,7.98,105.0,8.15,2.373,0.0,0.0,2.926440979538324
,4111,2026-01-30,16:00:00,628.0,7.96,111.0,8.12,2.373,0.0,0.0,2.926440979538324
,4112,2026-01-30,17:00:00,632.0,8.04,122.0,8.18,2.331,0.0,0.0,2.979169645836312
,4113,2026-01-30,18:00:00,630.0,8.07,124.0,8.16,2.331,0.0,0.0,2.979169645836312
,4114,2026-01-30,19:00:00,613.0,7.9,128.0,8.12,2.331,0.0,0.0,2.979169645836312
,4115,2026-01-30,20:00:00,597.0,7.96,133.0,8.07,2.248,0.0,0.0,3.089165678133649
,4116,2026-01-30,21:00:00,609.0,8.01,126.0,8.13,2.166,0.0,0.0,3.2061147019595775
,4117,2026-01-30,22:00:00,611.0,7.99,128.0,8.1,2.166,0.0,0.0,3.2061147019595775
,4118,2026-01-30,23:00:00,591.0,7.97,143.0,8.06,2.166,0.0,0.0,3.2061147019595775
,4119,2026-01-30,00:00:00,578.0,7.95,168.0,8.07,2.166,0.0,0.0,3.2061147019595775
,4120,2026-01-30,01:00:00,1466.0,7.74,186.0,7.93,7.483,103.93929944912172,0.0,0.0
,4121,2026-01-30,02:00:00,2085.0,7.63,191.0,7.86,12.737,61.06444043163835,0.0,0.0
,4122,2026-01-30,03:00:00,2448.0,7.47,208.0,7.35,6.717,115.79243379154053,49.62532876780309,0.0
,4123,2026-01-30,04:00:00,2780.0,7.21,180.0,6.82,6.185,44.91152429713465,26.946914578280786,0.0
,4124,2026-01-30,05:00:00,3120.0,7.04,155.0,6.7,5.674,48.95625269259389,29.373751615556337,0.0
,4125,2026-01-30,06:00:00,3060.0,7.08,90.0,6.72,5.304,52.37137590078766,31.422825540472598,0.0
,4126,2026-01-31,06:30:00,2946.0,7.6,66.0,6.44,5.304,0.0,0.0,0.0
,4127,2026-01-31,07:00:00,2975.0,7.65,180.0,6.6,5.612,0.0,0.0,7.4245664053219285
,4128,2026-01-31,08:00:00,2960.0,7.69,207.0,6.88,5.426,0.0,0.0,7.679076053569234
,4129,2026-01-31,09:00:00,2951.0,7.7,210.0,6.79,5.304,0.0,0.0,7.8557063851181494
,4130,2026-01-31,10:00:00,2897.0,7.68,318.0,6.82,5.124,0.0,0.0,8.131667967733542
,4131,2026-01-31,11:00:00,2240.0,7.65,365.0,6.86,5.005,0.0,0.0,0.0
,4132,2026-01-31,12:00:00,,,,,,,,
,4133,2026-01-31,13:00:00,,,,,,,,
,4134,2026-01-31,14:00:00,,,,,,,,
,4135,2026-01-31,15:00:00,,,,,,,,
,4136,2026-01-31,16:00:00,,,,,,,,
,4137,2026-01-31,17:00:00,,,,,,,,
,4138,2026-01-31,18:00:00,,,,,,,,
,4139,2026-01-31,19:00:00,,,,,,,,
,4140,2026-01-31,20:00:00,,,,,,,,
,4141,2026-01-31,21:00:00,,,,,,,,
,4142,2026-01-31,22:00:00,,,,,,,,
,4143,2026-01-31,23:00:00,,,,,,,,
,4144,2026-01-31,00:00:00,,,,,,,,
,4145,2026-01-31,01:00:00,,,,,,,,
,4146,2026-01-31,02:00:00,,,,,,,,
,4147,2026-01-31,03:00:00,,,,,,,,
,4148,2026-01-31,04:00:00,,,,,,,,
,4149,2026-01-31,05:00:00,,,,,,,,
,4150,2026-01-31,06:00:00,,,,,,,,
,4151,2026-02-01,06:30:00,868.0,7.31,165.0,6.48,2.766,0.0,0.0,0.0
,4152,2026-02-01,07:00:00,1016.0,7.34,61.0,6.22,2.721,0.0,73.50238882763689,5.614765813222262
,4153,2026-02-01,08:00:00,1008.0,7.33,40.0,5.28,2.676,0.0,74.73841554559043,5.7091845208437135
,4154,2026-02-01,09:00:00,1012.0,7.36,46.0,5.5,2.632,0.0,75.98784194528875,5.804626815265113
,4155,2026-02-01,10:00:00,1006.0,7.31,42.0,5.85,2.588,0.0,77.27975270479135,5.903314442727116
,4156,2026-02-01,11:00:00,1014.0,7.3,45.0,6.35,2.588,0.0,77.27975270479135,5.903314442727116
,4157,2026-02-01,12:00:00,1038.0,7.29,39.0,6.47,2.544,0.0,65.51362683438155,6.005415793151641
,4158,2026-02-01,13:00:00,1004.0,7.32,41.0,6.51,2.544,0.0,0.0,5.459468902865129
,4159,2026-02-01,14:00:00,1018.0,7.37,46.0,6.89,2.544,0.0,0.0,5.459468902865129
,4160,2026-02-01,15:00:00,1010.0,7.35,50.0,7.15,2.501,0.0,0.0,5.55333422186681
,4161,2026-02-01,16:00:00,1029.0,7.33,43.0,7.04,2.501,0.0,0.0,5.220134168554801
,4162,2026-02-01,17:00:00,1044.0,7.32,33.0,6.83,2.458,0.0,0.0,5.311454660518939
,4163,2026-02-01,18:00:00,1050.0,7.38,39.0,6.8,2.458,0.0,0.0,5.311454660518939
,4164,2026-02-01,19:00:00,1068.0,7.46,35.0,6.66,2.415,0.0,0.0,5.406027145157579
,4165,2026-02-01,20:00:00,1123.0,7.44,48.0,6.75,2.721,0.0,0.0,4.798072604026297
,4166,2026-02-01,21:00:00,1172.0,7.36,69.0,6.93,2.811,0.0,0.0,4.644452349895253
,4167,2026-02-01,22:00:00,1263.0,7.39,82.0,6.98,2.721,0.0,0.0,5.20641920862428
,4168,2026-02-01,23:00:00,1260.0,7.35,94.0,7.0,2.632,0.0,0.0,5.382472137791287
,4169,2026-02-01,00:00:00,1254.0,7.3,101.0,7.09,2.544,0.0,0.0,5.568658280922431
,4170,2026-02-01,01:00:00,1247.0,7.42,103.0,7.05,2.501,0.0,0.0,5.664400906304145
,4171,2026-02-01,02:00:00,1189.0,7.37,110.0,7.11,2.501,0.0,0.0,5.664400906304145
,4172,2026-02-01,03:00:00,1177.0,7.41,108.0,7.13,2.501,0.0,0.0,5.220134168554801
,4173,2026-02-01,04:00:00,1186.0,7.28,113.0,7.08,2.458,0.0,0.0,5.311454660518939
,4174,2026-02-01,05:00:00,1198.0,7.32,116.0,7.05,2.415,0.0,0.0,5.406027145157579
,4175,2026-02-01,06:00:00,1246.0,7.45,118.0,7.11,2.373,0.0,0.0,5.50170904153205
,4176,2026-02-02,06:30:00,1088.0,7.33,143.0,7.19,2.373,0.0,0.0,0.0
,4177,2026-02-02,07:00:00,1075.0,7.35,141.0,7.15,2.373,0.0,0.0,5.267593763168985
,4178,2026-02-02,08:00:00,1108.0,7.37,136.0,7.13,2.373,0.0,0.0,5.267593763168985
,4179,2026-02-02,09:00:00,1096.0,7.34,130.0,7.15,2.373,0.0,0.0,5.267593763168985
,4180,2026-02-02,10:00:00,1092.0,7.3,135.0,7.17,2.373,0.0,0.0,5.267593763168985
,4181,2026-02-02,11:00:00,1110.0,7.31,131.0,7.24,2.373,0.0,0.0,5.267593763168985
,4182,2026-02-02,12:00:00,1094.0,7.28,129.0,7.27,2.373,0.0,0.0,5.267593763168985
,4183,2026-02-02,13:00:00,1081.0,7.36,118.0,7.41,2.373,0.0,0.0,5.267593763168985
,4184,2026-02-02,14:00:00,1090.0,7.29,121.0,7.36,2.373,0.0,0.0,5.267593763168985
,4185,2026-02-02,15:00:00,1122.0,7.27,126.0,7.31,2.373,0.0,0.0,5.267593763168985
,4186,2026-02-02,16:00:00,1088.0,7.29,124.0,7.44,2.331,0.0,0.0,5.005005005005005
,4187,2026-02-02,17:00:00,1062.0,7.3,121.0,7.58,2.331,0.0,0.0,5.005005005005005
,4188,2026-02-02,18:00:00,1074.0,7.34,118.0,7.55,2.331,0.0,0.0,5.005005005005005
,4189,2026-02-02,19:00:00,1194.0,7.35,101.0,7.67,2.331,0.0,0.0,4.409171075837743
,4190,2026-02-02,20:00:00,1166.0,7.42,117.0,7.62,2.331,0.0,0.0,4.409171075837743
,4191,2026-02-02,21:00:00,1151.0,7.38,129.0,7.6,2.289,0.0,0.0,4.490073297412747
,4192,2026-02-02,22:00:00,1187.0,7.41,134.0,7.56,2.289,0.0,0.0,4.490073297412747
,4193,2026-02-02,23:00:00,1239.0,7.33,158.0,7.59,2.289,0.0,0.0,4.490073297412747
,4194,2026-02-02,00:00:00,1263.0,7.36,175.0,7.66,2.289,0.0,0.0,4.490073297412747
,4195,2026-02-02,01:00:00,1208.0,7.49,170.0,7.61,2.289,0.0,0.0,4.490073297412747
,4196,2026-02-02,02:00:00,1250.0,7.47,168.0,7.57,2.289,0.0,0.0,4.490073297412747
,4197,2026-02-02,03:00:00,1253.0,7.35,165.0,7.63,2.248,0.0,0.0,4.571965203637801
,4198,2026-02-02,04:00:00,1267.0,7.38,152.0,7.78,2.248,0.0,0.0,4.571965203637801
,4199,2026-02-02,05:00:00,1261.0,7.42,157.0,7.69,2.248,0.0,0.0,4.571965203637801
,4200,2026-02-02,06:00:00,1263.0,7.46,144.0,7.72,2.248,0.0,0.0,4.571965203637801
,4201,2026-02-03,06:30:00,1084.0,7.64,142.0,7.53,2.248,0.0,0.0,0.0
,4202,2026-02-03,07:00:00,1100.0,7.6,149.0,7.58,2.248,0.0,0.0,4.571965203637801
,4203,2026-02-03,08:00:00,1072.0,7.62,145.0,7.44,2.248,0.0,0.0,3.7069988137603795
,4204,2026-02-03,09:00:00,1002.0,7.65,141.0,7.51,2.248,0.0,0.0,3.7069988137603795
,4205,2026-02-03,10:00:00,1012.0,7.61,144.0,7.56,2.248,0.0,0.0,3.089165678133649
,4206,2026-02-03,11:00:00,1008.0,7.63,139.0,7.53,2.248,0.0,0.0,3.089165678133649
,4207,2026-02-03,12:00:00,994.0,7.6,134.0,7.48,2.248,0.0,0.0,2.4713325425069192
,4208,2026-02-03,13:00:00,965.0,7.64,131.0,7.46,2.207,0.0,0.0,2.5172431153400794
,4209,2026-02-03,14:00:00,954.0,7.59,136.0,7.43,2.207,0.0,0.0,2.5172431153400794
,4210,2026-02-03,15:00:00,946.0,7.56,133.0,7.41,2.207,0.0,0.0,2.5172431153400794
,4211,2026-02-03,16:00:00,938.0,7.63,135.0,7.46,2.207,0.0,0.0,2.5172431153400794
,4212,2026-02-03,17:00:00,942.0,7.7,139.0,7.49,2.166,0.0,0.0,2.564891761567662
,4213,2026-02-03,18:00:00,930.0,7.68,132.0,7.53,2.166,0.0,0.0,2.564891761567662
,4214,2026-02-03,19:00:00,1050.0,7.82,143.0,7.71,2.331,0.0,0.0,4.7666714333381
,4215,2026-02-03,20:00:00,1174.0,7.75,145.0,7.69,2.995,0.0,0.0,5.101094416620293
,4216,2026-02-03,21:00:00,1160.0,7.71,149.0,7.68,2.995,0.0,0.0,4.637358560563903
,4217,2026-02-03,22:00:00,1144.0,7.73,153.0,7.7,2.903,0.0,0.0,4.592949822023194
,4218,2026-02-03,23:00:00,1142.0,7.67,157.0,7.74,2.766,0.0,0.0,4.820438659918053
,4219,2026-02-03,00:00:00,1182.0,7.75,142.0,7.71,5.124,48.790007806401256,32.526671870934166,0.0
,4220,2026-02-03,01:00:00,1314.0,7.64,181.0,7.76,7.771,42.89452236949341,21.447261184746704,0.0
,4221,2026-02-03,02:00:00,1456.0,7.56,189.0,7.89,6.717,49.62532876780309,24.812664383901545,0.0
,4222,2026-02-03,03:00:00,1779.0,7.39,197.0,7.57,5.426,61.43260842855387,30.716304214276935,0.0
,4223,2026-02-03,04:00:00,1722.0,7.33,180.0,7.63,4.543,73.37295472888694,36.68647736444347,0.0
,4224,2026-02-03,05:00:00,1683.0,7.36,166.0,7.68,4.265,78.1555295037124,39.0777647518562,0.0
,4225,2026-02-03,06:00:00,1670.0,7.38,168.0,7.7,3.995,83.43763037129746,41.71881518564873,0.0
,4226,2026-02-04,06:30:00,1238.0,7.69,177.0,7.87,3.785,0.0,0.0,0.0
,4227,2026-02-04,07:00:00,1250.0,7.62,180.0,7.82,3.785,44.03346543372963,22.016732716864816,0.0
,4228,2026-02-04,08:00:00,1360.0,7.59,118.0,7.29,3.479,47.906486538277285,23.953243269138643,0.0
,4229,2026-02-04,09:00:00,1248.0,7.65,129.0,7.39,3.331,50.035024517162014,25.017512258581007,0.0
,4230,2026-02-04,10:00:00,1200.0,7.61,103.0,7.1,3.137,0.0,0.0,4.427443063082208
,4231,2026-02-04,11:00:00,1084.0,7.55,78.0,6.83,3.09,0.0,0.0,4.494786048184107
,4232,2026-02-04,12:00:00,1026.0,7.58,72.0,6.77,3.042,0.0,0.0,4.565709693914822
,4233,2026-02-04,13:00:00,1012.0,7.53,93.0,6.7,2.995,0.0,0.0,4.637358560563903
,4234,2026-02-04,14:00:00,1006.0,7.5,156.0,6.78,2.949,0.0,0.0,4.709694435025056
,4235,2026-02-04,15:00:00,996.0,7.46,238.0,6.73,2.903,0.0,0.0,4.78432273127416
,4236,2026-02-04,16:00:00,866.0,7.42,255.0,6.76,2.811,0.0,0.0,4.446816079686944
,4237,2026-02-04,17:00:00,792.0,7.4,281.0,6.78,2.766,0.0,0.0,4.519161243673174
,4238,2026-02-04,18:00:00,780.0,7.43,272.0,6.82,2.766,0.0,0.0,4.519161243673174
,4239,2026-02-04,19:00:00,838.0,7.74,210.0,6.99,2.766,0.0,0.0,5.021290270747971
,4240,2026-02-04,20:00:00,890.0,7.71,206.0,6.89,2.949,0.0,0.0,4.709694435025056
,4241,2026-02-04,21:00:00,874.0,7.68,201.0,6.86,3.09,0.0,0.0,4.494786048184107
,4242,2026-02-04,22:00:00,871.0,7.7,204.0,6.84,3.233,0.0,0.0,4.29597553012338
,4243,2026-02-04,23:00:00,781.0,7.61,181.0,6.81,3.837,27.147945443488837,16.288767266093302,0.0
,4244,2026-02-04,00:00:00,992.0,7.59,179.0,6.83,4.32,24.11265432098765,143.06841563786008,0.0
,4245,2026-02-04,01:00:00,1327.0,7.81,189.0,6.91,4.431,23.50861355600692,14.105168133604153,0.0
,4246,2026-02-04,02:00:00,1563.0,7.8,194.0,7.04,4.543,22.929048352777166,13.7574290116663,0.0
,4247,2026-02-04,03:00:00,1556.0,7.77,199.0,7.06,4.375,28.571428571428573,14.285714285714286,0.0
,4248,2026-02-04,04:00:00,1470.0,7.6,180.0,7.3,4.21,29.691211401425175,14.845605700712587,0.0
,4249,2026-02-04,05:00:00,1346.0,7.53,169.0,7.41,3.995,31.289111389236545,15.644555694618273,0.0
,4250,2026-02-04,06:00:00,1352.0,7.58,166.0,7.38,3.785,33.02509907529723,16.512549537648614,0.0
,4251,2026-02-05,06:30:00,1042.0,7.6,159.0,7.48,3.63,0.0,0.0,0.0
,4252,2026-02-05,07:00:00,1060.0,7.57,163.0,7.5,3.58,46.55493482309125,23.277467411545626,0.0
,4253,2026-02-05,08:00:00,1090.0,7.53,119.0,7.53,3.479,47.906486538277285,23.953243269138643,0.0
,4254,2026-02-05,09:00:00,1016.0,7.59,132.0,7.55,3.282,50.782043469429205,25.391021734714602,0.0
,4255,2026-02-05,10:00:00,1008.0,7.63,124.0,7.36,3.185,0.0,0.0,4.796790511076225
,4256,2026-02-05,11:00:00,1026.0,7.68,113.0,7.02,2.903,0.0,0.0,5.262755004401577
,4257,2026-02-05,12:00:00,1056.0,7.68,102.0,6.85,2.544,0.0,0.0,5.459468902865129
,4258,2026-02-05,13:00:00,940.0,7.65,176.0,6.81,2.289,0.0,0.0,5.4608999563128
,4259,2026-02-05,14:00:00,860.0,7.63,227.0,6.89,2.046,0.0,0.0,6.109481915933529
,4260,2026-02-05,15:00:00,790.0,7.69,260.0,6.85,1.929,0.0,0.0,5.76003686423593
,4261,2026-02-05,16:00:00,762.0,7.63,204.0,6.91,1.929,0.0,0.0,5.040032256206439
,4262,2026-02-05,17:00:00,710.0,7.69,171.0,6.98,2.903,0.0,0.0,3.3490259118919123
,4263,2026-02-05,18:00:00,876.0,7.6,186.0,6.95,3.233,0.0,0.0,3.0071828710863664
,4264,2026-02-05,19:00:00,737.0,7.72,151.0,6.91,3.042,0.0,0.0,4.565709693914822
,4265,2026-02-05,20:00:00,741.0,7.68,146.0,6.97,2.857,0.0,0.0,4.375218760938046
,4266,2026-02-05,21:00:00,733.0,7.62,150.0,6.89,2.632,0.0,0.0,4.749240121580547
,4267,2026-02-05,22:00:00,728.0,7.59,148.0,6.88,2.949,0.0,0.0,4.238724991522551
,4268,2026-02-05,23:00:00,690.0,7.57,144.0,6.94,3.09,0.0,0.0,4.0453074433656955
,4269,2026-02-05,00:00:00,834.0,7.36,149.0,6.96,3.233,0.0,0.0,3.8663779771110423
,4270,2026-02-05,01:00:00,876.0,7.31,151.0,6.99,3.233,0.0,0.0,3.8663779771110423
,4271,2026-02-05,02:00:00,928.0,7.4,159.0,7.07,3.233,0.0,0.0,3.8663779771110423
,4272,2026-02-05,03:00:00,1304.0,7.43,166.0,7.14,3.185,0.0,0.0,4.796790511076225
,4273,2026-02-05,04:00:00,1217.0,7.48,180.0,7.31,3.09,0.0,0.0,4.944264653002517
,4274,2026-02-05,05:00:00,1238.0,7.5,185.0,7.46,3.042,0.0,0.0,5.022280663306304
,4275,2026-02-05,06:00:00,1227.0,7.54,179.0,7.33,2.995,0.0,0.0,5.101094416620293
,4276,2026-02-06,06:30:00,1036.0,7.38,184.0,7.73,2.903,0.0,0.0,0.0
,4277,2026-02-06,07:00:00,1031.0,7.4,179.0,7.71,2.903,0.0,0.0,5.262755004401577
,4278,2026-02-06,08:00:00,127.0,7.35,198.0,7.37,2.857,0.0,0.0,5.347489596702057
,4279,2026-02-06,09:00:00,1019.0,7.46,166.0,7.52,2.766,0.0,0.0,5.523419297822769
,4280,2026-02-06,10:00:00,1034.0,7.5,176.0,7.36,2.721,0.0,0.0,5.614765813222262
,4281,2026-02-06,11:00:00,1077.0,7.58,169.0,7.44,2.676,0.0,0.0,5.7091845208437135
,4282,2026-02-06,12:00:00,1053.0,7.46,160.0,7.52,2.632,0.0,0.0,5.804626815265113
,4283,2026-02-06,13:00:00,1040.0,7.49,172.0,7.59,2.588,0.0,0.0,5.366649493388288
,4284,2026-02-06,14:00:00,1032.0,7.36,164.0,7.48,2.544,0.0,0.0,5.459468902865129
,4285,2026-02-06,15:00:00,1068.0,7.47,160.0,7.51,2.501,0.0,0.0,5.55333422186681
,4286,2026-02-06,16:00:00,1025.0,7.31,171.0,7.45,2.501,0.0,0.0,5.55333422186681
,4287,2026-02-06,17:00:00,975.0,7.34,169.0,7.55,2.501,0.0,0.0,5.55333422186681
,4288,2026-02-06,18:00:00,882.0,7.36,173.0,7.49,2.458,0.0,0.0,5.650483681403128
,4289,2026-02-06,19:00:00,749.0,7.56,166.0,7.64,2.458,0.0,0.0,5.650483681403128
,4290,2026-02-06,20:00:00,741.0,7.52,176.0,7.62,2.415,0.0,0.0,5.751092707614447
,4291,2026-02-06,21:00:00,732.0,7.5,169.0,7.59,2.415,0.0,0.0,5.175983436853002
,4292,2026-02-06,22:00:00,726.0,7.54,151.0,7.64,2.373,0.0,0.0,5.267593763168985
,4293,2026-02-06,23:00:00,722.0,7.52,146.0,7.6,2.373,0.0,0.0,4.682305567261319
,4294,2026-02-06,00:00:00,716.0,7.5,130.0,7.55,2.373,0.0,0.0,4.682305567261319
,4295,2026-02-06,01:00:00,703.0,7.54,135.0,7.52,2.373,0.0,0.0,4.682305567261319
,4296,2026-02-06,02:00:00,687.0,7.48,131.0,7.56,2.373,0.0,0.0,4.097017371353655
,4297,2026-02-06,03:00:00,661.0,7.52,128.0,7.51,2.373,0.0,0.0,4.097017371353655
,4298,2026-02-06,04:00:00,652.0,7.37,122.0,7.54,2.331,0.0,0.0,3.5750035750035747
,4299,2026-02-06,05:00:00,658.0,7.52,127.0,7.52,2.331,0.0,0.0,3.5750035750035747
,4300,2026-02-06,06:00:00,643.0,7.55,129.0,7.5,2.331,0.0,0.0,3.5750035750035747
,4301,2026-02-07,06:30:00,664.0,7.38,140.0,7.56,2.331,0.0,0.0,0.0
,4302,2026-02-07,07:00:00,661.0,7.41,143.0,7.53,2.331,0.0,0.0,3.5750035750035747
,4303,2026-02-07,08:00:00,658.0,7.44,148.0,7.58,2.373,0.0,0.0,3.511729175445989
,4304,2026-02-07,09:00:00,666.0,7.39,137.0,7.62,2.373,0.0,0.0,3.511729175445989
,4305,2026-02-07,10:00:00,670.0,7.42,135.0,7.6,2.373,0.0,0.0,3.511729175445989
,4306,2026-02-07,11:00:00,642.0,7.48,130.0,7.51,2.373,0.0,0.0,3.511729175445989
,4307,2026-02-07,12:00:00,588.0,7.52,122.0,7.44,2.373,0.0,0.0,3.511729175445989
,4308,2026-02-07,13:00:00,592.0,7.47,126.0,7.4,2.373,0.0,0.0,3.511729175445989
,4309,2026-02-07,14:00:00,589.0,7.5,132.0,7.37,2.373,0.0,0.0,3.511729175445989
,4310,2026-02-07,15:00:00,592.0,7.54,128.0,7.46,2.373,0.0,0.0,3.511729175445989
,4311,2026-02-07,16:00:00,593.0,7.51,124.0,7.55,2.373,0.0,0.0,3.511729175445989
,4312,2026-02-07,17:00:00,601.0,7.53,127.0,7.62,2.373,0.0,0.0,3.511729175445989
,4313,2026-02-07,18:00:00,607.0,7.48,170.0,7.67,2.373,0.0,0.0,3.511729175445989
,4314,2026-02-07,19:00:00,592.0,7.5,129.0,7.67,2.331,0.0,0.0,3.5750035750035747
,4315,2026-02-07,20:00:00,586.0,7.53,135.0,7.64,2.331,0.0,0.0,2.979169645836312
,4316,2026-02-07,21:00:00,572.0,7.47,131.0,7.62,2.331,0.0,0.0,2.38333571666905
,4317,2026-02-07,22:00:00,587.0,7.51,147.0,7.65,2.331,0.0,0.0,2.38333571666905
,4318,2026-02-07,23:00:00,590.0,7.55,153.0,7.63,2.331,0.0,0.0,2.38333571666905
,4319,2026-02-07,00:00:00,596.0,7.57,165.0,7.61,2.289,0.0,0.0,2.4270666472501334
,4320,2026-02-07,01:00:00,589.0,7.54,164.0,7.64,2.289,0.0,0.0,2.4270666472501334
,4321,2026-02-07,02:00:00,581.0,7.51,168.0,7.59,2.289,0.0,0.0,2.4270666472501334
,4322,2026-02-07,03:00:00,590.0,7.56,171.0,7.62,2.289,0.0,0.0,2.4270666472501334
,4323,2026-02-07,04:00:00,589.0,7.58,159.0,7.65,2.289,0.0,0.0,2.4270666472501334
,4324,2026-02-07,05:00:00,595.0,7.55,147.0,7.62,2.289,0.0,0.0,2.4270666472501334
,4325,2026-02-07,06:00:00,591.0,7.54,155.0,7.6,2.289,0.0,0.0,2.4270666472501334
,4326,2026-02-08,06:30:00,586.0,7.67,139.0,7.58,2.248,0.0,0.0,0.0
,4327,2026-02-08,07:00:00,582.0,7.71,138.0,7.64,2.248,0.0,0.0,2.4713325425069192
,4328,2026-02-08,08:00:00,577.0,7.65,136.0,7.85,2.248,0.0,0.0,2.4713325425069192
,4329,2026-02-08,09:00:00,575.0,7.69,133.0,7.81,2.248,0.0,0.0,2.4713325425069192
,4330,2026-02-08,10:00:00,568.0,7.74,140.0,7.76,2.248,0.0,0.0,2.4713325425069192
,4331,2026-02-08,11:00:00,561.0,7.7,145.0,7.61,2.248,0.0,0.0,2.4713325425069192
,4332,2026-02-08,12:00:00,576.0,7.6,141.0,7.79,2.248,0.0,0.0,2.4713325425069192
,4333,2026-02-08,13:00:00,553.0,7.66,149.0,7.73,2.248,0.0,0.0,2.4713325425069192
,4334,2026-02-08,14:00:00,546.0,7.58,154.0,7.65,2.248,0.0,0.0,2.4713325425069192
,4335,2026-02-08,15:00:00,551.0,7.51,146.0,7.59,2.248,0.0,0.0,2.4713325425069192
,4336,2026-02-08,16:00:00,544.0,7.55,140.0,7.68,2.248,0.0,0.0,2.4713325425069192
,4337,2026-02-08,17:00:00,568.0,7.72,144.0,7.76,2.373,0.0,0.0,2.3411527836306596
,4338,2026-02-08,18:00:00,570.0,7.75,141.0,7.79,2.458,0.0,0.0,2.260193472561251
,4339,2026-02-08,19:00:00,645.0,7.55,152.0,7.7,2.458,0.0,0.0,2.825241840701564
,4340,2026-02-08,20:00:00,631.0,7.5,160.0,7.68,2.458,0.0,0.0,2.825241840701564
,4341,2026-02-08,21:00:00,637.0,7.52,157.0,7.62,2.458,0.0,0.0,2.825241840701564
,4342,2026-02-08,22:00:00,642.0,7.56,163.0,7.6,2.415,0.0,0.0,2.8755463538072235
,4343,2026-02-08,23:00:00,648.0,7.53,168.0,7.66,2.373,0.0,0.0,2.926440979538324
,4344,2026-02-08,00:00:00,645.0,7.58,171.0,7.72,2.331,0.0,0.0,2.979169645836312
,4345,2026-02-08,01:00:00,637.0,7.52,173.0,7.68,2.331,0.0,0.0,2.979169645836312
,4346,2026-02-08,02:00:00,640.0,7.55,169.0,7.7,2.331,0.0,0.0,2.979169645836312
,4347,2026-02-08,03:00:00,632.0,7.56,176.0,7.64,2.331,0.0,0.0,2.979169645836312
,4348,2026-02-08,04:00:00,629.0,7.58,170.0,7.67,2.331,0.0,0.0,2.979169645836312
,4349,2026-02-08,05:00:00,622.0,7.61,162.0,7.68,2.331,0.0,0.0,2.979169645836312
,4350,2026-02-08,06:00:00,637.0,7.63,166.0,7.63,2.331,0.0,0.0,2.979169645836312
,4351,2026-02-09,06:30:00,621.0,7.82,148.0,7.87,2.331,0.0,0.0,0.0
,4352,2026-02-09,07:00:00,628.0,7.84,151.0,7.84,2.331,0.0,0.0,2.979169645836312
,4353,2026-02-09,08:00:00,615.0,7.67,157.0,7.82,2.373,0.0,0.0,2.926440979538324
,4354,2026-02-09,09:00:00,591.0,7.7,165.0,7.88,2.415,0.0,0.0,2.8755463538072235
,4355,2026-02-09,10:00:00,598.0,7.74,149.0,7.83,2.458,0.0,0.0,2.825241840701564
,4356,2026-02-09,11:00:00,538.0,7.8,154.0,7.86,2.458,0.0,0.0,2.825241840701564
,4357,2026-02-09,12:00:00,540.0,7.82,151.0,7.88,2.415,0.0,0.0,2.8755463538072235
,4358,2026-02-09,13:00:00,533.0,7.81,164.0,7.89,2.415,0.0,0.0,2.3004370830457788
,4359,2026-02-09,14:00:00,538.0,7.88,140.0,7.8,2.373,0.0,0.0,2.3411527836306596
,4360,2026-02-09,15:00:00,545.0,7.92,146.0,7.79,2.373,0.0,0.0,2.3411527836306596
,4361,2026-02-09,16:00:00,536.0,7.94,152.0,7.83,2.373,0.0,0.0,2.3411527836306596
,4362,2026-02-09,17:00:00,539.0,7.86,141.0,7.85,2.331,0.0,0.0,2.38333571666905
,4363,2026-02-09,18:00:00,549.0,7.9,148.0,7.88,2.331,0.0,0.0,2.38333571666905
,4364,2026-02-09,19:00:00,572.0,7.86,134.0,7.8,2.289,0.0,0.0,2.4270666472501334
,4365,2026-02-09,20:00:00,570.0,7.88,146.0,7.83,2.289,0.0,0.0,2.4270666472501334
,4366,2026-02-09,21:00:00,567.0,7.92,154.0,7.78,2.289,0.0,0.0,2.4270666472501334
,4367,2026-02-09,22:00:00,564.0,7.89,151.0,7.72,2.289,0.0,0.0,2.4270666472501334
,4368,2026-02-09,23:00:00,561.0,7.83,147.0,7.69,2.289,0.0,0.0,2.4270666472501334
,4369,2026-02-09,00:00:00,534.0,7.89,157.0,7.84,2.289,0.0,0.0,2.4270666472501334
,4370,2026-02-09,01:00:00,538.0,7.9,155.0,7.82,2.248,0.0,0.0,2.4713325425069192
,4371,2026-02-09,02:00:00,540.0,7.93,149.0,7.77,2.248,0.0,0.0,2.4713325425069192
,4372,2026-02-09,03:00:00,544.0,7.86,153.0,7.79,2.248,0.0,0.0,2.4713325425069192
,4373,2026-02-09,04:00:00,547.0,7.79,155.0,7.86,2.248,0.0,0.0,2.4713325425069192
,4374,2026-02-09,05:00:00,545.0,7.82,150.0,7.72,2.207,0.0,0.0,2.5172431153400794
,4375,2026-02-09,06:00:00,543.0,7.87,153.0,7.83,2.207,0.0,0.0,2.5172431153400794
,4376,2026-02-10,06:30:00,519.0,7.7,188.0,7.91,2.207,0.0,0.0,0.0
,4377,2026-02-10,07:00:00,508.0,7.77,184.0,7.98,2.207,0.0,0.0,2.5172431153400794
,4378,2026-02-10,08:00:00,513.0,7.83,186.0,7.93,2.207,0.0,0.0,2.5172431153400794
,4379,2026-02-10,09:00:00,517.0,7.88,180.0,7.9,2.207,0.0,0.0,2.5172431153400794
,4380,2026-02-10,10:00:00,497.0,7.74,169.0,7.97,2.207,0.0,0.0,2.5172431153400794
,4381,2026-02-10,11:00:00,488.0,7.81,177.0,7.89,2.207,0.0,0.0,2.5172431153400794
,4382,2026-02-10,12:00:00,479.0,7.79,167.0,7.96,2.207,0.0,0.0,1.8879323365050595
,4383,2026-02-10,13:00:00,475.0,7.8,170.0,7.94,2.207,0.0,0.0,1.8879323365050595
,4384,2026-02-10,14:00:00,438.0,7.94,174.0,7.97,2.207,0.0,0.0,1.8879323365050595
,4385,2026-02-10,15:00:00,415.0,8.05,177.0,7.98,2.207,0.0,0.0,1.2586215576700397
,4386,2026-02-10,16:00:00,435.0,8.07,180.0,7.99,2.207,0.0,0.0,1.2586215576700397
,4387,2026-02-10,17:00:00,432.0,8.02,188.0,8.0,2.207,0.0,0.0,1.2586215576700397
,4388,2026-02-10,18:00:00,443.0,8,174.0,8.02,2.207,0.0,0.0,1.2586215576700397
,4389,2026-02-10,19:00:00,457.0,7.6,178.0,7.82,2.207,0.0,0.0,1.2586215576700397
,4390,2026-02-10,20:00:00,453.0,7.66,175.0,7.86,2.207,0.0,0.0,1.2586215576700397
,4391,2026-02-10,21:00:00,448.0,7.72,171.0,7.91,2.207,0.0,0.0,1.2586215576700397
,4392,2026-02-10,22:00:00,446.0,7.79,169.0,7.95,2.166,0.0,0.0,1.282445880783831
,4393,2026-02-10,23:00:00,461.0,7.63,160.0,7.9,2.166,0.0,0.0,1.282445880783831
,4394,2026-02-10,00:00:00,490.0,7.67,154.0,7.98,2.166,0.0,0.0,1.282445880783831
,4395,2026-02-10,01:00:00,484.0,7.71,151.0,8.04,2.166,0.0,0.0,1.282445880783831
,4396,2026-02-10,02:00:00,476.0,7.78,147.0,8.0,2.166,0.0,0.0,1.282445880783831
,4397,2026-02-10,03:00:00,451.0,7.69,160.0,8.11,2.166,0.0,0.0,1.282445880783831
,4398,2026-02-10,04:00:00,547.0,7.79,155.0,7.86,2.166,0.0,0.0,1.282445880783831
,4399,2026-02-10,05:00:00,483.0,7.72,148.0,7.96,2.166,0.0,0.0,1.282445880783831
,4400,2026-02-10,06:00:00,466.0,7.81,144.0,7.91,2.166,0.0,0.0,1.282445880783831
,4401,2026-02-11,06:30:00,418.0,8.08,168.0,8.1,2.166,0.0,0.0,0.0
,4402,2026-02-11,07:00:00,410.0,8.1,171.0,8.09,2.166,0.0,0.0,1.282445880783831
,4403,2026-02-11,08:00:00,420.0,8.06,138.0,7.95,2.166,0.0,0.0,1.282445880783831
,4404,2026-02-11,09:00:00,433.0,7.97,140.0,7.88,2.166,0.0,0.0,1.282445880783831
,4405,2026-02-11,10:00:00,397.0,7.98,133.0,7.84,2.166,0.0,0.0,1.282445880783831
,4406,2026-02-11,11:00:00,389.0,7.93,137.0,7.89,2.166,0.0,0.0,1.282445880783831
,4407,2026-02-11,12:00:00,391.0,7.94,139.0,7.81,2.126,0.0,0.0,0.6532873419044632
,4408,2026-02-11,13:00:00,381.0,7.91,135.0,7.87,1.967,0.0,0.0,0.7060950121448342
,4409,2026-02-11,14:00:00,363.0,8.13,128.0,8.01,1.967,0.0,0.0,0.7060950121448342
,4410,2026-02-11,15:00:00,352.0,8.05,139.0,8.07,1.967,0.0,0.0,0.7060950121448342
,4411,2026-02-11,16:00:00,367.0,8.09,128.0,8.02,1.967,0.0,0.0,0.7060950121448342
,4412,2026-02-11,17:00:00,383.0,8.15,118.0,8.04,1.967,0.0,0.0,0.7060950121448342
,4413,2026-02-11,18:00:00,370.0,8.13,121.0,8.01,1.967,0.0,0.0,0.7060950121448342
,4414,2026-02-11,19:00:00,369.0,8.06,119.0,8.19,1.967,0.0,0.0,0.7060950121448342
,4415,2026-02-11,20:00:00,365.0,8.11,117.0,8.16,1.967,0.0,0.0,0.7060950121448342
,4416,2026-02-11,21:00:00,361.0,8.08,115.0,8.2,1.967,0.0,0.0,0.7060950121448342
,4417,2026-02-11,22:00:00,359.0,8.05,128.0,8.11,1.967,0.0,0.0,0.7060950121448342
,4418,2026-02-11,23:00:00,357.0,8,124.0,8.09,1.967,0.0,0.0,0.7060950121448342
,4419,2026-02-11,00:00:00,353.0,8.06,122.0,7.97,1.967,0.0,0.0,0.7060950121448342
,4420,2026-02-11,01:00:00,349.0,8.02,130.0,8.07,1.929,0.0,0.0,0.7200046080294913
,4421,2026-02-11,02:00:00,344.0,8.07,122.0,8.12,1.929,0.0,0.0,0.7200046080294913
,4422,2026-02-11,03:00:00,351.0,8.11,128.0,8.15,1.929,0.0,0.0,0.7200046080294913
,4423,2026-02-11,04:00:00,349.0,8.03,119.0,8.07,1.929,0.0,0.0,0.7200046080294913
,4424,2026-02-11,05:00:00,345.0,8.07,114.0,8.05,1.929,0.0,0.0,0.7200046080294913
,4425,2026-02-11,06:00:00,342.0,8.02,116.0,8.09,1.929,0.0,0.0,0.7200046080294913
,4426,2026-02-12,06:30:00,362.0,7.74,140.0,8.05,1.929,0.0,0.0,0.0
,4427,2026-02-12,07:00:00,360.0,7.77,143.0,8.03,1.929,0.0,0.0,0.7200046080294913
,4428,2026-02-12,08:00:00,353.0,7.72,148.0,7.97,1.929,0.0,0.0,0.7200046080294913
,4429,2026-02-12,09:00:00,369.0,7.75,136.0,8.0,1.929,0.0,0.0,0.7200046080294913
,4430,2026-02-12,10:00:00,352.0,7.73,131.0,7.98,1.929,0.0,0.0,0.7200046080294913
,4431,2026-02-12,11:00:00,337.0,7.78,139.0,8.03,1.929,0.0,0.0,0.7200046080294913
,4432,2026-02-12,12:00:00,312.0,7.7,134.0,7.91,1.929,0.0,0.0,0.7200046080294913
,4433,2026-02-12,13:00:00,328.0,7.73,131.0,8.01,1.929,0.0,0.0,0.7200046080294913
,4434,2026-02-12,14:00:00,317.0,7.78,136.0,8.03,1.929,0.0,0.0,0.43200276481769484
,4435,2026-02-12,15:00:00,320.0,7.72,130.0,7.98,1.929,0.0,0.0,0.43200276481769484
,4436,2026-02-12,16:00:00,326.0,7.81,127.0,8.05,1.89,0.0,0.0,0.4409171075837743
,4437,2026-02-12,17:00:00,310.0,7.88,120.0,8.01,1.852,0.0,0.0,0.4499640028797696
,4438,2026-02-12,18:00:00,307.0,7.9,123.0,8.04,1.852,0.0,0.0,0.4499640028797696
,4439,2026-02-12,19:00:00,309.0,8.06,136.0,8.0,1.814,0.0,0.0,0.4593899301727306
,4440,2026-02-12,20:00:00,304.0,8.1,130.0,8.03,1.814,0.0,0.0,0.4593899301727306
,4441,2026-02-12,21:00:00,302.0,8.14,125.0,8.05,1.814,0.0,0.0,0.4593899301727306
,4442,2026-02-12,22:00:00,311.0,7.97,131.0,8.02,1.777,0.0,0.0,0.4689551678859501
,4443,2026-02-12,23:00:00,309.0,7.91,129.0,8.08,1.777,0.0,0.0,0.4689551678859501
,4444,2026-02-12,00:00:00,310.0,7.89,128.0,8.04,1.777,0.0,0.0,0.4689551678859501
,4445,2026-02-12,01:00:00,307.0,7.93,122.0,8.07,1.777,0.0,0.0,0.4689551678859501
,4446,2026-02-12,02:00:00,304.0,7.96,117.0,8.05,1.777,0.0,0.0,0.4689551678859501
,4447,2026-02-12,03:00:00,308.0,7.98,111.0,8.03,1.777,0.0,0.0,0.4689551678859501
,4448,2026-02-12,04:00:00,278.0,8.02,137.0,8.08,1.777,0.0,0.0,0.0
,4449,2026-02-12,05:00:00,234.0,8.03,148.0,8.11,1.74,0.0,0.0,0.0
,4450,2026-02-12,06:00:00,248.0,8.04,154.0,8.09,1.74,0.0,0.0,0.0
,4451,2026-02-13,06:30:00,335.0,7.89,141.0,8.03,1.777,0.0,0.0,0.0
,4452,2026-02-13,07:00:00,328.0,7.91,137.0,8.0,1.777,0.0,0.0,0.4689551678859501
,4453,2026-02-13,08:00:00,316.0,7.94,146.0,7.87,1.777,0.0,0.0,0.4689551678859501
,4454,2026-02-13,09:00:00,322.0,7.9,139.0,8.01,1.777,0.0,0.0,0.4689551678859501
,4455,2026-02-13,10:00:00,312.0,7.96,133.0,7.93,1.74,0.0,0.0,0.47892720306513414
,4456,2026-02-13,11:00:00,309.0,7.92,138.0,7.96,1.74,0.0,0.0,0.47892720306513414
,4457,2026-02-13,12:00:00,305.0,7.9,136.0,7.88,1.74,0.0,0.0,0.47892720306513414
,4458,2026-02-13,13:00:00,310.0,7.96,131.0,7.98,1.74,0.0,0.0,0.47892720306513414
,4459,2026-02-13,14:00:00,307.0,7.93,139.0,7.96,1.74,0.0,0.0,0.47892720306513414
,4460,2026-02-13,15:00:00,311.0,7.91,133.0,7.9,1.74,0.0,0.0,0.47892720306513414
,4461,2026-02-13,16:00:00,,,,,,,,
,4462,2026-02-13,17:00:00,,,,,,,,
,4463,2026-02-13,18:00:00,,,,,,,,
,4464,2026-02-13,19:00:00,,,,,,,,
,4465,2026-02-13,20:00:00,,,,,,,,
,4466,2026-02-13,21:00:00,,,,,,,,
,4467,2026-02-13,22:00:00,,,,,,,,
,4468,2026-02-13,23:00:00,727.0,8.04,175.0,8.11,2.995,0.0,0.0,3.246150992394732
,4469,2026-02-13,00:00:00,740.0,8.02,187.0,8.23,2.544,0.0,0.0,3.8216282320055903
,4470,2026-02-13,01:00:00,771.0,7.96,177.0,8.41,2.766,0.0,0.0,3.51490318952358
,4471,2026-02-13,02:00:00,,,,,,,,
,4472,2026-02-13,03:00:00,,,,,,,,
,4473,2026-02-13,04:00:00,,,,,,,,
,4474,2026-02-13,05:00:00,,,,,,,,
,4475,2026-02-13,06:00:00,,,,,,,,
,4476,2026-02-14,06:30:00,,,,,,,,
,4477,2026-02-14,07:00:00,,,,,,,,
,4478,2026-02-14,08:00:00,,,,,,,,
,4479,2026-02-14,09:00:00,1020.0,7.78,213.0,7.68,3.185,0.0,0.0,4.360718646432932
,4480,2026-02-14,10:00:00,980.0,7.7,208.0,7.69,2.995,0.0,0.0,4.173622704507513
,4481,2026-02-14,11:00:00,804.0,7.63,194.0,7.73,2.857,0.0,0.0,4.375218760938046
,4482,2026-02-14,12:00:00,680.0,7.59,185.0,7.78,2.676,0.0,0.0,4.152134196977246
,4483,2026-02-14,13:00:00,668.0,7.57,236.0,7.73,2.588,0.0,0.0,4.2933195947106295
,4484,2026-02-14,14:00:00,635.0,7.6,254.0,7.64,2.501,0.0,0.0,4.442667377493447
,4485,2026-02-14,15:00:00,613.0,7.55,287.0,7.69,2.415,0.0,0.0,4.6008741660915575
,4486,2026-02-14,16:00:00,625.0,7.62,273.0,7.62,2.373,0.0,0.0,4.682305567261319
,4487,2026-02-14,17:00:00,617.0,7.67,266.0,7.5,2.331,0.0,0.0,4.7666714333381
,4488,2026-02-14,18:00:00,620.0,7.65,278.0,7.53,2.289,0.0,0.0,4.854133294500267
,4489,2026-02-14,19:00:00,517.0,7.58,261.0,7.2,2.289,0.0,0.0,5.4608999563128
,4490,2026-02-14,20:00:00,520.0,7.62,242.0,7.34,2.289,0.0,0.0,5.4608999563128
,4491,2026-02-14,21:00:00,518.0,7.6,238.0,7.3,2.289,0.0,0.0,5.4608999563128
,4492,2026-02-14,22:00:00,524.0,7.68,216.0,7.21,2.248,0.0,0.0,5.560498220640569
,4493,2026-02-14,23:00:00,508.0,7.6,208.0,7.17,2.248,0.0,0.0,5.560498220640569
,4494,2026-02-14,00:00:00,497.0,7.55,190.0,7.12,2.248,0.0,0.0,4.448398576512455
,4495,2026-02-14,01:00:00,,,,,,,,
,4496,2026-02-14,02:00:00,,,,,,,,
,4497,2026-02-14,03:00:00,,,,,,,,
,4498,2026-02-14,04:00:00,,,,,,,,
,4499,2026-02-14,05:00:00,,,,,,,,
,4500,2026-02-14,06:00:00,,,,,,,,
,4501,2026-02-15,06:30:00,546.0,7.5,192.0,7.65,2.289,0.0,0.0,0.0
,4502,2026-02-15,07:00:00,542.0,7.47,186.0,7.61,2.289,0.0,0.0,4.36871996505024
,4503,2026-02-15,08:00:00,558.0,7.53,152.0,6.99,2.289,0.0,0.0,4.36871996505024
,4504,2026-02-15,09:00:00,537.0,7.42,158.0,7.59,2.289,0.0,0.0,3.6405999708751997
,4505,2026-02-15,10:00:00,560.0,7.65,141.0,7.43,2.248,0.0,0.0,3.7069988137603795
,4506,2026-02-15,11:00:00,458.0,7.59,136.0,7.38,2.248,0.0,0.0,3.7069988137603795
,4507,2026-02-15,12:00:00,396.0,7.52,124.0,7.26,2.248,0.0,0.0,3.7069988137603795
,4508,2026-02-15,13:00:00,409.0,7.57,131.0,7.29,2.248,0.0,0.0,3.7069988137603795
,4509,2026-02-15,14:00:00,421.0,7.48,145.0,7.37,2.248,0.0,0.0,3.7069988137603795
,4510,2026-02-15,15:00:00,417.0,7.57,136.0,7.24,2.248,0.0,0.0,3.7069988137603795
,4511,2026-02-15,16:00:00,413.0,7.55,133.0,7.21,2.207,0.0,0.0,3.775864673010119
,4512,2026-02-15,17:00:00,435.0,7.64,120.0,7.42,2.207,0.0,0.0,3.775864673010119
,4513,2026-02-15,18:00:00,479.0,7.83,105.0,7.51,2.207,0.0,0.0,3.775864673010119
,4514,2026-02-15,19:00:00,499.0,7.62,114.0,7.79,2.166,0.0,0.0,3.847337642351493
,4515,2026-02-15,20:00:00,501.0,7.65,110.0,7.7,2.166,0.0,0.0,3.847337642351493
,4516,2026-02-15,21:00:00,509.0,7.7,108.0,7.67,2.166,0.0,0.0,3.847337642351493
,4517,2026-02-15,22:00:00,519.0,7.78,102.0,7.72,2.126,0.0,0.0,3.9197240514267797
,4518,2026-02-15,23:00:00,523.0,7.74,99.0,7.8,2.126,0.0,0.0,3.266436709522316
,4519,2026-02-15,00:00:00,529.0,7.77,100.0,7.84,2.126,0.0,0.0,3.266436709522316
,4520,2026-02-15,01:00:00,513.0,7.73,106.0,7.8,2.086,0.0,0.0,3.32907212101843
,4521,2026-02-15,02:00:00,520.0,7.75,98.0,7.78,2.086,0.0,0.0,3.32907212101843
,4522,2026-02-15,03:00:00,518.0,7.71,104.0,7.76,2.086,0.0,0.0,3.32907212101843
,4523,2026-02-15,04:00:00,523.0,7.73,95.0,7.7,2.046,0.0,0.0,3.3941566199630717
,4524,2026-02-15,05:00:00,525.0,7.7,83.0,7.65,2.006,0.0,0.0,2.7694693696687716
,4525,2026-02-15,06:00:00,517.0,7.74,87.0,7.68,1.967,0.0,0.0,2.8243800485793367
,4526,2026-02-16,06:30:00,510.0,7.85,76.0,7.67,1.777,0.0,0.0,0.0
,4527,2026-02-16,07:00:00,507.0,7.88,78.0,7.63,1.777,0.0,0.0,3.126367785906334
,4528,2026-02-16,08:00:00,491.0,7.76,80.0,7.7,1.777,0.0,0.0,3.126367785906334
,4529,2026-02-16,09:00:00,509.0,7.71,82.0,7.59,1.777,0.0,0.0,3.126367785906334
,4530,2026-02-16,10:00:00,516.0,7.68,90.0,7.61,1.777,0.0,0.0,3.126367785906334
,4531,2026-02-16,11:00:00,511.0,7.73,85.0,7.66,1.74,0.0,0.0,3.192848020434227
,4532,2026-02-16,12:00:00,432.0,7.86,69.0,7.9,1.74,0.0,0.0,3.192848020434227
,4533,2026-02-16,13:00:00,459.0,7.81,74.0,7.93,1.703,0.0,0.0,3.2622170026750177
,4534,2026-02-16,14:00:00,443.0,7.79,71.0,7.88,1.703,0.0,0.0,3.2622170026750177
,4535,2026-02-16,15:00:00,438.0,7.84,68.0,7.91,1.667,0.0,0.0,3.3326667999733384
,4536,2026-02-16,16:00:00,434.0,7.82,73.0,7.86,1.667,0.0,0.0,3.3326667999733384
,4537,2026-02-16,17:00:00,410.0,7.9,70.0,7.89,1.631,0.0,0.0,3.4062265821922475
,4538,2026-02-16,18:00:00,373.0,7.94,68.0,7.83,1.631,0.0,0.0,3.4062265821922475
,4539,2026-02-16,19:00:00,364.0,7.8,67.0,7.96,1.595,0.0,0.0,2.6123301985370952
,4540,2026-02-16,20:00:00,367.0,7.87,70.0,7.91,1.595,0.0,0.0,2.6123301985370952
,4541,2026-02-16,21:00:00,361.0,7.84,67.0,7.95,1.595,0.0,0.0,1.7415534656913967
,4542,2026-02-16,22:00:00,353.0,7.86,79.0,7.98,1.56,0.0,0.0,1.7806267806267804
,4543,2026-02-16,23:00:00,349.0,7.88,92.0,7.94,1.56,0.0,0.0,1.4245014245014243
,4544,2026-02-16,00:00:00,340.0,7.9,103.0,7.91,1.56,0.0,0.0,1.4245014245014243
,4545,2026-02-16,01:00:00,352.0,7.93,109.0,7.94,1.56,0.0,0.0,1.4245014245014243
,4546,2026-02-16,02:00:00,347.0,7.89,100.0,7.92,1.56,0.0,0.0,1.4245014245014243
,4547,2026-02-16,03:00:00,350.0,7.91,111.0,7.9,1.56,0.0,0.0,1.0683760683760684
,4548,2026-02-16,04:00:00,337.0,7.95,107.0,7.86,1.56,0.0,0.0,1.0683760683760684
,4549,2026-02-16,05:00:00,316.0,7.9,98.0,7.88,1.56,0.0,0.0,1.0683760683760684
,4550,2026-02-16,06:00:00,324.0,7.93,102.0,7.93,1.56,0.0,0.0,1.0683760683760684
,4551,2026-02-17,06:30:00,312.0,7.55,96.0,7.89,1.525,0.0,0.0,0.0
,4552,2026-02-17,07:00:00,310.0,7.58,94.0,7.85,1.525,0.0,0.0,1.092896174863388
,4553,2026-02-17,08:00:00,307.0,7.61,95.0,6.68,1.525,0.0,0.0,1.092896174863388
,4554,2026-02-17,09:00:00,305.0,7.57,103.0,6.83,1.525,0.0,0.0,1.092896174863388
,4555,2026-02-17,10:00:00,285.0,7.51,97.0,6.99,1.49,0.0,0.0,0.0
,4556,2026-02-17,11:00:00,,,,,,,,
,4557,2026-02-17,12:00:00,,,,,,,,
,4558,2026-02-17,13:00:00,,,,,,,,
,4559,2026-02-17,14:00:00,,,,,,,,
,4560,2026-02-17,15:00:00,,,,,,,,
,4561,2026-02-17,16:00:00,,,,,,,,
,4562,2026-02-17,17:00:00,,,,,,,,
,4563,2026-02-17,18:00:00,,,,,,,,
,4564,2026-02-17,19:00:00,,,,,,,,
,4565,2026-02-17,20:00:00,,,,,,,,
,4566,2026-02-17,21:00:00,,,,,,,,
,4567,2026-02-17,22:00:00,,,,,,,,
,4568,2026-02-17,23:00:00,,,,,,,,
,4569,2026-02-17,00:00:00,,,,,,,,
,4570,2026-02-17,01:00:00,,,,,,,,
,4571,2026-02-17,02:00:00,,,,,,,,
,4572,2026-02-17,03:00:00,,,,,,,,
,4573,2026-02-17,04:00:00,,,,,,,,
,4574,2026-02-17,05:00:00,,,,,,,,
,4575,2026-02-17,06:00:00,,,,,,,,
,4576,2026-02-18,06:30:00,183.0,7.89,177.0,7.71,1.388,0.0,0.0,0.0
,4577,2026-02-18,07:00:00,180.0,7.86,174.0,7.75,1.388,0.0,0.0,0.0
,4578,2026-02-18,08:00:00,179.0,7.84,195.0,7.68,1.388,0.0,0.0,0.0
,4579,2026-02-18,09:00:00,181.0,7.82,208.0,7.35,1.388,0.0,0.0,0.0
,4580,2026-02-18,10:00:00,178.0,7.79,210.0,7.45,1.388,0.0,0.0,0.0
,4581,2026-02-18,11:00:00,176.0,7.9,202.0,7.7,1.388,0.0,0.0,0.0
,4582,2026-02-18,12:00:00,174.0,8.01,195.0,7.78,1.388,0.0,0.0,0.0
,4583,2026-02-18,13:00:00,171.0,8.03,197.0,7.75,1.388,0.0,0.0,0.0
,4584,2026-02-18,14:00:00,168.0,8,213.0,7.8,1.388,0.0,0.0,0.0
,4585,2026-02-18,15:00:00,170.0,7.98,218.0,7.79,1.388,0.0,0.0,0.0
,4586,2026-02-18,16:00:00,167.0,8.16,198.0,7.85,1.355,0.0,0.0,0.0
,4587,2026-02-18,17:00:00,166.0,8.23,177.0,7.96,1.355,0.0,0.0,0.0
,4588,2026-02-18,18:00:00,168.0,8.25,175.0,7.98,1.355,0.0,0.0,0.0
,4589,2026-02-18,19:00:00,159.0,8.04,149.0,8.0,1.289,0.0,0.0,0.0
,4590,2026-02-18,20:00:00,164.0,8.07,153.0,8.02,1.289,0.0,0.0,0.0
,4591,2026-02-18,21:00:00,160.0,8.11,157.0,8.05,1.289,0.0,0.0,0.0
,4592,2026-02-18,22:00:00,169.0,8.14,142.0,7.91,1.289,0.0,0.0,0.0
,4593,2026-02-18,23:00:00,164.0,8.07,136.0,7.95,1.257,0.0,0.0,0.0
,4594,2026-02-18,00:00:00,158.0,8.1,130.0,7.98,1.257,0.0,0.0,0.0
,4595,2026-02-18,01:00:00,153.0,8.02,141.0,7.92,1.257,0.0,0.0,0.0
,4596,2026-02-18,02:00:00,156.0,8.09,144.0,7.88,1.225,0.0,0.0,0.0
,4597,2026-02-18,03:00:00,163.0,8.13,139.0,7.9,1.225,0.0,0.0,0.0
,4598,2026-02-18,04:00:00,161.0,8.08,133.0,7.94,1.225,0.0,0.0,0.0
,4599,2026-02-18,05:00:00,166.0,8.07,126.0,8.02,1.193,0.0,0.0,0.0
,4600,2026-02-18,06:00:00,163.0,8.15,122.0,8.0,1.193,0.0,0.0,0.0
,4601,2026-02-19,06:30:00,187.0,7.89,142.0,7.93,1.193,0.0,0.0,0.0
,4602,2026-02-19,07:00:00,185.0,7.91,139.0,7.9,1.193,0.0,0.0,0.0
,4603,2026-02-19,08:00:00,180.0,7.93,145.0,7.5,1.193,0.0,0.0,0.0
,4604,2026-02-19,09:00:00,182.0,7.96,143.0,7.87,1.193,0.0,0.0,0.0
,4605,2026-02-19,10:00:00,179.0,8.01,132.0,7.96,1.162,0.0,0.0,0.0
,4606,2026-02-19,11:00:00,175.0,8.08,130.0,8.11,1.162,0.0,0.0,0.0
,4607,2026-02-19,12:00:00,173.0,8.11,127.0,8.16,1.131,0.0,0.0,0.0
,4608,2026-02-19,13:00:00,176.0,8.1,132.0,8.08,1.131,0.0,0.0,0.0
,4609,2026-02-19,14:00:00,169.0,8.07,125.0,8.11,1.131,0.0,0.0,0.0
,4610,2026-02-19,15:00:00,167.0,8.04,121.0,8.14,1.1,0.0,0.0,0.0
,4611,2026-02-19,16:00:00,155.0,8.17,119.0,8.04,1.1,0.0,0.0,0.0
,4612,2026-02-19,17:00:00,149.0,8.26,117.0,7.97,1.07,0.0,0.0,0.0
,4613,2026-02-19,18:00:00,161.0,8.22,114.0,7.99,1.07,0.0,0.0,0.0
,4614,2026-02-19,19:00:00,144.0,8.12,105.0,8.07,1.011,0.0,0.0,0.0
,4615,2026-02-19,20:00:00,147.0,8.17,110.0,8.03,1.011,0.0,0.0,0.0
,4616,2026-02-19,21:00:00,151.0,8.1,114.0,8.0,1.011,0.0,0.0,0.0
,4617,2026-02-19,22:00:00,144.0,8.15,117.0,8.07,1.011,0.0,0.0,0.0
,4618,2026-02-19,23:00:00,140.0,8.09,121.0,8.04,1.011,0.0,0.0,0.0
,4619,2026-02-19,00:00:00,138.0,8.13,114.0,8.1,0.982,0.0,0.0,0.0
,4620,2026-02-19,01:00:00,132.0,8.1,111.0,8.03,0.982,0.0,0.0,0.0
,4621,2026-02-19,02:00:00,130.0,8.08,107.0,8.01,0.982,0.0,0.0,0.0
,4622,2026-02-19,03:00:00,135.0,8.11,113.0,8.04,0.982,0.0,0.0,0.0
,4623,2026-02-19,04:00:00,139.0,8.14,109.0,8.02,0.982,0.0,0.0,0.0
,4624,2026-02-19,05:00:00,131.0,8.19,105.0,8.08,0.953,0.0,0.0,0.0
,4625,2026-02-19,06:00:00,134.0,8.17,102.0,8.06,0.953,0.0,0.0,0.0
,4626,2026-02-20,06:30:00,165.0,8.15,127.0,8.01,0.924,0.0,0.0,0.0
,4627,2026-02-20,07:00:00,162.0,8.18,120.0,8.03,0.924,0.0,0.0,0.0
,4628,2026-02-20,08:00:00,158.0,8.14,128.0,8.06,0.924,0.0,0.0,0.0
,4629,2026-02-20,09:00:00,156.0,8.08,135.0,7.62,0.896,0.0,0.0,0.0
,4630,2026-02-20,10:00:00,148.0,8.04,122.0,8.03,0.896,0.0,0.0,0.0
,4631,2026-02-20,11:00:00,146.0,8.19,127.0,8.1,0.896,0.0,0.0,0.0
,4632,2026-02-20,12:00:00,142.0,8.29,129.0,8.13,0.896,0.0,0.0,0.0
,4633,2026-02-20,13:00:00,139.0,8.3,125.0,8.17,0.869,0.0,0.0,0.0
,4634,2026-02-20,14:00:00,137.0,8.27,122.0,8.2,0.869,0.0,0.0,0.0
,4635,2026-02-20,15:00:00,135.0,8.31,126.0,8.16,0.869,0.0,0.0,0.0
,4636,2026-02-20,16:00:00,131.0,8.33,124.0,8.19,0.869,0.0,0.0,0.0
,4637,2026-02-20,17:00:00,128.0,8.31,122.0,8.18,0.869,0.0,0.0,0.0
,4638,2026-02-20,18:00:00,123.0,8.28,119.0,8.15,0.869,0.0,0.0,0.0
,4639,2026-02-20,19:00:00,133.0,8.21,137.0,8.31,0.788,0.0,0.0,0.0
,4640,2026-02-20,20:00:00,130.0,8.37,126.0,8.28,0.788,0.0,0.0,0.0
,4641,2026-02-20,21:00:00,136.0,8.34,132.0,8.25,0.788,0.0,0.0,0.0
,4642,2026-02-20,22:00:00,141.0,8.21,140.0,8.29,0.788,0.0,0.0,0.0
,4643,2026-02-20,23:00:00,145.0,8.27,146.0,8.39,0.788,0.0,0.0,0.0
,4644,2026-02-20,00:00:00,149.0,8.34,130.0,8.34,0.761,0.0,0.0,0.0
,4645,2026-02-20,01:00:00,136.0,8.22,134.0,8.37,0.761,0.0,0.0,0.0
,4646,2026-02-20,02:00:00,130.0,8.29,128.0,8.4,0.761,0.0,0.0,0.0
,4647,2026-02-20,03:00:00,143.0,8.25,133.0,8.35,0.761,0.0,0.0,0.0
,4648,2026-02-20,04:00:00,141.0,8.33,131.0,8.32,0.761,0.0,0.0,0.0
,4649,2026-02-20,05:00:00,146.0,8.37,124.0,8.36,0.71,0.0,0.0,0.0
,4650,2026-02-20,06:00:00,142.0,8.39,127.0,8.34,0.66,0.0,0.0,0.0
,4651,2026-02-27,06:30:00,171.0,8.38,71.0,8.29,0.66,0.0,0.0,0.0
,4652,2026-02-27,07:00:00,167.0,8.3,73.0,8.31,0.66,0.0,0.0,0.0
,4653,2026-02-27,08:00:00,165.0,8.32,69.0,8.45,0.66,0.0,0.0,0.0
,4654,2026-02-27,09:00:00,163.0,8.33,70.0,8.4,0.66,0.0,0.0,0.0
,4655,2026-02-27,10:00:00,171.0,8.28,81.0,8.38,0.66,0.0,0.0,0.0
,4656,2026-02-27,11:00:00,163.0,8.32,77.0,8.33,0.66,0.0,0.0,0.0
,4657,2026-02-27,12:00:00,150.0,8.36,58.0,8.32,0.636,0.0,0.0,0.0
,4658,2026-02-27,13:00:00,148.0,8.41,62.0,8.4,0.636,0.0,0.0,0.0
,4659,2026-02-27,14:00:00,151.0,8.37,71.0,8.39,0.636,0.0,0.0,0.0
,4660,2026-02-27,15:00:00,514.0,8.34,75.0,8.37,0.636,0.0,0.0,0.0
,4661,2026-02-27,16:00:00,147.0,8.36,71.0,8.33,0.636,0.0,0.0,0.0
,4662,2026-02-27,17:00:00,142.0,8.35,69.0,8.28,0.636,0.0,0.0,0.0
,4663,2026-02-27,18:00:00,139.0,8.37,67.0,8.31,0.636,0.0,0.0,0.0
,4664,2026-02-27,19:00:00,123.0,8.55,51.0,8.51,0.565,0.0,0.0,0.0
,4665,2026-02-27,20:00:00,127.0,8.49,53.0,8.54,0.565,0.0,0.0,0.0
,4666,2026-02-27,21:00:00,133.0,8.42,68.0,8.51,0.565,0.0,0.0,0.0
,4667,2026-02-27,22:00:00,139.0,8.38,63.0,8.57,0.565,0.0,0.0,0.0
,4668,2026-02-27,23:00:00,135.0,8.36,61.0,8.6,0.565,0.0,0.0,0.0
,4669,2026-02-27,00:00:00,141.0,8.4,53.0,8.64,0.565,0.0,0.0,0.0
,4670,2026-02-27,01:00:00,146.0,8.44,55.0,8.62,0.542,0.0,0.0,0.0
,4671,2026-02-27,02:00:00,151.0,8.41,60.0,8.57,0.565,0.0,0.0,0.0
,4672,2026-02-27,03:00:00,153.0,8.37,58.0,8.59,0.565,0.0,0.0,0.0
,4673,2026-02-27,04:00:00,149.0,8.42,64.0,8.66,0.565,0.0,0.0,0.0
,4674,2026-02-27,05:00:00,146.0,8.55,60.0,8.61,0.565,0.0,0.0,0.0
,4675,2026-02-27,06:00:00,142.0,8.52,52.0,8.67,0.565,0.0,0.0,0.0
,4676,2026-02-28,06:30:00,140.0,8.34,63.0,8.45,0.565,0.0,0.0,0.0
,4677,2026-02-28,07:00:00,145.0,8.36,60.0,8.41,0.565,0.0,0.0,0.0
,4678,2026-02-28,08:00:00,138.0,8.39,58.0,8.32,0.565,0.0,0.0,0.0
,4679,2026-02-28,09:00:00,141.0,8.41,71.0,8.48,0.565,0.0,0.0,0.0
,4680,2026-02-28,10:00:00,143.0,8.43,80.0,8.46,0.565,0.0,0.0,0.0
,4681,2026-02-28,11:00:00,133.0,8.57,75.0,8.5,0.565,0.0,0.0,0.0
,4682,2026-02-28,12:00:00,126.0,8.83,66.0,8.4,0.565,0.0,0.0,0.0
,4683,2026-02-28,13:00:00,131.0,8.77,81.0,8.39,0.565,0.0,0.0,0.0
,4684,2026-02-28,14:00:00,128.0,8.54,79.0,8.41,0.565,0.0,0.0,0.0
,4685,2026-02-28,15:00:00,129.0,8.4,84.0,8.44,0.565,0.0,0.0,0.0
,4686,2026-02-28,16:00:00,126.0,8.41,87.0,8.38,0.565,0.0,0.0,0.0
,4687,2026-02-28,17:00:00,124.0,8.38,85.0,8.31,0.565,0.0,0.0,0.0
,4688,2026-02-28,18:00:00,127.0,8.36,82.0,8.39,0.565,0.0,0.0,0.0
,4689,2026-02-28,19:00:00,122.0,8.39,86.0,8.7,0.542,0.0,0.0,0.0
,4690,2026-02-28,20:00:00,119.0,8.4,77.0,8.66,0.542,0.0,0.0,0.0
,4691,2026-02-28,21:00:00,129.0,8.33,71.0,8.63,0.542,0.0,0.0,0.0
,4692,2026-02-28,22:00:00,138.0,8.51,68.0,8.57,0.542,0.0,0.0,0.0
,4693,2026-02-28,23:00:00,141.0,8.58,72.0,8.63,0.542,0.0,0.0,0.0
,4694,2026-02-28,00:00:00,145.0,8.68,76.0,8.56,0.542,0.0,0.0,0.0
,4695,2026-02-28,01:00:00,139.0,8.61,80.0,8.59,0.542,0.0,0.0,0.0
,4696,2026-02-28,02:00:00,137.0,8.4,74.0,8.47,0.542,0.0,0.0,0.0
,4697,2026-02-28,03:00:00,135.0,8.44,70.0,8.51,0.542,0.0,0.0,0.0
,4698,2026-02-28,04:00:00,140.0,8.49,73.0,8.58,0.542,0.0,0.0,0.0
,4699,2026-02-28,05:00:00,138.0,8.57,76.0,8.62,0.542,0.0,0.0,0.0
,4700,2026-02-28,06:00:00,135.0,8.62,72.0,8.78,0.542,0.0,0.0,0.0
,4701,2026-03-01,06:30:00,140.0,8.43,65.0,8.37,0.542,0.0,0.0,0.0
,4702,2026-03-01,07:00:00,137.0,8.46,68.0,8.35,0.542,0.0,0.0,0.0
,4703,2026-03-01,08:00:00,134.0,8.5,66.0,8.43,0.542,0.0,0.0,0.0
,4704,2026-03-01,09:00:00,131.0,8.48,72.0,8.4,0.542,0.0,0.0,0.0
,4705,2026-03-01,10:00:00,133.0,8.46,70.0,8.41,0.542,0.0,0.0,0.0
,4706,2026-03-01,11:00:00,130.0,8.43,66.0,8.44,0.542,0.0,0.0,0.0
,4707,2026-03-01,12:00:00,129.0,8.4,60.0,8.46,0.542,0.0,0.0,0.0
,4708,2026-03-01,13:00:00,126.0,8.44,65.0,8.47,0.542,0.0,0.0,0.0
,4709,2026-03-01,14:00:00,124.0,8.41,63.0,8.45,0.542,0.0,0.0,0.0
,4710,2026-03-01,15:00:00,128.0,8.39,61.0,8.43,0.542,0.0,0.0,0.0
,4711,2026-03-01,16:00:00,112.0,8.58,70.0,8.5,0.542,0.0,0.0,0.0
,4712,2026-03-01,17:00:00,98.0,8.61,68.0,8.44,0.542,0.0,0.0,0.0
,4713,2026-03-01,18:00:00,108.0,8.59,77.0,8.51,0.542,0.0,0.0,0.0
,4714,2026-03-01,19:00:00,113.0,8.62,63.0,8.6,0.497,0.0,0.0,0.0
,4715,2026-03-01,20:00:00,110.0,8.64,65.0,8.57,0.497,0.0,0.0,0.0
,4716,2026-03-01,21:00:00,115.0,8.66,70.0,8.53,0.497,0.0,0.0,0.0
,4717,2026-03-01,22:00:00,121.0,8.58,77.0,8.47,0.497,0.0,0.0,0.0
,4718,2026-03-01,23:00:00,128.0,8.53,72.0,8.51,0.497,0.0,0.0,0.0
,4719,2026-03-01,00:00:00,129.0,8.4,60.0,8.62,0.497,0.0,0.0,0.0
,4720,2026-03-01,01:00:00,116.0,8.46,68.0,8.57,0.497,0.0,0.0,0.0
,4721,2026-03-01,02:00:00,123.0,8.39,74.0,8.51,0.497,0.0,0.0,0.0
,4722,2026-03-01,03:00:00,120.0,8.41,71.0,8.62,0.475,0.0,0.0,0.0
,4723,2026-03-01,04:00:00,122.0,8.45,66.0,8.68,0.475,0.0,0.0,0.0
,4724,2026-03-01,05:00:00,124.0,8.47,60.0,8.63,0.475,0.0,0.0,0.0
,4725,2026-03-01,06:00:00,126.0,8.52,62.0,8.67,0.475,0.0,0.0,0.0
,4726,2026-03-03,06:30:00,,,,,,,,
,4727,2026-03-03,07:00:00,,,,,,,,
,4728,2026-03-03,08:00:00,,,,,,,,
,4729,2026-03-03,09:00:00,1132.0,7.8,138.0,8.16,3.331,0.0,0.0,5.0035024517162014
,4730,2026-03-03,10:00:00,1082.0,7.74,150.0,8.2,3.233,0.0,0.0,5.155170636148057
,4731,2026-03-03,11:00:00,1006.0,7.73,146.0,7.73,3.185,52.32862375719519,0.0,5.2328623757195185
,4732,2026-03-03,12:00:00,1044.0,7.88,214.0,7.74,3.042,54.78851632697786,0.0,5.478851632697787
,4733,2026-03-03,13:00:00,1002.0,7.82,182.0,7.62,2.995,55.64830272676683,0.0,5.564830272676683
,4734,2026-03-03,14:00:00,986.0,7.74,166.0,7.43,2.903,57.41187277528993,0.0,5.741187277528993
,4735,2026-03-03,15:00:00,940.0,7.68,145.0,7.29,2.811,0.0,0.0,5.929088106249259
,4736,2026-03-03,16:00:00,922.0,7.62,127.0,7.2,2.721,0.0,0.0,5.614765813222262
,4737,2026-03-03,17:00:00,908.0,7.59,114.0,7.27,2.632,0.0,0.0,5.804626815265113
,4738,2026-03-03,18:00:00,920.0,7.52,117.0,7.19,2.632,0.0,0.0,5.804626815265113
,4739,2026-03-03,19:00:00,1016.0,7.47,174.0,7.2,2.632,0.0,0.0,5.804626815265113
,4740,2026-03-03,20:00:00,1012.0,7.51,177.0,7.18,2.544,0.0,0.0,5.459468902865129
,4741,2026-03-03,21:00:00,1008.0,7.55,165.0,7.21,2.501,0.0,0.0,5.55333422186681
,4742,2026-03-03,22:00:00,1010.0,7.68,168.0,7.16,2.458,0.0,0.0,5.650483681403128
,4743,2026-03-03,23:00:00,1002.0,7.72,147.0,7.26,2.415,0.0,0.0,5.751092707614447
,4744,2026-03-03,00:00:00,982.0,7.77,135.0,7.35,2.373,0.0,0.0,5.852881959076648
,4745,2026-03-03,01:00:00,990.0,7.73,138.0,7.33,2.331,0.0,0.0,5.958339291672624
,4746,2026-03-03,02:00:00,985.0,7.76,143.0,7.3,2.289,0.0,0.0,6.067666618125333
,4747,2026-03-03,03:00:00,970.0,7.74,145.0,7.28,2.289,0.0,0.0,6.067666618125333
,4748,2026-03-03,04:00:00,981.0,7.7,139.0,7.23,2.289,0.0,0.0,6.067666618125333
,4749,2026-03-03,05:00:00,950.0,7.44,132.0,7.22,2.289,0.0,0.0,5.4608999563128
,4750,2026-03-03,06:00:00,946.0,7.5,130.0,7.2,2.289,0.0,0.0,5.4608999563128
,4751,2026-03-04,06:30:00,932.0,7.47,122.0,7.27,2.289,0.0,0.0,0.0
,4752,2026-03-04,07:00:00,928.0,7.5,120.0,7.21,2.289,0.0,0.0,5.4608999563128
,4753,2026-03-04,08:00:00,938.0,7.44,124.0,7.16,2.289,0.0,0.0,4.854133294500267
,4754,2026-03-04,09:00:00,916.0,7.48,137.0,7.05,2.289,0.0,0.0,4.247366632687733
,4755,2026-03-04,10:00:00,896.0,7.54,139.0,7.09,2.289,0.0,0.0,4.247366632687733
,4756,2026-03-04,11:00:00,872.0,7.5,146.0,7.12,2.248,0.0,0.0,4.324831949387109
,4757,2026-03-04,12:00:00,718.0,7.33,132.0,7.16,2.248,0.0,0.0,4.324831949387109
,4758,2026-03-04,13:00:00,737.0,7.42,131.0,7.06,2.248,0.0,0.0,4.324831949387109
,4759,2026-03-04,14:00:00,706.0,7.37,138.0,7.1,2.248,0.0,0.0,4.324831949387109
,4760,2026-03-04,15:00:00,711.0,7.4,140.0,7.12,2.248,0.0,0.0,4.324831949387109
,4761,2026-03-04,16:00:00,726.0,7.53,142.0,7.27,2.207,0.0,0.0,3.775864673010119
,4762,2026-03-04,17:00:00,739.0,7.6,146.0,7.49,2.207,0.0,0.0,3.775864673010119
,4763,2026-03-04,18:00:00,727.0,7.58,140.0,7.42,2.207,0.0,0.0,2.5172431153400794
,4764,2026-03-04,19:00:00,880.0,7.68,149.0,7.49,2.207,0.0,0.0,3.775864673010119
,4765,2026-03-04,20:00:00,872.0,7.66,147.0,7.51,2.207,0.0,0.0,3.775864673010119
,4766,2026-03-04,21:00:00,,,,,,,,
,4767,2026-03-04,22:00:00,,,,,,,,
,4768,2026-03-04,23:00:00,,,,,,,,
,4769,2026-03-04,00:00:00,,,,,,,,
,4770,2026-03-04,01:00:00,,,,,,,,
,4771,2026-03-04,02:00:00,,,,,,,,
,4772,2026-03-04,03:00:00,,,,,,,,
,4773,2026-03-04,04:00:00,,,,,,,,
,4774,2026-03-04,05:00:00,,,,,,,,
,4775,2026-03-04,06:00:00,,,,,,,,
,4776,2026-03-05,06:30:00,,,,,,,,
,4777,2026-03-05,07:00:00,,,,,,,,
,4778,2026-03-05,08:00:00,,,,,,,,
,4779,2026-03-05,09:00:00,,,,,,,,
,4780,2026-03-05,10:00:00,,,,,,,,
,4781,2026-03-05,11:00:00,,,,,,,,
,4782,2026-03-05,12:00:00,,,,,,,,
,4783,2026-03-05,13:00:00,,,,,,,,
,4784,2026-03-05,14:00:00,,,,,,,,
,4785,2026-03-05,15:00:00,,,,,,,,
,4786,2026-03-05,16:00:00,,,,,,,,
,4787,2026-03-05,17:00:00,,,,,,,,
,4788,2026-03-05,18:00:00,,,,,,,,
,4789,2026-03-05,19:00:00,,,,,,,,
,4790,2026-03-05,20:00:00,,,,,,,,
,4791,2026-03-05,21:00:00,1126.0,7.35,52.0,6.41,2.995,0.0,16.69449081803005,5.564830272676683
,4792,2026-03-05,22:00:00,1104.0,7.31,50.0,6.2,2.995,0.0,23.186792802819514,5.564830272676683
,4793,2026-03-05,23:00:00,1098.0,7.33,54.0,6.23,2.903,0.0,23.921613656370802,5.741187277528993
,4794,2026-03-05,00:00:00,1044.0,7.3,51.0,6.27,2.811,0.0,24.704533776038577,5.929088106249259
,4795,2026-03-05,01:00:00,1024.0,7.38,58.0,6.18,2.811,0.0,74.11360132811573,5.434997430728487
,4796,2026-03-05,02:00:00,1008.0,7.43,63.0,6.3,2.811,0.0,71.14905727499111,5.434997430728487
,4797,2026-03-05,03:00:00,1012.0,7.39,67.0,6.58,2.766,0.0,60.25548324897566,5.523419297822769
,4798,2026-03-05,04:00:00,990.0,7.31,54.0,6.63,2.766,0.0,60.25548324897566,5.523419297822769
,4799,2026-03-05,05:00:00,976.0,7.29,30.0,6.78,2.721,0.0,0.0,5.614765813222262
,4800,2026-03-05,06:00:00,966.0,7.35,27.0,6.88,2.721,0.0,0.0,5.614765813222262
,4801,2026-03-06,06:30:00,1070.0,7.45,25.0,8.52,2.588,0.0,0.0,0.0
,4802,2026-03-06,07:00:00,1092.0,7.52,24.0,7.63,2.588,0.0,0.0,5.903314442727116
,4803,2026-03-06,08:00:00,1084.0,7.41,27.0,6.46,2.588,0.0,0.0,5.903314442727116
,4804,2026-03-06,09:00:00,1063.0,7.53,23.0,6.68,2.588,0.0,0.0,5.903314442727116
,4805,2026-03-06,10:00:00,997.0,7.5,28.0,6.88,2.588,0.0,0.0,5.903314442727116
,4806,2026-03-06,11:00:00,958.0,7.37,25.0,7.41,2.544,0.0,0.0,4.367575122292103
,4807,2026-03-06,12:00:00,916.0,7.12,23.0,8.37,2.544,0.0,0.0,4.367575122292103
,4808,2026-03-06,13:00:00,932.0,7.2,28.0,8.29,2.544,0.0,0.0,4.367575122292103
,4809,2026-03-06,14:00:00,951.0,7.17,24.0,8.35,2.544,0.0,0.0,4.367575122292103
,4810,2026-03-06,15:00:00,927.0,7.36,29.0,8.41,2.544,0.0,0.0,4.367575122292103
,4811,2026-03-06,16:00:00,921.0,7.39,31.0,8.46,2.544,0.0,0.0,4.367575122292103
,4812,2026-03-06,17:00:00,969.0,7.58,28.0,8.42,2.501,0.0,0.0,4.442667377493447
,4813,2026-03-06,18:00:00,1050.0,7.7,27.0,8.36,2.501,0.0,0.0,4.442667377493447
,4814,2026-03-06,19:00:00,922.0,7.75,51.0,8.17,2.501,0.0,0.0,4.442667377493447
,4815,2026-03-06,20:00:00,908.0,7.72,58.0,8.28,2.501,0.0,0.0,3.887333955306766
,4816,2026-03-06,21:00:00,916.0,7.68,55.0,8.33,2.458,0.0,0.0,3.3902902088418765
,4817,2026-03-06,22:00:00,924.0,7.63,54.0,8.3,2.458,0.0,0.0,3.3902902088418765
,4818,2026-03-06,23:00:00,920.0,7.65,56.0,8.27,2.458,0.0,0.0,3.3902902088418765
,4819,2026-03-06,00:00:00,928.0,7.61,52.0,8.23,2.458,0.0,0.0,3.3902902088418765
,4820,2026-03-06,01:00:00,934.0,7.67,59.0,8.28,2.458,0.0,0.0,3.3902902088418765
,4821,2026-03-06,02:00:00,928.0,7.58,62.0,8.21,2.458,0.0,0.0,3.3902902088418765
,4822,2026-03-06,03:00:00,930.0,7.69,54.0,8.29,2.458,0.0,0.0,3.3902902088418765
,4823,2026-03-06,04:00:00,948.0,7.57,67.0,8.12,2.458,0.0,0.0,3.3902902088418765
,4824,2026-03-06,05:00:00,964.0,7.53,82.0,7.95,2.458,0.0,0.0,3.3902902088418765
,4825,2026-03-06,06:00:00,942.0,7.59,77.0,7.99,2.458,0.0,0.0,3.3902902088418765
,4826,2026-03-07,06:30:00,1011.0,7.77,69.0,7.79,2.458,0.0,0.0,5.085435313262814
,4827,2026-03-07,07:00:00,1016.0,7.72,73.0,7.83,2.458,0.0,0.0,3.3902902088418765
,4828,2026-03-07,08:00:00,1007.0,7.84,78.0,7.48,2.458,0.0,0.0,3.3902902088418765
,4829,2026-03-07,09:00:00,1003.0,7.81,81.0,7.5,2.501,0.0,0.0,3.3320005331200853
,4830,2026-03-07,10:00:00,1017.0,7.75,86.0,7.54,2.501,0.0,0.0,3.3320005331200853
,4831,2026-03-07,11:00:00,1001.0,7.51,83.0,7.7,2.501,0.0,0.0,3.3320005331200853
,4832,2026-03-07,12:00:00,982.0,7.25,79.0,7.89,2.501,0.0,0.0,3.3320005331200853
,4833,2026-03-07,13:00:00,996.0,7.36,85.0,7.82,2.501,0.0,0.0,3.3320005331200853
,4834,2026-03-07,14:00:00,1008.0,7.42,88.0,7.74,2.501,0.0,0.0,3.3320005331200853
,4835,2026-03-07,15:00:00,1019.0,7.45,89.0,7.81,2.501,0.0,0.0,3.3320005331200853
,4836,2026-03-07,16:00:00,1013.0,7.63,84.0,7.71,2.501,0.0,0.0,3.3320005331200853
,4837,2026-03-07,17:00:00,1005.0,7.6,97.0,7.79,2.501,0.0,0.0,3.3320005331200853
,4838,2026-03-07,18:00:00,1000.0,7.65,109.0,7.42,2.501,0.0,0.0,3.3320005331200853
,4839,2026-03-07,19:00:00,1052.0,7.4,107.0,7.62,2.501,0.0,0.0,3.3320005331200853
,4840,2026-03-07,20:00:00,1066.0,7.48,113.0,7.58,2.501,0.0,0.0,3.3320005331200853
,4841,2026-03-07,21:00:00,988.0,7.52,110.0,7.6,2.501,0.0,0.0,3.3320005331200853
,4842,2026-03-07,22:00:00,1008.0,7.55,101.0,7.69,2.501,0.0,0.0,3.3320005331200853
,4843,2026-03-07,23:00:00,996.0,7.51,97.0,7.64,2.458,0.0,0.0,3.3902902088418765
,4844,2026-03-07,00:00:00,1014.0,7.48,95.0,7.68,2.458,0.0,0.0,3.3902902088418765
,4845,2026-03-07,01:00:00,996.0,7.52,90.0,7.7,2.458,0.0,0.0,3.3902902088418765
,4846,2026-03-07,02:00:00,988.0,7.5,96.0,7.67,2.458,0.0,0.0,3.3902902088418765
,4847,2026-03-07,03:00:00,994.0,7.56,99.0,7.69,2.415,0.0,0.0,3.450655624568668
,4848,2026-03-07,04:00:00,982.0,7.68,100.0,7.64,2.415,0.0,0.0,3.450655624568668
,4849,2026-03-07,05:00:00,976.0,7.72,104.0,7.6,2.415,0.0,0.0,3.450655624568668
,4850,2026-03-07,06:00:00,968.0,7.7,101.0,7.67,2.415,0.0,0.0,3.450655624568668
,4851,2026-03-08,06:30:00,910.0,7.53,122.0,7.6,2.373,0.0,0.0,0.0
,4852,2026-03-08,07:00:00,916.0,7.57,125.0,7.58,2.373,0.0,0.0,3.511729175445989
,4853,2026-03-08,08:00:00,912.0,7.6,121.0,7.71,2.373,0.0,0.0,3.511729175445989
,4854,2026-03-08,09:00:00,910.0,7.71,118.0,7.68,2.373,0.0,0.0,3.511729175445989
,4855,2026-03-08,10:00:00,872.0,7.68,124.0,7.66,2.331,0.0,0.0,2.979169645836312
,4856,2026-03-08,11:00:00,850.0,7.63,115.0,7.73,2.331,0.0,0.0,2.979169645836312
,4857,2026-03-08,12:00:00,768.0,7.58,100.0,7.75,2.289,0.0,0.0,3.0338333090626666
,4858,2026-03-08,13:00:00,785.0,7.61,103.0,7.72,2.289,0.0,0.0,3.0338333090626666
,4859,2026-03-08,14:00:00,792.0,7.64,104.0,7.77,2.248,0.0,0.0,3.089165678133649
,4860,2026-03-08,15:00:00,788.0,7.67,107.0,7.75,2.248,0.0,0.0,2.4713325425069192
,4861,2026-03-08,16:00:00,886.0,7.58,108.0,7.68,2.289,0.0,0.0,2.4270666472501334
,4862,2026-03-08,17:00:00,926.0,7.57,105.0,7.69,2.289,0.0,0.0,2.4270666472501334
,4863,2026-03-08,18:00:00,928.0,7.54,103.0,7.64,2.373,0.0,0.0,2.3411527836306596
,4864,2026-03-08,19:00:00,735.0,7.74,112.0,7.54,2.721,0.0,0.0,2.0417330229899138
,4865,2026-03-08,20:00:00,768.0,7.79,119.0,7.58,2.721,0.0,0.0,2.0417330229899138
,4866,2026-03-08,21:00:00,773.0,7.64,126.0,7.62,2.766,0.0,0.0,2.0085161082991885
,4867,2026-03-08,22:00:00,769.0,7.61,121.0,7.67,2.721,0.0,0.0,2.0417330229899138
,4868,2026-03-08,23:00:00,751.0,7.53,118.0,7.74,2.676,0.0,0.0,2.076067098488623
,4869,2026-03-08,00:00:00,744.0,7.44,113.0,7.88,2.632,0.0,0.0,2.110773387369132
,4870,2026-03-08,01:00:00,760.0,7.49,107.0,7.82,2.588,0.0,0.0,2.1466597973553148
,4871,2026-03-08,02:00:00,757.0,7.51,110.0,7.79,2.544,0.0,0.0,2.1837875611460515
,4872,2026-03-08,03:00:00,753.0,7.56,114.0,7.77,2.544,0.0,0.0,2.1837875611460515
,4873,2026-03-08,04:00:00,749.0,7.53,112.0,7.72,2.458,0.0,0.0,2.260193472561251
,4874,2026-03-08,05:00:00,753.0,7.66,115.0,7.76,2.458,0.0,0.0,2.260193472561251
,4875,2026-03-08,06:00:00,762.0,7.62,118.0,7.82,2.415,0.0,0.0,2.3004370830457788
,4876,2026-03-09,06:30:00,782.0,7.6,125.0,7.58,2.415,0.0,0.0,0.0
,4877,2026-03-09,07:00:00,779.0,7.64,123.0,7.62,2.373,0.0,0.0,2.3411527836306596
,4878,2026-03-09,08:00:00,765.0,7.68,120.0,7.64,2.373,0.0,0.0,2.3411527836306596
,4879,2026-03-09,09:00:00,770.0,7.71,119.0,7.69,2.373,0.0,0.0,2.3411527836306596
,4880,2026-03-09,10:00:00,768.0,7.73,121.0,7.71,2.373,0.0,0.0,2.3411527836306596
,4881,2026-03-09,11:00:00,762.0,7.7,124.0,7.73,2.373,0.0,0.0,2.3411527836306596
,4882,2026-03-09,12:00:00,645.0,7.66,125.0,7.71,2.373,0.0,0.0,2.1070375052675936
,4883,2026-03-09,13:00:00,636.0,7.69,122.0,7.73,2.373,0.0,0.0,2.1070375052675936
,4884,2026-03-09,14:00:00,648.0,7.71,120.0,7.74,2.373,0.0,0.0,2.1070375052675936
,4885,2026-03-09,15:00:00,666.0,7.64,118.0,7.68,2.373,0.0,0.0,2.1070375052675936
,4886,2026-03-09,16:00:00,650.0,7.66,115.0,7.7,2.373,0.0,0.0,2.1070375052675936
,4887,2026-03-09,17:00:00,639.0,7.67,116.0,7.73,2.373,0.0,0.0,2.1070375052675936
,4888,2026-03-09,18:00:00,632.0,7.72,119.0,7.74,2.373,0.0,0.0,2.1070375052675936
,4889,2026-03-09,19:00:00,573.0,7.58,113.0,7.78,2.331,0.0,0.0,2.1450021450021453
,4890,2026-03-09,20:00:00,586.0,7.62,116.0,7.8,2.331,0.0,0.0,2.1450021450021453
,4891,2026-03-09,21:00:00,565.0,7.6,111.0,7.77,2.331,0.0,0.0,2.1450021450021453
,4892,2026-03-09,22:00:00,568.0,7.66,107.0,7.74,2.331,0.0,0.0,2.1450021450021453
,4893,2026-03-09,23:00:00,564.0,7.7,112.0,7.71,2.331,0.0,0.0,2.1450021450021453
,4894,2026-03-09,00:00:00,563.0,7.74,108.0,7.68,2.331,0.0,0.0,2.1450021450021453
,4895,2026-03-09,01:00:00,560.0,7.71,110.0,7.65,2.331,0.0,0.0,2.1450021450021453
,4896,2026-03-09,02:00:00,574.0,7.68,113.0,7.61,2.373,0.0,0.0,2.1070375052675936
,4897,2026-03-09,03:00:00,566.0,7.64,109.0,7.69,2.458,0.0,0.0,2.034174125305126
,4898,2026-03-09,04:00:00,553.0,7.58,114.0,7.73,2.588,0.0,0.0,1.9319938176197835
,4899,2026-03-09,05:00:00,562.0,7.68,109.0,7.76,2.588,0.0,0.0,1.9319938176197835
,4900,2026-03-09,06:00:00,551.0,7.76,105.0,7.71,2.588,0.0,0.0,1.9319938176197835
,4901,2026-03-10,06:30:00,534.0,7.69,110.0,7.76,2.588,0.0,0.0,0.0
,4902,2026-03-10,07:00:00,519.0,7.71,108.0,7.74,2.588,0.0,0.0,1.609994848016486
,4903,2026-03-10,08:00:00,526.0,7.73,105.0,7.72,2.588,0.0,0.0,1.609994848016486
,4904,2026-03-10,09:00:00,520.0,7.75,100.0,7.74,2.588,0.0,0.0,1.609994848016486
,4905,2026-03-10,10:00:00,516.0,7.72,98.0,7.77,2.544,0.0,0.0,1.5286512928022362
,4906,2026-03-10,11:00:00,518.0,7.7,95.0,7.8,2.544,0.0,0.0,1.5286512928022362
,4907,2026-03-10,12:00:00,515.0,7.68,91.0,7.79,2.501,0.0,0.0,1.5549335821227066
,4908,2026-03-10,13:00:00,523.0,7.74,96.0,7.75,2.501,0.0,0.0,1.5549335821227066
,4909,2026-03-10,14:00:00,517.0,7.7,92.0,7.77,2.501,0.0,0.0,1.5549335821227066
,4910,2026-03-10,15:00:00,522.0,7.69,102.0,7.79,2.501,0.0,0.0,1.5549335821227066
,4911,2026-03-10,16:00:00,512.0,7.73,99.0,7.76,2.458,0.0,0.0,1.5821354307928757
,4912,2026-03-10,17:00:00,506.0,7.75,97.0,7.78,2.415,0.0,0.0,1.6103059581320451
,4913,2026-03-10,18:00:00,511.0,7.76,94.0,7.77,2.415,0.0,0.0,1.6103059581320451
,4914,2026-03-10,19:00:00,501.0,7.74,87.0,7.92,2.373,0.0,0.0,1.6388069485414616
,4915,2026-03-10,20:00:00,505.0,7.69,90.0,7.89,2.373,0.0,0.0,1.6388069485414616
,4916,2026-03-10,21:00:00,511.0,7.77,88.0,7.79,2.373,0.0,0.0,1.6388069485414616
,4917,2026-03-10,22:00:00,526.0,7.64,81.0,7.85,2.373,0.0,0.0,1.6388069485414616
,4918,2026-03-10,23:00:00,515.0,7.81,84.0,7.93,2.331,0.0,0.0,1.6683350016683351
,4919,2026-03-10,00:00:00,530.0,7.95,73.0,7.89,2.331,0.0,0.0,1.6683350016683351
,4920,2026-03-10,01:00:00,523.0,7.87,77.0,7.96,2.331,0.0,0.0,1.6683350016683351
,4921,2026-03-10,02:00:00,507.0,7.99,80.0,7.92,2.331,0.0,0.0,1.6683350016683351
,4922,2026-03-10,03:00:00,504.0,7.88,76.0,7.9,2.331,0.0,0.0,1.6683350016683351
,4923,2026-03-10,04:00:00,509.0,7.83,79.0,7.87,2.289,0.0,0.0,1.6989466530750934
,4924,2026-03-10,05:00:00,496.0,7.72,82.0,7.9,2.207,0.0,0.0,1.7620701807380559
,4925,2026-03-10,06:00:00,475.0,7.79,88.0,7.95,2.126,0.0,0.0,1.8292045573324973
,4926,2026-03-11,06:30:00,454.0,7.74,114.0,7.93,2.046,0.0,0.0,0.0
,4927,2026-03-11,07:00:00,460.0,7.77,110.0,7.9,2.046,0.0,0.0,1.3576626479852287
,4928,2026-03-11,08:00:00,467.0,7.7,95.0,7.75,2.046,0.0,0.0,1.3576626479852287
,4929,2026-03-11,09:00:00,458.0,7.74,97.0,7.88,2.046,0.0,0.0,1.3576626479852287
,4930,2026-03-11,10:00:00,450.0,7.71,94.0,7.8,2.046,0.0,0.0,1.3576626479852287
,4931,2026-03-11,11:00:00,413.0,7.58,92.0,7.85,2.006,0.0,0.0,1.3847346848343858
,4932,2026-03-11,12:00:00,401.0,7.77,91.0,7.72,2.006,0.0,0.0,1.3847346848343858
,4933,2026-03-11,13:00:00,397.0,7.69,87.0,7.7,2.006,0.0,0.0,1.3847346848343858
,4934,2026-03-11,14:00:00,400.0,7.72,82.0,7.65,2.006,0.0,0.0,1.3847346848343858
,4935,2026-03-11,15:00:00,394.0,7.7,88.0,7.69,1.967,0.0,0.0,0.9885330170027677
,4936,2026-03-11,16:00:00,378.0,7.78,80.0,7.72,1.929,0.0,0.0,1.0080064512412878
,4937,2026-03-11,17:00:00,365.0,7.73,78.0,7.77,1.852,0.0,0.0,1.0499160067194624
,4938,2026-03-11,18:00:00,342.0,7.69,75.0,7.7,1.814,0.0,0.0,1.0719098370697047
,4939,2026-03-11,19:00:00,341.0,7.92,74.0,8.1,1.777,0.0,0.0,1.094228725067217
,4940,2026-03-11,20:00:00,347.0,7.96,72.0,8.05,1.74,0.0,0.0,0.7982120051085567
,4941,2026-03-11,21:00:00,343.0,7.98,76.0,8.08,1.703,0.0,0.0,0.8155542506687544
,4942,2026-03-11,22:00:00,351.0,7.95,78.0,8.02,1.703,0.0,0.0,0.8155542506687544
,4943,2026-03-11,23:00:00,358.0,7.9,80.0,7.98,1.703,0.0,0.0,0.8155542506687544
,4944,2026-03-11,00:00:00,368.0,7.83,82.0,7.93,1.667,0.0,0.0,0.8331666999933346
,4945,2026-03-11,01:00:00,366.0,7.89,81.0,7.95,1.667,0.0,0.0,0.8331666999933346
,4946,2026-03-11,02:00:00,367.0,7.94,84.0,7.91,1.631,0.0,0.0,0.8515566455480619
,4947,2026-03-11,03:00:00,361.0,7.96,86.0,7.96,1.631,0.0,0.0,0.8515566455480619
,4948,2026-03-11,04:00:00,354.0,7.91,92.0,7.92,1.631,0.0,0.0,0.8515566455480619
,4949,2026-03-11,05:00:00,339.0,7.87,95.0,7.91,1.595,0.0,0.0,0.8707767328456983
,4950,2026-03-11,06:00:00,369.0,7.92,91.0,7.92,1.595,0.0,0.0,0.8707767328456983
,4951,2026-03-12,06:30:00,369.0,7.73,102.0,8.06,1.595,0.0,0.0,0.0
,4952,2026-03-12,07:00:00,358.0,7.77,100.0,8.01,1.595,0.0,0.0,0.8707767328456983
,4953,2026-03-12,08:00:00,342.0,7.72,96.0,7.51,1.595,0.0,0.0,0.8707767328456983
,4954,2026-03-12,09:00:00,347.0,7.75,98.0,7.58,1.595,0.0,0.0,0.8707767328456983
,4955,2026-03-12,10:00:00,330.0,7.7,90.0,7.69,1.56,0.0,0.0,0.8903133903133902
,4956,2026-03-12,11:00:00,307.0,7.74,84.0,7.74,1.56,0.0,0.0,0.8903133903133902
,4957,2026-03-12,12:00:00,275.0,7.75,77.0,7.77,1.56,0.0,0.0,0.0
,4958,2026-03-12,13:00:00,,,,,,,,
,4959,2026-03-12,14:00:00,,,,,,,,
,4960,2026-03-12,15:00:00,,,,,,,,
,4961,2026-03-12,16:00:00,,,,,,,,
,4962,2026-03-12,17:00:00,,,,,,,,
,4963,2026-03-12,18:00:00,,,,,,,,
,4964,2026-03-12,19:00:00,,,,,,,,
,4965,2026-03-12,20:00:00,,,,,,,,
,4966,2026-03-12,21:00:00,,,,,,,,
,4967,2026-03-12,22:00:00,,,,,,,,
,4968,2026-03-12,23:00:00,,,,,,,,
,4969,2026-03-12,00:00:00,,,,,,,,
,4970,2026-03-12,01:00:00,,,,,,,,
,4971,2026-03-12,02:00:00,,,,,,,,
,4972,2026-03-12,03:00:00,,,,,,,,
,4973,2026-03-12,04:00:00,,,,,,,,
,4974,2026-03-12,05:00:00,,,,,,,,
,4975,2026-03-12,06:00:00,,,,,,,,
,4976,2026-03-17,06:30:00,,,,,,,,
,4977,2026-03-17,07:00:00,310.0,7.89,198.0,8.01,1.967,0.0,0.0,0.7060950121448342
,4978,2026-03-17,08:00:00,318.0,7.74,139.0,7.73,1.967,0.0,0.0,0.7060950121448342
,4979,2026-03-17,09:00:00,321.0,7.83,144.0,7.8,2.086,0.0,0.0,0.665814424203686
,4980,2026-03-17,10:00:00,324.0,7.86,142.0,7.84,2.248,0.0,0.0,0.6178331356267298
,4981,2026-03-17,11:00:00,233.0,7.87,157.0,7.93,2.289,0.0,0.0,0.6067666618125334
,4982,2026-03-17,12:00:00,290.0,7.91,160.0,7.99,2.289,0.0,0.0,0.0
,4983,2026-03-17,13:00:00,286.0,7.92,163.0,8.02,2.289,0.0,0.0,0.0
,4984,2026-03-17,14:00:00,318.0,7.84,172.0,8.0,2.289,0.0,0.0,0.6067666618125334
,4985,2026-03-17,15:00:00,324.0,7.88,174.0,7.98,2.289,0.0,0.0,0.6067666618125334
,4986,2026-03-17,16:00:00,318.0,7.86,195.0,8.03,2.248,0.0,0.0,0.6178331356267298
,4987,2026-03-17,17:00:00,313.0,7.89,204.0,8.07,2.207,0.0,0.0,0.6293107788350198
,4988,2026-03-17,18:00:00,308.0,7.9,201.0,8.02,2.166,0.0,0.0,0.6412229403919155
,4989,2026-03-17,19:00:00,344.0,7.97,196.0,8.1,2.126,0.0,0.0,0.6532873419044632
,4990,2026-03-17,20:00:00,350.0,7.99,191.0,8.06,2.086,0.0,0.0,0.665814424203686
,4991,2026-03-17,21:00:00,347.0,7.95,185.0,8.03,2.006,0.0,0.0,0.6923673424171929
,4992,2026-03-17,22:00:00,356.0,7.9,189.0,8.07,1.967,0.0,0.0,0.7060950121448342
,4993,2026-03-17,23:00:00,341.0,7.89,192.0,8.1,1.929,0.0,0.0,0.7200046080294913
,4994,2026-03-17,00:00:00,360.0,7.9,227.0,8.08,1.89,0.0,0.0,0.7348618459729571
,4995,2026-03-17,01:00:00,363.0,7.96,219.0,8.12,1.852,0.0,0.0,0.7499400047996159
,4996,2026-03-17,02:00:00,359.0,8.02,225.0,8.16,1.814,0.0,0.0,0.7656498836212177
,4997,2026-03-17,03:00:00,351.0,8.05,210.0,8.11,1.777,0.0,0.0,0.7815919464765835
,4998,2026-03-17,04:00:00,355.0,7.97,206.0,8.09,1.777,0.0,0.0,0.7815919464765835
,4999,2026-03-17,05:00:00,364.0,7.94,218.0,8.12,1.777,0.0,0.0,0.7815919464765835
,5000,2026-03-17,06:00:00,372.0,8.01,233.0,8.14,1.777,0.0,0.0,0.7815919464765835
,5001,2026-03-18,06:30:00,389.0,8.03,189.0,8.05,1.777,0.0,0.0,0.0
,5002,2026-03-18,07:00:00,383.0,8.01,185.0,8.03,1.777,0.0,0.0,0.7815919464765835
,5003,2026-03-18,08:00:00,376.0,7.98,180.0,7.8,1.74,0.0,0.0,0.7982120051085567
,5004,2026-03-18,09:00:00,372.0,7.94,204.0,8.09,1.74,0.0,0.0,0.7982120051085567
,5005,2026-03-18,10:00:00,365.0,7.99,202.0,8.06,1.74,0.0,0.0,0.7982120051085567
,5006,2026-03-18,11:00:00,351.0,7.97,199.0,8.04,1.74,0.0,0.0,0.7982120051085567
,5007,2026-03-18,12:00:00,335.0,7.99,197.0,8.06,1.703,0.0,0.0,0.8155542506687544
,5008,2026-03-18,13:00:00,332.0,8,195.0,8.02,1.703,0.0,0.0,0.8155542506687544
,5009,2026-03-18,14:00:00,338.0,8.02,188.0,8.08,1.703,0.0,0.0,0.8155542506687544
,5010,2026-03-18,15:00:00,820.0,7.83,125.0,7.9,2.857,0.0,0.0,2.9168125072920312
,5011,2026-03-18,16:00:00,1182.0,7.92,133.0,7.98,4.657,44.73552358456803,26.841314150740818,0.0
,5012,2026-03-18,17:00:00,878.0,7.79,201.0,7.97,5.426,38.39538026784617,23.037228160707702,0.0
,5013,2026-03-18,18:00:00,980.0,7.82,236.0,7.95,5.064,32.91205897840969,16.456029489204845,0.0
,5014,2026-03-18,19:00:00,880.0,7.97,300.0,8.13,4.657,35.78841886765442,17.89420943382721,0.0
,5015,2026-03-18,20:00:00,945.0,7.9,262.0,8.23,4.048,41.1725955204216,20.5862977602108,0.0
,5016,2026-03-18,21:00:00,982.0,7.82,201.0,8.28,3.682,45.26525439072968,22.63262719536484,0.0
,5017,2026-03-18,22:00:00,965.0,7.74,246.0,8.05,3.58,46.55493482309125,23.277467411545626,0.0
,5018,2026-03-18,23:00:00,883.0,7.69,273.0,7.82,3.479,47.906486538277285,23.953243269138643,0.0
,5019,2026-03-18,00:00:00,828.0,7.64,284.0,7.5,3.38,49.30966469428008,24.65483234714004,0.0
,5020,2026-03-18,01:00:00,796.0,7.71,262.0,7.55,3.282,50.782043469429205,25.391021734714602,0.0
,5021,2026-03-18,02:00:00,872.0,7.78,231.0,7.48,3.233,0.0,0.0,5.155170636148057
,5022,2026-03-18,03:00:00,878.0,7.62,215.0,7.45,3.233,0.0,0.0,5.155170636148057
,5023,2026-03-18,04:00:00,892.0,7.71,219.0,7.41,3.185,0.0,0.0,5.2328623757195185
,5024,2026-03-18,05:00:00,805.0,7.68,211.0,7.28,3.137,0.0,0.0,5.312931675698651
,5025,2026-03-18,06:00:00,762.0,7.73,202.0,7.02,3.09,0.0,0.0,5.393743257820928
,5026,2026-03-19,06:30:00,739.0,7.56,116.0,6.8,3.042,0.0,0.0,0.0
,5027,2026-03-19,07:00:00,734.0,7.6,122.0,6.77,2.995,0.0,0.0,5.379335930254127
,5028,2026-03-19,08:00:00,728.0,7.58,96.0,6.32,2.949,0.0,0.0,4.709694435025056
,5029,2026-03-19,09:00:00,723.0,7.61,98.0,6.68,2.903,0.0,0.0,3.8274581850193288
,5030,2026-03-19,10:00:00,718.0,7.7,87.0,6.74,2.857,0.0,0.0,3.889083343056041
,5031,2026-03-19,11:00:00,712.0,7.64,90.0,7.03,2.857,0.0,0.0,3.4029479251740358
,5032,2026-03-19,12:00:00,702.0,7.5,91.0,7.16,2.811,0.0,0.0,3.458634728645401
,5033,2026-03-19,13:00:00,698.0,7.67,89.0,7.08,2.811,0.0,0.0,3.063362188228784
,5034,2026-03-19,14:00:00,675.0,7.63,92.0,7.1,2.811,0.0,0.0,3.063362188228784
,5035,2026-03-19,15:00:00,680.0,7.61,120.0,7.14,2.811,0.0,0.0,3.063362188228784
,5036,2026-03-19,16:00:00,712.0,7.62,112.0,7.12,2.766,0.0,0.0,2.811922551618864
,5037,2026-03-19,17:00:00,723.0,7.6,104.0,7.15,2.766,0.0,0.0,2.811922551618864
,5038,2026-03-19,18:00:00,730.0,7.63,106.0,7.17,2.721,0.0,0.0,2.8584262321858795
,5039,2026-03-19,19:00:00,730.0,7.5,103.0,7.35,2.721,0.0,0.0,2.8584262321858795
,5040,2026-03-19,20:00:00,726.0,7.57,110.0,7.3,2.676,0.0,0.0,2.9064939378840724
,5041,2026-03-19,21:00:00,722.0,7.55,107.0,7.28,2.676,0.0,0.0,2.9064939378840724
,5042,2026-03-19,22:00:00,759.0,7.63,104.0,7.36,2.632,0.0,0.0,2.955082742316785
,5043,2026-03-19,23:00:00,820.0,7.68,110.0,7.48,2.632,0.0,0.0,2.955082742316785
,5044,2026-03-19,00:00:00,812.0,7.61,99.0,7.54,2.588,0.0,0.0,3.0053237162974407
,5045,2026-03-19,01:00:00,819.0,7.66,102.0,7.51,2.588,0.0,0.0,3.0053237162974407
,5046,2026-03-19,02:00:00,827.0,7.6,100.0,7.47,2.588,0.0,0.0,3.0053237162974407
,5047,2026-03-19,03:00:00,833.0,7.64,98.0,7.42,2.588,0.0,0.0,3.0053237162974407
,5048,2026-03-19,04:00:00,864.0,7.59,101.0,7.48,2.588,0.0,0.0,3.0053237162974407
,5049,2026-03-19,05:00:00,812.0,7.63,106.0,7.58,2.588,0.0,0.0,3.0053237162974407
,5050,2026-03-19,06:00:00,792.0,7.66,109.0,7.52,2.588,0.0,0.0,3.0053237162974407
,5051,2026-03-26,06:30:00,346.0,7.68,119.0,7.63,1.631,0.0,0.0,0.0
,5052,2026-03-26,07:00:00,342.0,7.7,117.0,7.65,1.631,0.0,0.0,1.0218679746576742
,5053,2026-03-26,08:00:00,325.0,7.67,123.0,7.04,1.631,0.0,0.0,1.0218679746576742
,5054,2026-03-26,09:00:00,322.0,7.71,127.0,7.64,1.631,0.0,0.0,1.0218679746576742
,5055,2026-03-26,10:00:00,330.0,7.75,132.0,7.66,1.631,0.0,0.0,1.0218679746576742
,5056,2026-03-26,11:00:00,323.0,7.79,115.0,7.7,1.631,0.0,0.0,1.0218679746576742
,5057,2026-03-26,12:00:00,316.0,7.88,106.0,7.73,1.631,0.0,0.0,1.0218679746576742
,5058,2026-03-26,13:00:00,308.0,7.87,111.0,7.76,1.631,0.0,0.0,0.8515566455480619
,5059,2026-03-26,14:00:00,303.0,7.77,115.0,7.7,1.631,0.0,0.0,0.8515566455480619
,5060,2026-03-26,15:00:00,307.0,7.79,105.0,7.73,1.631,0.0,0.0,0.8515566455480619
,5061,2026-03-26,16:00:00,305.0,7.84,108.0,7.86,1.631,0.0,0.0,0.8515566455480619
,5062,2026-03-26,17:00:00,308.0,7.89,110.0,7.93,1.595,0.0,0.0,0.8707767328456983
,5063,2026-03-26,18:00:00,302.0,7.85,106.0,7.9,1.595,0.0,0.0,0.8707767328456983
,5064,2026-03-26,19:00:00,213.0,7.68,117.0,7.86,1.56,0.0,0.0,0.0
,5065,2026-03-26,20:00:00,209.0,7.61,111.0,7.82,1.56,0.0,0.0,0.0
,5066,2026-03-26,21:00:00,211.0,7.72,108.0,7.8,1.56,0.0,0.0,0.0
,5067,2026-03-26,22:00:00,227.0,7.68,114.0,7.92,1.56,0.0,0.0,0.0
,5068,2026-03-26,23:00:00,219.0,7.7,111.0,7.86,1.56,0.0,0.0,0.0
,5069,2026-03-26,00:00:00,215.0,8.05,99.0,7.98,1.56,0.0,0.0,0.0
,5070,2026-03-26,01:00:00,203.0,8,103.0,7.86,1.56,0.0,0.0,0.0
,5071,2026-03-26,02:00:00,208.0,7.96,96.0,7.92,1.56,0.0,0.0,0.0
,5072,2026-03-26,03:00:00,210.0,7.92,88.0,7.86,1.56,0.0,0.0,0.0
,5073,2026-03-26,04:00:00,223.0,8.08,98.0,8.01,1.525,0.0,0.0,0.0
,5074,2026-03-26,05:00:00,227.0,8.05,94.0,7.98,1.525,0.0,0.0,0.0
,5075,2026-03-26,06:00:00,222.0,8.11,97.0,8.03,1.525,0.0,0.0,0.0
,5076,2026-03-28,06:30:00,207.0,7.91,104.0,7.96,1.257,0.0,0.0,0.0
,5077,2026-03-28,07:00:00,204.0,7.93,101.0,7.92,1.257,0.0,0.0,0.0
,5078,2026-03-28,08:00:00,201.0,7.99,148.0,7.58,1.225,0.0,0.0,0.0
,5079,2026-03-28,09:00:00,198.0,8.02,136.0,7.87,1.225,0.0,0.0,0.0
,5080,2026-03-28,10:00:00,193.0,8,134.0,7.92,1.225,0.0,0.0,0.0
,5081,2026-03-28,11:00:00,190.0,8.01,128.0,7.98,1.225,0.0,0.0,0.0
,5082,2026-03-28,12:00:00,186.0,7.98,123.0,8.05,1.225,0.0,0.0,0.0
,5083,2026-03-28,13:00:00,188.0,7.97,120.0,8.08,1.225,0.0,0.0,0.0
,5084,2026-03-28,14:00:00,190.0,7.99,136.0,8.02,1.225,0.0,0.0,0.0
,5085,2026-03-28,15:00:00,189.0,7.89,141.0,8.04,1.225,0.0,0.0,0.0
,5086,2026-03-28,16:00:00,153.0,7.92,121.0,8.01,1.193,0.0,0.0,0.0
,5087,2026-03-28,17:00:00,142.0,7.94,110.0,8.0,1.193,0.0,0.0,0.0
,5088,2026-03-28,18:00:00,136.0,7.96,107.0,7.99,1.162,0.0,0.0,0.0
,5089,2026-03-28,19:00:00,112.0,7.9,104.0,8.22,1.07,0.0,0.0,0.0
,5090,2026-03-28,20:00:00,117.0,7.94,111.0,8.2,1.07,0.0,0.0,0.0
,5091,2026-03-28,21:00:00,123.0,7.89,108.0,8.16,1.07,0.0,0.0,0.0
,5092,2026-03-28,22:00:00,116.0,7.81,100.0,8.21,1.07,0.0,0.0,0.0
,5093,2026-03-28,23:00:00,131.0,7.96,113.0,8.27,1.07,0.0,0.0,0.0
,5094,2026-03-28,00:00:00,100.0,7.77,86.0,8.25,1.04,0.0,0.0,0.0
,5095,2026-03-28,01:00:00,105.0,7.79,92.0,8.22,1.04,0.0,0.0,0.0
,5096,2026-03-28,02:00:00,110.0,7.85,97.0,8.18,1.04,0.0,0.0,0.0
,5097,2026-03-28,03:00:00,118.0,7.93,90.0,8.1,1.04,0.0,0.0,0.0
,5098,2026-03-28,04:00:00,116.0,7.91,93.0,8.12,1.04,0.0,0.0,0.0
,5099,2026-03-28,05:00:00,109.0,7.88,91.0,8.17,0.982,0.0,0.0,0.0
,5100,2026-03-28,06:00:00,102.0,7.83,82.0,8.11,0.924,0.0,0.0,0.0
,5101,2026-03-30,06:30:00,130.0,7.98,62.0,8.22,0.636,0.0,0.0,0.0
,5102,2026-03-30,07:00:00,123.0,7.96,60.0,8.17,0.636,0.0,0.0,0.0
,5103,2026-03-30,08:00:00,117.0,8.02,57.0,8.19,0.612,0.0,0.0,0.0
,5104,2026-03-30,09:00:00,125.0,7.99,65.0,8.15,0.612,0.0,0.0,0.0
,5105,2026-03-30,10:00:00,120.0,7.94,62.0,8.11,0.612,0.0,0.0,0.0
,5106,2026-03-30,11:00:00,117.0,7.98,67.0,8.16,0.612,0.0,0.0,0.0
,5107,2026-03-30,12:00:00,104.0,7.96,75.0,8.11,0.612,0.0,0.0,0.0
,5108,2026-03-30,13:00:00,111.0,8.05,71.0,8.15,0.612,0.0,0.0,0.0
,5109,2026-03-30,14:00:00,171.0,8.1,69.0,8.19,1.011,164.85328058028355,0.0,0.0
,5110,2026-03-30,15:00:00,163.0,7.98,77.0,8.12,2.415,0.0,0.0,0.0
,5111,2026-03-30,16:00:00,161.0,8.03,75.0,8.2,2.248,0.0,0.0,0.0
,5112,2026-03-30,17:00:00,159.0,7.92,80.0,8.24,2.086,0.0,0.0,0.0
,5113,2026-03-30,18:00:00,162.0,7.98,84.0,8.2,2.086,0.0,0.0,0.0
,5114,2026-03-30,19:00:00,151.0,7.09,92.0,8.17,2.126,0.0,0.0,0.0
,5115,2026-03-30,20:00:00,230.0,7.15,112.0,8.08,2.166,0.0,0.0,0.0
,5116,2026-03-30,21:00:00,259.0,7.25,118.0,8.1,2.207,0.0,0.0,0.0
,5117,2026-03-30,22:00:00,328.0,8.11,120.0,8.13,2.207,0.0,0.0,0.6293107788350198
,5118,2026-03-30,23:00:00,494.0,8.17,125.0,8.15,2.207,0.0,0.0,1.8879323365050595
,5119,2026-03-30,00:00:00,504.0,8.03,127.0,8.17,2.166,0.0,0.0,2.564891761567662
,5120,2026-03-30,01:00:00,514.0,8.07,131.0,8.22,2.166,0.0,0.0,2.8213809377244283
,5121,2026-03-30,02:00:00,522.0,8.13,135.0,8.3,2.166,0.0,0.0,2.8213809377244283
,5122,2026-03-30,03:00:00,566.0,8.16,132.0,8.28,2.166,0.0,0.0,2.564891761567662
,5123,2026-03-30,04:00:00,630.0,8.11,121.0,8.16,2.126,0.0,0.0,2.613149367617853
,5124,2026-03-30,05:00:00,651.0,8.04,97.0,8.0,2.126,0.0,0.0,2.613149367617853
,5125,2026-03-30,06:00:00,660.0,8.07,99.0,8.08,2.086,0.0,0.0,3.9948865452221156
,5126,2026-03-31,06:30:00,549.0,7.58,101.0,8.07,2.086,0.0,0.0,0.0
,5127,2026-03-31,07:00:00,567.0,7.62,99.0,8.04,2.086,0.0,0.0,2.663257696814744
,5128,2026-03-31,08:00:00,513.0,7.67,102.0,8.0,2.006,0.0,0.0,2.7694693696687716
,5129,2026-03-31,09:00:00,488.0,7.72,107.0,7.72,1.967,0.0,0.0,2.8243800485793367
,5130,2026-03-31,10:00:00,457.0,7.7,116.0,7.76,1.967,0.0,0.0,2.8243800485793367
,5131,2026-03-31,11:00:00,425.0,7.63,124.0,7.74,1.929,0.0,0.0,2.880018432117965
,5132,2026-03-31,12:00:00,408.0,7.59,130.0,7.8,1.929,0.0,0.0,2.880018432117965
,5133,2026-03-31,13:00:00,392.0,7.65,135.0,7.83,1.929,0.0,0.0,2.880018432117965
,5134,2026-03-31,14:00:00,386.0,7.68,139.0,7.79,1.929,0.0,0.0,2.880018432117965
,5135,2026-03-31,15:00:00,377.0,7.72,133.0,7.81,1.929,0.0,0.0,2.160013824088474
,5136,2026-03-31,16:00:00,352.0,7.7,119.0,7.95,1.89,0.0,0.0,2.2045855379188715
,5137,2026-03-31,17:00:00,339.0,7.74,105.0,8.0,1.852,0.0,0.0,1.4998800095992317
,5138,2026-03-31,18:00:00,346.0,7.78,110.0,8.02,1.852,0.0,0.0,1.4998800095992317
,5139,2026-03-31,19:00:00,325.0,7.93,86.0,7.93,1.852,0.0,0.0,1.4998800095992317
,5140,2026-03-31,20:00:00,344.0,7.96,88.0,7.95,1.814,0.0,0.0,1.2250398137939482
,5141,2026-03-31,21:00:00,358.0,7.98,96.0,7.98,1.967,0.0,0.0,2.1182850364345027
,5142,2026-03-31,22:00:00,341.0,7.94,84.0,7.97,2.995,0.0,0.0,1.8549434242255611
,5143,2026-03-31,23:00:00,369.0,7.73,112.0,8.04,6.922,24.077819512664934,12.038909756332467,0.0
,5144,2026-03-31,00:00:00,998.0,7.67,107.0,8.07,5.304,47.134238310708895,31.422825540472598,0.0
,5145,2026-03-31,01:00:00,1102.0,7.6,181.0,8.12,5.005,49.950049950049944,33.3000333000333,0.0
,5146,2026-03-31,02:00:00,1134.0,7.55,220.0,8.11,4.156,60.15399422521656,40.10266281681104,0.0
,5147,2026-03-31,03:00:00,1197.0,7.59,266.0,8.06,3.837,65.15506906437321,43.43671270958213,0.0
,5148,2026-03-31,04:00:00,1086.0,7.57,258.0,7.92,3.682,45.26525439072968,22.63262719536484,0.0
,5149,2026-03-31,05:00:00,1004.0,7.55,254.0,7.68,3.529,47.227732124303394,23.613866062151697,0.0
,5150,2026-03-31,06:00:00,1010.0,7.61,224.0,7.58,3.38,49.30966469428008,24.65483234714004,0.0
,5151,2026-04-01,06:30:00,802.0,7.83,319.0,7.61,3.233,0.0,0.0,0.0
,5152,2026-04-01,07:00:00,810.0,7.88,315.0,7.64,3.233,0.0,0.0,5.155170636148057
,5153,2026-04-01,08:00:00,789.0,7.86,308.0,7.4,3.233,0.0,0.0,5.155170636148057
,5154,2026-04-01,09:00:00,775.0,7.92,295.0,7.21,3.185,0.0,0.0,5.2328623757195185
,5155,2026-04-01,10:00:00,636.0,7.85,256.0,7.09,3.09,0.0,0.0,5.393743257820928
,5156,2026-04-01,11:00:00,545.0,7.81,183.0,6.99,2.995,0.0,0.0,5.564830272676683
,5157,2026-04-01,12:00:00,555.0,7.45,186.0,7.34,2.949,0.0,0.0,5.651633322030067
,5158,2026-04-01,13:00:00,537.0,7.57,118.0,7.29,2.857,0.0,0.0,5.8336250145840625
,5159,2026-04-01,14:00:00,560.0,7.51,59.0,7.21,2.766,0.0,0.0,4.519161243673174
,5160,2026-04-01,15:00:00,551.0,7.43,62.0,7.16,2.721,0.0,0.0,4.593899301727306
,5161,2026-04-01,16:00:00,544.0,7.36,67.0,7.07,2.676,0.0,0.0,4.671150971599402
,5162,2026-04-01,17:00:00,578.0,7.42,70.0,7.05,2.721,0.0,0.0,3.0625995344848707
,5163,2026-04-01,18:00:00,474.0,7.59,68.0,7.04,2.766,0.0,0.0,3.0127741624487827
,5164,2026-04-01,19:00:00,498.0,7.56,71.0,7.01,2.721,0.0,0.0,3.0625995344848707
,5165,2026-04-01,20:00:00,469.0,7.5,69.0,6.97,2.632,0.0,0.0,3.1661600810536976
,5166,2026-04-01,21:00:00,478.0,7.54,73.0,7.0,2.544,0.0,0.0,3.2756813417190775
,5167,2026-04-01,22:00:00,463.0,7.63,68.0,7.08,2.544,0.0,0.0,3.2756813417190775
,5168,2026-04-01,23:00:00,457.0,7.71,62.0,7.17,2.544,0.0,0.0,2.7297344514325643
,5169,2026-04-01,00:00:00,442.0,7.73,55.0,7.21,2.544,0.0,0.0,2.7297344514325643
,5170,2026-04-01,01:00:00,438.0,7.78,58.0,7.16,2.544,0.0,0.0,2.7297344514325643
,5171,2026-04-01,02:00:00,452.0,7.73,52.0,7.14,2.544,0.0,0.0,2.7297344514325643
,5172,2026-04-01,03:00:00,448.0,7.7,47.0,7.2,2.544,0.0,0.0,2.7297344514325643
,5173,2026-04-01,04:00:00,445.0,7.67,45.0,7.25,2.544,0.0,0.0,2.7297344514325643
,5174,2026-04-01,05:00:00,440.0,7.61,48.0,7.3,2.544,0.0,0.0,2.7297344514325643
,5175,2026-04-01,06:00:00,436.0,7.69,49.0,7.28,2.544,0.0,0.0,2.7297344514325643
,5176,2026-04-02,06:30:00,434.0,7.55,54.0,7.16,2.501,0.0,0.0,0.0
,5177,2026-04-02,07:00:00,328.0,7.61,57.0,7.09,2.501,0.0,0.0,2.776667110933405
,5178,2026-04-02,08:00:00,431.0,7.58,63.0,7.03,2.501,0.0,0.0,2.776667110933405
,5179,2026-04-02,09:00:00,426.0,7.51,68.0,7.11,2.415,0.0,0.0,2.8755463538072235
,5180,2026-04-02,10:00:00,421.0,7.6,62.0,7.08,2.331,0.0,0.0,2.979169645836312
,5181,2026-04-02,11:00:00,428.0,7.58,53.0,7.1,2.289,0.0,0.0,3.0338333090626666
,5182,2026-04-02,12:00:00,385.0,7.55,58.0,7.39,2.248,0.0,0.0,2.4713325425069192
,5183,2026-04-02,13:00:00,371.0,7.42,51.0,7.34,2.207,0.0,0.0,2.5172431153400794
,5184,2026-04-02,14:00:00,384.0,7.36,67.0,7.28,2.166,0.0,0.0,1.9236688211757464
,5185,2026-04-02,15:00:00,381.0,7.44,55.0,7.19,2.126,0.0,0.0,1.9598620257133899
,5186,2026-04-02,16:00:00,376.0,7.39,60.0,7.22,2.086,0.0,0.0,1.9974432726110578
,5187,2026-04-02,17:00:00,388.0,7.68,53.0,7.38,2.006,0.0,0.0,2.0771020272515788
,5188,2026-04-02,18:00:00,386.0,7.73,49.0,7.4,1.967,0.0,0.0,2.1182850364345027
,5189,2026-04-02,19:00:00,373.0,7.77,50.0,7.42,1.929,0.0,0.0,2.160013824088474
,5190,2026-04-02,20:00:00,368.0,7.72,47.0,7.45,1.929,0.0,0.0,2.160013824088474
,5191,2026-04-02,21:00:00,370.0,7.75,51.0,7.41,1.929,0.0,0.0,2.160013824088474
,5192,2026-04-02,22:00:00,381.0,7.78,58.0,7.52,1.89,0.0,0.0,1.4697236919459142
,5193,2026-04-02,23:00:00,372.0,7.72,61.0,7.5,1.89,0.0,0.0,1.4697236919459142
,5194,2026-04-02,00:00:00,407.0,7.8,66.0,7.49,1.814,0.0,0.0,1.5312997672424353
,5195,2026-04-02,01:00:00,391.0,7.76,60.0,7.45,1.777,0.0,0.0,1.563183892953167
,5196,2026-04-02,02:00:00,377.0,7.78,68.0,7.53,1.777,0.0,0.0,1.563183892953167
,5197,2026-04-02,03:00:00,362.0,7.83,73.0,7.66,1.777,0.0,0.0,1.563183892953167
,5198,2026-04-02,04:00:00,355.0,7.8,82.0,7.72,1.814,0.0,0.0,1.5312997672424353
,5199,2026-04-02,05:00:00,348.0,7.89,89.0,7.85,1.89,0.0,0.0,2.2045855379188715
,5200,2026-04-02,06:00:00,372.0,7.97,86.0,7.81,2.544,0.0,0.0,2.7297344514325643
,5201,2026-04-03,06:30:00,329.0,7.93,43.0,7.9,3.137,0.0,0.0,0.0
,5202,2026-04-03,07:00:00,357.0,7.9,34.0,7.38,3.137,0.0,0.0,2.6564658378493253
,5203,2026-04-03,08:00:00,388.0,7.96,29.0,7.15,3.185,0.0,0.0,2.6164311878597593
,5204,2026-04-03,09:00:00,,,,,,,,
,5205,2026-04-03,10:00:00,,,,,,,,
,5206,2026-04-03,11:00:00,,,,,,,,
,5207,2026-04-03,12:00:00,,,,,,,,
,5208,2026-04-03,13:00:00,,,,,,,,
,5209,2026-04-03,14:00:00,,,,,,,,
,5210,2026-04-03,15:00:00,938.0,7.7,134.0,7.76,3.233,0.0,0.0,5.155170636148057
,5211,2026-04-03,16:00:00,952.0,7.86,128.0,7.71,3.185,0.0,0.0,5.2328623757195185
,5212,2026-04-03,17:00:00,863.0,7.84,122.0,7.76,3.137,0.0,0.0,5.312931675698651
,5213,2026-04-03,18:00:00,744.0,7.82,112.0,7.79,3.09,0.0,0.0,5.393743257820928
,5214,2026-04-03,19:00:00,720.0,7.5,110.0,7.23,2.995,0.0,0.0,5.564830272676683
,5215,2026-04-03,20:00:00,711.0,7.46,107.0,7.16,2.949,0.0,0.0,5.180663878527562
,5216,2026-04-03,21:00:00,701.0,7.53,114.0,7.19,2.903,0.0,0.0,5.262755004401577
,5217,2026-04-03,22:00:00,683.0,7.51,103.0,7.13,2.857,0.0,0.0,5.347489596702057
,5218,2026-04-03,23:00:00,647.0,7.56,94.0,7.1,2.811,0.0,0.0,4.940906755207716
,5219,2026-04-03,00:00:00,610.0,7.5,88.0,7.08,2.766,0.0,0.0,5.021290270747971
,5220,2026-04-03,01:00:00,625.0,7.55,90.0,7.02,2.766,0.0,0.0,5.021290270747971
,5221,2026-04-03,02:00:00,620.0,7.52,86.0,6.97,2.721,0.0,0.0,4.593899301727306
,5222,2026-04-03,03:00:00,616.0,7.57,89.0,7.0,2.721,0.0,0.0,4.593899301727306
,5223,2026-04-03,04:00:00,575.0,7.53,86.0,7.08,2.721,0.0,0.0,4.0834660459798275
,5224,2026-04-03,05:00:00,565.0,7.49,82.0,7.05,2.676,0.0,0.0,4.152134196977246
,5225,2026-04-03,06:00:00,517.0,7.51,84.0,7.01,2.676,0.0,0.0,4.152134196977246
,5226,2026-04-04,06:30:00,511.0,7.54,73.0,7.06,2.676,0.0,0.0,0.0
,5227,2026-04-04,07:00:00,509.0,7.6,75.0,7.03,2.676,0.0,0.0,3.1141006477329345
,5228,2026-04-04,08:00:00,518.0,7.62,59.0,7.14,2.632,0.0,0.0,3.1661600810536976
,5229,2026-04-04,09:00:00,510.0,7.59,62.0,7.1,2.632,0.0,0.0,3.1661600810536976
,5230,2026-04-04,10:00:00,470.0,7.66,58.0,7.18,2.588,0.0,0.0,3.219989696032972
,5231,2026-04-04,11:00:00,488.0,7.63,68.0,7.13,2.588,0.0,0.0,2.683324746694144
,5232,2026-04-04,12:00:00,428.0,7.54,60.0,7.18,2.588,0.0,0.0,2.683324746694144
,5233,2026-04-04,13:00:00,420.0,7.56,63.0,7.22,2.588,0.0,0.0,2.1466597973553148
,5234,2026-04-04,14:00:00,427.0,7.6,67.0,7.18,2.588,0.0,0.0,2.1466597973553148
,5235,2026-04-04,15:00:00,419.0,7.58,70.0,7.24,2.544,0.0,0.0,2.1837875611460515
,5236,2026-04-04,16:00:00,450.0,7.65,69.0,7.26,2.544,0.0,0.0,1.8562194269741439
,5237,2026-04-04,17:00:00,483.0,7.72,46.0,7.27,2.544,0.0,0.0,1.8562194269741439
,5238,2026-04-04,18:00:00,467.0,7.74,58.0,7.33,2.544,0.0,0.0,1.8562194269741439
,5239,2026-04-04,19:00:00,497.0,7.65,51.0,7.26,2.544,0.0,0.0,1.8562194269741439
,5240,2026-04-04,20:00:00,488.0,7.67,53.0,7.29,2.501,0.0,0.0,1.8881336354347151
,5241,2026-04-04,21:00:00,493.0,7.7,64.0,7.31,2.501,0.0,0.0,1.8881336354347151
,5242,2026-04-04,22:00:00,498.0,7.66,67.0,7.45,2.501,0.0,0.0,1.8881336354347151
,5243,2026-04-04,23:00:00,502.0,7.61,69.0,7.52,2.458,0.0,0.0,1.9211644516770632
,5244,2026-04-04,00:00:00,510.0,7.57,71.0,7.69,2.458,0.0,0.0,1.9211644516770632
,5245,2026-04-04,01:00:00,508.0,7.42,66.0,7.53,2.458,0.0,0.0,1.9211644516770632
,5246,2026-04-04,02:00:00,503.0,7.51,62.0,7.61,2.458,0.0,0.0,1.9211644516770632
,5247,2026-04-04,03:00:00,507.0,7.64,68.0,7.55,2.458,0.0,0.0,1.9211644516770632
,5248,2026-04-04,04:00:00,512.0,7.62,53.0,7.46,2.458,0.0,0.0,1.9211644516770632
,5249,2026-04-04,05:00:00,504.0,7.6,57.0,7.48,2.415,0.0,0.0,1.9553715205889117
,5250,2026-04-04,06:00:00,502.0,7.65,69.0,7.5,2.415,0.0,0.0,1.9553715205889117
,5251,2026-04-05,06:30:00,491.0,7.64,72.0,7.47,2.331,0.0,0.0,0.0
,5252,2026-04-05,07:00:00,460.0,7.72,75.0,7.52,2.289,0.0,0.0,1.8202999854375999
,5253,2026-04-05,08:00:00,428.0,7.77,77.0,7.5,2.248,0.0,0.0,1.8534994068801898
,5254,2026-04-05,09:00:00,420.0,7.79,79.0,7.49,2.207,0.0,0.0,1.510345869204048
,5255,2026-04-05,10:00:00,415.0,7.8,76.0,7.51,2.166,0.0,0.0,1.538935056940597
,5256,2026-04-05,11:00:00,408.0,7.85,73.0,7.6,2.126,0.0,0.0,1.5678896205707118
,5257,2026-04-05,12:00:00,404.0,7.9,61.0,7.66,2.086,0.0,0.0,1.331628848407372
,5258,2026-04-05,13:00:00,389.0,7.88,72.0,7.58,2.086,0.0,0.0,1.331628848407372
,5259,2026-04-05,14:00:00,388.0,7.94,74.0,7.67,2.046,0.0,0.0,1.3576626479852287
,5260,2026-04-05,15:00:00,392.0,7.89,70.0,7.71,2.006,0.0,0.0,1.1077877478675087
,5261,2026-04-05,16:00:00,390.0,7.85,63.0,7.87,1.929,0.0,0.0,1.1520073728471862
,5262,2026-04-05,17:00:00,388.0,7.83,56.0,7.95,1.89,0.0,0.0,1.1757789535567316
,5263,2026-04-05,18:00:00,392.0,7.8,72.0,7.9,1.89,0.0,0.0,1.1757789535567316
,5264,2026-04-05,19:00:00,372.0,7.68,53.0,7.41,1.777,0.0,0.0,1.2505471143625335
,5265,2026-04-05,20:00:00,368.0,7.72,57.0,7.49,1.74,0.0,0.0,1.2771392081736908
,5266,2026-04-05,21:00:00,379.0,7.7,61.0,7.54,1.74,0.0,0.0,1.2771392081736908
,5267,2026-04-05,22:00:00,372.0,7.76,66.0,7.63,1.74,0.0,0.0,1.2771392081736908
,5268,2026-04-05,23:00:00,369.0,7.8,62.0,7.81,1.74,0.0,0.0,1.2771392081736908
,5269,2026-04-05,00:00:00,367.0,7.82,64.0,7.83,1.74,0.0,0.0,1.2771392081736908
,5270,2026-04-05,01:00:00,374.0,7.78,68.0,7.76,1.74,0.0,0.0,1.2771392081736908
,5271,2026-04-05,02:00:00,369.0,7.86,57.0,7.81,1.74,0.0,0.0,1.2771392081736908
,5272,2026-04-05,03:00:00,364.0,7.88,66.0,7.84,1.74,0.0,0.0,1.2771392081736908
,5273,2026-04-05,04:00:00,361.0,7.92,64.0,7.88,1.74,0.0,0.0,1.2771392081736908
,5274,2026-04-05,05:00:00,372.0,7.94,62.0,7.79,1.74,0.0,0.0,1.2771392081736908
,5275,2026-04-05,06:00:00,359.0,7.98,67.0,7.86,1.74,0.0,0.0,1.2771392081736908
,5276,2026-04-06,06:30:00,353.0,7.72,59.0,7.71,1.74,0.0,0.0,0.0
,5277,2026-04-06,07:00:00,348.0,7.7,62.0,7.73,1.74,0.0,0.0,1.2771392081736908
,5278,2026-04-06,08:00:00,344.0,7.75,64.0,7.8,1.74,0.0,0.0,1.2771392081736908
,5279,2026-04-06,09:00:00,346.0,7.76,65.0,7.85,1.74,0.0,0.0,1.1174968071519795
,5280,2026-04-06,10:00:00,332.0,7.77,72.0,7.78,1.74,0.0,0.0,1.1174968071519795
,5281,2026-04-06,11:00:00,335.0,7.85,66.0,7.87,1.74,0.0,0.0,0.7982120051085567
,5282,2026-04-06,12:00:00,330.0,7.93,60.0,7.9,1.74,0.0,0.0,0.7982120051085567
,5283,2026-04-06,13:00:00,327.0,7.9,63.0,7.92,1.703,0.0,0.0,0.8155542506687544
,5284,2026-04-06,14:00:00,322.0,7.88,61.0,7.95,1.703,0.0,0.0,0.8155542506687544
,5285,2026-04-06,15:00:00,319.0,7.91,58.0,8.0,1.667,0.0,0.0,0.8331666999933346
,5286,2026-04-06,16:00:00,323.0,7.89,60.0,7.91,1.703,0.0,0.0,0.8155542506687544
,5287,2026-04-06,17:00:00,326.0,7.86,59.0,7.74,1.703,0.0,0.0,0.8155542506687544
,5288,2026-04-06,18:00:00,331.0,7.81,57.0,7.79,1.703,0.0,0.0,0.8155542506687544
,5289,2026-04-06,19:00:00,274.0,7.71,78.0,7.87,1.631,0.0,0.0,0.0
,5290,2026-04-06,20:00:00,278.0,7.75,73.0,7.82,1.631,0.0,0.0,0.0
,5291,2026-04-06,21:00:00,265.0,7.83,70.0,7.88,1.631,0.0,0.0,0.0
,5292,2026-04-06,22:00:00,260.0,7.91,82.0,7.81,1.631,0.0,0.0,0.0
,5293,2026-04-06,23:00:00,263.0,7.85,89.0,7.74,1.631,0.0,0.0,0.0
,5294,2026-04-06,00:00:00,258.0,7.87,94.0,7.6,1.631,0.0,0.0,0.0
,5295,2026-04-06,01:00:00,261.0,7.77,90.0,7.67,1.631,0.0,0.0,0.0
,5296,2026-04-06,02:00:00,256.0,7.72,98.0,7.63,1.631,0.0,0.0,0.0
,5297,2026-04-06,03:00:00,261.0,7.86,91.0,7.68,1.631,0.0,0.0,0.0
,5298,2026-04-06,04:00:00,268.0,7.9,93.0,7.71,1.631,0.0,0.0,0.0
,5299,2026-04-06,05:00:00,259.0,7.96,98.0,7.74,1.631,0.0,0.0,0.0
,5300,2026-04-06,06:00:00,266.0,7.9,96.0,7.68,1.631,0.0,0.0,0.0
,5301,2026-04-07,06:30:00,,,,,,,,
,5302,2026-04-07,07:00:00,,,,,,,,
,5303,2026-04-07,08:00:00,,,,,,,,
,5304,2026-04-07,09:00:00,,,,,,,,
,5305,2026-04-07,10:00:00,,,,,,,,
,5306,2026-04-07,11:00:00,,,,,,,,
,5307,2026-04-07,12:00:00,,,,,,,,
,5308,2026-04-07,13:00:00,,,,,,,,
,5309,2026-04-07,14:00:00,,,,,,,,
,5310,2026-04-07,15:00:00,,,,,,,,
,5311,2026-04-07,16:00:00,,,,,,,,
,5312,2026-04-07,17:00:00,,,,,,,,
,5313,2026-04-07,18:00:00,,,,,,,,
,5314,2026-04-07,19:00:00,,,,,,,,
,5315,2026-04-07,20:00:00,,,,,,,,
,5316,2026-04-07,21:00:00,,,,,,,,
,5317,2026-04-07,22:00:00,,,,,,,,
,5318,2026-04-07,23:00:00,,,,,,,,
,5319,2026-04-07,00:00:00,,,,,,,,
,5320,2026-04-07,01:00:00,,,,,,,,
,5321,2026-04-07,02:00:00,1320.0,7.86,285.0,8.02,3.233,0.0,0.0,5.155170636148057
,5322,2026-04-07,03:00:00,1314.0,7.82,241.0,7.89,3.137,0.0,0.0,5.312931675698651
,5323,2026-04-07,04:00:00,1266.0,7.77,187.0,7.4,3.042,0.0,0.0,5.478851632697787
,5324,2026-04-07,05:00:00,1178.0,7.61,114.0,7.0,2.995,0.0,0.0,5.564830272676683
,5325,2026-04-07,06:00:00,1160.0,7.65,116.0,7.14,2.949,0.0,0.0,5.651633322030067
,5326,2026-04-08,06:30:00,,,,,,,,
,5327,2026-04-08,07:00:00,,,,,,,,
,5328,2026-04-08,08:00:00,,,,,,,,
,5329,2026-04-08,09:00:00,,,,,,,,
,5330,2026-04-08,10:00:00,1006.0,7.72,156.0,7.04,2.766,30.12774162448783,15.063870812243914,6.025548324897565
,5331,2026-04-08,11:00:00,986.0,7.69,137.0,7.01,2.766,30.12774162448783,15.063870812243914,6.025548324897565
,5332,2026-04-08,12:00:00,1002.0,7.66,108.0,7.06,2.766,30.12774162448783,0.0,6.025548324897565
,5333,2026-04-08,13:00:00,994.0,7.68,112.0,6.97,2.857,29.168125072920308,0.0,5.8336250145840625
,5334,2026-04-08,14:00:00,1112.0,7.73,114.0,6.9,2.995,27.824151363383415,0.0,5.564830272676683
,5335,2026-04-08,15:00:00,1086.0,7.7,120.0,6.87,2.995,27.824151363383415,0.0,5.564830272676683
,5336,2026-04-08,16:00:00,1040.0,7.75,117.0,6.81,2.995,0.0,0.0,5.564830272676683
,5337,2026-04-08,17:00:00,1026.0,7.72,105.0,6.85,2.995,0.0,0.0,5.564830272676683
,5338,2026-04-08,18:00:00,1012.0,7.68,106.0,6.82,2.995,0.0,0.0,5.564830272676683
,5339,2026-04-08,19:00:00,918.0,7.77,83.0,6.9,2.766,0.0,0.0,6.025548324897565
,5340,2026-04-08,20:00:00,922.0,7.79,88.0,7.02,2.721,0.0,0.0,6.125199068969741
,5341,2026-04-08,21:00:00,914.0,7.81,78.0,7.18,2.721,0.0,0.0,5.716852464371759
,5342,2026-04-08,22:00:00,920.0,7.76,75.0,7.16,2.676,0.0,0.0,5.812987875768145
,5343,2026-04-08,23:00:00,956.0,7.72,88.0,7.19,2.632,0.0,0.0,5.804626815265113
,5344,2026-04-08,00:00:00,978.0,7.65,96.0,7.2,2.588,0.0,0.0,5.903314442727116
,5345,2026-04-08,01:00:00,986.0,7.68,102.0,7.24,2.588,0.0,0.0,5.903314442727116
,5346,2026-04-08,02:00:00,980.0,7.7,100.0,7.22,2.544,0.0,0.0,6.005415793151641
,5347,2026-04-08,03:00:00,966.0,7.73,105.0,7.26,2.544,0.0,0.0,6.005415793151641
,5348,2026-04-08,04:00:00,924.0,7.71,109.0,7.3,2.544,0.0,0.0,4.913522012578617
,5349,2026-04-08,05:00:00,878.0,7.69,114.0,7.28,2.501,0.0,0.0,4.998000799680129
,5350,2026-04-08,06:00:00,896.0,7.7,102.0,7.25,2.501,0.0,0.0,4.442667377493447
,5351,2026-04-09,06:30:00,900.0,7.7,119.0,7.26,2.501,0.0,0.0,0.0
,5352,2026-04-09,07:00:00,886.0,7.73,110.0,7.24,2.501,0.0,0.0,4.442667377493447
,5353,2026-04-09,08:00:00,882.0,7.68,112.0,7.34,2.501,0.0,0.0,4.442667377493447
,5354,2026-04-09,09:00:00,876.0,7.71,109.0,7.29,2.501,0.0,0.0,4.442667377493447
,5355,2026-04-09,10:00:00,823.0,7.65,112.0,7.37,2.458,0.0,0.0,4.520386945122502
,5356,2026-04-09,11:00:00,767.0,7.72,108.0,7.4,2.458,0.0,0.0,4.520386945122502
,5357,2026-04-09,12:00:00,722.0,7.68,110.0,7.49,2.458,0.0,0.0,4.520386945122502
,5358,2026-04-09,13:00:00,739.0,7.74,107.0,7.52,2.415,0.0,0.0,4.025764895330113
,5359,2026-04-09,14:00:00,712.0,7.69,116.0,7.46,2.415,0.0,0.0,4.025764895330113
,5360,2026-04-09,15:00:00,724.0,7.71,103.0,7.78,2.373,0.0,0.0,4.097017371353655
,5361,2026-04-09,16:00:00,729.0,7.74,116.0,7.42,2.373,0.0,0.0,4.097017371353655
,5362,2026-04-09,17:00:00,734.0,7.69,120.0,7.38,2.373,0.0,0.0,4.097017371353655
,5363,2026-04-09,18:00:00,722.0,7.71,124.0,7.46,2.373,0.0,0.0,4.097017371353655
,5364,2026-04-09,19:00:00,846.0,7.88,110.0,7.68,2.373,0.0,0.0,4.097017371353655
,5365,2026-04-09,20:00:00,842.0,7.85,108.0,7.7,2.373,0.0,0.0,4.097017371353655
,5366,2026-04-09,21:00:00,838.0,7.82,97.0,7.61,2.331,0.0,0.0,4.170837504170837
,5367,2026-04-09,22:00:00,830.0,7.8,95.0,7.66,2.331,0.0,0.0,4.170837504170837
,5368,2026-04-09,23:00:00,828.0,7.81,92.0,7.62,2.331,0.0,0.0,3.81333714667048
,5369,2026-04-09,00:00:00,826.0,7.78,94.0,7.56,2.289,0.0,0.0,3.8833066356002135
,5370,2026-04-09,01:00:00,822.0,7.77,104.0,7.48,2.289,0.0,0.0,3.8833066356002135
,5371,2026-04-09,02:00:00,818.0,7.69,108.0,7.52,2.289,0.0,0.0,3.8833066356002135
,5372,2026-04-09,03:00:00,823.0,7.81,111.0,7.58,2.289,0.0,0.0,3.8833066356002135
,5373,2026-04-09,04:00:00,796.0,8.11,103.0,7.78,2.289,0.0,0.0,3.8833066356002135
,5374,2026-04-09,05:00:00,742.0,8.2,92.0,7.93,2.289,0.0,0.0,3.6405999708751997
,5375,2026-04-09,06:00:00,740.0,8.17,88.0,7.95,2.289,0.0,0.0,3.6405999708751997
,5376,2026-04-10,06:30:00,717.0,7.69,85.0,7.98,2.248,0.0,0.0,0.0
,5377,2026-04-10,07:00:00,714.0,7.65,87.0,7.9,2.248,0.0,0.0,3.7069988137603795
,5378,2026-04-10,08:00:00,710.0,7.72,84.0,7.05,2.248,0.0,0.0,3.7069988137603795
,5379,2026-04-10,09:00:00,708.0,7.7,79.0,7.11,2.248,0.0,0.0,3.089165678133649
,5380,2026-04-10,10:00:00,682.0,7.66,75.0,7.18,2.248,0.0,0.0,3.089165678133649
,5381,2026-04-10,11:00:00,627.0,7.74,79.0,7.48,2.207,0.0,0.0,3.1465538941750997
,5382,2026-04-10,12:00:00,535.0,7.71,82.0,7.66,2.207,0.0,0.0,3.1465538941750997
,5383,2026-04-10,13:00:00,568.0,7.82,77.0,7.6,2.207,0.0,0.0,3.1465538941750997
,5384,2026-04-10,14:00:00,552.0,7.68,86.0,7.53,2.207,0.0,0.0,3.1465538941750997
,5385,2026-04-10,15:00:00,571.0,7.74,82.0,7.57,2.166,0.0,0.0,3.2061147019595775
,5386,2026-04-10,16:00:00,563.0,7.67,80.0,7.51,2.126,0.0,0.0,3.266436709522316
,5387,2026-04-10,17:00:00,550.0,7.78,83.0,7.42,2.086,0.0,0.0,3.32907212101843
,5388,2026-04-10,18:00:00,546.0,8.08,86.0,7.43,2.046,0.0,0.0,3.3941566199630717
,5389,2026-04-10,19:00:00,525.0,8.12,87.0,7.48,2.006,0.0,0.0,3.4618367120859643
,5390,2026-04-10,20:00:00,596.0,8.1,93.0,7.42,1.929,0.0,0.0,3.6000230401474567
,5391,2026-04-10,21:00:00,582.0,8.15,86.0,7.45,1.852,0.0,0.0,3.74970002399808
,5392,2026-04-10,22:00:00,596.0,8.09,93.0,7.48,1.814,0.0,0.0,3.0625995344848707
,5393,2026-04-10,23:00:00,590.0,8.03,97.0,7.55,1.777,0.0,0.0,3.126367785906334
,5394,2026-04-10,00:00:00,607.0,7.97,99.0,7.52,1.74,0.0,0.0,3.192848020434227
,5395,2026-04-10,01:00:00,593.0,7.95,96.0,7.6,1.74,0.0,0.0,3.192848020434227
,5396,2026-04-10,02:00:00,590.0,7.98,100.0,7.53,1.74,0.0,0.0,3.192848020434227
,5397,2026-04-10,03:00:00,587.0,7.92,97.0,7.5,1.74,0.0,0.0,3.192848020434227
,5398,2026-04-10,04:00:00,582.0,7.87,91.0,7.55,1.74,0.0,0.0,2.3946360153256707
,5399,2026-04-10,05:00:00,570.0,7.8,88.0,7.51,1.74,0.0,0.0,2.3946360153256707
,5400,2026-04-10,06:00:00,579.0,7.83,93.0,7.57,1.74,0.0,0.0,2.3946360153256707
,5401,2026-04-11,06:30:00,548.0,7.78,81.0,7.57,1.74,0.0,0.0,0.0
,5402,2026-04-11,07:00:00,587.0,7.73,83.0,7.6,1.74,0.0,0.0,2.3946360153256707
,5403,2026-04-11,08:00:00,581.0,7.82,87.0,7.51,1.74,0.0,0.0,2.3946360153256707
,5404,2026-04-11,09:00:00,577.0,7.8,79.0,7.53,1.74,0.0,0.0,2.3946360153256707
,5405,2026-04-11,10:00:00,562.0,7.84,86.0,7.47,1.703,0.0,0.0,2.4466627520062634
,5406,2026-04-11,11:00:00,546.0,7.82,84.0,7.51,1.703,0.0,0.0,2.4466627520062634
,5407,2026-04-11,12:00:00,533.0,7.71,82.0,7.35,1.703,0.0,0.0,2.4466627520062634
,5408,2026-04-11,13:00:00,538.0,7.76,78.0,7.55,1.703,0.0,0.0,2.4466627520062634
,5409,2026-04-11,14:00:00,526.0,7.74,84.0,7.48,1.703,0.0,0.0,2.4466627520062634
,5410,2026-04-11,15:00:00,501.0,7.8,81.0,7.33,1.703,0.0,0.0,2.4466627520062634
,5411,2026-04-11,16:00:00,510.0,7.86,77.0,7.41,1.703,0.0,0.0,2.4466627520062634
,5412,2026-04-11,17:00:00,489.0,7.83,90.0,7.42,1.703,0.0,0.0,2.4466627520062634
,5413,2026-04-11,18:00:00,474.0,7.76,93.0,7.46,1.703,0.0,0.0,2.4466627520062634
,5414,2026-04-11,19:00:00,484.0,7.83,87.0,7.55,1.703,0.0,0.0,2.4466627520062634
,5415,2026-04-11,20:00:00,479.0,7.85,90.0,7.58,1.703,0.0,0.0,2.4466627520062634
,5416,2026-04-11,21:00:00,481.0,7.8,96.0,7.61,1.703,0.0,0.0,2.4466627520062634
,5417,2026-04-11,22:00:00,473.0,7.86,94.0,7.72,1.703,0.0,0.0,2.4466627520062634
,5418,2026-04-11,23:00:00,465.0,7.81,98.0,7.81,1.703,0.0,0.0,2.4466627520062634
,5419,2026-04-11,00:00:00,458.0,7.84,96.0,7.87,1.667,0.0,0.0,2.16623341998267
,5420,2026-04-11,01:00:00,437.0,7.8,90.0,7.8,1.667,0.0,0.0,2.16623341998267
,5421,2026-04-11,02:00:00,442.0,7.77,97.0,7.82,1.667,0.0,0.0,2.16623341998267
,5422,2026-04-11,03:00:00,440.0,7.82,95.0,7.79,1.667,0.0,0.0,2.16623341998267
,5423,2026-04-11,04:00:00,449.0,7.73,94.0,7.76,1.667,0.0,0.0,2.16623341998267
,5424,2026-04-11,05:00:00,457.0,7.65,91.0,7.8,1.667,0.0,0.0,2.16623341998267
,5425,2026-04-11,06:00:00,452.0,7.6,90.0,7.73,1.667,0.0,0.0,2.16623341998267
,5426,2026-04-12,06:30:00,440.0,7.75,90.0,7.57,1.667,0.0,0.0,0.0
,5427,2026-04-12,07:00:00,437.0,7.72,94.0,7.55,1.667,0.0,0.0,2.16623341998267
,5428,2026-04-12,08:00:00,431.0,7.68,89.0,7.52,1.667,0.0,0.0,2.16623341998267
,5429,2026-04-12,09:00:00,426.0,7.74,85.0,7.61,1.631,0.0,0.0,2.2140472784249607
,5430,2026-04-12,10:00:00,438.0,7.65,81.0,7.58,1.631,0.0,0.0,2.2140472784249607
,5431,2026-04-12,11:00:00,433.0,7.59,86.0,7.64,1.631,0.0,0.0,2.2140472784249607
,5432,2026-04-12,12:00:00,426.0,7.54,88.0,7.65,1.631,0.0,0.0,2.2140472784249607
,5433,2026-04-12,13:00:00,451.0,7.62,92.0,7.61,1.631,0.0,0.0,2.2140472784249607
,5434,2026-04-12,14:00:00,448.0,7.68,86.0,7.58,1.631,0.0,0.0,2.2140472784249607
,5435,2026-04-12,15:00:00,436.0,7.65,89.0,7.63,1.631,0.0,0.0,2.2140472784249607
,5436,2026-04-12,16:00:00,441.0,7.7,84.0,7.59,1.595,0.0,0.0,2.264019505398816
,5437,2026-04-12,17:00:00,397.0,7.81,87.0,7.66,1.595,0.0,0.0,2.264019505398816
,5438,2026-04-12,18:00:00,332.0,7.84,95.0,7.73,1.595,0.0,0.0,2.264019505398816
,5439,2026-04-12,19:00:00,368.0,7.92,88.0,7.79,1.595,0.0,0.0,1.7415534656913967
,5440,2026-04-12,20:00:00,373.0,7.96,94.0,7.83,1.595,0.0,0.0,1.7415534656913967
,5441,2026-04-12,21:00:00,418.0,7.91,83.0,7.76,1.74,0.0,0.0,2.3946360153256707
,5442,2026-04-12,22:00:00,392.0,7.88,87.0,7.82,1.814,0.0,0.0,2.296949650863653
,5443,2026-04-12,23:00:00,377.0,7.92,81.0,7.85,1.929,0.0,0.0,2.160013824088474
,5444,2026-04-12,00:00:00,358.0,7.86,84.0,7.87,2.006,0.0,0.0,2.0771020272515788
,5445,2026-04-12,01:00:00,347.0,7.83,90.0,7.92,2.086,0.0,0.0,1.9974432726110578
,5446,2026-04-12,02:00:00,355.0,7.88,86.0,7.89,2.126,0.0,0.0,1.9598620257133899
,5447,2026-04-12,03:00:00,362.0,7.82,89.0,7.86,2.126,0.0,0.0,1.9598620257133899
,5448,2026-04-12,04:00:00,360.0,7.87,87.0,7.92,2.126,0.0,0.0,1.9598620257133899
,5449,2026-04-12,05:00:00,363.0,7.84,81.0,7.99,2.126,0.0,0.0,1.9598620257133899
,5450,2026-04-12,06:00:00,369.0,7.88,92.0,7.93,2.126,0.0,0.0,1.9598620257133899
,5451,2026-04-13,06:30:00,546.0,7.91,88.0,7.96,2.166,0.0,0.0,0.0
,5452,2026-04-13,07:00:00,560.0,7.98,90.0,7.98,2.166,0.0,0.0,2.564891761567662
,5453,2026-04-13,08:00:00,544.0,7.96,93.0,8.02,2.166,0.0,0.0,2.564891761567662
,5454,2026-04-13,09:00:00,538.0,8.01,86.0,8.36,2.166,0.0,0.0,1.9236688211757464
,5455,2026-04-13,10:00:00,533.0,8.05,95.0,8.2,2.126,0.0,0.0,1.9598620257133899
,5456,2026-04-13,11:00:00,490.0,7.88,86.0,8.13,2.126,0.0,0.0,1.9598620257133899
,5457,2026-04-13,12:00:00,447.0,7.68,80.0,8.04,2.126,0.0,0.0,1.9598620257133899
,5458,2026-04-13,13:00:00,438.0,7.72,84.0,8.13,2.126,0.0,0.0,1.9598620257133899
,5459,2026-04-13,14:00:00,422.0,7.76,87.0,8.09,2.086,0.0,0.0,1.9974432726110578
,5460,2026-04-13,15:00:00,414.0,7.74,85.0,8.08,2.046,0.0,0.0,2.036493971977843
,5461,2026-04-13,16:00:00,406.0,7.76,77.0,8.12,2.046,0.0,0.0,1.7649614423807973
,5462,2026-04-13,17:00:00,393.0,7.79,72.0,8.1,2.006,0.0,0.0,1.8001550902847017
,5463,2026-04-13,18:00:00,388.0,7.84,75.0,8.14,2.006,0.0,0.0,1.8001550902847017
,5464,2026-04-13,19:00:00,469.0,7.71,82.0,8.15,2.006,0.0,0.0,1.8001550902847017
,5465,2026-04-13,20:00:00,454.0,7.74,85.0,8.13,2.006,0.0,0.0,1.8001550902847017
,5466,2026-04-13,21:00:00,451.0,7.8,91.0,8.11,2.006,0.0,0.0,1.8001550902847017
,5467,2026-04-13,22:00:00,460.0,7.77,95.0,8.07,1.967,0.0,0.0,1.8358470315765687
,5468,2026-04-13,23:00:00,468.0,7.81,92.0,8.1,1.929,0.0,0.0,1.8720119808766775
,5469,2026-04-13,00:00:00,475.0,7.83,98.0,8.12,1.89,0.0,0.0,1.9106407995296886
,5470,2026-04-13,01:00:00,471.0,7.88,93.0,8.09,1.89,0.0,0.0,1.9106407995296886
,5471,2026-04-13,02:00:00,466.0,7.91,88.0,8.16,1.852,0.0,0.0,1.9498440124790015
,5472,2026-04-13,03:00:00,451.0,7.86,97.0,8.12,1.852,0.0,0.0,1.9498440124790015
,5473,2026-04-13,04:00:00,458.0,7.92,96.0,8.09,1.814,0.0,0.0,1.9906896974151658
,5474,2026-04-13,05:00:00,450.0,7.81,89.0,8.13,1.814,0.0,0.0,1.9906896974151658
,5475,2026-04-13,06:00:00,449.0,7.99,90.0,8.11,1.777,0.0,0.0,2.032139060839117
,5476,2026-04-14,06:30:00,424.0,7.91,70.0,8.09,1.777,0.0,0.0,0.0
,5477,2026-04-14,07:00:00,418.0,7.95,76.0,8.11,1.777,0.0,0.0,2.032139060839117
,5478,2026-04-14,08:00:00,410.0,7.98,105.0,7.51,1.777,0.0,0.0,2.032139060839117
,5479,2026-04-14,09:00:00,408.0,7.94,97.0,8.04,1.74,0.0,0.0,1.5964240102171134
,5480,2026-04-14,10:00:00,402.0,8,89.0,8.01,1.703,0.0,0.0,1.6311085013375088
,5481,2026-04-14,11:00:00,396.0,8.02,82.0,8.02,1.667,0.0,0.0,1.6663333999866692
,5482,2026-04-14,12:00:00,355.0,8.05,76.0,8.09,1.631,0.0,0.0,1.7031132910961237
,5483,2026-04-14,13:00:00,346.0,8.03,78.0,8.05,1.631,0.0,0.0,1.7031132910961237
,5484,2026-04-14,14:00:00,340.0,8.04,86.0,8.03,1.631,0.0,0.0,1.7031132910961237
,5485,2026-04-14,15:00:00,334.0,8.08,90.0,8.07,1.631,0.0,0.0,1.7031132910961237
,5486,2026-04-14,16:00:00,330.0,7.95,96.0,8.0,1.703,0.0,0.0,1.6311085013375088
,5487,2026-04-14,17:00:00,316.0,7.77,101.0,7.97,1.777,0.0,0.0,1.563183892953167
,5488,2026-04-14,18:00:00,322.0,7.8,110.0,7.95,1.967,0.0,0.0,1.4121900242896683
,5489,2026-04-14,19:00:00,262.0,7.89,102.0,8.02,1.967,0.0,0.0,0.0
,5490,2026-04-14,20:00:00,274.0,7.85,107.0,8.0,1.967,0.0,0.0,0.0
,5491,2026-04-14,21:00:00,279.0,7.92,118.0,7.98,2.006,0.0,0.0,0.0
,5492,2026-04-14,22:00:00,281.0,7.88,113.0,7.96,1.967,0.0,0.0,0.0
,5493,2026-04-14,23:00:00,297.0,7.9,124.0,8.01,1.929,0.0,0.0,0.0
,5494,2026-04-14,00:00:00,333.0,7.89,122.0,8.09,1.89,0.0,0.0,1.4697236919459142
,5495,2026-04-14,01:00:00,327.0,7.96,128.0,8.02,1.852,0.0,0.0,1.4998800095992317
,5496,2026-04-14,02:00:00,342.0,7.94,136.0,8.06,1.852,0.0,0.0,1.4998800095992317
,5497,2026-04-14,03:00:00,338.0,7.91,142.0,8.1,1.852,0.0,0.0,1.4998800095992317
,5498,2026-04-14,04:00:00,346.0,7.98,139.0,8.14,1.852,0.0,0.0,1.4998800095992317
,5499,2026-04-14,05:00:00,372.0,7.96,148.0,7.82,1.814,0.0,0.0,1.5312997672424353
,5500,2026-04-14,06:00:00,434.0,8,164.0,7.79,1.814,0.0,0.0,1.9906896974151658
,5501,2026-04-15,06:30:00,377.0,7.95,128.0,8.01,1.814,0.0,0.0,0.0
,5502,2026-04-15,07:00:00,372.0,7.98,133.0,8.03,1.814,0.0,0.0,1.9906896974151658
,5503,2026-04-15,08:00:00,368.0,7.96,170.0,7.67,1.814,0.0,0.0,1.9906896974151658
,5504,2026-04-15,09:00:00,360.0,8,173.0,7.72,1.777,0.0,0.0,2.032139060839117
,5505,2026-04-15,10:00:00,358.0,8.02,166.0,7.92,1.777,0.0,0.0,2.032139060839117
,5506,2026-04-15,11:00:00,361.0,8.04,177.0,8.05,1.777,0.0,0.0,2.032139060839117
,5507,2026-04-15,12:00:00,359.0,7.95,183.0,8.14,1.777,0.0,0.0,2.032139060839117
,5508,2026-04-15,13:00:00,363.0,8.01,185.0,8.1,1.852,0.0,0.0,1.9498440124790015
,5509,2026-04-15,14:00:00,366.0,7.99,182.0,8.06,1.89,0.0,0.0,1.9106407995296886
,5510,2026-04-15,15:00:00,372.0,7.94,178.0,8.08,1.89,0.0,0.0,1.9106407995296886
,5511,2026-04-15,16:00:00,383.0,8,182.0,8.07,1.929,0.0,0.0,1.8720119808766775
,5512,2026-04-15,17:00:00,386.0,8.02,186.0,8.05,1.967,0.0,0.0,1.8358470315765687
,5513,2026-04-15,18:00:00,390.0,8.05,184.0,8.03,1.967,0.0,0.0,1.8358470315765687
,5514,2026-04-15,19:00:00,364.0,7.9,186.0,8.1,1.967,0.0,0.0,1.8358470315765687
,5515,2026-04-15,20:00:00,371.0,7.97,179.0,8.03,1.967,0.0,0.0,1.8358470315765687
,5516,2026-04-15,21:00:00,379.0,7.95,177.0,8.01,1.967,0.0,0.0,1.8358470315765687
,5517,2026-04-15,22:00:00,366.0,7.99,180.0,8.06,1.929,0.0,0.0,1.8720119808766775
,5518,2026-04-15,23:00:00,362.0,7.95,168.0,8.03,1.929,0.0,0.0,1.8720119808766775
,5519,2026-04-15,00:00:00,368.0,7.99,150.0,8.07,1.89,0.0,0.0,1.9106407995296886
,5520,2026-04-15,01:00:00,364.0,7.92,153.0,8.11,1.89,0.0,0.0,1.9106407995296886
,5521,2026-04-15,02:00:00,358.0,7.88,157.0,8.08,1.89,0.0,0.0,1.9106407995296886
,5522,2026-04-15,03:00:00,354.0,7.9,164.0,8.04,1.89,0.0,0.0,1.9106407995296886
,5523,2026-04-15,04:00:00,346.0,7.98,139.0,8.14,1.852,0.0,0.0,1.9498440124790015
,5524,2026-04-15,05:00:00,351.0,7.93,141.0,7.97,1.852,0.0,0.0,1.9498440124790015
,5525,2026-04-15,06:00:00,360.0,8,152.0,7.8,1.814,0.0,0.0,1.9906896974151658
,5526,2026-04-16,06:30:00,313.0,7.96,159.0,7.9,1.777,0.0,0.0,0.0
,5527,2026-04-16,07:00:00,320.0,7.91,150.0,7.93,1.777,0.0,0.0,1.563183892953167
,5528,2026-04-16,08:00:00,310.0,7.93,143.0,7.98,1.74,0.0,0.0,1.5964240102171134
,5529,2026-04-16,09:00:00,335.0,7.98,151.0,7.37,1.74,0.0,0.0,1.5964240102171134
,5530,2026-04-16,10:00:00,319.0,7.86,127.0,7.65,1.74,0.0,0.0,0.9578544061302683
,5531,2026-04-16,11:00:00,309.0,7.73,108.0,7.78,1.74,0.0,0.0,0.9578544061302683
,5532,2026-04-16,12:00:00,,,,,,,,
,5533,2026-04-16,13:00:00,,,,,,,,
,5534,2026-04-16,14:00:00,,,,,,,,
,5535,2026-04-16,15:00:00,,,,,,,,
,5536,2026-04-16,16:00:00,,,,,,,,
,5537,2026-04-16,17:00:00,,,,,,,,
,5538,2026-04-16,18:00:00,,,,,,,,
,5539,2026-04-16,19:00:00,,,,,,,,
,5540,2026-04-16,20:00:00,,,,,,,,
,5541,2026-04-16,21:00:00,,,,,,,,
,5542,2026-04-16,22:00:00,,,,,,,,
,5543,2026-04-16,23:00:00,,,,,,,,
,5544,2026-04-16,00:00:00,,,,,,,,
,5545,2026-04-16,01:00:00,,,,,,,,
,5546,2026-04-16,02:00:00,,,,,,,,
,5547,2026-04-16,03:00:00,,,,,,,,
,5548,2026-04-16,04:00:00,,,,,,,,
,5549,2026-04-16,05:00:00,,,,,,,,
,5550,2026-04-16,06:00:00,,,,,,,,
,5551,2026-04-19,06:30:00,,,,,,,,
,5552,2026-04-19,07:00:00,,,,,,,,
,5553,2026-04-19,08:00:00,303.0,7.95,181.0,7.86,1.595,0.0,0.0,1.044932079414838
,5554,2026-04-19,09:00:00,310.0,7.91,177.0,7.9,1.595,0.0,0.0,1.044932079414838
,5555,2026-04-19,10:00:00,307.0,7.87,183.0,7.81,1.595,0.0,0.0,1.044932079414838
,5556,2026-04-19,11:00:00,296.0,8.09,185.0,7.94,1.595,0.0,0.0,1.044932079414838
,5557,2026-04-19,12:00:00,281.0,8.3,188.0,8.08,1.595,0.0,0.0,1.044932079414838
,5558,2026-04-19,13:00:00,292.0,7.91,192.0,7.93,1.667,0.0,0.0,0.9998000399920016
,5559,2026-04-19,14:00:00,318.0,8.2,195.0,7.99,1.777,0.0,0.0,0.9379103357719002
,5560,2026-04-19,15:00:00,330.0,8.15,213.0,7.97,1.852,0.0,0.0,0.8999280057595392
,5561,2026-04-19,16:00:00,327.0,8.12,210.0,8.09,1.89,0.0,0.0,0.8818342151675486
,5562,2026-04-19,17:00:00,344.0,8.08,207.0,8.21,1.929,0.0,0.0,0.8640055296353897
,5563,2026-04-19,18:00:00,358.0,8.1,210.0,8.3,1.967,0.0,0.0,0.8473140145738011
,5564,2026-04-19,19:00:00,356.0,8.15,217.0,8.2,1.967,0.0,0.0,0.8473140145738011
,5565,2026-04-19,20:00:00,393.0,8.18,206.0,8.13,1.967,0.0,0.0,1.4121900242896683
,5566,2026-04-19,21:00:00,430.0,8.11,212.0,8.16,1.967,0.0,0.0,1.4121900242896683
,5567,2026-04-19,22:00:00,439.0,8.09,203.0,8.13,1.967,0.0,0.0,1.4121900242896683
,5568,2026-04-19,23:00:00,450.0,8.04,189.0,8.15,1.967,0.0,0.0,1.4121900242896683
,5569,2026-04-19,00:00:00,445.0,8.06,161.0,8.1,1.967,0.0,0.0,1.4121900242896683
,5570,2026-04-19,01:00:00,440.0,8.02,173.0,8.03,1.967,0.0,0.0,1.4121900242896683
,5571,2026-04-19,02:00:00,431.0,7.96,169.0,8.08,1.967,0.0,0.0,1.4121900242896683
,5572,2026-04-19,03:00:00,437.0,8.03,175.0,8.01,1.967,0.0,0.0,1.4121900242896683
,5573,2026-04-19,04:00:00,439.0,8.05,164.0,8.05,1.967,0.0,0.0,1.4121900242896683
,5574,2026-04-19,05:00:00,433.0,8.08,159.0,8.03,1.967,0.0,0.0,1.4121900242896683
,5575,2026-04-19,06:00:00,441.0,8,152.0,8.06,1.967,0.0,0.0,1.4121900242896683
,5576,2026-04-20,06:30:00,476.0,7.92,171.0,8.02,2.046,0.0,0.0,0.0
,5577,2026-04-20,07:00:00,468.0,7.9,167.0,8.05,2.046,0.0,0.0,1.3576626479852287
,5578,2026-04-20,08:00:00,471.0,7.95,177.0,8.09,2.046,0.0,0.0,1.3576626479852287
,5579,2026-04-20,09:00:00,458.0,8,154.0,7.76,2.046,0.0,0.0,1.3576626479852287
,5580,2026-04-20,10:00:00,455.0,7.93,158.0,7.84,2.046,0.0,0.0,1.3576626479852287
,5581,2026-04-20,11:00:00,450.0,7.99,176.0,7.98,2.046,0.0,0.0,1.3576626479852287
,5582,2026-04-20,12:00:00,415.0,7.95,191.0,8.22,2.046,0.0,0.0,1.3576626479852287
,5583,2026-04-20,13:00:00,417.0,8.01,186.0,8.2,2.046,0.0,0.0,1.3576626479852287
,5584,2026-04-20,14:00:00,423.0,7.96,188.0,8.17,2.046,0.0,0.0,1.3576626479852287
,5585,2026-04-20,15:00:00,414.0,7.89,175.0,8.11,2.046,0.0,0.0,1.3576626479852287
,5586,2026-04-20,16:00:00,403.0,8.04,180.0,8.15,2.046,0.0,0.0,1.3576626479852287
,5587,2026-04-20,17:00:00,410.0,8.08,169.0,8.21,2.006,0.0,0.0,1.3847346848343858
,5588,2026-04-20,18:00:00,407.0,8.13,145.0,8.28,2.006,0.0,0.0,1.3847346848343858
,5589,2026-04-20,19:00:00,377.0,8.11,163.0,8.21,1.967,0.0,0.0,1.4121900242896683
,5590,2026-04-20,20:00:00,370.0,8.15,156.0,8.19,1.89,0.0,0.0,1.4697236919459142
,5591,2026-04-20,21:00:00,365.0,8.18,151.0,8.23,1.814,0.0,0.0,1.2250398137939482
,5592,2026-04-20,22:00:00,355.0,8.16,142.0,8.2,1.74,0.0,0.0,1.2771392081736908
,5593,2026-04-20,23:00:00,364.0,8.18,137.0,8.24,1.74,0.0,0.0,1.2771392081736908
,5594,2026-04-20,00:00:00,372.0,8.1,124.0,8.27,1.74,0.0,0.0,1.2771392081736908
,5595,2026-04-20,01:00:00,366.0,8.07,129.0,8.21,1.74,0.0,0.0,1.2771392081736908
,5596,2026-04-20,02:00:00,363.0,8.12,127.0,8.19,1.74,0.0,0.0,1.2771392081736908
,5597,2026-04-20,03:00:00,357.0,8.15,130.0,8.23,1.74,0.0,0.0,1.2771392081736908
,5598,2026-04-20,04:00:00,346.0,8.18,142.0,8.22,1.74,0.0,0.0,1.2771392081736908
,5599,2026-04-20,05:00:00,340.0,8.12,157.0,8.24,1.74,0.0,0.0,1.2771392081736908
,5600,2026-04-20,06:00:00,351.0,8.14,151.0,8.2,1.74,0.0,0.0,1.2771392081736908
,5601,2026-04-21,06:30:00,340.0,8.11,154.0,8.2,1.667,0.0,0.0,0.0
,5602,2026-04-21,07:00:00,354.0,8.09,164.0,8.17,1.667,0.0,0.0,1.3330667199893353
,5603,2026-04-21,08:00:00,350.0,8.06,163.0,7.68,1.667,0.0,0.0,0.8331666999933346
,5604,2026-04-21,09:00:00,348.0,8.12,160.0,7.74,1.667,0.0,0.0,0.8331666999933346
,5605,2026-04-21,10:00:00,342.0,8.07,157.0,7.83,1.667,0.0,0.0,0.8331666999933346
,5606,2026-04-21,11:00:00,337.0,8.1,152.0,8.15,1.631,0.0,0.0,0.8515566455480619
,5607,2026-04-21,12:00:00,313.0,8.07,148.0,8.19,1.631,0.0,0.0,0.8515566455480619
,5608,2026-04-21,13:00:00,328.0,8.09,136.0,8.12,1.595,0.0,0.0,0.8707767328456983
,5609,2026-04-21,14:00:00,321.0,8.06,140.0,8.15,1.595,0.0,0.0,0.8707767328456983
,5610,2026-04-21,15:00:00,324.0,8.02,133.0,8.11,1.595,0.0,0.0,0.8707767328456983
,5611,2026-04-21,16:00:00,319.0,8.1,136.0,8.16,1.595,0.0,0.0,0.8707767328456983
,5612,2026-04-21,17:00:00,305.0,8.16,148.0,8.26,1.595,0.0,0.0,0.8707767328456983
,5613,2026-04-21,18:00:00,300.0,8.21,143.0,8.32,1.595,0.0,0.0,0.8707767328456983
,5614,2026-04-21,19:00:00,,,,,,,,
,5615,2026-04-21,20:00:00,,,,,,,,
,5616,2026-04-21,21:00:00,,,,,,,,
,5617,2026-04-21,22:00:00,,,,,,,,
,5618,2026-04-21,23:00:00,,,,,,,,
,5619,2026-04-21,00:00:00,,,,,,,,
,5620,2026-04-21,01:00:00,,,,,,,,
,5621,2026-04-21,02:00:00,,,,,,,,
,5622,2026-04-21,03:00:00,,,,,,,,
,5623,2026-04-21,04:00:00,,,,,,,,
,5624,2026-04-21,05:00:00,,,,,,,,
,5625,2026-04-21,06:00:00,,,,,,,,
,5626,2026-04-22,06:30:00,235.0,8.08,171.0,8.16,1.49,0.0,0.0,0.0
,5627,2026-04-22,07:00:00,233.0,8.11,179.0,8.18,1.49,0.0,0.0,0.0
,5628,2026-04-22,08:00:00,230.0,8.13,195.0,7.92,1.49,0.0,0.0,0.0
,5629,2026-04-22,09:00:00,229.0,8.15,193.0,7.88,1.49,0.0,0.0,0.0
,5630,2026-04-22,10:00:00,224.0,8.12,188.0,7.93,1.49,0.0,0.0,0.0
,5631,2026-04-22,11:00:00,221.0,8.1,190.0,7.9,1.49,0.0,0.0,0.0
,5632,2026-04-22,12:00:00,218.0,8.21,187.0,7.98,1.49,0.0,0.0,0.0
,5633,2026-04-22,13:00:00,220.0,8.17,189.0,7.96,1.49,0.0,0.0,0.0
,5634,2026-04-22,14:00:00,315.0,8.14,192.0,8.02,1.525,0.0,0.0,1.4571948998178508
,5635,2026-04-22,15:00:00,322.0,8.12,220.0,8.06,1.703,0.0,0.0,1.304886801070007
,5636,2026-04-22,16:00:00,316.0,8.09,193.0,8.17,1.967,0.0,0.0,1.1297520194317345
,5637,2026-04-22,17:00:00,318.0,8.06,184.0,8.21,2.331,0.0,0.0,0.95333428666762
,5638,2026-04-22,18:00:00,310.0,8.14,191.0,8.18,2.373,0.0,0.0,0.9364611134522638
,5639,2026-04-22,19:00:00,305.0,8.09,199.0,8.26,2.373,0.0,0.0,0.9364611134522638
,5640,2026-04-22,20:00:00,312.0,8.11,224.0,8.22,2.458,0.0,0.0,0.9040773890245004
,5641,2026-04-22,21:00:00,396.0,8.07,238.0,8.24,2.248,0.0,0.0,0.9885330170027677
,5642,2026-04-22,22:00:00,458.0,8.12,231.0,8.19,2.166,0.0,0.0,1.282445880783831
,5643,2026-04-22,23:00:00,519.0,8.08,227.0,8.13,2.086,0.0,0.0,1.9974432726110578
,5644,2026-04-22,00:00:00,574.0,8.15,234.0,8.01,2.046,0.0,0.0,2.036493971977843
,5645,2026-04-22,01:00:00,617.0,8.05,225.0,8.09,2.006,0.0,0.0,2.492522432701895
,5646,2026-04-22,02:00:00,610.0,8.01,219.0,8.11,1.967,0.0,0.0,2.541942043721403
,5647,2026-04-22,03:00:00,604.0,8.04,213.0,8.06,1.929,0.0,0.0,2.592016588906169
,5648,2026-04-22,04:00:00,610.0,7.93,172.0,7.9,1.929,0.0,0.0,2.592016588906169
,5649,2026-04-22,05:00:00,615.0,7.87,168.0,7.85,1.89,0.0,0.0,2.6455026455026456
,5650,2026-04-22,06:00:00,618.0,7.8,154.0,7.83,1.89,0.0,0.0,2.6455026455026456
,5651,2026-04-23,06:30:00,554.0,7.96,149.0,7.91,1.814,0.0,0.0,0.0
,5652,2026-04-23,07:00:00,597.0,7.88,157.0,7.84,1.814,0.0,0.0,3.0625995344848707
,5653,2026-04-23,08:00:00,438.0,7.84,122.0,7.36,1.814,0.0,0.0,3.0625995344848707
,5654,2026-04-23,09:00:00,425.0,7.92,114.0,7.9,1.814,0.0,0.0,2.7563395810363835
,5655,2026-04-23,10:00:00,420.0,7.89,123.0,7.98,1.814,0.0,0.0,2.7563395810363835
,5656,2026-04-23,11:00:00,358.0,7.82,120.0,8.0,1.777,0.0,0.0,2.8137310073157007
,5657,2026-04-23,12:00:00,425.0,7.81,126.0,8.02,1.777,0.0,0.0,2.3447758394297504
,5658,2026-04-23,13:00:00,431.0,7.88,121.0,8.04,1.777,0.0,0.0,2.3447758394297504
,5659,2026-04-23,14:00:00,397.0,7.96,117.0,8.03,1.74,0.0,0.0,2.3946360153256707
,5660,2026-04-23,15:00:00,384.0,7.87,128.0,7.97,1.74,0.0,0.0,2.3946360153256707
,5661,2026-04-23,16:00:00,350.0,7.99,130.0,8.01,1.703,0.0,0.0,2.4466627520062634
,5662,2026-04-23,17:00:00,318.0,8.05,140.0,8.17,1.703,0.0,0.0,2.4466627520062634
,5663,2026-04-23,18:00:00,322.0,8.02,137.0,8.15,1.667,0.0,0.0,2.4995000999800037
,5664,2026-04-23,19:00:00,333.0,7.94,159.0,8.1,1.667,0.0,0.0,2.4995000999800037
,5665,2026-04-23,20:00:00,337.0,7.98,162.0,8.12,1.667,0.0,0.0,2.4995000999800037
,5666,2026-04-23,21:00:00,341.0,7.87,165.0,8.08,1.667,0.0,0.0,2.4995000999800037
,5667,2026-04-23,22:00:00,332.0,7.9,158.0,8.14,1.667,0.0,0.0,2.4995000999800037
,5668,2026-04-23,23:00:00,330.0,7.99,147.0,8.11,1.631,0.0,0.0,2.5546699366441854
,5669,2026-04-23,00:00:00,329.0,7.95,153.0,8.16,1.631,0.0,0.0,2.5546699366441854
,5670,2026-04-23,01:00:00,332.0,7.9,142.0,8.13,1.631,0.0,0.0,2.5546699366441854
,5671,2026-04-23,02:00:00,324.0,7.96,136.0,8.06,1.631,0.0,0.0,2.5546699366441854
,5672,2026-04-23,03:00:00,326.0,7.88,120.0,8.09,1.631,0.0,0.0,2.5546699366441854
,5673,2026-04-23,04:00:00,328.0,7.91,115.0,8.12,1.595,0.0,0.0,2.6123301985370952
,5674,2026-04-23,05:00:00,332.0,7.8,119.0,8.05,1.595,0.0,0.0,2.6123301985370952
,5675,2026-04-23,06:00:00,338.0,7.66,121.0,7.92,1.595,0.0,0.0,2.6123301985370952
,5676,2026-04-24,06:30:00,316.0,8.01,117.0,8.07,1.56,0.0,0.0,0.0
,5677,2026-04-24,07:00:00,310.0,8.04,108.0,8.04,1.56,0.0,0.0,2.1367521367521367
,5678,2026-04-24,08:00:00,312.0,8.02,100.0,7.81,1.56,0.0,0.0,1.4245014245014243
,5679,2026-04-24,09:00:00,308.0,8,99.0,7.92,1.56,0.0,0.0,1.4245014245014243
,5680,2026-04-24,10:00:00,305.0,8.05,97.0,8.02,1.525,0.0,0.0,1.4571948998178508
,5681,2026-04-24,11:00:00,311.0,8.07,95.0,8.0,1.525,0.0,0.0,1.4571948998178508
,5682,2026-04-24,12:00:00,307.0,8.11,98.0,8.09,1.525,0.0,0.0,1.4571948998178508
,5683,2026-04-24,13:00:00,303.0,8.1,94.0,8.06,1.525,0.0,0.0,1.4571948998178508
,5684,2026-04-24,14:00:00,304.0,8.08,101.0,8.03,1.525,0.0,0.0,1.4571948998178508
,5685,2026-04-24,15:00:00,302.0,8.11,111.0,8.07,1.525,0.0,0.0,1.092896174863388
,5686,2026-04-24,16:00:00,297.0,8.17,107.0,8.11,1.525,0.0,0.0,1.092896174863388
,5687,2026-04-24,17:00:00,294.0,8.22,83.0,8.1,1.525,0.0,0.0,1.092896174863388
,5688,2026-04-24,18:00:00,282.0,8.2,86.0,8.12,1.525,0.0,0.0,1.092896174863388
,5689,2026-04-24,19:00:00,226.0,8.08,90.0,8.18,1.525,0.0,0.0,0.0
,5690,2026-04-24,20:00:00,221.0,8.1,94.0,8.15,1.525,0.0,0.0,0.0
,5691,2026-04-24,21:00:00,214.0,8.06,93.0,8.17,1.525,0.0,0.0,0.0
,5692,2026-04-24,22:00:00,209.0,8.12,96.0,8.2,1.49,0.0,0.0,0.0
,5693,2026-04-24,23:00:00,193.0,8.11,89.0,8.18,1.49,0.0,0.0,0.0
,5694,2026-04-24,00:00:00,178.0,8.13,91.0,8.21,1.49,0.0,0.0,0.0
,5695,2026-04-24,01:00:00,183.0,8.09,87.0,8.23,1.49,0.0,0.0,0.0
,5696,2026-04-24,02:00:00,187.0,8.14,93.0,8.19,1.49,0.0,0.0,0.0
,5697,2026-04-24,03:00:00,179.0,8.12,95.0,8.24,1.49,0.0,0.0,0.0
,5698,2026-04-24,04:00:00,182.0,8.05,93.0,8.26,1.456,0.0,0.0,0.0
,5699,2026-04-24,05:00:00,179.0,8.03,88.0,8.22,1.422,0.0,0.0,0.0
,5700,2026-04-24,06:00:00,176.0,8.07,86.0,8.2,1.388,0.0,0.0,0.0
