No,Date,Time,Inlet TSS (mg/L),Inlet pH,Outlet TSS (mg/L),Outlet pH,Inlet Disch (m3/s),Dosis CL-80 (ppm),Timestamp,Kolom T1,Kolom T2,Kolom T3,Efisiensi_TSS,Delta_pH,Beban_TSS
22,2025-06-01,03:00:00,692.0,7.58,62.0,7.57,2.29,2.4260067928190194,2025-06-01 03:00:00,2.4260067928190194,2.4260067928190194,2.4260067928190194,91.04046242774567,-0.009999999999999787,1584.68
23,2025-06-01,04:00:00,690.0,7.6,64.0,7.61,2.29,2.4260067928190194,2025-06-01 04:00:00,2.4260067928190194,2.4260067928190194,2.4260067928190194,90.72463768115942,0.010000000000000675,1580.1000000000001
24,2025-06-01,05:00:00,681.0,7.63,63.0,7.59,2.29,2.4260067928190194,2025-06-01 05:00:00,2.4260067928190194,2.4260067928190194,2.4260067928190194,90.7488986784141,-0.040000000000000036,1559.49
25,2025-06-01,06:00:00,683.0,7.65,60.0,7.55,2.29,2.4260067928190194,2025-06-01 06:00:00,2.4260067928190194,2.4260067928190194,2.4260067928190194,91.21522693997072,-0.10000000000000053,1564.07
2,2025-06-01,07:00:00,940.0,7.95,227.0,7.91,2.33,4.172627563185503,2025-06-01 07:00:00,2.4260067928190194,2.4260067928190194,2.4260067928190194,75.85106382978724,-0.040000000000000036,2190.2000000000003
3,2025-06-01,08:00:00,937.0,7.92,221.0,7.67,2.29,4.245511887433285,2025-06-01 08:00:00,4.172627563185503,2.4260067928190194,2.4260067928190194,76.41408751334045,-0.25,2145.73
4,2025-06-01,09:00:00,921.0,7.96,209.0,7.69,2.29,3.6390101892285296,2025-06-01 09:00:00,4.245511887433285,4.172627563185503,2.4260067928190194,77.30727470141152,-0.2699999999999996,2109.09
5,2025-06-01,10:00:00,873.0,7.93,192.0,7.71,2.29,3.6390101892285296,2025-06-01 10:00:00,3.6390101892285296,4.245511887433285,4.172627563185503,78.00687285223368,-0.21999999999999975,1999.17
6,2025-06-01,11:00:00,858.0,7.9,173.0,7.78,2.33,2.384358607534573,2025-06-01 11:00:00,3.6390101892285296,3.6390101892285296,4.245511887433285,79.83682983682984,-0.1200000000000001,1999.14
7,2025-06-01,12:00:00,797.0,7.79,160.0,7.86,2.37,2.344116268166901,2025-06-01 12:00:00,2.384358607534573,3.6390101892285296,3.6390101892285296,79.92471769134254,0.07000000000000028,1888.89
8,2025-06-01,13:00:00,765.0,7.83,145.0,7.95,2.42,2.2956841138659323,2025-06-01 13:00:00,2.344116268166901,2.384358607534573,3.6390101892285296,81.04575163398692,0.1200000000000001,1851.3
9,2025-06-01,14:00:00,747.0,7.88,129.0,7.91,2.42,2.2956841138659323,2025-06-01 14:00:00,2.2956841138659323,2.344116268166901,2.384358607534573,82.73092369477911,0.03000000000000025,1807.74
10,2025-06-01,15:00:00,728.0,7.81,117.0,7.85,2.46,2.2583559168925023,2025-06-01 15:00:00,2.2956841138659323,2.2956841138659323,2.344116268166901,83.92857142857143,0.040000000000000036,1790.8799999999999
11,2025-06-01,16:00:00,725.0,7.79,110.0,7.88,2.46,2.2583559168925023,2025-06-01 16:00:00,2.2583559168925023,2.2956841138659323,2.2956841138659323,84.82758620689656,0.08999999999999986,1783.5
12,2025-06-01,17:00:00,759.0,7.8,99.0,7.73,2.46,2.2583559168925023,2025-06-01 17:00:00,2.2583559168925023,2.2583559168925023,2.2956841138659323,86.95652173913044,-0.0699999999999994,1867.1399999999999
13,2025-06-01,18:00:00,774.0,7.88,95.0,7.71,2.46,2.2583559168925023,2025-06-01 18:00:00,2.2583559168925023,2.2583559168925023,2.2583559168925023,87.72609819121448,-0.16999999999999993,1904.04
14,2025-06-01,19:00:00,734.0,7.34,107.0,7.63,2.37,2.344116268166901,2025-06-01 19:00:00,2.2583559168925023,2.2583559168925023,2.2583559168925023,85.42234332425068,0.29000000000000004,1739.5800000000002
15,2025-06-01,20:00:00,741.0,7.3,103.0,7.68,2.37,2.344116268166901,2025-06-01 20:00:00,2.344116268166901,2.2583559168925023,2.2583559168925023,86.09986504723346,0.3799999999999999,1756.17
16,2025-06-01,21:00:00,738.0,7.33,105.0,7.65,2.37,2.344116268166901,2025-06-01 21:00:00,2.344116268166901,2.344116268166901,2.2583559168925023,85.77235772357723,0.3200000000000003,1749.0600000000002
17,2025-06-01,22:00:00,724.0,7.38,89.0,7.67,2.33,2.384358607534573,2025-06-01 22:00:00,2.344116268166901,2.344116268166901,2.344116268166901,87.70718232044199,0.29000000000000004,1686.92
18,2025-06-01,23:00:00,712.0,7.42,73.0,7.62,2.33,2.384358607534573,2025-06-01 23:00:00,2.384358607534573,2.344116268166901,2.344116268166901,89.74719101123596,0.20000000000000018,1658.96
44,2025-06-02,00:00:00,443.0,8.06,80.0,8.01,2.21,1.256913021618904,2025-06-02 00:00:00,2.384358607534573,2.384358607534573,2.344116268166901,81.941309255079,-0.05000000000000071,979.03
45,2025-06-02,01:00:00,450.0,8.1,86.0,8.04,2.21,1.256913021618904,2025-06-02 01:00:00,1.256913021618904,2.384358607534573,2.384358607534573,80.88888888888889,-0.0600000000000005,994.5
46,2025-06-02,02:00:00,456.0,8.17,83.0,8.07,2.21,1.256913021618904,2025-06-02 02:00:00,1.256913021618904,1.256913021618904,2.384358607534573,81.7982456140351,-0.09999999999999964,1007.76
47,2025-06-02,03:00:00,442.0,8.11,81.0,8.09,2.21,1.256913021618904,2025-06-02 03:00:00,1.256913021618904,1.256913021618904,1.256913021618904,81.67420814479638,-0.019999999999999574,976.8199999999999
48,2025-06-02,04:00:00,438.0,8.06,87.0,8.02,2.13,1.3041210224308817,2025-06-02 04:00:00,1.256913021618904,1.256913021618904,1.256913021618904,80.13698630136986,-0.040000000000000924,932.9399999999999
49,2025-06-02,05:00:00,433.0,8.04,89.0,8.05,2.17,1.2800819252432156,2025-06-02 05:00:00,1.3041210224308817,1.256913021618904,1.256913021618904,79.44572748267899,0.010000000000001563,939.61
50,2025-06-02,06:00:00,436.0,8.08,93.0,8.07,2.17,1.2800819252432156,2025-06-02 06:00:00,1.2800819252432156,1.3041210224308817,1.256913021618904,78.6697247706422,-0.009999999999999787,946.12
27,2025-06-02,07:00:00,712.0,7.77,78.0,7.88,2.29,2.4260067928190194,2025-06-02 07:00:00,1.2800819252432156,1.2800819252432156,1.3041210224308817,89.04494382022472,0.11000000000000032,1630.48
28,2025-06-02,08:00:00,618.0,7.68,75.0,7.68,2.29,2.4260067928190194,2025-06-02 08:00:00,2.4260067928190194,1.2800819252432156,1.2800819252432156,87.86407766990291,0.0,1415.22
29,2025-06-02,09:00:00,621.0,7.7,80.0,7.54,2.29,2.4260067928190194,2025-06-02 09:00:00,2.4260067928190194,2.4260067928190194,1.2800819252432156,87.11755233494364,-0.16000000000000014,1422.09
30,2025-06-02,10:00:00,614.0,7.73,79.0,7.59,2.29,1.8195050946142648,2025-06-02 10:00:00,2.4260067928190194,2.4260067928190194,2.4260067928190194,87.13355048859935,-0.14000000000000057,1406.06
31,2025-06-02,11:00:00,606.0,7.69,64.0,7.61,2.29,1.8195050946142648,2025-06-02 11:00:00,1.8195050946142648,2.4260067928190194,2.4260067928190194,89.43894389438944,-0.08000000000000007,1387.74
32,2025-06-02,12:00:00,502.0,7.86,42.0,7.84,2.29,1.455604075691412,2025-06-02 12:00:00,1.8195050946142648,1.8195050946142648,2.4260067928190194,91.63346613545816,-0.020000000000000462,1149.58
33,2025-06-02,13:00:00,498.0,7.8,58.0,7.57,2.29,1.2130033964095095,2025-06-02 13:00:00,1.455604075691412,1.8195050946142648,1.8195050946142648,88.35341365461848,-0.22999999999999954,1140.42
34,2025-06-02,14:00:00,474.0,7.89,67.0,7.71,2.25,1.2345679012345678,2025-06-02 14:00:00,1.2130033964095095,1.455604075691412,1.8195050946142648,85.86497890295358,-0.17999999999999972,1066.5
35,2025-06-02,15:00:00,481.0,7.79,88.0,7.87,2.25,1.2345679012345678,2025-06-02 15:00:00,1.2345679012345678,1.2130033964095095,1.455604075691412,81.70478170478171,0.08000000000000007,1082.25
36,2025-06-02,16:00:00,469.0,7.94,90.0,7.97,2.25,1.2345679012345678,2025-06-02 16:00:00,1.2345679012345678,1.2345679012345678,1.2130033964095095,80.81023454157783,0.02999999999999936,1055.25
37,2025-06-02,17:00:00,476.0,7.96,96.0,7.99,2.25,1.2345679012345678,2025-06-02 17:00:00,1.2345679012345678,1.2345679012345678,1.2345679012345678,79.83193277310924,0.03000000000000025,1071.0
38,2025-06-02,18:00:00,484.0,7.98,88.0,7.94,2.25,1.2345679012345678,2025-06-02 18:00:00,1.2345679012345678,1.2345679012345678,1.2345679012345678,81.81818181818183,-0.040000000000000036,1089.0
39,2025-06-02,19:00:00,480.0,8.27,95.0,7.95,2.21,1.256913021618904,2025-06-02 19:00:00,1.2345679012345678,1.2345679012345678,1.2345679012345678,80.20833333333334,-0.3199999999999994,1060.8
40,2025-06-02,20:00:00,450.0,8.24,93.0,7.91,2.21,1.256913021618904,2025-06-02 20:00:00,1.256913021618904,1.2345679012345678,1.2345679012345678,79.33333333333333,-0.33000000000000007,994.5
41,2025-06-02,21:00:00,459.0,8.19,97.0,7.96,2.21,1.256913021618904,2025-06-02 21:00:00,1.256913021618904,1.256913021618904,1.2345679012345678,78.86710239651417,-0.22999999999999954,1014.39
42,2025-06-02,22:00:00,451.0,8.11,92.0,7.99,2.21,1.256913021618904,2025-06-02 22:00:00,1.256913021618904,1.256913021618904,1.256913021618904,79.6008869179601,-0.11999999999999922,996.71
43,2025-06-02,23:00:00,466.0,8.0,88.0,8.05,2.21,1.256913021618904,2025-06-02 23:00:00,1.256913021618904,1.256913021618904,1.256913021618904,81.11587982832617,0.05000000000000071,1029.86
69,2025-06-03,00:00:00,366.0,8.12,124.0,7.91,2.09,1.063264221158958,2025-06-03 00:00:00,1.256913021618904,1.256913021618904,1.256913021618904,66.12021857923497,-0.20999999999999908,764.9399999999999
70,2025-06-03,01:00:00,375.0,8.15,120.0,8.02,2.09,1.063264221158958,2025-06-03 01:00:00,1.063264221158958,1.256913021618904,1.256913021618904,68.0,-0.13000000000000078,783.75
71,2025-06-03,02:00:00,368.0,8.13,121.0,7.98,2.09,1.063264221158958,2025-06-03 02:00:00,1.063264221158958,1.063264221158958,1.256913021618904,67.11956521739131,-0.15000000000000036,769.1199999999999
72,2025-06-03,03:00:00,366.0,8.17,127.0,7.92,2.05,1.0840108401084012,2025-06-03 03:00:00,1.063264221158958,1.063264221158958,1.063264221158958,65.30054644808743,-0.25,750.3
73,2025-06-03,04:00:00,362.0,8.14,124.0,8.0,2.05,1.0840108401084012,2025-06-03 04:00:00,1.0840108401084012,1.063264221158958,1.063264221158958,65.74585635359117,-0.14000000000000057,742.0999999999999
74,2025-06-03,05:00:00,371.0,8.12,126.0,7.97,2.05,1.0840108401084012,2025-06-03 05:00:00,1.0840108401084012,1.0840108401084012,1.063264221158958,66.0377358490566,-0.14999999999999947,760.55
75,2025-06-03,06:00:00,379.0,8.16,130.0,7.95,2.05,1.0840108401084012,2025-06-03 06:00:00,1.0840108401084012,1.0840108401084012,1.0840108401084012,65.69920844327177,-0.20999999999999996,776.9499999999999
52,2025-06-03,07:00:00,430.0,7.8,98.0,7.9,2.17,1.2800819252432156,2025-06-03 07:00:00,1.0840108401084012,1.0840108401084012,1.0840108401084012,77.20930232558139,0.10000000000000053,933.1
53,2025-06-03,08:00:00,425.0,7.75,126.0,7.56,2.17,1.2800819252432156,2025-06-03 08:00:00,1.2800819252432156,1.0840108401084012,1.0840108401084012,70.35294117647058,-0.1900000000000004,922.25
54,2025-06-03,09:00:00,427.0,7.78,120.0,7.6,2.17,1.2800819252432156,2025-06-03 09:00:00,1.2800819252432156,1.2800819252432156,1.0840108401084012,71.89695550351288,-0.1800000000000006,926.5899999999999
55,2025-06-03,10:00:00,426.0,7.86,117.0,7.64,2.17,1.0240655401945724,2025-06-03 10:00:00,1.2800819252432156,1.2800819252432156,1.2800819252432156,72.53521126760563,-0.22000000000000064,924.42
56,2025-06-03,11:00:00,418.0,7.9,102.0,7.7,2.17,1.0240655401945724,2025-06-03 11:00:00,1.0240655401945724,1.2800819252432156,1.2800819252432156,75.5980861244019,-0.20000000000000018,907.06
57,2025-06-03,12:00:00,420.0,7.85,73.0,7.87,2.17,1.0240655401945724,2025-06-03 12:00:00,1.0240655401945724,1.0240655401945724,1.2800819252432156,82.61904761904762,0.020000000000000462,911.4
58,2025-06-03,13:00:00,436.0,7.81,84.0,7.84,2.17,1.0240655401945724,2025-06-03 13:00:00,1.0240655401945724,1.0240655401945724,1.0240655401945724,80.73394495412845,0.03000000000000025,946.12
59,2025-06-03,14:00:00,418.0,7.79,91.0,7.74,2.17,1.0240655401945724,2025-06-03 14:00:00,1.0240655401945724,1.0240655401945724,1.0240655401945724,78.22966507177034,-0.04999999999999982,907.06
60,2025-06-03,15:00:00,411.0,7.73,94.0,7.66,2.13,1.0432968179447053,2025-06-03 15:00:00,1.0240655401945724,1.0240655401945724,1.0240655401945724,77.12895377128953,-0.07000000000000028,875.43
61,2025-06-03,16:00:00,404.0,7.75,89.0,7.62,2.13,1.0432968179447053,2025-06-03 16:00:00,1.0432968179447053,1.0240655401945724,1.0240655401945724,77.97029702970298,-0.1299999999999999,860.52
62,2025-06-03,17:00:00,397.0,7.7,83.0,7.57,2.13,1.0432968179447053,2025-06-03 17:00:00,1.0432968179447053,1.0432968179447053,1.0240655401945724,79.09319899244332,-0.1299999999999999,845.61
63,2025-06-03,18:00:00,395.0,7.71,85.0,7.6,2.13,1.0432968179447053,2025-06-03 18:00:00,1.0432968179447053,1.0432968179447053,1.0432968179447053,78.48101265822784,-0.11000000000000032,841.3499999999999
64,2025-06-03,19:00:00,327.0,8.15,72.0,7.54,2.09,1.063264221158958,2025-06-03 19:00:00,1.0432968179447053,1.0432968179447053,1.0432968179447053,77.98165137614679,-0.6100000000000003,683.43
65,2025-06-03,20:00:00,332.0,8.11,78.0,7.61,2.09,1.063264221158958,2025-06-03 20:00:00,1.063264221158958,1.0432968179447053,1.0432968179447053,76.50602409638554,-0.4999999999999991,693.88
66,2025-06-03,21:00:00,381.0,7.99,83.0,7.72,2.09,1.063264221158958,2025-06-03 21:00:00,1.063264221158958,1.063264221158958,1.0432968179447053,78.21522309711287,-0.27000000000000046,796.29
67,2025-06-03,22:00:00,377.0,8.08,97.0,7.98,2.09,1.063264221158958,2025-06-03 22:00:00,1.063264221158958,1.063264221158958,1.063264221158958,74.27055702917772,-0.09999999999999964,787.93
68,2025-06-03,23:00:00,369.0,8.1,119.0,7.93,2.09,1.063264221158958,2025-06-03 23:00:00,1.063264221158958,1.063264221158958,1.063264221158958,67.75067750677508,-0.16999999999999993,771.2099999999999
94,2025-06-04,00:00:00,315.0,8.25,115.0,8.2,2.01,0.8291873963515755,2025-06-04 00:00:00,1.063264221158958,1.063264221158958,1.063264221158958,63.49206349206349,-0.05000000000000071,633.15
95,2025-06-04,01:00:00,307.0,8.2,111.0,8.09,2.01,0.8291873963515755,2025-06-04 01:00:00,0.8291873963515755,1.063264221158958,1.063264221158958,63.84364820846905,-0.10999999999999943,617.0699999999999
96,2025-06-04,02:00:00,304.0,8.16,106.0,8.11,2.01,0.8291873963515755,2025-06-04 02:00:00,0.8291873963515755,0.8291873963515755,1.063264221158958,65.13157894736842,-0.05000000000000071,611.04
97,2025-06-04,03:00:00,326.0,8.23,109.0,8.06,2.01,0.8291873963515755,2025-06-04 03:00:00,0.8291873963515755,0.8291873963515755,0.8291873963515755,66.56441717791411,-0.16999999999999993,655.2599999999999
98,2025-06-04,04:00:00,322.0,8.26,112.0,8.15,2.01,0.8291873963515755,2025-06-04 04:00:00,0.8291873963515755,0.8291873963515755,0.8291873963515755,65.21739130434783,-0.10999999999999943,647.2199999999999
99,2025-06-04,05:00:00,318.0,8.22,108.0,8.12,2.01,0.8291873963515755,2025-06-04 05:00:00,0.8291873963515755,0.8291873963515755,0.8291873963515755,66.0377358490566,-0.10000000000000142,639.18
100,2025-06-04,06:00:00,320.0,8.28,97.0,8.14,2.01,0.8291873963515755,2025-06-04 06:00:00,0.8291873963515755,0.8291873963515755,0.8291873963515755,69.6875,-0.1399999999999988,643.1999999999999
77,2025-06-04,07:00:00,374.0,7.9,97.0,7.91,2.09,1.063264221158958,2025-06-04 07:00:00,0.8291873963515755,0.8291873963515755,0.8291873963515755,74.06417112299465,0.009999999999999787,781.66
78,2025-06-04,08:00:00,348.0,7.38,98.0,7.57,2.09,1.063264221158958,2025-06-04 08:00:00,1.063264221158958,0.8291873963515755,0.8291873963515755,71.83908045977012,0.1900000000000004,727.3199999999999
79,2025-06-04,09:00:00,352.0,8.14,112.0,7.89,2.09,1.063264221158958,2025-06-04 09:00:00,1.063264221158958,1.063264221158958,0.8291873963515755,68.18181818181817,-0.2500000000000009,735.68
80,2025-06-04,10:00:00,343.0,8.1,118.0,7.91,2.09,1.063264221158958,2025-06-04 10:00:00,1.063264221158958,1.063264221158958,1.063264221158958,65.59766763848397,-0.1899999999999995,716.87
81,2025-06-04,11:00:00,328.0,8.18,107.0,7.9,2.05,0.8130081300813009,2025-06-04 11:00:00,1.063264221158958,1.063264221158958,1.063264221158958,67.3780487804878,-0.27999999999999936,672.4
82,2025-06-04,12:00:00,316.0,8.21,97.0,7.87,2.05,0.8130081300813009,2025-06-04 12:00:00,0.8130081300813009,1.063264221158958,1.063264221158958,69.30379746835443,-0.34000000000000075,647.8
83,2025-06-04,13:00:00,313.0,8.29,90.0,7.84,2.05,0.8130081300813009,2025-06-04 13:00:00,0.8130081300813009,0.8130081300813009,1.063264221158958,71.24600638977637,-0.4499999999999993,641.65
84,2025-06-04,14:00:00,318.0,8.27,87.0,7.99,2.05,0.8130081300813009,2025-06-04 14:00:00,0.8130081300813009,0.8130081300813009,0.8130081300813009,72.64150943396226,-0.27999999999999936,651.9
85,2025-06-04,15:00:00,320.0,8.11,92.0,8.0,2.05,0.8130081300813009,2025-06-04 15:00:00,0.8130081300813009,0.8130081300813009,0.8130081300813009,71.25,-0.10999999999999943,656.0
86,2025-06-04,16:00:00,328.0,7.98,90.0,7.96,2.05,0.8130081300813009,2025-06-04 16:00:00,0.8130081300813009,0.8130081300813009,0.8130081300813009,72.5609756097561,-0.020000000000000462,672.4
87,2025-06-04,17:00:00,326.0,7.9,89.0,7.74,2.05,0.8130081300813009,2025-06-04 17:00:00,0.8130081300813009,0.8130081300813009,0.8130081300813009,72.69938650306749,-0.16000000000000014,668.3
88,2025-06-04,18:00:00,322.0,7.92,87.0,7.88,2.05,0.8130081300813009,2025-06-04 18:00:00,0.8130081300813009,0.8130081300813009,0.8130081300813009,72.98136645962732,-0.040000000000000036,660.0999999999999
89,2025-06-04,19:00:00,317.0,8.23,133.0,8.26,2.01,0.8291873963515755,2025-06-04 19:00:00,0.8130081300813009,0.8130081300813009,0.8130081300813009,58.0441640378549,0.02999999999999936,637.17
90,2025-06-04,20:00:00,314.0,8.17,130.0,8.29,2.01,0.8291873963515755,2025-06-04 20:00:00,0.8291873963515755,0.8130081300813009,0.8130081300813009,58.59872611464968,0.11999999999999922,631.14
91,2025-06-04,21:00:00,310.0,8.11,127.0,8.25,2.01,0.8291873963515755,2025-06-04 21:00:00,0.8291873963515755,0.8291873963515755,0.8130081300813009,59.03225806451613,0.14000000000000057,623.0999999999999
92,2025-06-04,22:00:00,315.0,8.09,124.0,8.23,2.01,0.8291873963515755,2025-06-04 22:00:00,0.8291873963515755,0.8291873963515755,0.8291873963515755,60.63492063492063,0.14000000000000057,633.15
93,2025-06-04,23:00:00,309.0,8.14,120.0,8.18,2.01,0.8291873963515755,2025-06-04 23:00:00,0.8291873963515755,0.8291873963515755,0.8291873963515755,61.165048543689316,0.03999999999999915,621.0899999999999
119,2025-06-05,00:00:00,322.0,8.18,96.0,8.17,1.93,0.5757052389176742,2025-06-05 00:00:00,0.8291873963515755,0.8291873963515755,0.8291873963515755,70.1863354037267,-0.009999999999999787,621.46
120,2025-06-05,01:00:00,319.0,8.24,85.0,8.09,1.93,0.5757052389176742,2025-06-05 01:00:00,0.5757052389176742,0.8291873963515755,0.8291873963515755,73.35423197492163,-0.15000000000000036,615.67
121,2025-06-05,02:00:00,323.0,8.21,88.0,8.13,1.93,0.5757052389176742,2025-06-05 02:00:00,0.5757052389176742,0.5757052389176742,0.8291873963515755,72.75541795665634,-0.08000000000000007,623.39
122,2025-06-05,03:00:00,318.0,8.17,90.0,8.15,1.93,0.5757052389176742,2025-06-05 03:00:00,0.5757052389176742,0.5757052389176742,0.5757052389176742,71.69811320754717,-0.019999999999999574,613.74
123,2025-06-05,04:00:00,315.0,8.14,95.0,8.18,1.93,0.5757052389176742,2025-06-05 04:00:00,0.5757052389176742,0.5757052389176742,0.5757052389176742,69.84126984126983,0.03999999999999915,607.9499999999999
124,2025-06-05,05:00:00,310.0,8.1,97.0,8.21,1.89,0.5878894767783658,2025-06-05 05:00:00,0.5757052389176742,0.5757052389176742,0.5757052389176742,68.70967741935485,0.11000000000000121,585.9
125,2025-06-05,06:00:00,313.0,8.15,99.0,8.23,1.89,0.5878894767783658,2025-06-05 06:00:00,0.5878894767783658,0.5757052389176742,0.5757052389176742,68.370607028754,0.08000000000000007,591.5699999999999
102,2025-06-05,07:00:00,310.0,7.35,118.0,7.78,1.97,0.8460236886632826,2025-06-05 07:00:00,0.5878894767783658,0.5878894767783658,0.5757052389176742,61.935483870967744,0.4300000000000006,610.7
103,2025-06-05,08:00:00,293.0,7.39,110.0,7.78,1.97,0.8460236886632826,2025-06-05 08:00:00,0.8460236886632826,0.5878894767783658,0.5878894767783658,62.45733788395904,0.39000000000000057,577.21
104,2025-06-05,09:00:00,303.0,7.37,107.0,7.8,1.97,0.8460236886632826,2025-06-05 09:00:00,0.8460236886632826,0.8460236886632826,0.5878894767783658,64.68646864686468,0.4299999999999997,596.91
105,2025-06-05,10:00:00,309.0,7.37,112.0,7.79,1.97,0.8460236886632826,2025-06-05 10:00:00,0.8460236886632826,0.8460236886632826,0.8460236886632826,63.75404530744336,0.41999999999999993,608.73
106,2025-06-05,11:00:00,286.0,7.38,116.0,7.07,1.93,0.8635578583765112,2025-06-05 11:00:00,0.8460236886632826,0.8460236886632826,0.8460236886632826,59.44055944055944,-0.3099999999999996,551.98
107,2025-06-05,12:00:00,281.0,7.6,98.0,7.94,1.93,0.8635578583765112,2025-06-05 12:00:00,0.8635578583765112,0.8460236886632826,0.8460236886632826,65.12455516014235,0.34000000000000075,542.3299999999999
108,2025-06-05,13:00:00,277.0,7.56,103.0,8.02,1.93,0.8635578583765112,2025-06-05 13:00:00,0.8635578583765112,0.8635578583765112,0.8460236886632826,62.8158844765343,0.45999999999999996,534.61
109,2025-06-05,14:00:00,282.0,7.62,96.0,7.98,1.93,0.8635578583765112,2025-06-05 14:00:00,0.8635578583765112,0.8635578583765112,0.8635578583765112,65.95744680851064,0.3600000000000003,544.26
110,2025-06-05,15:00:00,279.0,7.68,100.0,8.06,1.93,0.8635578583765112,2025-06-05 15:00:00,0.8635578583765112,0.8635578583765112,0.8635578583765112,64.15770609318996,0.3800000000000008,538.47
111,2025-06-05,16:00:00,272.0,7.7,103.0,8.09,1.97,0.8460236886632826,2025-06-05 16:00:00,0.8635578583765112,0.8635578583765112,0.8635578583765112,62.13235294117647,0.3899999999999997,535.84
112,2025-06-05,17:00:00,276.0,7.76,109.0,8.13,2.01,0.8291873963515755,2025-06-05 17:00:00,0.8460236886632826,0.8635578583765112,0.8635578583765112,60.507246376811594,0.370000000000001,554.76
113,2025-06-05,18:00:00,271.0,7.73,107.0,8.08,2.05,0.8130081300813009,2025-06-05 18:00:00,0.8291873963515755,0.8460236886632826,0.8635578583765112,60.51660516605166,0.34999999999999964,555.55
114,2025-06-05,19:00:00,286.0,7.74,110.0,8.01,2.05,0.8130081300813009,2025-06-05 19:00:00,0.8130081300813009,0.8291873963515755,0.8460236886632826,61.53846153846154,0.2699999999999996,586.3
115,2025-06-05,20:00:00,282.0,7.81,104.0,8.04,2.01,0.8291873963515755,2025-06-05 20:00:00,0.8130081300813009,0.8130081300813009,0.8291873963515755,63.12056737588653,0.22999999999999954,566.8199999999999
116,2025-06-05,21:00:00,298.0,8.08,111.0,8.06,2.01,0.552791597567717,2025-06-05 21:00:00,0.8291873963515755,0.8130081300813009,0.8130081300813009,62.751677852349,-0.019999999999999574,598.9799999999999
117,2025-06-05,22:00:00,310.0,8.06,101.0,8.11,1.97,0.5640157924421884,2025-06-05 22:00:00,0.552791597567717,0.8291873963515755,0.8130081300813009,67.41935483870968,0.049999999999998934,610.7
118,2025-06-05,23:00:00,308.0,8.22,88.0,8.15,1.97,0.5640157924421884,2025-06-05 23:00:00,0.5640157924421884,0.552791597567717,0.8291873963515755,71.42857142857143,-0.07000000000000028,606.76
127,2025-06-06,07:00:00,293.0,8.2,103.0,8.2,1.89,0.5878894767783658,2025-06-06 07:00:00,0.5640157924421884,0.5640157924421884,0.552791597567717,64.84641638225256,0.0,553.77
128,2025-06-06,08:00:00,290.0,8.18,99.0,8.26,1.89,0.5878894767783658,2025-06-06 08:00:00,0.5878894767783658,0.5640157924421884,0.5640157924421884,65.86206896551724,0.08000000000000007,548.1
129,2025-06-06,09:00:00,285.0,8.22,100.0,8.17,1.89,0.5878894767783658,2025-06-06 09:00:00,0.5878894767783658,0.5878894767783658,0.5640157924421884,64.91228070175438,-0.05000000000000071,538.65
130,2025-06-06,10:00:00,298.0,8.19,102.0,8.21,1.89,0.5878894767783658,2025-06-06 10:00:00,0.5878894767783658,0.5878894767783658,0.5878894767783658,65.77181208053692,0.02000000000000135,563.22
131,2025-06-06,11:00:00,282.0,8.1,98.0,8.17,1.85,0.6006006006006005,2025-06-06 11:00:00,0.5878894767783658,0.5878894767783658,0.5878894767783658,65.24822695035462,0.07000000000000028,521.7
132,2025-06-06,12:00:00,279.0,8.05,100.0,8.21,1.85,0.6006006006006005,2025-06-06 12:00:00,0.6006006006006005,0.5878894767783658,0.5878894767783658,64.15770609318996,0.16000000000000014,516.15
133,2025-06-06,13:00:00,286.0,8.06,98.0,8.16,1.81,0.6138735420503376,2025-06-06 13:00:00,0.6006006006006005,0.6006006006006005,0.5878894767783658,65.73426573426573,0.09999999999999964,517.66
134,2025-06-06,14:00:00,277.0,8.08,96.0,7.94,1.78,0.6242197253433209,2025-06-06 14:00:00,0.6138735420503376,0.6006006006006005,0.6006006006006005,65.34296028880865,-0.13999999999999968,493.06
135,2025-06-06,15:00:00,266.0,8.06,102.0,8.12,1.74,0.6385696040868454,2025-06-06 15:00:00,0.6242197253433209,0.6138735420503376,0.6006006006006005,61.65413533834586,0.05999999999999872,462.84
194,2025-06-08,00:00:00,1060.0,8.08,228.0,8.13,2.81,5.931198102016608,2025-06-08 00:00:00,0.6385696040868454,0.6242197253433209,0.6138735420503376,78.49056603773586,0.05000000000000071,2978.6
195,2025-06-08,01:00:00,1006.0,8.05,206.0,8.08,2.77,6.016847172081828,2025-06-08 01:00:00,5.931198102016608,0.6385696040868454,0.6242197253433209,79.52286282306163,0.02999999999999936,2786.62
196,2025-06-08,02:00:00,935.0,8.09,173.0,8.1,2.77,6.016847172081828,2025-06-08 02:00:00,6.016847172081828,5.931198102016608,0.6385696040868454,81.49732620320856,0.009999999999999787,2589.95
197,2025-06-08,03:00:00,862.0,8.1,156.0,8.05,2.72,6.127450980392156,2025-06-08 03:00:00,6.016847172081828,6.016847172081828,5.931198102016608,81.90255220417633,-0.049999999999998934,2344.6400000000003
198,2025-06-08,04:00:00,784.0,8.12,137.0,8.17,2.68,6.218905472636815,2025-06-08 04:00:00,6.127450980392156,6.016847172081828,6.016847172081828,82.52551020408163,0.05000000000000071,2101.1200000000003
199,2025-06-08,05:00:00,616.0,8.18,121.0,8.06,2.63,4.224757076468103,2025-06-08 05:00:00,6.218905472636815,6.127450980392156,6.016847172081828,80.35714285714286,-0.11999999999999922,1620.08
200,2025-06-08,06:00:00,554.0,8.14,117.0,8.04,2.54,4.374453193350831,2025-06-08 06:00:00,4.224757076468103,6.218905472636815,6.127450980392156,78.88086642599278,-0.10000000000000142,1407.16
186,2025-06-08,16:00:00,276.0,8.23,128.0,7.86,2.86,0.9712509712509712,2025-06-08 16:00:00,4.374453193350831,4.224757076468103,6.218905472636815,53.62318840579711,-0.3700000000000001,789.36
187,2025-06-08,17:00:00,428.0,8.21,125.0,7.91,3.14,1.7692852087756543,2025-06-08 17:00:00,0.9712509712509712,4.374453193350831,4.224757076468103,70.7943925233645,-0.3000000000000007,1343.92
188,2025-06-08,18:00:00,694.0,8.19,129.0,8.26,3.53,3.147623544224111,2025-06-08 18:00:00,1.7692852087756543,0.9712509712509712,4.374453193350831,81.41210374639769,0.07000000000000028,2449.8199999999997
189,2025-06-08,19:00:00,986.0,8.05,155.0,8.22,3.48,7.183908045977011,2025-06-08 19:00:00,3.147623544224111,1.7692852087756543,0.9712509712509712,84.27991886409735,0.16999999999999993,3431.28
190,2025-06-08,20:00:00,1222.0,8.0,191.0,8.14,3.23,6.879944960440317,2025-06-08 20:00:00,7.183908045977011,3.147623544224111,1.7692852087756543,84.36988543371523,0.14000000000000057,3947.06
191,2025-06-08,21:00:00,1236.0,7.97,216.0,8.16,3.14,7.077140835102618,2025-06-08 21:00:00,6.879944960440317,7.183908045977011,3.147623544224111,82.52427184466019,0.1900000000000004,3881.04
192,2025-06-08,22:00:00,1252.0,7.95,228.0,8.12,3.0,6.481481481481481,2025-06-08 22:00:00,7.077140835102618,6.879944960440317,7.183908045977011,81.78913738019169,0.16999999999999904,3756.0
193,2025-06-08,23:00:00,1226.0,7.98,239.0,8.1,2.9,6.704980842911877,2025-06-08 23:00:00,6.481481481481481,7.077140835102618,6.879944960440317,80.50570962479608,0.11999999999999922,3555.4
219,2025-06-09,00:00:00,369.0,8.14,68.0,8.14,1.85,1.351351351351351,2025-06-09 00:00:00,6.704980842911877,6.481481481481481,7.077140835102618,81.57181571815718,0.0,682.65
220,2025-06-09,01:00:00,357.0,8.08,63.0,8.12,1.85,1.351351351351351,2025-06-09 01:00:00,1.351351351351351,6.704980842911877,6.481481481481481,82.35294117647058,0.03999999999999915,660.45
221,2025-06-09,02:00:00,342.0,8.12,61.0,8.08,1.85,1.351351351351351,2025-06-09 02:00:00,1.351351351351351,1.351351351351351,6.704980842911877,82.16374269005848,-0.03999999999999915,632.7
222,2025-06-09,03:00:00,338.0,8.1,69.0,8.11,1.85,1.351351351351351,2025-06-09 03:00:00,1.351351351351351,1.351351351351351,1.351351351351351,79.58579881656804,0.009999999999999787,625.3000000000001
223,2025-06-09,04:00:00,327.0,8.09,66.0,8.09,1.81,1.3812154696132597,2025-06-09 04:00:00,1.351351351351351,1.351351351351351,1.351351351351351,79.81651376146789,0.0,591.87
224,2025-06-09,05:00:00,313.0,8.11,64.0,8.06,1.81,1.3812154696132597,2025-06-09 05:00:00,1.3812154696132597,1.351351351351351,1.351351351351351,79.55271565495208,-0.049999999999998934,566.53
225,2025-06-09,06:00:00,308.0,8.16,67.0,8.12,1.81,1.3812154696132597,2025-06-09 06:00:00,1.3812154696132597,1.3812154696132597,1.351351351351351,78.24675324675324,-0.040000000000000924,557.48
202,2025-06-09,07:00:00,516.0,8.19,98.0,8.25,2.5,1.6666666666666663,2025-06-09 07:00:00,1.3812154696132597,1.3812154696132597,1.3812154696132597,81.0077519379845,0.0600000000000005,1290.0
203,2025-06-09,08:00:00,504.0,8.11,90.0,8.21,2.46,1.6937669376693767,2025-06-09 08:00:00,1.6666666666666663,1.3812154696132597,1.3812154696132597,82.14285714285714,0.10000000000000142,1239.84
204,2025-06-09,09:00:00,498.0,8.09,87.0,8.19,2.42,1.721763085399449,2025-06-09 09:00:00,1.6937669376693767,1.6666666666666663,1.3812154696132597,82.53012048192771,0.09999999999999964,1205.1599999999999
205,2025-06-09,10:00:00,488.0,8.04,96.0,8.16,2.37,1.7580872011251758,2025-06-09 10:00:00,1.721763085399449,1.6937669376693767,1.6666666666666663,80.32786885245902,0.120000000000001,1156.56
206,2025-06-09,11:00:00,476.0,8.0,91.0,8.1,2.33,1.7882689556509297,2025-06-09 11:00:00,1.7580872011251758,1.721763085399449,1.6937669376693767,80.88235294117648,0.09999999999999964,1109.08
207,2025-06-09,12:00:00,430.0,7.99,84.0,8.11,2.29,1.8195050946142648,2025-06-09 12:00:00,1.7882689556509297,1.7580872011251758,1.721763085399449,80.46511627906978,0.11999999999999922,984.7
208,2025-06-09,13:00:00,418.0,7.94,80.0,7.67,2.21,1.885369532428356,2025-06-09 13:00:00,1.8195050946142648,1.7882689556509297,1.7580872011251758,80.86124401913875,-0.27000000000000046,923.78
209,2025-06-09,14:00:00,404.0,8.03,76.0,7.91,2.09,1.9936204146730463,2025-06-09 14:00:00,1.885369532428356,1.8195050946142648,1.7882689556509297,81.1881188118812,-0.11999999999999922,844.3599999999999
210,2025-06-09,15:00:00,400.0,8.0,79.0,7.94,2.01,1.3819789939192926,2025-06-09 15:00:00,1.9936204146730463,1.885369532428356,1.8195050946142648,80.25,-0.05999999999999961,803.9999999999999
211,2025-06-09,16:00:00,394.0,7.86,51.0,8.06,1.97,1.410039481105471,2025-06-09 16:00:00,1.3819789939192926,1.9936204146730463,1.885369532428356,87.05583756345177,0.20000000000000018,776.18
212,2025-06-09,17:00:00,390.0,7.91,49.0,7.97,1.93,1.4392630972941851,2025-06-09 17:00:00,1.410039481105471,1.3819789939192926,1.9936204146730463,87.43589743589743,0.05999999999999961,752.6999999999999
213,2025-06-09,18:00:00,401.0,8.22,50.0,8.12,1.93,1.4392630972941851,2025-06-09 18:00:00,1.4392630972941851,1.410039481105471,1.3819789939192926,87.53117206982543,-0.10000000000000142,773.93
214,2025-06-09,19:00:00,389.0,8.12,75.0,8.21,1.89,1.4697236919459142,2025-06-09 19:00:00,1.4392630972941851,1.4392630972941851,1.410039481105471,80.719794344473,0.09000000000000163,735.2099999999999
215,2025-06-09,20:00:00,372.0,8.08,70.0,8.18,1.89,1.4697236919459142,2025-06-09 20:00:00,1.4697236919459142,1.4392630972941851,1.4392630972941851,81.18279569892472,0.09999999999999964,703.0799999999999
216,2025-06-09,21:00:00,368.0,8.14,66.0,8.16,1.89,1.4697236919459142,2025-06-09 21:00:00,1.4697236919459142,1.4697236919459142,1.4392630972941851,82.06521739130434,0.019999999999999574,695.52
217,2025-06-09,22:00:00,362.0,8.13,63.0,8.12,1.89,1.4697236919459142,2025-06-09 22:00:00,1.4697236919459142,1.4697236919459142,1.4697236919459142,82.59668508287292,-0.010000000000001563,684.18
218,2025-06-09,23:00:00,367.0,8.15,66.0,8.15,1.89,1.4697236919459142,2025-06-09 23:00:00,1.4697236919459142,1.4697236919459142,1.4697236919459142,82.01634877384197,0.0,693.63
244,2025-06-10,00:00:00,427.0,8.17,93.0,8.02,1.89,1.4697236919459142,2025-06-10 00:00:00,1.4697236919459142,1.4697236919459142,1.4697236919459142,78.22014051522248,-0.15000000000000036,807.03
245,2025-06-10,01:00:00,637.0,8.14,91.0,7.93,1.97,2.1150592216582065,2025-06-10 01:00:00,1.4697236919459142,1.4697236919459142,1.4697236919459142,85.71428571428571,-0.21000000000000085,1254.8899999999999
246,2025-06-10,02:00:00,625.0,8.1,96.0,7.97,1.97,2.1150592216582065,2025-06-10 02:00:00,2.1150592216582065,1.4697236919459142,1.4697236919459142,84.64,-0.1299999999999999,1231.25
247,2025-06-10,03:00:00,658.0,8.16,93.0,8.08,1.97,2.1150592216582065,2025-06-10 03:00:00,2.1150592216582065,2.1150592216582065,1.4697236919459142,85.86626139817629,-0.08000000000000007,1296.26
248,2025-06-10,04:00:00,673.0,8.08,94.0,8.12,2.01,2.0729684908789388,2025-06-10 04:00:00,2.1150592216582065,2.1150592216582065,2.1150592216582065,86.03268945022289,0.03999999999999915,1352.7299999999998
249,2025-06-10,05:00:00,687.0,8.03,97.0,8.16,2.01,2.0729684908789388,2025-06-10 05:00:00,2.0729684908789388,2.1150592216582065,2.1150592216582065,85.8806404657933,0.13000000000000078,1380.87
250,2025-06-10,06:00:00,680.0,8.05,92.0,8.1,2.01,2.0729684908789388,2025-06-10 06:00:00,2.0729684908789388,2.0729684908789388,2.1150592216582065,86.47058823529412,0.049999999999998934,1366.8
269,2025-06-11,00:00:00,480.0,8.14,126.0,7.71,1.85,1.351351351351351,2025-06-11 00:00:00,2.0729684908789388,2.0729684908789388,2.0729684908789388,73.75,-0.4300000000000006,888.0
270,2025-06-11,01:00:00,477.0,8.11,123.0,7.76,1.85,1.351351351351351,2025-06-11 01:00:00,1.351351351351351,2.0729684908789388,2.0729684908789388,74.21383647798741,-0.34999999999999964,882.45
271,2025-06-11,02:00:00,473.0,8.15,119.0,7.7,1.85,1.351351351351351,2025-06-11 02:00:00,1.351351351351351,1.351351351351351,2.0729684908789388,74.84143763213531,-0.4500000000000002,875.0500000000001
272,2025-06-11,03:00:00,479.0,8.17,121.0,7.76,1.81,1.3812154696132597,2025-06-11 03:00:00,1.351351351351351,1.351351351351351,1.351351351351351,74.73903966597078,-0.41000000000000014,866.99
273,2025-06-11,04:00:00,482.0,8.12,126.0,7.83,1.81,1.3812154696132597,2025-06-11 04:00:00,1.3812154696132597,1.351351351351351,1.351351351351351,73.85892116182573,-0.28999999999999915,872.4200000000001
274,2025-06-11,05:00:00,478.0,8.11,122.0,7.91,1.81,1.3812154696132597,2025-06-11 05:00:00,1.3812154696132597,1.3812154696132597,1.351351351351351,74.47698744769873,-0.1999999999999993,865.1800000000001
275,2025-06-11,06:00:00,476.0,8.15,129.0,7.83,1.81,1.3812154696132597,2025-06-11 06:00:00,1.3812154696132597,1.3812154696132597,1.3812154696132597,72.89915966386555,-0.3200000000000003,861.5600000000001
252,2025-06-11,07:00:00,674.0,8.02,112.0,8.12,2.01,2.0729684908789388,2025-06-11 07:00:00,1.3812154696132597,1.3812154696132597,1.3812154696132597,83.38278931750742,0.09999999999999964,1354.7399999999998
253,2025-06-11,08:00:00,681.0,8.05,102.0,7.92,2.01,2.0729684908789388,2025-06-11 08:00:00,2.0729684908789388,1.3812154696132597,1.3812154696132597,85.02202643171806,-0.13000000000000078,1368.81
254,2025-06-11,09:00:00,598.0,8.01,112.0,8.08,2.01,2.0729684908789388,2025-06-11 09:00:00,2.0729684908789388,2.0729684908789388,1.3812154696132597,81.27090301003345,0.07000000000000028,1201.9799999999998
255,2025-06-11,10:00:00,538.0,8.08,88.0,7.97,2.01,1.3819789939192926,2025-06-11 10:00:00,2.0729684908789388,2.0729684908789388,2.0729684908789388,83.64312267657994,-0.11000000000000032,1081.3799999999999
256,2025-06-11,11:00:00,556.0,8.04,76.0,7.94,2.01,1.3819789939192926,2025-06-11 11:00:00,1.3819789939192926,2.0729684908789388,2.0729684908789388,86.33093525179856,-0.09999999999999876,1117.56
257,2025-06-11,12:00:00,544.0,8.11,57.0,7.89,2.01,1.3819789939192926,2025-06-11 12:00:00,1.3819789939192926,1.3819789939192926,2.0729684908789388,89.52205882352942,-0.21999999999999975,1093.4399999999998
258,2025-06-11,13:00:00,513.0,8.12,73.0,7.88,2.01,1.3819789939192926,2025-06-11 13:00:00,1.3819789939192926,1.3819789939192926,1.3819789939192926,85.7699805068226,-0.23999999999999932,1031.1299999999999
259,2025-06-11,14:00:00,526.0,8.16,87.0,7.93,2.01,1.3819789939192926,2025-06-11 14:00:00,1.3819789939192926,1.3819789939192926,1.3819789939192926,83.46007604562737,-0.23000000000000043,1057.26
260,2025-06-11,15:00:00,448.0,8.1,96.0,7.97,2.01,1.3819789939192926,2025-06-11 15:00:00,1.3819789939192926,1.3819789939192926,1.3819789939192926,78.57142857142857,-0.1299999999999999,900.4799999999999
261,2025-06-11,16:00:00,363.0,8.03,108.0,8.01,1.97,1.269035532994924,2025-06-11 16:00:00,1.3819789939192926,1.3819789939192926,1.3819789939192926,70.24793388429752,-0.019999999999999574,715.11
262,2025-06-11,17:00:00,302.0,7.95,111.0,8.03,1.97,1.269035532994924,2025-06-11 17:00:00,1.269035532994924,1.3819789939192926,1.3819789939192926,63.24503311258278,0.07999999999999918,594.9399999999999
263,2025-06-11,18:00:00,310.0,8.01,116.0,8.05,1.97,1.269035532994924,2025-06-11 18:00:00,1.269035532994924,1.269035532994924,1.3819789939192926,62.58064516129033,0.040000000000000924,610.7
264,2025-06-11,19:00:00,521.0,7.84,122.0,8.19,1.93,2.01496833621186,2025-06-11 19:00:00,1.269035532994924,1.269035532994924,1.269035532994924,76.58349328214972,0.34999999999999964,1005.53
265,2025-06-11,20:00:00,524.0,7.98,126.0,8.14,1.93,2.01496833621186,2025-06-11 20:00:00,2.01496833621186,1.269035532994924,1.269035532994924,75.95419847328245,0.16000000000000014,1011.3199999999999
266,2025-06-11,21:00:00,520.0,8.14,134.0,7.93,1.93,2.01496833621186,2025-06-11 21:00:00,2.01496833621186,2.01496833621186,1.269035532994924,74.23076923076923,-0.21000000000000085,1003.6
267,2025-06-11,22:00:00,518.0,8.12,131.0,7.9,1.89,2.05761316872428,2025-06-11 22:00:00,2.01496833621186,2.01496833621186,2.01496833621186,74.7104247104247,-0.21999999999999886,979.02
268,2025-06-11,23:00:00,511.0,8.17,128.0,7.85,1.89,2.05761316872428,2025-06-11 23:00:00,2.05761316872428,2.01496833621186,2.01496833621186,74.95107632093934,-0.3200000000000003,965.79
277,2025-06-12,07:00:00,423.0,7.96,112.0,8.08,1.78,1.404494382022472,2025-06-12 07:00:00,2.05761316872428,2.05761316872428,2.01496833621186,73.5224586288416,0.1200000000000001,752.94
278,2025-06-12,08:00:00,367.0,7.88,115.0,7.98,1.78,1.404494382022472,2025-06-12 08:00:00,1.404494382022472,2.05761316872428,2.05761316872428,68.66485013623979,0.10000000000000053,653.26
279,2025-06-12,09:00:00,378.0,7.96,110.0,7.75,1.78,1.248439450686642,2025-06-12 09:00:00,1.404494382022472,1.404494382022472,2.05761316872428,70.8994708994709,-0.20999999999999996,672.84
280,2025-06-12,10:00:00,386.0,7.94,112.0,7.94,1.7,0.6535947712418301,2025-06-12 10:00:00,1.248439450686642,1.404494382022472,1.404494382022472,70.98445595854922,0.0,656.1999999999999
281,2025-06-12,11:00:00,345.0,7.97,109.0,8.0,1.67,0.6653359946773121,2025-06-12 11:00:00,0.6535947712418301,1.248439450686642,1.404494382022472,68.40579710144927,0.03000000000000025,576.15
282,2025-06-12,12:00:00,322.0,7.9,104.0,8.02,1.63,0.6816632583503749,2025-06-12 12:00:00,0.6653359946773121,0.6535947712418301,1.248439450686642,67.70186335403726,0.11999999999999922,524.86
283,2025-06-12,13:00:00,320.0,7.96,106.0,8.05,1.6,0.6944444444444444,2025-06-12 13:00:00,0.6816632583503749,0.6653359946773121,0.6535947712418301,66.875,0.09000000000000075,512.0
284,2025-06-12,14:00:00,318.0,7.99,101.0,8.01,1.56,0.7122507122507121,2025-06-12 14:00:00,0.6944444444444444,0.6816632583503749,0.6653359946773121,68.23899371069182,0.019999999999999574,496.08000000000004
285,2025-06-12,15:00:00,311.0,8.02,95.0,7.98,1.52,0.7309941520467836,2025-06-12 15:00:00,0.7122507122507121,0.6944444444444444,0.6816632583503749,69.45337620578779,-0.03999999999999915,472.72
286,2025-06-12,16:00:00,307.0,8.05,86.0,8.0,1.49,0.7457121551081283,2025-06-12 16:00:00,0.7309941520467836,0.7122507122507121,0.6944444444444444,71.9869706840391,-0.05000000000000071,457.43
287,2025-06-12,17:00:00,304.0,8.08,79.0,7.93,1.49,0.7457121551081283,2025-06-12 17:00:00,0.7457121551081283,0.7309941520467836,0.7122507122507121,74.01315789473685,-0.15000000000000036,452.96
288,2025-06-12,18:00:00,300.0,8.1,83.0,8.02,1.46,0.76103500761035,2025-06-12 18:00:00,0.7457121551081283,0.7457121551081283,0.7309941520467836,72.33333333333334,-0.08000000000000007,438.0
319,2025-06-19,00:00:00,1374.0,7.98,167.0,8.03,2.68,6.218905472636815,2025-06-19 00:00:00,0.76103500761035,0.7457121551081283,0.7457121551081283,87.84570596797671,0.049999999999998934,3682.32
320,2025-06-19,01:00:00,1238.0,8.05,162.0,8.08,2.63,5.280946345585129,2025-06-19 01:00:00,6.218905472636815,0.76103500761035,0.7457121551081283,86.91437802907916,0.02999999999999936,3255.94
321,2025-06-19,02:00:00,1134.0,8.02,160.0,8.05,2.59,5.362505362505363,2025-06-19 02:00:00,5.280946345585129,6.218905472636815,0.76103500761035,85.89065255731923,0.030000000000001137,2937.06
322,2025-06-19,03:00:00,1120.0,7.92,157.0,8.0,2.54,5.468066491688539,2025-06-19 03:00:00,5.362505362505363,5.280946345585129,6.218905472636815,85.98214285714286,0.08000000000000007,2844.8
323,2025-06-19,04:00:00,1092.0,7.82,153.0,8.03,2.5,4.444444444444445,2025-06-19 04:00:00,5.468066491688539,5.362505362505363,5.280946345585129,85.98901098901099,0.20999999999999908,2730.0
324,2025-06-19,05:00:00,1048.0,7.62,149.0,8.06,2.46,4.5167118337850045,2025-06-19 05:00:00,4.444444444444445,5.468066491688539,5.362505362505363,85.7824427480916,0.4400000000000004,2578.08
325,2025-06-19,06:00:00,1072.0,7.7,155.0,8.02,2.46,4.5167118337850045,2025-06-19 06:00:00,4.5167118337850045,4.444444444444445,5.468066491688539,85.5410447761194,0.3199999999999994,2637.12
314,2025-06-19,19:00:00,404.0,8.3,118.0,8.18,2.72,1.838235294117647,2025-06-19 19:00:00,4.5167118337850045,4.5167118337850045,4.444444444444445,70.79207920792079,-0.120000000000001,1098.88
315,2025-06-19,20:00:00,1230.0,8.26,125.0,8.24,2.81,5.931198102016608,2025-06-19 20:00:00,1.838235294117647,4.5167118337850045,4.5167118337850045,89.83739837398373,-0.019999999999999574,3456.3
316,2025-06-19,21:00:00,1210.0,8.23,132.0,8.2,2.81,5.931198102016608,2025-06-19 21:00:00,5.931198102016608,1.838235294117647,4.5167118337850045,89.0909090909091,-0.030000000000001137,3400.1
317,2025-06-19,22:00:00,1152.0,8.24,138.0,8.22,2.77,6.016847172081828,2025-06-19 22:00:00,5.931198102016608,5.931198102016608,1.838235294117647,88.02083333333334,-0.019999999999999574,3191.04
318,2025-06-19,23:00:00,1257.0,8.08,152.0,8.12,2.72,6.127450980392156,2025-06-19 23:00:00,6.016847172081828,5.931198102016608,5.931198102016608,87.90771678599842,0.03999999999999915,3419.0400000000004
344,2025-06-20,00:00:00,686.0,8.0,139.0,8.03,2.25,3.08641975308642,2025-06-20 00:00:00,6.127450980392156,6.016847172081828,5.931198102016608,79.73760932944607,0.02999999999999936,1543.5
345,2025-06-20,01:00:00,684.0,7.97,144.0,8.01,2.25,3.08641975308642,2025-06-20 01:00:00,3.08641975308642,6.127450980392156,6.016847172081828,78.94736842105263,0.040000000000000036,1539.0
346,2025-06-20,02:00:00,680.0,7.94,139.0,7.96,2.21,3.14228255404726,2025-06-20 02:00:00,3.08641975308642,3.08641975308642,6.127450980392156,79.55882352941175,0.019999999999999574,1502.8
347,2025-06-20,03:00:00,671.0,7.83,148.0,7.91,2.21,3.14228255404726,2025-06-20 03:00:00,3.14228255404726,3.08641975308642,3.08641975308642,77.94336810730253,0.08000000000000007,1482.91
348,2025-06-20,04:00:00,658.0,7.62,146.0,8.02,2.21,3.14228255404726,2025-06-20 04:00:00,3.14228255404726,3.14228255404726,3.08641975308642,77.81155015197568,0.39999999999999947,1454.18
349,2025-06-20,05:00:00,656.0,7.68,163.0,7.82,2.17,3.200204813108039,2025-06-20 05:00:00,3.14228255404726,3.14228255404726,3.14228255404726,75.15243902439023,0.14000000000000057,1423.52
350,2025-06-20,06:00:00,653.0,7.62,182.0,7.69,2.17,3.200204813108039,2025-06-20 06:00:00,3.200204813108039,3.14228255404726,3.14228255404726,72.12863705972435,0.07000000000000028,1417.01
327,2025-06-20,07:00:00,928.0,7.75,105.0,7.89,2.5,2.7777777777777777,2025-06-20 07:00:00,3.200204813108039,3.200204813108039,3.14228255404726,88.6853448275862,0.13999999999999968,2320.0
328,2025-06-20,08:00:00,887.0,7.82,115.0,7.77,2.46,2.822944896115628,2025-06-20 08:00:00,2.7777777777777777,3.200204813108039,3.200204813108039,87.03494926719279,-0.05000000000000071,2182.02
329,2025-06-20,09:00:00,874.0,7.77,118.0,7.8,2.42,2.869605142332415,2025-06-20 09:00:00,2.822944896115628,2.7777777777777777,3.200204813108039,86.49885583524028,0.03000000000000025,2115.08
330,2025-06-20,10:00:00,774.0,7.81,110.0,7.9,2.42,2.869605142332415,2025-06-20 10:00:00,2.869605142332415,2.822944896115628,2.7777777777777777,85.78811369509044,0.09000000000000075,1873.08
331,2025-06-20,11:00:00,776.0,7.79,89.0,7.89,2.42,2.869605142332415,2025-06-20 11:00:00,2.869605142332415,2.869605142332415,2.822944896115628,88.53092783505154,0.09999999999999964,1877.9199999999998
332,2025-06-20,12:00:00,781.0,7.77,76.0,7.88,2.42,2.869605142332415,2025-06-20 12:00:00,2.869605142332415,2.869605142332415,2.869605142332415,90.26888604353394,0.11000000000000032,1890.02
333,2025-06-20,13:00:00,774.0,7.82,94.0,7.84,2.42,2.869605142332415,2025-06-20 13:00:00,2.869605142332415,2.869605142332415,2.869605142332415,87.85529715762273,0.019999999999999574,1873.08
334,2025-06-20,14:00:00,779.0,7.8,90.0,7.86,2.42,2.869605142332415,2025-06-20 14:00:00,2.869605142332415,2.869605142332415,2.869605142332415,88.44672657252889,0.0600000000000005,1885.1799999999998
335,2025-06-20,15:00:00,795.0,7.82,87.0,7.83,2.42,2.869605142332415,2025-06-20 15:00:00,2.869605142332415,2.869605142332415,2.869605142332415,89.05660377358491,0.009999999999999787,1923.8999999999999
336,2025-06-20,16:00:00,814.0,7.85,85.0,7.81,2.42,2.869605142332415,2025-06-20 16:00:00,2.869605142332415,2.869605142332415,2.869605142332415,89.55773955773955,-0.040000000000000036,1969.8799999999999
337,2025-06-20,17:00:00,838.0,7.83,82.0,7.8,2.37,2.930145335208626,2025-06-20 17:00:00,2.869605142332415,2.869605142332415,2.869605142332415,90.21479713603819,-0.03000000000000025,1986.0600000000002
338,2025-06-20,18:00:00,829.0,7.88,91.0,7.87,2.37,2.930145335208626,2025-06-20 18:00:00,2.930145335208626,2.869605142332415,2.869605142332415,89.02291917973461,-0.009999999999999787,1964.73
339,2025-06-20,19:00:00,729.0,8.06,79.0,7.9,2.33,2.980448259418216,2025-06-20 19:00:00,2.930145335208626,2.930145335208626,2.869605142332415,89.16323731138546,-0.16000000000000014,1698.5700000000002
340,2025-06-20,20:00:00,731.0,8.02,82.0,7.96,2.33,2.980448259418216,2025-06-20 20:00:00,2.980448259418216,2.930145335208626,2.930145335208626,88.78248974008208,-0.05999999999999961,1703.23
341,2025-06-20,21:00:00,710.0,7.52,85.0,7.87,2.29,3.032508491023775,2025-06-20 21:00:00,2.980448259418216,2.980448259418216,2.930145335208626,88.02816901408451,0.35000000000000053,1625.9
342,2025-06-20,22:00:00,704.0,7.67,95.0,7.96,2.29,3.032508491023775,2025-06-20 22:00:00,3.032508491023775,2.980448259418216,2.980448259418216,86.50568181818183,0.29000000000000004,1612.16
343,2025-06-20,23:00:00,693.0,7.8,124.0,7.99,2.25,3.08641975308642,2025-06-20 23:00:00,3.032508491023775,3.032508491023775,2.980448259418216,82.1067821067821,0.1900000000000004,1559.25
369,2025-06-21,00:00:00,476.0,7.95,112.0,7.89,2.05,1.6260162601626018,2025-06-21 00:00:00,3.08641975308642,3.032508491023775,3.032508491023775,76.47058823529412,-0.0600000000000005,975.8
370,2025-06-21,01:00:00,467.0,7.88,109.0,7.82,2.05,1.6260162601626018,2025-06-21 01:00:00,1.6260162601626018,3.08641975308642,3.032508491023775,76.65952890792292,-0.05999999999999961,957.3499999999999
371,2025-06-21,02:00:00,473.0,7.92,115.0,7.91,2.05,1.6260162601626018,2025-06-21 02:00:00,1.6260162601626018,1.6260162601626018,3.08641975308642,75.68710359408034,-0.009999999999999787,969.6499999999999
372,2025-06-21,03:00:00,476.0,7.9,112.0,7.86,2.05,1.6260162601626018,2025-06-21 03:00:00,1.6260162601626018,1.6260162601626018,1.6260162601626018,76.47058823529412,-0.040000000000000036,975.8
373,2025-06-21,04:00:00,482.0,7.97,118.0,7.92,2.05,1.6260162601626018,2025-06-21 04:00:00,1.6260162601626018,1.6260162601626018,1.6260162601626018,75.51867219917013,-0.04999999999999982,988.0999999999999
374,2025-06-21,05:00:00,473.0,7.86,114.0,7.95,2.05,1.6260162601626018,2025-06-21 05:00:00,1.6260162601626018,1.6260162601626018,1.6260162601626018,75.8985200845666,0.08999999999999986,969.6499999999999
375,2025-06-21,06:00:00,479.0,7.96,115.0,7.9,2.05,1.6260162601626018,2025-06-21 06:00:00,1.6260162601626018,1.6260162601626018,1.6260162601626018,75.99164926931107,-0.05999999999999961,981.9499999999999
352,2025-06-21,07:00:00,611.0,7.68,148.0,7.84,2.17,2.5601638504864312,2025-06-21 07:00:00,1.6260162601626018,1.6260162601626018,1.6260162601626018,75.77741407528642,0.16000000000000014,1325.87
353,2025-06-21,08:00:00,664.0,7.72,157.0,7.45,2.17,2.5601638504864312,2025-06-21 08:00:00,2.5601638504864312,1.6260162601626018,1.6260162601626018,76.35542168674698,-0.2699999999999996,1440.8799999999999
354,2025-06-21,09:00:00,697.0,7.8,155.0,7.53,2.17,2.5601638504864312,2025-06-21 09:00:00,2.5601638504864312,2.5601638504864312,1.6260162601626018,77.76183644189383,-0.2699999999999996,1512.49
355,2025-06-21,10:00:00,588.0,7.79,148.0,7.71,2.13,2.608242044861764,2025-06-21 10:00:00,2.5601638504864312,2.5601638504864312,2.5601638504864312,74.82993197278913,-0.08000000000000007,1252.4399999999998
356,2025-06-21,11:00:00,524.0,7.81,141.0,7.64,2.13,1.9561815336463224,2025-06-21 11:00:00,2.608242044861764,2.5601638504864312,2.5601638504864312,73.09160305343512,-0.16999999999999993,1116.12
357,2025-06-21,12:00:00,531.0,7.7,138.0,7.68,2.13,1.9561815336463224,2025-06-21 12:00:00,1.9561815336463224,2.608242044861764,2.5601638504864312,74.01129943502825,-0.020000000000000462,1131.03
358,2025-06-21,13:00:00,513.0,7.68,134.0,7.7,2.13,1.9561815336463224,2025-06-21 13:00:00,1.9561815336463224,1.9561815336463224,2.608242044861764,73.87914230019493,0.020000000000000462,1092.69
359,2025-06-21,14:00:00,502.0,7.71,125.0,7.75,2.13,1.9561815336463224,2025-06-21 14:00:00,1.9561815336463224,1.9561815336463224,1.9561815336463224,75.0996015936255,0.040000000000000036,1069.26
360,2025-06-21,15:00:00,498.0,7.73,118.0,7.73,2.13,1.9561815336463224,2025-06-21 15:00:00,1.9561815336463224,1.9561815336463224,1.9561815336463224,76.30522088353415,0.0,1060.74
361,2025-06-21,16:00:00,485.0,7.69,106.0,7.71,2.13,1.564945226917058,2025-06-21 16:00:00,1.9561815336463224,1.9561815336463224,1.9561815336463224,78.14432989690722,0.019999999999999574,1033.05
362,2025-06-21,17:00:00,470.0,7.67,101.0,7.74,2.09,1.594896331738437,2025-06-21 17:00:00,1.564945226917058,1.9561815336463224,1.9561815336463224,78.51063829787233,0.07000000000000028,982.3
363,2025-06-21,18:00:00,476.0,7.72,98.0,7.8,2.09,1.594896331738437,2025-06-21 18:00:00,1.594896331738437,1.564945226917058,1.9561815336463224,79.41176470588235,0.08000000000000007,994.8399999999999
364,2025-06-21,19:00:00,487.0,8.09,117.0,7.97,2.09,1.594896331738437,2025-06-21 19:00:00,1.594896331738437,1.594896331738437,1.564945226917058,75.97535934291582,-0.1200000000000001,1017.8299999999999
365,2025-06-21,20:00:00,483.0,8.06,110.0,7.95,2.09,1.594896331738437,2025-06-21 20:00:00,1.594896331738437,1.594896331738437,1.594896331738437,77.22567287784679,-0.11000000000000032,1009.4699999999999
367,2025-06-21,22:00:00,478.0,7.98,104.0,7.85,2.05,1.6260162601626018,2025-06-21 22:00:00,1.594896331738437,1.594896331738437,1.594896331738437,78.24267782426779,-0.13000000000000078,979.8999999999999
368,2025-06-21,23:00:00,477.0,7.96,109.0,7.8,2.05,1.6260162601626018,2025-06-21 23:00:00,1.6260162601626018,1.594896331738437,1.594896331738437,77.14884696016772,-0.16000000000000014,977.8499999999999
394,2025-06-22,00:00:00,328.0,8.04,147.0,7.61,1.7,1.30718954248366,2025-06-22 00:00:00,1.6260162601626018,1.6260162601626018,1.594896331738437,55.1829268292683,-0.4299999999999988,557.6
395,2025-06-22,01:00:00,331.0,7.94,131.0,7.97,1.7,1.30718954248366,2025-06-22 01:00:00,1.30718954248366,1.6260162601626018,1.6260162601626018,60.42296072507553,0.02999999999999936,562.6999999999999
396,2025-06-22,02:00:00,326.0,8.01,136.0,7.94,1.67,1.3306719893546242,2025-06-22 02:00:00,1.30718954248366,1.30718954248366,1.6260162601626018,58.282208588957054,-0.0699999999999994,544.42
397,2025-06-22,03:00:00,332.0,7.96,148.0,7.98,1.63,1.3633265167007498,2025-06-22 03:00:00,1.3306719893546242,1.30718954248366,1.30718954248366,55.42168674698795,0.020000000000000462,541.16
398,2025-06-22,04:00:00,339.0,7.86,142.0,7.93,1.6,1.3888888888888888,2025-06-22 04:00:00,1.3633265167007498,1.3306719893546242,1.30718954248366,58.11209439528023,0.0699999999999994,542.4
399,2025-06-22,05:00:00,336.0,7.88,138.0,8.01,1.56,1.4245014245014245,2025-06-22 05:00:00,1.3888888888888888,1.3633265167007498,1.3306719893546242,58.92857142857143,0.1299999999999999,524.16
400,2025-06-22,06:00:00,337.0,7.81,131.0,8.04,1.52,1.4619883040935673,2025-06-22 06:00:00,1.4245014245014245,1.3888888888888888,1.3633265167007498,61.12759643916914,0.22999999999999954,512.24
377,2025-06-22,07:00:00,401.0,7.8,97.0,7.73,2.01,1.3819789939192926,2025-06-22 07:00:00,1.4619883040935673,1.4245014245014245,1.3888888888888888,75.81047381546135,-0.0699999999999994,806.0099999999999
378,2025-06-22,08:00:00,386.0,7.88,98.0,7.49,1.97,1.410039481105471,2025-06-22 08:00:00,1.3819789939192926,1.4619883040935673,1.4245014245014245,74.61139896373057,-0.3899999999999997,760.42
379,2025-06-22,09:00:00,377.0,7.86,94.0,7.69,1.93,1.4392630972941851,2025-06-22 09:00:00,1.410039481105471,1.3819789939192926,1.4619883040935673,75.06631299734748,-0.16999999999999993,727.61
380,2025-06-22,10:00:00,388.0,7.82,99.0,7.71,1.93,1.4392630972941851,2025-06-22 10:00:00,1.4392630972941851,1.410039481105471,1.3819789939192926,74.48453608247422,-0.11000000000000032,748.84
381,2025-06-22,11:00:00,407.0,7.75,96.0,7.68,1.93,1.1514104778353484,2025-06-22 11:00:00,1.4392630972941851,1.4392630972941851,1.410039481105471,76.41277641277642,-0.07000000000000028,785.51
382,2025-06-22,12:00:00,413.0,7.68,98.0,7.65,1.93,1.1514104778353484,2025-06-22 12:00:00,1.1514104778353484,1.4392630972941851,1.4392630972941851,76.27118644067797,-0.02999999999999936,797.0899999999999
383,2025-06-22,13:00:00,405.0,7.72,102.0,7.61,1.93,1.1514104778353484,2025-06-22 13:00:00,1.1514104778353484,1.1514104778353484,1.4392630972941851,74.81481481481481,-0.10999999999999943,781.65
384,2025-06-22,14:00:00,398.0,7.71,89.0,7.74,1.93,1.1514104778353484,2025-06-22 14:00:00,1.1514104778353484,1.1514104778353484,1.1514104778353484,77.63819095477386,0.03000000000000025,768.14
385,2025-06-22,15:00:00,377.0,7.8,87.0,7.76,1.89,1.1757789535567316,2025-06-22 15:00:00,1.1514104778353484,1.1514104778353484,1.1514104778353484,76.92307692307693,-0.040000000000000036,712.53
386,2025-06-22,16:00:00,359.0,7.88,83.0,7.78,1.89,1.1757789535567316,2025-06-22 16:00:00,1.1757789535567316,1.1514104778353484,1.1514104778353484,76.88022284122563,-0.09999999999999964,678.51
387,2025-06-22,17:00:00,341.0,7.95,85.0,7.74,1.85,1.201201201201201,2025-06-22 17:00:00,1.1757789535567316,1.1757789535567316,1.1514104778353484,75.0733137829912,-0.20999999999999996,630.85
388,2025-06-22,18:00:00,336.0,7.92,82.0,7.75,1.85,1.201201201201201,2025-06-22 18:00:00,1.201201201201201,1.1757789535567316,1.1757789535567316,75.59523809523809,-0.16999999999999993,621.6
389,2025-06-22,19:00:00,338.0,8.04,133.0,7.98,1.85,1.201201201201201,2025-06-22 19:00:00,1.201201201201201,1.201201201201201,1.1757789535567316,60.650887573964496,-0.05999999999999872,625.3000000000001
390,2025-06-22,20:00:00,333.0,8.06,138.0,7.93,1.85,1.201201201201201,2025-06-22 20:00:00,1.201201201201201,1.201201201201201,1.201201201201201,58.55855855855856,-0.13000000000000078,616.0500000000001
391,2025-06-22,21:00:00,328.0,8.08,144.0,7.85,1.85,1.201201201201201,2025-06-22 21:00:00,1.201201201201201,1.201201201201201,1.201201201201201,56.09756097560976,-0.23000000000000043,606.8000000000001
392,2025-06-22,22:00:00,330.0,8.1,141.0,7.83,1.81,1.2277470841006752,2025-06-22 22:00:00,1.201201201201201,1.201201201201201,1.201201201201201,57.27272727272727,-0.2699999999999996,597.3000000000001
393,2025-06-22,23:00:00,325.0,8.02,138.0,7.76,1.74,1.2771392081736908,2025-06-22 23:00:00,1.2277470841006752,1.201201201201201,1.201201201201201,57.53846153846154,-0.2599999999999998,565.5
402,2025-06-23,07:00:00,290.0,7.78,112.0,7.88,1.39,1.598721023181455,2025-06-23 07:00:00,1.2771392081736908,1.2277470841006752,1.201201201201201,61.37931034482759,0.09999999999999964,403.09999999999997
403,2025-06-23,08:00:00,287.0,7.8,98.0,7.92,1.35,1.6460905349794237,2025-06-23 08:00:00,1.598721023181455,1.2771392081736908,1.2277470841006752,65.85365853658537,0.1200000000000001,387.45000000000005
404,2025-06-23,09:00:00,289.0,7.85,102.0,7.9,1.32,1.6835016835016834,2025-06-23 09:00:00,1.6460905349794237,1.598721023181455,1.2771392081736908,64.70588235294117,0.05000000000000071,381.48
405,2025-06-23,10:00:00,281.0,7.97,105.0,7.95,1.29,1.722652885443583,2025-06-23 10:00:00,1.6835016835016834,1.6460905349794237,1.598721023181455,62.63345195729537,-0.019999999999999574,362.49
406,2025-06-23,11:00:00,274.0,8.02,108.0,7.97,1.26,1.763668430335097,2025-06-23 11:00:00,1.722652885443583,1.6835016835016834,1.6460905349794237,60.58394160583942,-0.04999999999999982,345.24
407,2025-06-23,12:00:00,263.0,8.09,112.0,8.0,1.22,1.8214936247723128,2025-06-23 12:00:00,1.763668430335097,1.722652885443583,1.6835016835016834,57.414448669201526,-0.08999999999999986,320.86
470,2025-08-19,01:00:00,252.0,7.98,99.0,8.12,0.98,1.7006802721088434,2025-08-19 01:00:00,1.8214936247723128,1.763668430335097,1.722652885443583,60.71428571428571,0.1399999999999988,246.96
471,2025-08-19,02:00:00,278.0,8.0,108.0,8.16,1.22,1.8214936247723128,2025-08-19 02:00:00,1.7006802721088434,1.8214936247723128,1.763668430335097,61.15107913669065,0.16000000000000014,339.15999999999997
472,2025-08-19,03:00:00,327.0,7.96,110.0,8.14,1.46,1.9025875190258752,2025-08-19 03:00:00,1.8214936247723128,1.7006802721088434,1.8214936247723128,66.36085626911316,0.1800000000000006,477.42
473,2025-08-19,04:00:00,356.0,7.98,112.0,8.13,1.7,1.6339869281045751,2025-08-19 04:00:00,1.9025875190258752,1.8214936247723128,1.7006802721088434,68.53932584269663,0.15000000000000036,605.1999999999999
474,2025-08-19,05:00:00,379.0,7.92,116.0,8.18,1.97,2.1150592216582065,2025-08-19 05:00:00,1.6339869281045751,1.9025875190258752,1.8214936247723128,69.39313984168865,0.2599999999999998,746.63
475,2025-08-19,06:00:00,388.0,7.9,111.0,8.16,1.97,2.1150592216582065,2025-08-19 06:00:00,2.1150592216582065,1.6339869281045751,1.9025875190258752,71.3917525773196,0.2599999999999998,764.36
494,2025-08-20,00:00:00,580.0,7.79,121.0,8.21,2.13,2.608242044861764,2025-08-20 00:00:00,2.1150592216582065,2.1150592216582065,1.6339869281045751,79.13793103448276,0.4200000000000008,1235.3999999999999
495,2025-08-20,01:00:00,547.0,7.83,128.0,8.16,2.13,1.9561815336463224,2025-08-20 01:00:00,2.608242044861764,2.1150592216582065,2.1150592216582065,76.59963436928702,0.33000000000000007,1165.11
496,2025-08-20,02:00:00,523.0,7.85,132.0,8.22,2.13,1.9561815336463224,2025-08-20 02:00:00,1.9561815336463224,2.608242044861764,2.1150592216582065,74.76099426386233,0.370000000000001,1113.99
497,2025-08-20,03:00:00,497.0,7.84,136.0,8.18,2.13,1.9561815336463224,2025-08-20 03:00:00,1.9561815336463224,1.9561815336463224,2.608242044861764,72.63581488933602,0.33999999999999986,1058.61
498,2025-08-20,04:00:00,505.0,7.88,140.0,8.11,2.09,1.9936204146730463,2025-08-20 04:00:00,1.9561815336463224,1.9561815336463224,1.9561815336463224,72.27722772277228,0.22999999999999954,1055.4499999999998
499,2025-08-20,05:00:00,491.0,7.91,143.0,8.14,2.09,1.9936204146730463,2025-08-20 05:00:00,1.9936204146730463,1.9561815336463224,1.9561815336463224,70.87576374745417,0.23000000000000043,1026.1899999999998
500,2025-08-20,06:00:00,482.0,7.94,141.0,8.16,2.09,1.9936204146730463,2025-08-20 06:00:00,1.9936204146730463,1.9936204146730463,1.9561815336463224,70.74688796680498,0.21999999999999975,1007.3799999999999
477,2025-08-20,07:00:00,337.0,8.19,124.0,8.32,1.97,2.1150592216582065,2025-08-20 07:00:00,1.9936204146730463,1.9936204146730463,1.9936204146730463,63.20474777448071,0.13000000000000078,663.89
478,2025-08-20,08:00:00,341.0,8.1,124.0,8.43,2.01,1.105583195135434,2025-08-20 08:00:00,2.1150592216582065,1.9936204146730463,1.9936204146730463,63.63636363636363,0.33000000000000007,685.41
479,2025-08-20,09:00:00,343.0,8.0,123.0,8.2,2.01,1.105583195135434,2025-08-20 09:00:00,1.105583195135434,2.1150592216582065,1.9936204146730463,64.1399416909621,0.1999999999999993,689.43
480,2025-08-20,10:00:00,386.0,8.08,120.0,8.26,2.05,1.0840108401084012,2025-08-20 10:00:00,1.105583195135434,1.105583195135434,2.1150592216582065,68.9119170984456,0.17999999999999972,791.3
481,2025-08-20,11:00:00,388.0,8.03,117.0,8.23,2.05,1.0840108401084012,2025-08-20 11:00:00,1.0840108401084012,1.105583195135434,1.105583195135434,69.84536082474226,0.20000000000000107,795.4
482,2025-08-20,12:00:00,390.0,7.92,114.0,8.2,2.09,1.063264221158958,2025-08-20 12:00:00,1.0840108401084012,1.0840108401084012,1.105583195135434,70.76923076923077,0.27999999999999936,815.0999999999999
483,2025-08-20,13:00:00,408.0,7.99,119.0,8.24,2.09,1.063264221158958,2025-08-20 13:00:00,1.063264221158958,1.0840108401084012,1.0840108401084012,70.83333333333334,0.25,852.7199999999999
484,2025-08-20,14:00:00,416.0,7.96,105.0,8.12,2.13,1.0432968179447053,2025-08-20 14:00:00,1.063264221158958,1.063264221158958,1.0840108401084012,74.75961538461539,0.15999999999999925,886.0799999999999
485,2025-08-20,15:00:00,626.0,7.53,108.0,8.09,2.13,1.9561815336463224,2025-08-20 15:00:00,1.0432968179447053,1.063264221158958,1.063264221158958,82.74760383386581,0.5599999999999996,1333.3799999999999
486,2025-08-20,16:00:00,697.0,7.49,112.0,8.05,2.13,1.9561815336463224,2025-08-20 16:00:00,1.9561815336463224,1.0432968179447053,1.063264221158958,83.93113342898135,0.5600000000000005,1484.61
487,2025-08-20,17:00:00,658.0,7.64,107.0,8.08,2.17,1.9201228878648235,2025-08-20 17:00:00,1.9561815336463224,1.9561815336463224,1.0432968179447053,83.73860182370821,0.4400000000000004,1427.86
488,2025-08-20,18:00:00,571.0,7.83,98.0,8.04,2.17,1.9201228878648235,2025-08-20 18:00:00,1.9201228878648235,1.9561815336463224,1.9561815336463224,82.83712784588442,0.20999999999999908,1239.07
489,2025-08-20,19:00:00,580.0,7.57,108.0,8.09,2.25,2.469135802469136,2025-08-20 19:00:00,1.9201228878648235,1.9201228878648235,1.9561815336463224,81.37931034482759,0.5199999999999996,1305.0
490,2025-08-20,20:00:00,578.0,7.6,110.0,8.02,2.21,2.513826043237808,2025-08-20 20:00:00,2.469135802469136,1.9201228878648235,1.9201228878648235,80.96885813148789,0.41999999999999993,1277.3799999999999
491,2025-08-20,21:00:00,584.0,7.59,113.0,8.05,2.17,2.5601638504864312,2025-08-20 21:00:00,2.513826043237808,2.469135802469136,1.9201228878648235,80.65068493150685,0.46000000000000085,1267.28
492,2025-08-20,22:00:00,583.0,7.65,117.0,8.12,2.17,2.5601638504864312,2025-08-20 22:00:00,2.5601638504864312,2.513826043237808,2.469135802469136,79.93138936535163,0.46999999999999886,1265.11
493,2025-08-20,23:00:00,586.0,7.72,119.0,8.18,2.13,2.608242044861764,2025-08-20 23:00:00,2.5601638504864312,2.5601638504864312,2.513826043237808,79.69283276450511,0.45999999999999996,1248.1799999999998
519,2025-08-31,00:00:00,349.0,8.53,127.0,8.12,1.42,1.369327073552426,2025-08-31 00:00:00,2.608242044861764,2.5601638504864312,2.5601638504864312,63.61031518624641,-0.41000000000000014,495.58
520,2025-08-31,01:00:00,331.0,8.46,121.0,8.23,1.46,1.5220700152207,2025-08-31 01:00:00,1.369327073552426,2.608242044861764,2.5601638504864312,63.44410876132931,-0.23000000000000043,483.26
521,2025-08-31,02:00:00,367.0,8.32,115.0,8.19,1.46,1.5220700152207,2025-08-31 02:00:00,1.5220700152207,1.369327073552426,2.608242044861764,68.66485013623979,-0.13000000000000078,535.8199999999999
522,2025-08-31,03:00:00,351.0,8.29,109.0,8.17,1.46,1.5220700152207,2025-08-31 03:00:00,1.5220700152207,1.5220700152207,1.369327073552426,68.94586894586895,-0.11999999999999922,512.46
523,2025-08-31,04:00:00,342.0,8.26,105.0,8.13,1.46,1.5220700152207,2025-08-31 04:00:00,1.5220700152207,1.5220700152207,1.5220700152207,69.2982456140351,-0.129999999999999,499.32
524,2025-08-31,05:00:00,397.0,8.21,110.0,8.15,1.46,1.5220700152207,2025-08-31 05:00:00,1.5220700152207,1.5220700152207,1.5220700152207,72.29219143576826,-0.0600000000000005,579.62
525,2025-08-31,06:00:00,481.0,8.17,118.0,8.09,1.46,1.5220700152207,2025-08-31 06:00:00,1.5220700152207,1.5220700152207,1.5220700152207,75.46777546777547,-0.08000000000000007,702.26
515,2025-08-31,20:00:00,261.0,8.27,114.0,8.38,1.39,1.1990407673860912,2025-08-31 20:00:00,1.5220700152207,1.5220700152207,1.5220700152207,56.32183908045977,0.11000000000000121,362.78999999999996
516,2025-08-31,21:00:00,318.0,8.31,117.0,8.42,1.39,1.3988808952837732,2025-08-31 21:00:00,1.1990407673860912,1.5220700152207,1.5220700152207,63.20754716981132,0.10999999999999943,442.02
517,2025-08-31,22:00:00,325.0,8.37,120.0,8.33,1.42,1.369327073552426,2025-08-31 22:00:00,1.3988808952837732,1.1990407673860912,1.5220700152207,63.07692307692307,-0.03999999999999915,461.5
518,2025-08-31,23:00:00,343.0,8.44,124.0,8.25,1.42,1.369327073552426,2025-08-31 23:00:00,1.369327073552426,1.3988808952837732,1.1990407673860912,63.84839650145773,-0.1899999999999995,487.06
544,2025-09-01,00:00:00,333.0,8.34,103.0,8.27,1.422,0.9767151117362088,2025-09-01 00:00:00,1.369327073552426,1.369327073552426,1.3988808952837732,69.06906906906907,-0.07000000000000028,473.52599999999995
545,2025-09-01,01:00:00,331.0,8.38,105.0,8.21,1.388,1.0006404098623118,2025-09-01 01:00:00,0.9767151117362088,1.369327073552426,1.369327073552426,68.27794561933534,-0.16999999999999993,459.42799999999994
546,2025-09-01,02:00:00,336.0,8.34,107.0,8.34,1.388,1.0006404098623118,2025-09-01 02:00:00,1.0006404098623118,0.9767151117362088,1.369327073552426,68.15476190476191,0.0,466.36799999999994
547,2025-09-01,03:00:00,328.0,8.31,104.0,8.28,1.388,1.0006404098623118,2025-09-01 03:00:00,1.0006404098623118,1.0006404098623118,0.9767151117362088,68.29268292682927,-0.030000000000001137,455.26399999999995
548,2025-09-01,04:00:00,336.0,8.29,106.0,8.31,1.388,1.0006404098623118,2025-09-01 04:00:00,1.0006404098623118,1.0006404098623118,1.0006404098623118,68.45238095238095,0.02000000000000135,466.36799999999994
549,2025-09-01,05:00:00,334.0,8.36,103.0,8.27,1.388,1.0006404098623118,2025-09-01 05:00:00,1.0006404098623118,1.0006404098623118,1.0006404098623118,69.16167664670658,-0.08999999999999986,463.592
550,2025-09-01,06:00:00,330.0,8.33,100.0,8.33,1.388,1.0006404098623118,2025-09-01 06:00:00,1.0006404098623118,1.0006404098623118,1.0006404098623118,69.6969696969697,0.0,458.03999999999996
527,2025-09-01,07:00:00,428.0,8.14,128.0,8.08,1.49,1.4914243102162563,2025-09-01 07:00:00,1.0006404098623118,1.0006404098623118,1.0006404098623118,70.09345794392523,-0.0600000000000005,637.72
528,2025-09-01,08:00:00,423.0,8.1,107.0,7.96,1.456,1.5262515262515262,2025-09-01 08:00:00,1.4914243102162563,1.0006404098623118,1.0006404098623118,74.70449172576832,-0.13999999999999968,615.888
529,2025-09-01,09:00:00,425.0,8.07,90.0,7.78,1.456,1.5262515262515262,2025-09-01 09:00:00,1.5262515262515262,1.4914243102162563,1.0006404098623118,78.82352941176471,-0.29000000000000004,618.8
530,2025-09-01,10:00:00,414.0,8.1,101.0,7.84,1.456,1.5262515262515262,2025-09-01 10:00:00,1.5262515262515262,1.5262515262515262,1.4914243102162563,75.60386473429952,-0.2599999999999998,602.784
531,2025-09-01,11:00:00,408.0,8.13,114.0,7.89,1.456,1.5262515262515262,2025-09-01 11:00:00,1.5262515262515262,1.5262515262515262,1.5262515262515262,72.05882352941177,-0.2400000000000011,594.048
532,2025-09-01,12:00:00,381.0,8.08,98.0,8.01,1.456,1.5262515262515262,2025-09-01 12:00:00,1.5262515262515262,1.5262515262515262,1.5262515262515262,74.2782152230971,-0.07000000000000028,554.736
533,2025-09-01,13:00:00,353.0,8.25,117.0,8.25,1.456,1.3354700854700854,2025-09-01 13:00:00,1.5262515262515262,1.5262515262515262,1.5262515262515262,66.85552407932012,0.0,513.968
534,2025-09-01,14:00:00,338.0,8.18,110.0,8.31,1.456,1.3354700854700854,2025-09-01 14:00:00,1.3354700854700854,1.5262515262515262,1.5262515262515262,67.45562130177515,0.13000000000000078,492.128
535,2025-09-01,15:00:00,327.0,8.11,108.0,8.27,1.456,1.3354700854700854,2025-09-01 15:00:00,1.3354700854700854,1.3354700854700854,1.5262515262515262,66.97247706422019,0.16000000000000014,476.11199999999997
536,2025-09-01,16:00:00,320.0,8.19,118.0,8.24,1.456,1.1446886446886448,2025-09-01 16:00:00,1.3354700854700854,1.3354700854700854,1.3354700854700854,63.125,0.05000000000000071,465.91999999999996
537,2025-09-01,17:00:00,300.0,8.24,130.0,8.12,1.456,1.1446886446886448,2025-09-01 17:00:00,1.1446886446886448,1.3354700854700854,1.3354700854700854,56.666666666666664,-0.120000000000001,436.8
538,2025-09-01,18:00:00,303.0,8.22,128.0,8.1,1.456,1.1446886446886448,2025-09-01 18:00:00,1.1446886446886448,1.1446886446886448,1.3354700854700854,57.755775577557756,-0.120000000000001,441.168
539,2025-09-01,19:00:00,287.0,8.28,124.0,8.37,1.422,1.1720581340834506,2025-09-01 19:00:00,1.1446886446886448,1.1446886446886448,1.1446886446886448,56.79442508710801,0.08999999999999986,408.114
540,2025-09-01,20:00:00,284.0,8.25,121.0,8.33,1.422,1.1720581340834506,2025-09-01 20:00:00,1.1720581340834506,1.1446886446886448,1.1446886446886448,57.3943661971831,0.08000000000000007,403.84799999999996
541,2025-09-01,21:00:00,305.0,8.21,117.0,8.3,1.422,1.1720581340834506,2025-09-01 21:00:00,1.1720581340834506,1.1720581340834506,1.1446886446886448,61.63934426229508,0.08999999999999986,433.71
542,2025-09-01,22:00:00,310.0,8.26,112.0,8.39,1.422,1.1720581340834506,2025-09-01 22:00:00,1.1720581340834506,1.1720581340834506,1.1720581340834506,63.87096774193548,0.13000000000000078,440.82
543,2025-09-01,23:00:00,307.0,8.29,108.0,8.22,1.422,0.9767151117362088,2025-09-01 23:00:00,1.1720581340834506,1.1720581340834506,1.1720581340834506,64.82084690553745,-0.06999999999999851,436.554
649,2025-09-05,05:00:00,289.0,8.09,80.0,8.01,2.415,1.1502185415228894,2025-09-05 05:00:00,0.9767151117362088,1.1720581340834506,1.1720581340834506,72.31833910034602,-0.08000000000000007,697.9350000000001
650,2025-09-05,06:00:00,390.0,8.06,101.0,8.05,2.588,1.0733298986776574,2025-09-05 06:00:00,1.1502185415228894,0.9767151117362088,1.1720581340834506,74.1025641025641,-0.009999999999999787,1009.32
669,2025-09-06,00:00:00,1234.0,7.91,137.0,7.93,2.248,3.70699881376038,2025-09-06 00:00:00,1.0733298986776574,1.1502185415228894,0.9767151117362088,88.89789303079417,0.019999999999999574,2774.032
670,2025-09-06,01:00:00,1188.0,7.87,133.0,7.91,2.248,3.70699881376038,2025-09-06 01:00:00,3.70699881376038,1.0733298986776574,1.1502185415228894,88.80471380471381,0.040000000000000036,2670.6240000000003
671,2025-09-06,02:00:00,1140.0,7.85,130.0,7.87,2.207,3.775864673010119,2025-09-06 02:00:00,3.70699881376038,3.70699881376038,1.0733298986776574,88.59649122807018,0.020000000000000462,2515.98
672,2025-09-06,03:00:00,1136.0,7.8,127.0,7.89,2.207,3.1465538941751,2025-09-06 03:00:00,3.775864673010119,3.70699881376038,3.70699881376038,88.82042253521126,0.08999999999999986,2507.152
673,2025-09-06,04:00:00,1130.0,7.78,123.0,7.86,2.207,3.1465538941751,2025-09-06 04:00:00,3.1465538941751,3.775864673010119,3.70699881376038,89.11504424778761,0.08000000000000007,2493.91
674,2025-09-06,05:00:00,1134.0,7.75,120.0,7.84,2.166,3.206114701959577,2025-09-06 05:00:00,3.1465538941751,3.1465538941751,3.775864673010119,89.41798941798942,0.08999999999999986,2456.244
675,2025-09-06,06:00:00,1128.0,7.72,111.0,7.88,2.166,3.206114701959577,2025-09-06 06:00:00,3.206114701959577,3.1465538941751,3.1465538941751,90.1595744680851,0.16000000000000014,2443.248
652,2025-09-06,07:00:00,747.0,8.06,120.0,8.3,2.676,1.0380335492443116,2025-09-06 07:00:00,3.206114701959577,3.206114701959577,3.1465538941751,83.93574297188755,0.2400000000000002,1998.9720000000002
653,2025-09-06,08:00:00,993.0,8.0,116.0,8.05,2.721,4.083466045979828,2025-09-06 08:00:00,1.0380335492443116,3.206114701959577,3.206114701959577,88.31822759315206,0.05000000000000071,2701.953
654,2025-09-06,09:00:00,1103.0,7.95,129.0,8.21,2.766,4.017032216598377,2025-09-06 09:00:00,4.083466045979828,1.0380335492443116,3.206114701959577,88.30462375339981,0.2600000000000007,3050.898
655,2025-09-06,10:00:00,1186.0,7.92,132.0,8.17,2.766,4.017032216598377,2025-09-06 10:00:00,4.017032216598377,4.083466045979828,1.0380335492443116,88.87015177065767,0.25,3280.476
656,2025-09-06,11:00:00,1307.0,7.86,136.0,8.25,2.7966,3.9730784206218654,2025-09-06 11:00:00,4.017032216598377,4.017032216598377,4.083466045979828,89.59449120122417,0.3899999999999997,3655.1562000000004
657,2025-09-06,12:00:00,1432.0,7.83,139.0,8.16,2.766,4.017032216598377,2025-09-06 12:00:00,3.9730784206218654,4.017032216598377,4.017032216598377,90.29329608938548,0.33000000000000007,3960.912
658,2025-09-06,13:00:00,1435.0,7.81,135.0,8.14,2.721,4.083466045979828,2025-09-06 13:00:00,4.017032216598377,3.9730784206218654,4.017032216598377,90.59233449477352,0.33000000000000096,3904.635
659,2025-09-06,14:00:00,1486.0,7.79,147.0,8.09,2.5676,4.327430717834207,2025-09-06 14:00:00,4.083466045979828,4.017032216598377,3.9730784206218654,90.10767160161507,0.2999999999999998,3815.4536000000003
660,2025-09-06,15:00:00,1391.0,7.76,129.0,8.15,2.632,4.221546774738264,2025-09-06 15:00:00,4.327430717834207,4.083466045979828,4.017032216598377,90.72609633357297,0.39000000000000057,3661.112
661,2025-09-06,16:00:00,1353.0,7.84,152.0,8.25,2.544,4.367575122292103,2025-09-06 16:00:00,4.221546774738264,4.327430717834207,4.083466045979828,88.76570583887657,0.41000000000000014,3442.032
662,2025-09-06,17:00:00,1326.0,7.93,179.0,8.21,2.502,4.440891731059597,2025-09-06 17:00:00,4.367575122292103,4.221546774738264,4.327430717834207,86.50075414781297,0.28000000000000114,3317.6519999999996
663,2025-09-06,18:00:00,1308.0,8.03,198.0,8.19,2.458,4.520386945122502,2025-09-06 18:00:00,4.440891731059597,4.367575122292103,4.221546774738264,84.86238532110092,0.16000000000000014,3215.0640000000003
664,2025-09-06,19:00:00,1368.0,7.77,213.0,8.01,2.331,4.7666714333381,2025-09-06 19:00:00,4.520386945122502,4.440891731059597,4.367575122292103,84.4298245614035,0.2400000000000002,3188.808
665,2025-09-06,20:00:00,1288.0,7.79,187.0,8.04,2.331,4.7666714333381,2025-09-06 20:00:00,4.7666714333381,4.520386945122502,4.440891731059597,85.48136645962732,0.2499999999999991,3002.328
666,2025-09-06,21:00:00,1260.0,7.84,173.0,8.02,2.289,4.854133294500267,2025-09-06 21:00:00,4.7666714333381,4.7666714333381,4.520386945122502,86.26984126984128,0.17999999999999972,2884.1400000000003
667,2025-09-06,22:00:00,1255.0,7.88,164.0,7.97,2.289,4.854133294500267,2025-09-06 22:00:00,4.854133294500267,4.7666714333381,4.7666714333381,86.93227091633466,0.08999999999999986,2872.695
668,2025-09-06,23:00:00,1241.0,7.93,151.0,7.95,2.289,4.854133294500267,2025-09-06 23:00:00,4.854133294500267,4.854133294500267,4.7666714333381,87.8323932312651,0.020000000000000462,2840.6490000000003
694,2025-09-07,00:00:00,938.0,7.61,108.0,7.8,2.046,3.394156619963072,2025-09-07 00:00:00,4.854133294500267,4.854133294500267,4.854133294500267,88.4861407249467,0.1899999999999995,1919.148
695,2025-09-07,01:00:00,930.0,7.65,104.0,7.76,2.046,3.394156619963072,2025-09-07 01:00:00,3.394156619963072,4.854133294500267,4.854133294500267,88.81720430107526,0.10999999999999943,1902.7799999999997
696,2025-09-07,02:00:00,903.0,7.63,110.0,7.74,2.046,3.394156619963072,2025-09-07 02:00:00,3.394156619963072,3.394156619963072,4.854133294500267,87.81838316722038,0.11000000000000032,1847.5379999999998
697,2025-09-07,03:00:00,872.0,7.66,102.0,7.77,2.046,3.394156619963072,2025-09-07 03:00:00,3.394156619963072,3.394156619963072,3.394156619963072,88.30275229357798,0.10999999999999943,1784.1119999999999
698,2025-09-07,04:00:00,846.0,7.64,99.0,7.73,2.046,3.394156619963072,2025-09-07 04:00:00,3.394156619963072,3.394156619963072,3.394156619963072,88.29787234042553,0.09000000000000075,1730.916
699,2025-09-07,05:00:00,818.0,7.62,97.0,7.71,2.166,3.206114701959577,2025-09-07 05:00:00,3.394156619963072,3.394156619963072,3.394156619963072,88.14180929095355,0.08999999999999986,1771.788
700,2025-09-07,06:00:00,826.0,7.65,103.0,7.74,2.166,3.206114701959577,2025-09-07 06:00:00,3.206114701959577,3.394156619963072,3.394156619963072,87.53026634382567,0.08999999999999986,1789.116
677,2025-09-07,07:00:00,891.0,7.9,96.0,7.93,2.166,3.206114701959577,2025-09-07 07:00:00,3.206114701959577,3.206114701959577,3.394156619963072,89.22558922558923,0.02999999999999936,1929.906
678,2025-09-07,08:00:00,882.0,7.86,99.0,7.42,2.166,3.206114701959577,2025-09-07 08:00:00,3.206114701959577,3.206114701959577,3.206114701959577,88.77551020408163,-0.4400000000000004,1910.412
679,2025-09-07,09:00:00,874.0,7.81,103.0,7.88,2.126,1.9598620257133896,2025-09-07 09:00:00,3.206114701959577,3.206114701959577,3.206114701959577,88.21510297482837,0.07000000000000028,1858.1239999999998
680,2025-09-07,10:00:00,838.0,7.73,90.0,7.95,2.126,1.9598620257133896,2025-09-07 10:00:00,1.9598620257133896,3.206114701959577,3.206114701959577,89.26014319809069,0.21999999999999975,1781.588
681,2025-09-07,11:00:00,849.0,7.7,77.0,7.8,2.126,1.3065746838089265,2025-09-07 11:00:00,1.9598620257133896,1.9598620257133896,3.206114701959577,90.93050647820967,0.09999999999999964,1804.974
682,2025-09-07,12:00:00,866.0,7.67,50.0,7.85,2.086,1.331628848407372,2025-09-07 12:00:00,1.3065746838089265,1.9598620257133896,1.9598620257133896,94.22632794457274,0.17999999999999972,1806.4759999999999
683,2025-09-07,13:00:00,840.0,7.69,53.0,7.82,2.086,1.331628848407372,2025-09-07 13:00:00,1.331628848407372,1.3065746838089265,1.9598620257133896,93.69047619047619,0.1299999999999999,1752.2399999999998
684,2025-09-07,14:00:00,875.0,7.71,51.0,7.78,2.086,1.331628848407372,2025-09-07 14:00:00,1.331628848407372,1.331628848407372,1.3065746838089265,94.17142857142858,0.07000000000000028,1825.2499999999998
685,2025-09-07,15:00:00,883.0,7.74,48.0,7.8,2.086,1.331628848407372,2025-09-07 15:00:00,1.331628848407372,1.331628848407372,1.331628848407372,94.56398640996603,0.05999999999999961,1841.9379999999999
686,2025-09-07,16:00:00,894.0,7.76,50.0,7.81,2.086,1.864280387770321,2025-09-07 16:00:00,1.331628848407372,1.331628848407372,1.331628848407372,94.40715883668904,0.04999999999999982,1864.8839999999998
687,2025-09-07,17:00:00,931.0,7.68,52.0,7.79,2.086,1.864280387770321,2025-09-07 17:00:00,1.864280387770321,1.331628848407372,1.331628848407372,94.41460794844254,0.11000000000000032,1942.0659999999998
688,2025-09-07,18:00:00,956.0,7.66,54.0,7.83,2.086,1.864280387770321,2025-09-07 18:00:00,1.864280387770321,1.864280387770321,1.331628848407372,94.35146443514645,0.16999999999999993,1994.216
689,2025-09-07,19:00:00,882.0,7.64,62.0,7.78,2.046,1.9007277071793205,2025-09-07 19:00:00,1.864280387770321,1.864280387770321,1.864280387770321,92.97052154195012,0.14000000000000057,1804.572
690,2025-09-07,20:00:00,876.0,7.68,59.0,7.8,2.046,2.715325295970457,2025-09-07 20:00:00,1.9007277071793205,1.864280387770321,1.864280387770321,93.2648401826484,0.1200000000000001,1792.2959999999998
691,2025-09-07,21:00:00,916.0,7.72,89.0,7.76,2.046,3.394156619963072,2025-09-07 21:00:00,2.715325295970457,1.9007277071793205,1.864280387770321,90.28384279475983,0.040000000000000036,1874.1359999999997
692,2025-09-07,22:00:00,922.0,7.66,92.0,7.82,2.046,3.394156619963072,2025-09-07 22:00:00,3.394156619963072,2.715325295970457,1.9007277071793205,90.02169197396964,0.16000000000000014,1886.4119999999998
693,2025-09-07,23:00:00,930.0,7.64,98.0,7.79,2.046,3.394156619963072,2025-09-07 23:00:00,3.394156619963072,3.394156619963072,2.715325295970457,89.46236559139786,0.15000000000000036,1902.7799999999997
719,2025-09-08,00:00:00,698.0,7.65,144.0,7.71,2.006,3.4618367120859643,2025-09-08 00:00:00,3.394156619963072,3.394156619963072,3.394156619963072,79.36962750716332,0.05999999999999961,1400.1879999999999
720,2025-09-08,01:00:00,695.0,7.62,147.0,7.73,2.006,2.769469369668772,2025-09-08 01:00:00,3.4618367120859643,3.394156619963072,3.394156619963072,78.84892086330936,0.11000000000000032,1394.1699999999998
721,2025-09-08,02:00:00,691.0,7.66,152.0,7.75,2.006,2.769469369668772,2025-09-08 02:00:00,2.769469369668772,3.4618367120859643,3.394156619963072,78.0028943560058,0.08999999999999986,1386.146
722,2025-09-08,03:00:00,686.0,7.59,153.0,7.72,2.006,2.769469369668772,2025-09-08 03:00:00,2.769469369668772,2.769469369668772,3.4618367120859643,77.69679300291546,0.1299999999999999,1376.1159999999998
723,2025-09-08,04:00:00,682.0,7.62,151.0,7.71,2.006,2.0771020272515788,2025-09-08 04:00:00,2.769469369668772,2.769469369668772,2.769469369668772,77.85923753665689,0.08999999999999986,1368.0919999999999
724,2025-09-08,05:00:00,673.0,7.57,158.0,7.76,2.006,2.0771020272515788,2025-09-08 05:00:00,2.0771020272515788,2.769469369668772,2.769469369668772,76.52303120356612,0.1899999999999995,1350.0379999999998
725,2025-09-08,06:00:00,670.0,7.6,156.0,7.74,2.006,2.0771020272515788,2025-09-08 06:00:00,2.0771020272515788,2.0771020272515788,2.769469369668772,76.71641791044776,0.14000000000000057,1344.0199999999998
702,2025-09-08,07:00:00,828.0,7.67,160.0,7.83,2.126,2.613149367617853,2025-09-08 07:00:00,2.0771020272515788,2.0771020272515788,2.0771020272515788,80.67632850241546,0.16000000000000014,1760.328
703,2025-09-08,08:00:00,833.0,7.72,157.0,7.92,2.126,2.613149367617853,2025-09-08 08:00:00,2.613149367617853,2.0771020272515788,2.0771020272515788,81.15246098439376,0.20000000000000018,1770.9579999999999
704,2025-09-08,09:00:00,816.0,7.79,155.0,7.95,2.126,2.613149367617853,2025-09-08 09:00:00,2.613149367617853,2.613149367617853,2.0771020272515788,81.00490196078431,0.16000000000000014,1734.8159999999998
705,2025-09-08,10:00:00,814.0,7.76,120.0,7.99,2.126,2.613149367617853,2025-09-08 10:00:00,2.613149367617853,2.613149367617853,2.613149367617853,85.25798525798525,0.23000000000000043,1730.5639999999999
706,2025-09-08,11:00:00,753.0,7.69,137.0,7.86,2.126,2.613149367617853,2025-09-08 11:00:00,2.613149367617853,2.613149367617853,2.613149367617853,81.80610889774236,0.16999999999999993,1600.878
707,2025-09-08,12:00:00,717.0,7.74,150.0,7.92,2.126,2.613149367617853,2025-09-08 12:00:00,2.613149367617853,2.613149367617853,2.613149367617853,79.07949790794979,0.17999999999999972,1524.3419999999999
708,2025-09-08,13:00:00,721.0,7.72,152.0,7.46,2.126,2.613149367617853,2025-09-08 13:00:00,2.613149367617853,2.613149367617853,2.613149367617853,78.91816920943134,-0.2599999999999998,1532.846
709,2025-09-08,14:00:00,736.0,7.66,167.0,7.83,2.126,2.613149367617853,2025-09-08 14:00:00,2.613149367617853,2.613149367617853,2.613149367617853,77.30978260869566,0.16999999999999993,1564.7359999999999
710,2025-09-08,15:00:00,732.0,7.52,135.0,7.8,2.086,2.663257696814744,2025-09-08 15:00:00,2.613149367617853,2.613149367617853,2.613149367617853,81.55737704918032,0.28000000000000025,1526.952
711,2025-09-08,16:00:00,740.0,7.49,123.0,7.76,2.086,3.32907212101843,2025-09-08 16:00:00,2.663257696814744,2.613149367617853,2.613149367617853,83.37837837837839,0.2699999999999996,1543.6399999999999
712,2025-09-08,17:00:00,725.0,7.63,128.0,7.71,2.086,3.32907212101843,2025-09-08 17:00:00,3.32907212101843,2.663257696814744,2.613149367617853,82.34482758620689,0.08000000000000007,1512.35
713,2025-09-08,18:00:00,712.0,7.82,139.0,7.67,2.086,3.32907212101843,2025-09-08 18:00:00,3.32907212101843,3.32907212101843,2.663257696814744,80.47752808988764,-0.15000000000000036,1485.232
714,2025-09-08,19:00:00,710.0,7.5,153.0,7.72,2.046,3.394156619963072,2025-09-08 19:00:00,3.32907212101843,3.32907212101843,3.32907212101843,78.45070422535211,0.21999999999999975,1452.6599999999999
715,2025-09-08,20:00:00,714.0,7.57,151.0,7.7,2.046,3.394156619963072,2025-09-08 20:00:00,3.394156619963072,3.32907212101843,3.32907212101843,78.8515406162465,0.1299999999999999,1460.8439999999998
716,2025-09-08,21:00:00,708.0,7.62,144.0,7.68,2.046,3.394156619963072,2025-09-08 21:00:00,3.394156619963072,3.394156619963072,3.32907212101843,79.66101694915254,0.05999999999999961,1448.568
717,2025-09-08,22:00:00,712.0,7.67,146.0,7.73,2.046,3.394156619963072,2025-09-08 22:00:00,3.394156619963072,3.394156619963072,3.394156619963072,79.49438202247191,0.0600000000000005,1456.752
718,2025-09-08,23:00:00,703.0,7.61,141.0,7.69,2.046,3.394156619963072,2025-09-08 23:00:00,3.394156619963072,3.394156619963072,3.394156619963072,79.94310099573258,0.08000000000000007,1438.338
744,2025-09-09,00:00:00,631.0,7.95,95.0,7.99,2.086,1.9974432726110576,2025-09-09 00:00:00,3.394156619963072,3.394156619963072,3.394156619963072,84.9445324881141,0.040000000000000036,1316.2659999999998
745,2025-09-09,01:00:00,619.0,7.86,96.0,7.94,2.086,1.9974432726110576,2025-09-09 01:00:00,1.9974432726110576,3.394156619963072,3.394156619963072,84.49111470113085,0.08000000000000007,1291.234
746,2025-09-09,02:00:00,628.0,7.9,108.0,7.92,2.086,1.9974432726110576,2025-09-09 02:00:00,1.9974432726110576,1.9974432726110576,3.394156619963072,82.80254777070064,0.019999999999999574,1310.0079999999998
747,2025-09-09,03:00:00,641.0,7.88,102.0,7.96,2.046,2.036493971977843,2025-09-09 03:00:00,1.9974432726110576,1.9974432726110576,1.9974432726110576,84.08736349453977,0.08000000000000007,1311.4859999999999
748,2025-09-09,04:00:00,633.0,7.91,99.0,7.87,2.046,2.036493971977843,2025-09-09 04:00:00,2.036493971977843,1.9974432726110576,1.9974432726110576,84.36018957345972,-0.040000000000000036,1295.118
749,2025-09-09,05:00:00,694.0,7.96,104.0,7.99,2.046,2.036493971977843,2025-09-09 05:00:00,2.036493971977843,2.036493971977843,1.9974432726110576,85.01440922190201,0.03000000000000025,1419.924
750,2025-09-09,06:00:00,735.0,7.8,98.0,7.88,2.046,2.036493971977843,2025-09-09 06:00:00,2.036493971977843,2.036493971977843,2.036493971977843,86.66666666666667,0.08000000000000007,1503.81
727,2025-09-09,07:00:00,659.0,7.81,141.0,7.8,2.006,2.0771020272515788,2025-09-09 07:00:00,2.036493971977843,2.036493971977843,2.036493971977843,78.60394537177542,-0.009999999999999787,1321.954
728,2025-09-09,08:00:00,657.0,7.78,140.0,7.82,1.967,1.9770660340055357,2025-09-09 08:00:00,2.0771020272515788,2.036493971977843,2.036493971977843,78.6910197869102,0.040000000000000036,1292.319
729,2025-09-09,09:00:00,631.0,7.76,139.0,7.81,1.967,1.9770660340055357,2025-09-09 09:00:00,1.9770660340055357,2.0771020272515788,2.036493971977843,77.97147385103011,0.04999999999999982,1241.1770000000001
730,2025-09-09,10:00:00,628.0,7.748,136.0,7.84,1.967,1.9770660340055357,2025-09-09 10:00:00,1.9770660340055357,1.9770660340055357,2.0771020272515788,78.343949044586,0.09199999999999964,1235.276
731,2025-09-09,11:00:00,625.0,7.83,138.0,7.85,1.967,2.1182850364345027,2025-09-09 11:00:00,1.9770660340055357,1.9770660340055357,1.9770660340055357,77.92,0.019999999999999574,1229.375
732,2025-09-09,12:00:00,579.0,7.94,123.0,7.88,1.967,2.1182850364345027,2025-09-09 12:00:00,2.1182850364345027,1.9770660340055357,1.9770660340055357,78.75647668393782,-0.0600000000000005,1138.893
733,2025-09-09,13:00:00,593.0,7.8,111.0,7.87,1.967,2.1182850364345027,2025-09-09 13:00:00,2.1182850364345027,2.1182850364345027,1.9770660340055357,81.28161888701517,0.07000000000000028,1166.431
734,2025-09-09,14:00:00,591.0,7.87,97.0,7.89,1.967,1.9770660340055357,2025-09-09 14:00:00,2.1182850364345027,2.1182850364345027,2.1182850364345027,83.58714043993231,0.019999999999999574,1162.497
735,2025-09-09,15:00:00,569.0,7.65,94.0,7.91,1.967,1.9770660340055357,2025-09-09 15:00:00,1.9770660340055357,2.1182850364345027,2.1182850364345027,83.47978910369068,0.2599999999999998,1119.223
736,2025-09-09,16:00:00,575.0,7.83,96.0,7.96,1.967,1.9770660340055357,2025-09-09 16:00:00,1.9770660340055357,1.9770660340055357,2.1182850364345027,83.30434782608695,0.1299999999999999,1131.025
737,2025-09-09,17:00:00,586.0,7.94,98.0,7.93,1.967,1.9770660340055357,2025-09-09 17:00:00,1.9770660340055357,1.9770660340055357,1.9770660340055357,83.27645051194538,-0.010000000000000675,1152.662
738,2025-09-09,18:00:00,582.0,7.96,101.0,7.91,1.967,1.9770660340055357,2025-09-09 18:00:00,1.9770660340055357,1.9770660340055357,1.9770660340055357,82.64604810996563,-0.04999999999999982,1144.794
739,2025-09-09,19:00:00,570.0,7.9,127.0,7.87,2.046,1.9007277071793205,2025-09-09 19:00:00,1.9770660340055357,1.9770660340055357,1.9770660340055357,77.71929824561403,-0.03000000000000025,1166.2199999999998
740,2025-09-09,20:00:00,568.0,7.88,124.0,7.83,2.046,1.9007277071793205,2025-09-09 20:00:00,1.9007277071793205,1.9770660340055357,1.9770660340055357,78.16901408450704,-0.04999999999999982,1162.128
741,2025-09-09,21:00:00,572.0,7.86,121.0,7.78,2.046,1.9007277071793205,2025-09-09 21:00:00,1.9007277071793205,1.9007277071793205,1.9770660340055357,78.84615384615384,-0.08000000000000007,1170.312
742,2025-09-09,22:00:00,578.0,7.82,119.0,7.75,2.086,1.9974432726110576,2025-09-09 22:00:00,1.9007277071793205,1.9007277071793205,1.9007277071793205,79.41176470588235,-0.07000000000000028,1205.7079999999999
743,2025-09-09,23:00:00,605.0,7.91,104.0,7.86,2.086,1.9974432726110576,2025-09-09 23:00:00,1.9974432726110576,1.9007277071793205,1.9007277071793205,82.8099173553719,-0.04999999999999982,1262.03
769,2025-09-10,00:00:00,718.0,7.84,163.0,7.97,2.046,2.036493971977843,2025-09-10 00:00:00,1.9974432726110576,1.9974432726110576,1.9007277071793205,77.29805013927576,0.1299999999999999,1469.0279999999998
770,2025-09-10,01:00:00,696.0,7.87,147.0,7.89,2.046,2.036493971977843,2025-09-10 01:00:00,2.036493971977843,1.9974432726110576,1.9974432726110576,78.87931034482759,0.019999999999999574,1424.0159999999998
771,2025-09-10,02:00:00,687.0,7.73,140.0,7.96,2.046,2.036493971977843,2025-09-10 02:00:00,2.036493971977843,2.036493971977843,1.9974432726110576,79.62154294032024,0.22999999999999954,1405.6019999999999
772,2025-09-10,03:00:00,721.0,7.86,153.0,7.99,2.046,2.036493971977843,2025-09-10 03:00:00,2.036493971977843,2.036493971977843,2.036493971977843,78.77947295423023,0.1299999999999999,1475.166
773,2025-09-10,04:00:00,735.0,7.71,167.0,8.02,2.046,2.036493971977843,2025-09-10 04:00:00,2.036493971977843,2.036493971977843,2.036493971977843,77.27891156462586,0.3099999999999996,1503.81
774,2025-09-10,05:00:00,698.0,7.82,162.0,7.98,2.046,2.036493971977843,2025-09-10 05:00:00,2.036493971977843,2.036493971977843,2.036493971977843,76.79083094555874,0.16000000000000014,1428.108
775,2025-09-10,06:00:00,737.0,7.78,165.0,8.04,2.046,2.036493971977843,2025-09-10 06:00:00,2.036493971977843,2.036493971977843,2.036493971977843,77.61194029850746,0.2599999999999989,1507.9019999999998
752,2025-09-10,07:00:00,699.0,7.94,130.0,7.79,2.046,2.036493971977843,2025-09-10 07:00:00,2.036493971977843,2.036493971977843,2.036493971977843,81.40200286123033,-0.15000000000000036,1430.1539999999998
753,2025-09-10,08:00:00,695.0,7.9,133.0,7.68,2.046,2.036493971977843,2025-09-10 08:00:00,2.036493971977843,2.036493971977843,2.036493971977843,80.86330935251799,-0.22000000000000064,1421.9699999999998
754,2025-09-10,09:00:00,697.0,7.89,131.0,7.7,2.046,2.036493971977843,2025-09-10 09:00:00,2.036493971977843,2.036493971977843,2.036493971977843,81.2051649928264,-0.1899999999999995,1426.062
755,2025-09-10,10:00:00,723.0,7.78,129.0,7.72,2.046,2.036493971977843,2025-09-10 10:00:00,2.036493971977843,2.036493971977843,2.036493971977843,82.15767634854771,-0.0600000000000005,1479.2579999999998
756,2025-09-10,11:00:00,703.0,7.8,127.0,7.75,2.046,2.036493971977843,2025-09-10 11:00:00,2.036493971977843,2.036493971977843,2.036493971977843,81.93456614509246,-0.04999999999999982,1438.338
757,2025-09-10,12:00:00,635.0,7.93,145.0,7.78,2.046,2.036493971977843,2025-09-10 12:00:00,2.036493971977843,2.036493971977843,2.036493971977843,77.16535433070865,-0.14999999999999947,1299.2099999999998
758,2025-09-10,13:00:00,639.0,7.83,160.0,7.8,2.046,2.036493971977843,2025-09-10 13:00:00,2.036493971977843,2.036493971977843,2.036493971977843,74.96087636932708,-0.03000000000000025,1307.3939999999998
759,2025-09-10,14:00:00,645.0,7.88,179.0,7.85,2.046,2.036493971977843,2025-09-10 14:00:00,2.036493971977843,2.036493971977843,2.036493971977843,72.24806201550388,-0.03000000000000025,1319.6699999999998
760,2025-09-10,15:00:00,656.0,7.96,152.0,7.88,2.046,2.036493971977843,2025-09-10 15:00:00,2.036493971977843,2.036493971977843,2.036493971977843,76.82926829268293,-0.08000000000000007,1342.176
761,2025-09-10,16:00:00,668.0,7.692,133.0,7.9,2.046,2.036493971977843,2025-09-10 16:00:00,2.036493971977843,2.036493971977843,2.036493971977843,80.08982035928143,0.20800000000000018,1366.7279999999998
762,2025-09-10,17:00:00,674.0,7.85,110.0,7.93,2.046,2.036493971977843,2025-09-10 17:00:00,2.036493971977843,2.036493971977843,2.036493971977843,83.67952522255193,0.08000000000000007,1379.004
763,2025-09-10,18:00:00,690.0,7.88,116.0,7.96,2.046,2.036493971977843,2025-09-10 18:00:00,2.036493971977843,2.036493971977843,2.036493971977843,83.18840579710145,0.08000000000000007,1411.7399999999998
764,2025-09-10,19:00:00,649.0,7.83,176.0,7.72,2.046,2.036493971977843,2025-09-10 19:00:00,2.036493971977843,2.036493971977843,2.036493971977843,72.88135593220339,-0.11000000000000032,1327.8539999999998
765,2025-09-10,20:00:00,653.0,7.86,172.0,7.77,2.046,2.036493971977843,2025-09-10 20:00:00,2.036493971977843,2.036493971977843,2.036493971977843,73.66003062787136,-0.09000000000000075,1336.0379999999998
766,2025-09-10,21:00:00,721.0,7.59,163.0,7.87,2.046,2.036493971977843,2025-09-10 21:00:00,2.036493971977843,2.036493971977843,2.036493971977843,77.39251040221914,0.28000000000000025,1475.166
767,2025-09-10,22:00:00,719.0,7.63,157.0,7.9,2.046,2.036493971977843,2025-09-10 22:00:00,2.036493971977843,2.036493971977843,2.036493971977843,78.16411682892907,0.27000000000000046,1471.0739999999998
768,2025-09-10,23:00:00,725.0,7.79,159.0,7.94,2.046,2.036493971977843,2025-09-10 23:00:00,2.036493971977843,2.036493971977843,2.036493971977843,78.06896551724138,0.15000000000000036,1483.35
794,2025-09-11,00:00:00,529.0,7.72,186.0,8.1,1.852,2.249820014398848,2025-09-11 00:00:00,2.036493971977843,2.036493971977843,2.036493971977843,64.83931947069944,0.3799999999999999,979.7080000000001
795,2025-09-11,01:00:00,522.0,7.8,189.0,8.07,1.852,2.249820014398848,2025-09-11 01:00:00,2.249820014398848,2.036493971977843,2.036493971977843,63.793103448275865,0.27000000000000046,966.744
796,2025-09-11,02:00:00,526.0,7.71,172.0,7.98,1.814,2.296949650863653,2025-09-11 02:00:00,2.249820014398848,2.249820014398848,2.036493971977843,67.30038022813687,0.27000000000000046,954.164
797,2025-09-11,03:00:00,524.0,7.88,176.0,8.01,1.814,2.296949650863653,2025-09-11 03:00:00,2.296949650863653,2.249820014398848,2.249820014398848,66.41221374045801,0.1299999999999999,950.5360000000001
798,2025-09-11,04:00:00,531.0,7.76,178.0,7.92,1.777,2.3447758394297504,2025-09-11 04:00:00,2.296949650863653,2.296949650863653,2.249820014398848,66.47834274952919,0.16000000000000014,943.587
799,2025-09-11,05:00:00,527.0,7.84,171.0,7.96,1.777,2.3447758394297504,2025-09-11 05:00:00,2.3447758394297504,2.296949650863653,2.296949650863653,67.55218216318785,0.1200000000000001,936.4789999999999
800,2025-09-11,06:00:00,523.0,7.79,174.0,7.93,1.777,2.3447758394297504,2025-09-11 06:00:00,2.3447758394297504,2.3447758394297504,2.296949650863653,66.73040152963671,0.13999999999999968,929.371
777,2025-09-11,07:00:00,673.0,7.7,158.0,7.71,2.046,2.036493971977843,2025-09-11 07:00:00,2.3447758394297504,2.3447758394297504,2.3447758394297504,76.52303120356612,0.009999999999999787,1376.9579999999999
778,2025-09-11,08:00:00,675.0,7.72,168.0,7.66,2.046,2.036493971977843,2025-09-11 08:00:00,2.036493971977843,2.3447758394297504,2.3447758394297504,75.1111111111111,-0.05999999999999961,1381.05
779,2025-09-11,09:00:00,670.0,7.71,171.0,7.69,2.046,2.036493971977843,2025-09-11 09:00:00,2.036493971977843,2.036493971977843,2.3447758394297504,74.4776119402985,-0.019999999999999574,1370.82
780,2025-09-11,10:00:00,668.0,7.68,175.0,7.72,2.046,2.036493971977843,2025-09-11 10:00:00,2.036493971977843,2.036493971977843,2.036493971977843,73.80239520958084,0.040000000000000036,1366.7279999999998
781,2025-09-11,11:00:00,661.0,7.63,177.0,7.66,2.046,2.036493971977843,2025-09-11 11:00:00,2.036493971977843,2.036493971977843,2.036493971977843,73.22239031770046,0.03000000000000025,1352.406
782,2025-09-11,12:00:00,652.0,7.55,181.0,7.6,2.046,2.036493971977843,2025-09-11 12:00:00,2.036493971977843,2.036493971977843,2.036493971977843,72.23926380368098,0.04999999999999982,1333.992
783,2025-09-11,13:00:00,650.0,7.58,178.0,7.63,2.006,2.0771020272515788,2025-09-11 13:00:00,2.036493971977843,2.036493971977843,2.036493971977843,72.61538461538461,0.04999999999999982,1303.8999999999999
784,2025-09-11,14:00:00,638.0,7.61,188.0,7.65,2.006,2.0771020272515788,2025-09-11 14:00:00,2.0771020272515788,2.036493971977843,2.036493971977843,70.53291536050156,0.040000000000000036,1279.828
785,2025-09-11,15:00:00,625.0,7.68,183.0,7.68,1.967,2.1182850364345027,2025-09-11 15:00:00,2.0771020272515788,2.0771020272515788,2.036493971977843,70.72,0.0,1229.375
786,2025-09-11,16:00:00,619.0,7.72,190.0,7.74,1.967,2.1182850364345027,2025-09-11 16:00:00,2.1182850364345027,2.0771020272515788,2.0771020272515788,69.30533117932148,0.020000000000000462,1217.573
787,2025-09-11,17:00:00,613.0,7.74,187.0,7.77,1.929,2.160013824088474,2025-09-11 17:00:00,2.1182850364345027,2.1182850364345027,2.0771020272515788,69.49429037520392,0.02999999999999936,1182.477
788,2025-09-11,18:00:00,602.0,7.83,192.0,7.78,1.929,2.016012902482576,2025-09-11 18:00:00,2.160013824088474,2.1182850364345027,2.1182850364345027,68.10631229235881,-0.04999999999999982,1161.258
789,2025-09-11,19:00:00,520.0,7.9,203.0,7.79,1.929,2.160013824088474,2025-09-11 19:00:00,2.016012902482576,2.160013824088474,2.1182850364345027,60.96153846153847,-0.11000000000000032,1003.08
790,2025-09-11,20:00:00,516.0,7.86,211.0,7.83,1.929,2.160013824088474,2025-09-11 20:00:00,2.160013824088474,2.016012902482576,2.160013824088474,59.10852713178295,-0.03000000000000025,995.364
791,2025-09-11,21:00:00,525.0,7.83,219.0,7.89,1.929,2.160013824088474,2025-09-11 21:00:00,2.160013824088474,2.160013824088474,2.016012902482576,58.285714285714285,0.05999999999999961,1012.725
792,2025-09-11,22:00:00,530.0,7.79,225.0,7.8,1.89,2.2045855379188715,2025-09-11 22:00:00,2.160013824088474,2.160013824088474,2.160013824088474,57.54716981132076,0.009999999999999787,1001.6999999999999
793,2025-09-11,23:00:00,526.0,7.75,203.0,7.96,1.89,2.2045855379188715,2025-09-11 23:00:00,2.2045855379188715,2.160013824088474,2.160013824088474,61.40684410646388,0.20999999999999996,994.14
819,2025-09-12,00:00:00,367.0,7.77,105.0,7.8,1.162,1.6733601070950468,2025-09-12 00:00:00,2.2045855379188715,2.2045855379188715,2.160013824088474,71.38964577656675,0.03000000000000025,426.45399999999995
820,2025-09-12,01:00:00,361.0,7.81,108.0,7.79,1.162,1.6733601070950468,2025-09-12 01:00:00,1.6733601070950468,2.2045855379188715,2.2045855379188715,70.08310249307479,-0.019999999999999574,419.48199999999997
821,2025-09-12,02:00:00,355.0,7.79,106.0,7.77,1.162,1.6733601070950468,2025-09-12 02:00:00,1.6733601070950468,1.6733601070950468,2.2045855379188715,70.14084507042253,-0.020000000000000462,412.51
822,2025-09-12,03:00:00,353.0,7.75,113.0,7.79,1.131,1.7192258571568917,2025-09-12 03:00:00,1.6733601070950468,1.6733601070950468,1.6733601070950468,67.98866855524079,0.040000000000000036,399.243
823,2025-09-12,04:00:00,350.0,7.69,114.0,7.81,1.131,1.7192258571568917,2025-09-12 04:00:00,1.7192258571568917,1.6733601070950468,1.6733601070950468,67.42857142857143,0.11999999999999922,395.85
824,2025-09-12,05:00:00,348.0,7.71,110.0,7.83,1.131,1.7192258571568917,2025-09-12 05:00:00,1.7192258571568917,1.7192258571568917,1.6733601070950468,68.39080459770115,0.1200000000000001,393.588
825,2025-09-12,06:00:00,345.0,7.74,112.0,7.8,1.1,1.7676767676767675,2025-09-12 06:00:00,1.7192258571568917,1.7192258571568917,1.7192258571568917,67.53623188405797,0.05999999999999961,379.50000000000006
802,2025-09-12,07:00:00,511.0,7.64,188.0,7.68,1.74,2.3946360153256707,2025-09-12 07:00:00,1.7676767676767675,1.7192258571568917,1.7192258571568917,63.20939334637965,0.040000000000000036,889.14
803,2025-09-12,08:00:00,506.0,7.66,183.0,7.88,1.74,2.3946360153256707,2025-09-12 08:00:00,2.3946360153256707,1.7676767676767675,1.7192258571568917,63.83399209486166,0.21999999999999975,880.4399999999999
804,2025-09-12,09:00:00,513.0,7.68,189.0,7.73,1.74,2.3946360153256707,2025-09-12 09:00:00,2.3946360153256707,2.3946360153256707,1.7676767676767675,63.1578947368421,0.05000000000000071,892.62
805,2025-09-12,10:00:00,483.0,7.72,172.0,7.76,1.74,2.3946360153256707,2025-09-12 10:00:00,2.3946360153256707,2.3946360153256707,2.3946360153256707,64.38923395445134,0.040000000000000036,840.42
806,2025-09-12,11:00:00,447.0,7.67,154.0,7.75,1.74,2.3946360153256707,2025-09-12 11:00:00,2.3946360153256707,2.3946360153256707,2.3946360153256707,65.54809843400447,0.08000000000000007,777.78
807,2025-09-12,12:00:00,402.0,7.7,135.0,7.78,1.703,1.6311085013375088,2025-09-12 12:00:00,2.3946360153256707,2.3946360153256707,2.3946360153256707,66.4179104477612,0.08000000000000007,684.606
808,2025-09-12,13:00:00,389.0,7.75,130.0,7.83,1.703,1.6311085013375088,2025-09-12 13:00:00,1.6311085013375088,2.3946360153256707,2.3946360153256707,66.58097686375322,0.08000000000000007,662.467
809,2025-09-12,14:00:00,372.0,7.71,124.0,7.84,1.667,1.3330667199893351,2025-09-12 14:00:00,1.6311085013375088,1.6311085013375088,2.3946360153256707,66.66666666666666,0.1299999999999999,620.124
810,2025-09-12,15:00:00,364.0,7.76,115.0,7.86,1.667,1.3330667199893351,2025-09-12 15:00:00,1.3330667199893351,1.6311085013375088,1.6311085013375088,68.4065934065934,0.10000000000000053,606.788
811,2025-09-12,16:00:00,356.0,7.73,112.0,7.88,1.631,1.3624906328768989,2025-09-12 16:00:00,1.3330667199893351,1.3330667199893351,1.6311085013375088,68.53932584269663,0.14999999999999947,580.636
812,2025-09-12,17:00:00,342.0,7.75,106.0,7.92,1.631,1.3624906328768989,2025-09-12 17:00:00,1.3624906328768989,1.3330667199893351,1.3330667199893351,69.00584795321637,0.16999999999999993,557.802
813,2025-09-12,18:00:00,345.0,7.78,108.0,7.9,1.631,1.3624906328768989,2025-09-12 18:00:00,1.3624906328768989,1.3624906328768989,1.3330667199893351,68.69565217391305,0.1200000000000001,562.695
814,2025-09-12,19:00:00,333.0,7.91,107.0,7.9,1.631,1.3624906328768989,2025-09-12 19:00:00,1.3624906328768989,1.3624906328768989,1.3624906328768989,67.86786786786787,-0.009999999999999787,543.123
815,2025-09-12,20:00:00,328.0,7.88,105.0,7.89,1.388,1.4008965738072363,2025-09-12 20:00:00,1.3624906328768989,1.3624906328768989,1.3624906328768989,67.98780487804879,0.009999999999999787,455.26399999999995
816,2025-09-12,21:00:00,324.0,7.9,117.0,7.85,1.289,1.5084906473579864,2025-09-12 21:00:00,1.4008965738072363,1.3624906328768989,1.3624906328768989,63.888888888888886,-0.05000000000000071,417.63599999999997
817,2025-09-12,22:00:00,339.0,7.86,113.0,7.82,1.225,1.587301587301587,2025-09-12 22:00:00,1.5084906473579864,1.4008965738072363,1.3624906328768989,66.66666666666666,-0.040000000000000036,415.27500000000003
818,2025-09-12,23:00:00,350.0,7.82,110.0,7.78,1.193,1.6298779919903137,2025-09-12 23:00:00,1.587301587301587,1.5084906473579864,1.4008965738072363,68.57142857142857,-0.040000000000000036,417.55
827,2025-09-13,07:00:00,320.0,7.74,110.0,7.8,1.07,1.557632398753894,2025-09-13 07:00:00,1.6298779919903137,1.587301587301587,1.5084906473579864,65.625,0.05999999999999961,342.40000000000003
828,2025-09-13,08:00:00,318.0,7.68,97.0,7.89,1.07,1.557632398753894,2025-09-13 08:00:00,1.557632398753894,1.6298779919903137,1.587301587301587,69.49685534591194,0.20999999999999996,340.26000000000005
829,2025-09-13,09:00:00,311.0,7.71,100.0,7.91,1.07,1.557632398753894,2025-09-13 09:00:00,1.557632398753894,1.557632398753894,1.6298779919903137,67.84565916398714,0.20000000000000018,332.77000000000004
830,2025-09-13,10:00:00,304.0,7.74,93.0,7.94,1.04,1.6025641025641024,2025-09-13 10:00:00,1.557632398753894,1.557632398753894,1.557632398753894,69.4078947368421,0.20000000000000018,316.16
831,2025-09-13,11:00:00,293.0,7.76,103.0,7.92,1.04,1.0683760683760684,2025-09-13 11:00:00,1.6025641025641024,1.557632398753894,1.557632398753894,64.84641638225256,0.16000000000000014,304.72
832,2025-09-13,12:00:00,280.0,7.3,100.0,7.97,1.011,1.0990218705352237,2025-09-13 12:00:00,1.0683760683760684,1.6025641025641024,1.557632398753894,64.28571428571429,0.6699999999999999,283.08
833,2025-09-13,13:00:00,271.0,7.7,96.0,7.8,1.011,1.0990218705352237,2025-09-13 13:00:00,1.0990218705352237,1.0683760683760684,1.6025641025641024,64.57564575645756,0.09999999999999964,273.981
834,2025-09-13,14:00:00,269.0,7.75,99.0,7.79,1.422,1.9534302234724172,2025-09-13 14:00:00,1.0990218705352237,1.0990218705352237,1.0683760683760684,63.19702602230484,0.040000000000000036,382.518
835,2025-09-13,15:00:00,258.0,7.67,102.0,7.81,1.852,2.999760019198464,2025-09-13 15:00:00,1.9534302234724172,1.0990218705352237,1.0990218705352237,60.46511627906976,0.13999999999999968,477.81600000000003
836,2025-09-13,16:00:00,886.0,7.72,97.0,7.78,3.529,4.722773212430339,2025-09-13 16:00:00,2.999760019198464,1.9534302234724172,1.0990218705352237,89.05191873589165,0.0600000000000005,3126.694
837,2025-09-13,17:00:00,1044.0,7.86,93.0,7.71,3.737,8.919810900008919,2025-09-13 17:00:00,4.722773212430339,2.999760019198464,1.9534302234724172,91.0919540229885,-0.15000000000000036,3901.428
838,2025-09-13,18:00:00,1862.0,7.81,102.0,7.8,4.543,7.337295472888693,2025-09-13 18:00:00,8.919810900008919,4.722773212430339,2.999760019198464,94.52201933404942,-0.009999999999999787,8459.066
869,2025-09-14,00:00:00,1719.0,7.56,186.0,7.4,2.248,3.70699881376038,2025-09-14 00:00:00,7.337295472888693,8.919810900008919,4.722773212430339,89.17975567190227,-0.15999999999999925,3864.3120000000004
870,2025-09-14,01:00:00,1730.0,7.59,189.0,7.51,2.289,3.6405999708752,2025-09-14 01:00:00,3.70699881376038,7.337295472888693,8.919810900008919,89.07514450867052,-0.08000000000000007,3959.9700000000003
871,2025-09-14,02:00:00,1715.0,7.55,187.0,7.52,2.289,3.6405999708752,2025-09-14 02:00:00,3.6405999708752,3.70699881376038,7.337295472888693,89.09620991253644,-0.03000000000000025,3925.635
872,2025-09-14,03:00:00,1702.0,7.53,185.0,7.5,2.289,3.6405999708752,2025-09-14 03:00:00,3.6405999708752,3.6405999708752,3.70699881376038,89.13043478260869,-0.03000000000000025,3895.878
873,2025-09-14,04:00:00,1695.0,7.48,186.0,7.48,2.248,3.70699881376038,2025-09-14 04:00:00,3.6405999708752,3.6405999708752,3.6405999708752,89.02654867256638,0.0,3810.3600000000006
874,2025-09-14,05:00:00,1686.0,7.44,183.0,7.47,2.248,3.70699881376038,2025-09-14 05:00:00,3.70699881376038,3.6405999708752,3.6405999708752,89.1459074733096,0.02999999999999936,3790.128
875,2025-09-14,06:00:00,1690.0,7.46,180.0,7.45,2.248,3.70699881376038,2025-09-14 06:00:00,3.70699881376038,3.70699881376038,3.6405999708752,89.3491124260355,-0.009999999999999787,3799.1200000000003
852,2025-09-14,07:00:00,1862.0,7.75,161.0,7.62,2.331,4.7666714333381,2025-09-14 07:00:00,3.70699881376038,3.70699881376038,3.70699881376038,91.35338345864662,-0.1299999999999999,4340.322
853,2025-09-14,08:00:00,1796.0,7.7,147.0,7.75,2.331,4.7666714333381,2025-09-14 08:00:00,4.7666714333381,3.70699881376038,3.70699881376038,91.815144766147,0.04999999999999982,4186.476
854,2025-09-14,09:00:00,1783.0,7.64,132.0,7.66,2.331,4.7666714333381,2025-09-14 09:00:00,4.7666714333381,4.7666714333381,3.70699881376038,92.5967470555244,0.020000000000000462,4156.173
855,2025-09-14,10:00:00,1766.0,7.51,127.0,7.54,2.331,4.7666714333381,2025-09-14 10:00:00,4.7666714333381,4.7666714333381,4.7666714333381,92.80860702151756,0.03000000000000025,4116.546
856,2025-09-14,11:00:00,1730.0,7.44,119.0,7.44,2.331,4.7666714333381,2025-09-14 11:00:00,4.7666714333381,4.7666714333381,4.7666714333381,93.12138728323698,0.0,4032.63
857,2025-09-14,12:00:00,1710.0,7.38,102.0,7.36,2.331,4.7666714333381,2025-09-14 12:00:00,4.7666714333381,4.7666714333381,4.7666714333381,94.03508771929825,-0.019999999999999574,3986.0099999999998
858,2025-09-14,13:00:00,1760.0,7.43,115.0,7.42,2.331,3.5750035750035747,2025-09-14 13:00:00,4.7666714333381,4.7666714333381,4.7666714333381,93.4659090909091,-0.009999999999999787,4102.5599999999995
859,2025-09-14,14:00:00,1738.0,7.45,129.0,7.46,2.331,3.5750035750035747,2025-09-14 14:00:00,3.5750035750035747,4.7666714333381,4.7666714333381,92.57767548906789,0.009999999999999787,4051.278
860,2025-09-14,15:00:00,1746.0,7.41,132.0,7.43,2.289,3.6405999708752,2025-09-14 15:00:00,3.5750035750035747,3.5750035750035747,4.7666714333381,92.43986254295532,0.019999999999999574,3996.594
861,2025-09-14,16:00:00,1762.0,7.38,139.0,7.47,2.29,3.6390101892285296,2025-09-14 16:00:00,3.6405999708752,3.5750035750035747,3.5750035750035747,92.11123723041997,0.08999999999999986,4034.98
862,2025-09-14,17:00:00,1779.0,7.35,154.0,7.5,2.248,3.70699881376038,2025-09-14 17:00:00,3.6390101892285296,3.6405999708752,3.5750035750035747,91.34345137717818,0.15000000000000036,3999.1920000000005
863,2025-09-14,18:00:00,1736.0,7.37,169.0,7.52,2.248,3.70699881376038,2025-09-14 18:00:00,3.70699881376038,3.6390101892285296,3.6405999708752,90.26497695852534,0.14999999999999947,3902.5280000000002
864,2025-09-14,19:00:00,1731.0,7.55,183.0,7.51,2.248,3.70699881376038,2025-09-14 19:00:00,3.70699881376038,3.70699881376038,3.6390101892285296,89.42807625649914,-0.040000000000000036,3891.2880000000005
865,2025-09-14,20:00:00,1720.0,7.57,188.0,7.54,2.248,3.70699881376038,2025-09-14 20:00:00,3.70699881376038,3.70699881376038,3.70699881376038,89.06976744186046,-0.03000000000000025,3866.5600000000004
866,2025-09-14,21:00:00,1728.0,7.6,191.0,7.57,2.248,3.70699881376038,2025-09-14 21:00:00,3.70699881376038,3.70699881376038,3.70699881376038,88.94675925925925,-0.02999999999999936,3884.5440000000003
867,2025-09-14,22:00:00,1725.0,7.6122,190.0,7.53,2.248,3.70699881376038,2025-09-14 22:00:00,3.70699881376038,3.70699881376038,3.70699881376038,88.98550724637681,-0.08219999999999938,3877.8
868,2025-09-14,23:00:00,1722.0,7.58,188.0,7.5,2.248,3.70699881376038,2025-09-14 23:00:00,3.70699881376038,3.70699881376038,3.70699881376038,89.08246225319397,-0.08000000000000007,3871.0560000000005
894,2025-09-15,00:00:00,1130.0,7.48,78.0,7.4,2.126,2.613149367617853,2025-09-15 00:00:00,3.70699881376038,3.70699881376038,3.70699881376038,93.09734513274336,-0.08000000000000007,2402.3799999999997
895,2025-09-15,01:00:00,1186.0,7.52,72.0,7.37,2.126,2.3518344308560675,2025-09-15 01:00:00,2.613149367617853,3.70699881376038,3.70699881376038,93.929173693086,-0.14999999999999947,2521.4359999999997
896,2025-09-15,02:00:00,1216.0,7.47,69.0,7.35,2.126,2.3518344308560675,2025-09-15 02:00:00,2.3518344308560675,2.613149367617853,3.70699881376038,94.32565789473685,-0.1200000000000001,2585.216
897,2025-09-15,03:00:00,1194.0,7.45,65.0,7.32,2.126,2.3518344308560675,2025-09-15 03:00:00,2.3518344308560675,2.3518344308560675,2.613149367617853,94.55611390284757,-0.1299999999999999,2538.444
898,2025-09-15,04:00:00,1214.0,7.49,53.0,7.36,2.126,2.3518344308560675,2025-09-15 04:00:00,2.3518344308560675,2.3518344308560675,2.3518344308560675,95.63426688632619,-0.1299999999999999,2580.964
899,2025-09-15,05:00:00,1232.0,7.43,48.0,7.31,2.126,2.3518344308560675,2025-09-15 05:00:00,2.3518344308560675,2.3518344308560675,2.3518344308560675,96.1038961038961,-0.1200000000000001,2619.232
900,2025-09-15,06:00:00,1180.0,7.45,45.0,7.33,2.126,2.3518344308560675,2025-09-15 06:00:00,2.3518344308560675,2.3518344308560675,2.3518344308560675,96.1864406779661,-0.1200000000000001,2508.68
877,2025-09-15,07:00:00,1597.0,7.56,221.0,7.34,2.207,5.034486230680159,2025-09-15 07:00:00,2.3518344308560675,2.3518344308560675,2.3518344308560675,86.16155291170946,-0.21999999999999975,3524.5789999999997
878,2025-09-15,08:00:00,1536.0,7.48,179.0,7.58,2.207,5.034486230680159,2025-09-15 08:00:00,5.034486230680159,2.3518344308560675,2.3518344308560675,88.34635416666666,0.09999999999999964,3389.9519999999998
879,2025-09-15,09:00:00,1488.0,7.3,146.0,7.85,2.207,3.775864673010119,2025-09-15 09:00:00,5.034486230680159,5.034486230680159,2.3518344308560675,90.18817204301075,0.5499999999999998,3284.0159999999996
880,2025-09-15,10:00:00,1437.0,7.34,128.0,7.45,2.207,3.775864673010119,2025-09-15 10:00:00,3.775864673010119,5.034486230680159,5.034486230680159,91.09255393180237,0.11000000000000032,3171.459
881,2025-09-15,11:00:00,1276.0,7.3,108.0,7.53,2.207,3.775864673010119,2025-09-15 11:00:00,3.775864673010119,3.775864673010119,5.034486230680159,91.53605015673982,0.23000000000000043,2816.1319999999996
882,2025-09-15,12:00:00,1188.0,7.33,96.0,7.46,2.207,3.1465538941751,2025-09-15 12:00:00,3.775864673010119,3.775864673010119,3.775864673010119,91.91919191919192,0.1299999999999999,2621.9159999999997
883,2025-09-15,13:00:00,1255.0,7.42,91.0,7.59,2.207,3.1465538941751,2025-09-15 13:00:00,3.1465538941751,3.775864673010119,3.775864673010119,92.74900398406375,0.16999999999999993,2769.785
884,2025-09-15,14:00:00,1301.0,7.48,89.0,7.55,2.207,3.1465538941751,2025-09-15 14:00:00,3.1465538941751,3.1465538941751,3.775864673010119,93.15910837817064,0.0699999999999994,2871.307
885,2025-09-15,15:00:00,1316.0,7.39,86.0,7.52,2.207,3.1465538941751,2025-09-15 15:00:00,3.1465538941751,3.1465538941751,3.1465538941751,93.46504559270517,0.1299999999999999,2904.412
886,2025-09-15,16:00:00,1371.0,7.32,83.0,7.48,2.207,3.1465538941751,2025-09-15 16:00:00,3.1465538941751,3.1465538941751,3.1465538941751,93.94602479941648,0.16000000000000014,3025.7969999999996
887,2025-09-15,17:00:00,1336.0,7.26,97.0,7.42,2.207,3.1465538941751,2025-09-15 17:00:00,3.1465538941751,3.1465538941751,3.1465538941751,92.73952095808383,0.16000000000000014,2948.5519999999997
888,2025-09-15,18:00:00,1236.0,7.32,105.0,7.35,2.207,3.1465538941751,2025-09-15 18:00:00,3.1465538941751,3.1465538941751,3.1465538941751,91.50485436893204,0.02999999999999936,2727.852
889,2025-09-15,19:00:00,1324.0,7.61,97.0,7.39,2.166,3.206114701959577,2025-09-15 19:00:00,3.1465538941751,3.1465538941751,3.1465538941751,92.6737160120846,-0.22000000000000064,2867.784
890,2025-09-15,20:00:00,1310.0,7.57,100.0,7.41,2.166,3.206114701959577,2025-09-15 20:00:00,3.206114701959577,3.1465538941751,3.1465538941751,92.36641221374046,-0.16000000000000014,2837.46
891,2025-09-15,21:00:00,1386.0,7.55,92.0,7.37,2.166,2.564891761567662,2025-09-15 21:00:00,3.206114701959577,3.206114701959577,3.1465538941751,93.36219336219335,-0.17999999999999972,3002.076
892,2025-09-15,22:00:00,1416.0,7.53,95.0,7.36,2.166,2.564891761567662,2025-09-15 22:00:00,2.564891761567662,3.206114701959577,3.206114701959577,93.2909604519774,-0.16999999999999993,3067.056
893,2025-09-15,23:00:00,1236.0,7.51,87.0,7.38,2.166,2.564891761567662,2025-09-15 23:00:00,2.564891761567662,2.564891761567662,3.206114701959577,92.96116504854369,-0.1299999999999999,2677.176
919,2025-09-16,00:00:00,1088.0,7.52,74.0,7.55,2.126,2.3518344308560675,2025-09-16 00:00:00,2.564891761567662,2.564891761567662,2.564891761567662,93.19852941176471,0.03000000000000025,2313.0879999999997
920,2025-09-16,01:00:00,1102.0,7.5,77.0,7.57,2.126,2.3518344308560675,2025-09-16 01:00:00,2.3518344308560675,2.564891761567662,2.564891761567662,93.01270417422867,0.07000000000000028,2342.852
921,2025-09-16,02:00:00,1093.0,7.46,79.0,7.54,2.126,2.3518344308560675,2025-09-16 02:00:00,2.3518344308560675,2.3518344308560675,2.564891761567662,92.77218664226898,0.08000000000000007,2323.718
922,2025-09-16,03:00:00,1087.0,7.51,81.0,7.58,2.126,2.3518344308560675,2025-09-16 03:00:00,2.3518344308560675,2.3518344308560675,2.3518344308560675,92.54829806807727,0.07000000000000028,2310.962
923,2025-09-16,04:00:00,1034.0,7.49,78.0,7.54,2.126,2.3518344308560675,2025-09-16 04:00:00,2.3518344308560675,2.3518344308560675,2.3518344308560675,92.45647969052224,0.04999999999999982,2198.284
924,2025-09-16,05:00:00,1060.0,7.44,82.0,7.56,2.126,2.3518344308560675,2025-09-16 05:00:00,2.3518344308560675,2.3518344308560675,2.3518344308560675,92.26415094339623,0.11999999999999922,2253.56
925,2025-09-16,06:00:00,1057.0,7.47,88.0,7.59,2.126,2.3518344308560675,2025-09-16 06:00:00,2.3518344308560675,2.3518344308560675,2.3518344308560675,91.67455061494798,0.1200000000000001,2247.182
902,2025-09-16,07:00:00,1127.0,7.56,47.0,7.5,2.086,2.3969319271332696,2025-09-16 07:00:00,2.3518344308560675,2.3518344308560675,2.3518344308560675,95.82963620230701,-0.05999999999999961,2350.922
903,2025-09-16,08:00:00,1127.0,7.63,47.0,7.36,2.086,2.3969319271332696,2025-09-16 08:00:00,2.3969319271332696,2.3518344308560675,2.3518344308560675,95.82963620230701,-0.2699999999999996,2350.922
904,2025-09-16,09:00:00,1158.0,7.66,42.0,7.3,2.086,2.3969319271332696,2025-09-16 09:00:00,2.3969319271332696,2.3969319271332696,2.3518344308560675,96.37305699481865,-0.3600000000000003,2415.5879999999997
905,2025-09-16,10:00:00,1141.0,7.53,38.0,7.38,2.086,2.3969319271332696,2025-09-16 10:00:00,2.3969319271332696,2.3969319271332696,2.3969319271332696,96.66958808063103,-0.15000000000000036,2380.1259999999997
906,2025-09-16,11:00:00,1138.0,7.47,40.0,7.43,2.086,2.3969319271332696,2025-09-16 11:00:00,2.3969319271332696,2.3969319271332696,2.3969319271332696,96.48506151142355,-0.040000000000000036,2373.868
907,2025-09-16,12:00:00,1134.0,7.29,37.0,7.47,2.086,2.3969319271332696,2025-09-16 12:00:00,2.3969319271332696,2.3969319271332696,2.3969319271332696,96.73721340388008,0.17999999999999972,2365.524
908,2025-09-16,13:00:00,1139.0,7.36,42.0,7.52,2.086,2.3969319271332696,2025-09-16 13:00:00,2.3969319271332696,2.3969319271332696,2.3969319271332696,96.31255487269534,0.15999999999999925,2375.9539999999997
909,2025-09-16,14:00:00,1118.0,7.33,44.0,7.5,2.086,2.3969319271332696,2025-09-16 14:00:00,2.3969319271332696,2.3969319271332696,2.3969319271332696,96.06440071556351,0.16999999999999993,2332.1479999999997
910,2025-09-16,15:00:00,1114.0,7.3,46.0,7.53,2.086,2.3969319271332696,2025-09-16 15:00:00,2.3969319271332696,2.3969319271332696,2.3969319271332696,95.87073608617594,0.23000000000000043,2323.8039999999996
911,2025-09-16,16:00:00,1123.0,7.34,49.0,7.48,2.126,2.3518344308560675,2025-09-16 16:00:00,2.3969319271332696,2.3969319271332696,2.3969319271332696,95.6366874443455,0.14000000000000057,2387.498
912,2025-09-16,17:00:00,1185.0,7.39,56.0,7.55,2.126,2.3518344308560675,2025-09-16 17:00:00,2.3518344308560675,2.3969319271332696,2.3969319271332696,95.27426160337554,0.16000000000000014,2519.31
913,2025-09-16,18:00:00,1206.0,7.36,68.0,7.62,2.126,2.3518344308560675,2025-09-16 18:00:00,2.3518344308560675,2.3518344308560675,2.3969319271332696,94.3615257048093,0.2599999999999998,2563.9559999999997
914,2025-09-16,19:00:00,1286.0,7.6,65.0,7.41,2.126,2.3518344308560675,2025-09-16 19:00:00,2.3518344308560675,2.3518344308560675,2.3518344308560675,94.94556765163297,-0.1899999999999995,2734.036
915,2025-09-16,20:00:00,1234.0,7.54,73.0,7.57,2.126,2.3518344308560675,2025-09-16 20:00:00,2.3518344308560675,2.3518344308560675,2.3518344308560675,94.08427876823339,0.03000000000000025,2623.484
916,2025-09-16,21:00:00,1204.0,7.57,71.0,7.54,2.126,2.3518344308560675,2025-09-16 21:00:00,2.3518344308560675,2.3518344308560675,2.3518344308560675,94.10299003322258,-0.03000000000000025,2559.7039999999997
917,2025-09-16,22:00:00,1182.0,7.51,76.0,7.56,2.126,2.3518344308560675,2025-09-16 22:00:00,2.3518344308560675,2.3518344308560675,2.3518344308560675,93.57021996615906,0.04999999999999982,2512.932
918,2025-09-16,23:00:00,1126.0,7.55,72.0,7.53,2.126,2.3518344308560675,2025-09-16 23:00:00,2.3518344308560675,2.3518344308560675,2.3518344308560675,93.60568383658969,-0.019999999999999574,2393.8759999999997
944,2025-09-17,00:00:00,711.0,7.58,89.0,7.5,2.126,1.9598620257133896,2025-09-17 00:00:00,2.3518344308560675,2.3518344308560675,2.3518344308560675,87.48241912798875,-0.08000000000000007,1511.586
945,2025-09-17,01:00:00,722.0,7.63,84.0,7.47,2.126,1.9598620257133896,2025-09-17 01:00:00,1.9598620257133896,2.3518344308560675,2.3518344308560675,88.36565096952909,-0.16000000000000014,1534.972
946,2025-09-17,02:00:00,719.0,7.64,87.0,7.49,2.126,1.9598620257133896,2025-09-17 02:00:00,1.9598620257133896,1.9598620257133896,2.3518344308560675,87.89986091794158,-0.14999999999999947,1528.5939999999998
947,2025-09-17,03:00:00,722.0,7.61,83.0,7.43,2.126,1.9598620257133896,2025-09-17 03:00:00,1.9598620257133896,1.9598620257133896,1.9598620257133896,88.50415512465374,-0.1800000000000006,1534.972
948,2025-09-17,04:00:00,727.0,7.63,81.0,7.45,2.126,1.9598620257133896,2025-09-17 04:00:00,1.9598620257133896,1.9598620257133896,1.9598620257133896,88.85832187070152,-0.17999999999999972,1545.6019999999999
949,2025-09-17,05:00:00,724.0,7.59,86.0,7.46,2.126,1.9598620257133896,2025-09-17 05:00:00,1.9598620257133896,1.9598620257133896,1.9598620257133896,88.12154696132598,-0.1299999999999999,1539.224
950,2025-09-17,06:00:00,736.0,7.62,82.0,7.48,2.126,1.9598620257133896,2025-09-17 06:00:00,1.9598620257133896,1.9598620257133896,1.9598620257133896,88.8586956521739,-0.13999999999999968,1564.7359999999999
927,2025-09-17,07:00:00,1091.0,7.6,61.0,7.57,2.126,2.3518344308560675,2025-09-17 07:00:00,1.9598620257133896,1.9598620257133896,1.9598620257133896,94.40879926672777,-0.02999999999999936,2319.466
928,2025-09-17,08:00:00,1112.0,7.58,55.0,7.6,2.126,2.3518344308560675,2025-09-17 08:00:00,2.3518344308560675,1.9598620257133896,1.9598620257133896,95.05395683453237,0.019999999999999574,2364.112
929,2025-09-17,09:00:00,1106.0,7.53,57.0,7.45,2.126,2.3518344308560675,2025-09-17 09:00:00,2.3518344308560675,2.3518344308560675,1.9598620257133896,94.84629294755878,-0.08000000000000007,2351.3559999999998
930,2025-09-17,10:00:00,1106.0,7.49,52.0,7.43,2.126,2.3518344308560675,2025-09-17 10:00:00,2.3518344308560675,2.3518344308560675,2.3518344308560675,95.29837251356238,-0.0600000000000005,2351.3559999999998
931,2025-09-17,11:00:00,1115.0,7.41,56.0,7.49,2.086,1.9974432726110576,2025-09-17 11:00:00,2.3518344308560675,2.3518344308560675,2.3518344308560675,94.97757847533632,0.08000000000000007,2325.89
932,2025-09-17,12:00:00,1011.0,7.45,59.0,7.61,2.086,1.9974432726110576,2025-09-17 12:00:00,1.9974432726110576,2.3518344308560675,2.3518344308560675,94.16419386745795,0.16000000000000014,2108.946
933,2025-09-17,13:00:00,1006.0,7.53,78.0,7.63,2.086,1.9974432726110576,2025-09-17 13:00:00,1.9974432726110576,1.9974432726110576,2.3518344308560675,92.2465208747515,0.09999999999999964,2098.516
934,2025-09-17,14:00:00,1027.0,7.58,89.0,7.67,2.086,1.9974432726110576,2025-09-17 14:00:00,1.9974432726110576,1.9974432726110576,1.9974432726110576,91.33398247322297,0.08999999999999986,2142.3219999999997
935,2025-09-17,15:00:00,1039.0,7.61,93.0,7.64,2.207,1.8879323365050595,2025-09-17 15:00:00,1.9974432726110576,1.9974432726110576,1.9974432726110576,91.04908565928778,0.02999999999999936,2293.073
936,2025-09-17,16:00:00,801.0,7.65,88.0,7.71,2.248,1.8534994068801895,2025-09-17 16:00:00,1.8879323365050595,1.9974432726110576,1.9974432726110576,89.01373283395755,0.05999999999999961,1800.6480000000001
937,2025-09-17,17:00:00,788.0,7.72,90.0,7.66,2.289,1.8202999854376,2025-09-17 17:00:00,1.8534994068801895,1.8879323365050595,1.9974432726110576,88.57868020304569,-0.05999999999999961,1803.7320000000002
938,2025-09-17,18:00:00,754.0,7.75,92.0,7.65,2.289,1.8202999854376,2025-09-17 18:00:00,1.8202999854376,1.8534994068801895,1.8879323365050595,87.79840848806366,-0.09999999999999964,1725.9060000000002
939,2025-09-17,19:00:00,717.0,7.61,99.0,7.71,2.289,1.8202999854376,2025-09-17 19:00:00,1.8202999854376,1.8202999854376,1.8534994068801895,86.19246861924687,0.09999999999999964,1641.2130000000002
940,2025-09-17,20:00:00,723.0,7.57,95.0,7.66,2.248,1.8534994068801895,2025-09-17 20:00:00,1.8202999854376,1.8202999854376,1.8202999854376,86.86030428769018,0.08999999999999986,1625.304
941,2025-09-17,21:00:00,719.0,7.55,92.0,7.63,2.207,1.8879323365050595,2025-09-17 21:00:00,1.8534994068801895,1.8202999854376,1.8202999854376,87.20445062586927,0.08000000000000007,1586.8329999999999
942,2025-09-17,22:00:00,716.0,7.59,86.0,7.65,2.166,1.9236688211757464,2025-09-17 22:00:00,1.8879323365050595,1.8534994068801895,1.8202999854376,87.98882681564247,0.0600000000000005,1550.856
943,2025-09-17,23:00:00,715.0,7.6,93.0,7.57,2.126,1.9598620257133896,2025-09-17 23:00:00,1.9236688211757464,1.8879323365050595,1.8534994068801895,86.993006993007,-0.02999999999999936,1520.09
969,2025-09-18,00:00:00,627.0,7.71,63.0,7.87,2.086,1.9974432726110576,2025-09-18 00:00:00,1.9598620257133896,1.9236688211757464,1.8879323365050595,89.95215311004785,0.16000000000000014,1307.9219999999998
970,2025-09-18,01:00:00,634.0,7.73,59.0,7.84,2.086,1.9974432726110576,2025-09-18 01:00:00,1.9974432726110576,1.9598620257133896,1.9236688211757464,90.69400630914826,0.10999999999999943,1322.524
971,2025-09-18,02:00:00,648.0,7.57,63.0,7.76,2.086,1.9974432726110576,2025-09-18 02:00:00,1.9974432726110576,1.9974432726110576,1.9598620257133896,90.27777777777779,0.1899999999999995,1351.7279999999998
972,2025-09-18,03:00:00,657.0,7.64,54.0,7.81,2.046,2.036493971977843,2025-09-18 03:00:00,1.9974432726110576,1.9974432726110576,1.9974432726110576,91.78082191780823,0.16999999999999993,1344.222
973,2025-09-18,04:00:00,672.0,7.58,57.0,7.78,2.046,2.036493971977843,2025-09-18 04:00:00,2.036493971977843,1.9974432726110576,1.9974432726110576,91.51785714285714,0.20000000000000018,1374.9119999999998
974,2025-09-18,05:00:00,639.0,7.7,51.0,7.75,2.046,2.036493971977843,2025-09-18 05:00:00,2.036493971977843,2.036493971977843,1.9974432726110576,92.01877934272301,0.04999999999999982,1307.3939999999998
975,2025-09-18,06:00:00,645.0,7.63,49.0,7.8,2.046,2.036493971977843,2025-09-18 06:00:00,2.036493971977843,2.036493971977843,2.036493971977843,92.4031007751938,0.16999999999999993,1319.6699999999998
952,2025-09-18,07:00:00,767.0,7.69,88.0,7.72,2.126,1.9598620257133896,2025-09-18 07:00:00,2.036493971977843,2.036493971977843,2.036493971977843,88.52672750977835,0.02999999999999936,1630.6419999999998
953,2025-09-18,08:00:00,771.0,7.71,89.0,7.74,2.126,1.9598620257133896,2025-09-18 08:00:00,1.9598620257133896,2.036493971977843,2.036493971977843,88.45654993514916,0.03000000000000025,1639.146
954,2025-09-18,09:00:00,808.0,7.74,83.0,7.56,2.086,1.9974432726110576,2025-09-18 09:00:00,1.9598620257133896,1.9598620257133896,2.036493971977843,89.72772277227723,-0.1800000000000006,1685.4879999999998
955,2025-09-18,10:00:00,796.0,7.68,97.0,7.74,2.086,1.9974432726110576,2025-09-18 10:00:00,1.9974432726110576,1.9598620257133896,1.9598620257133896,87.8140703517588,0.0600000000000005,1660.456
956,2025-09-18,11:00:00,736.0,7.54,78.0,7.73,2.086,1.864280387770321,2025-09-18 11:00:00,1.9974432726110576,1.9974432726110576,1.9598620257133896,89.40217391304348,0.1900000000000004,1535.2959999999998
957,2025-09-18,12:00:00,608.0,7.4,74.0,7.77,2.086,1.864280387770321,2025-09-18 12:00:00,1.864280387770321,1.9974432726110576,1.9974432726110576,87.82894736842105,0.3699999999999992,1268.288
958,2025-09-18,13:00:00,627.0,7.48,71.0,7.79,2.086,1.864280387770321,2025-09-18 13:00:00,1.864280387770321,1.864280387770321,1.9974432726110576,88.6762360446571,0.3099999999999996,1307.9219999999998
959,2025-09-18,14:00:00,632.0,7.57,80.0,7.81,2.086,1.864280387770321,2025-09-18 14:00:00,1.864280387770321,1.864280387770321,1.864280387770321,87.34177215189874,0.23999999999999932,1318.3519999999999
960,2025-09-18,15:00:00,633.0,7.68,89.0,7.76,2.086,1.864280387770321,2025-09-18 15:00:00,1.864280387770321,1.864280387770321,1.864280387770321,85.93996840442338,0.08000000000000007,1320.4379999999999
961,2025-09-18,16:00:00,671.0,7.66,87.0,7.68,2.086,1.864280387770321,2025-09-18 16:00:00,1.864280387770321,1.864280387770321,1.864280387770321,87.03427719821163,0.019999999999999574,1399.706
962,2025-09-18,17:00:00,641.0,7.63,60.0,7.62,2.086,1.864280387770321,2025-09-18 17:00:00,1.864280387770321,1.864280387770321,1.864280387770321,90.6396255850234,-0.009999999999999787,1337.126
963,2025-09-18,18:00:00,639.0,7.67,73.0,7.7,2.086,1.864280387770321,2025-09-18 18:00:00,1.864280387770321,1.864280387770321,1.864280387770321,88.57589984350548,0.03000000000000025,1332.954
964,2025-09-18,19:00:00,616.0,7.7,57.0,7.71,2.086,1.864280387770321,2025-09-18 19:00:00,1.864280387770321,1.864280387770321,1.864280387770321,90.74675324675324,0.009999999999999787,1284.9759999999999
965,2025-09-18,20:00:00,621.0,7.68,55.0,7.75,2.086,1.9974432726110576,2025-09-18 20:00:00,1.864280387770321,1.864280387770321,1.864280387770321,91.14331723027375,0.07000000000000028,1295.406
966,2025-09-18,21:00:00,633.0,7.62,63.0,7.69,2.086,1.9974432726110576,2025-09-18 21:00:00,1.9974432726110576,1.864280387770321,1.864280387770321,90.04739336492891,0.07000000000000028,1320.4379999999999
967,2025-09-18,22:00:00,629.0,7.57,57.0,7.66,2.086,1.9974432726110576,2025-09-18 22:00:00,1.9974432726110576,1.9974432726110576,1.864280387770321,90.93799682034977,0.08999999999999986,1312.0939999999998
968,2025-09-18,23:00:00,617.0,7.65,60.0,7.83,2.086,1.9974432726110576,2025-09-18 23:00:00,1.9974432726110576,1.9974432726110576,1.9974432726110576,90.27552674230147,0.17999999999999972,1287.062
994,2025-09-19,00:00:00,440.0,7.78,82.0,7.89,2.006,1.3847346848343858,2025-09-19 00:00:00,1.9974432726110576,1.9974432726110576,1.9974432726110576,81.36363636363636,0.10999999999999943,882.6399999999999
995,2025-09-19,01:00:00,447.0,7.66,88.0,7.84,2.006,1.3847346848343858,2025-09-19 01:00:00,1.3847346848343858,1.9974432726110576,1.9974432726110576,80.31319910514542,0.17999999999999972,896.6819999999999
996,2025-09-19,02:00:00,453.0,7.62,94.0,7.79,2.006,1.3847346848343858,2025-09-19 02:00:00,1.3847346848343858,1.3847346848343858,1.9974432726110576,79.24944812362031,0.16999999999999993,908.7179999999998
997,2025-09-19,03:00:00,438.0,7.67,91.0,7.86,1.967,1.4121900242896683,2025-09-19 03:00:00,1.3847346848343858,1.3847346848343858,1.3847346848343858,79.22374429223744,0.1900000000000004,861.546
998,2025-09-19,04:00:00,419.0,7.58,89.0,7.91,1.967,1.4121900242896683,2025-09-19 04:00:00,1.4121900242896683,1.3847346848343858,1.3847346848343858,78.75894988066825,0.33000000000000007,824.173
999,2025-09-19,05:00:00,424.0,7.72,97.0,7.8,1.929,1.4400092160589826,2025-09-19 05:00:00,1.4121900242896683,1.4121900242896683,1.3847346848343858,77.12264150943396,0.08000000000000007,817.8960000000001
1000,2025-09-19,06:00:00,416.0,7.64,80.0,7.86,1.929,1.4400092160589826,2025-09-19 06:00:00,1.4400092160589826,1.4121900242896683,1.4121900242896683,80.76923076923077,0.22000000000000064,802.464
977,2025-09-19,07:00:00,586.0,7.71,80.0,7.84,2.086,1.7311175029295836,2025-09-19 07:00:00,1.4400092160589826,1.4400092160589826,1.4121900242896683,86.3481228668942,0.1299999999999999,1222.396
978,2025-09-19,08:00:00,579.0,7.76,55.0,7.52,2.086,1.7311175029295836,2025-09-19 08:00:00,1.7311175029295836,1.4400092160589826,1.4400092160589826,90.50086355785838,-0.2400000000000002,1207.7939999999999
979,2025-09-19,09:00:00,525.0,7.65,62.0,7.68,2.046,1.3576626479852287,2025-09-19 09:00:00,1.7311175029295836,1.7311175029295836,1.4400092160589826,88.19047619047619,0.02999999999999936,1074.1499999999999
980,2025-09-19,10:00:00,508.0,7.67,65.0,7.7,2.046,1.3576626479852287,2025-09-19 10:00:00,1.3576626479852287,1.7311175029295836,1.7311175029295836,87.20472440944881,0.03000000000000025,1039.368
981,2025-09-19,11:00:00,514.0,7.64,74.0,7.81,2.046,1.3576626479852287,2025-09-19 11:00:00,1.3576626479852287,1.3576626479852287,1.7311175029295836,85.60311284046692,0.16999999999999993,1051.644
982,2025-09-19,12:00:00,470.0,7.66,81.0,7.73,2.046,1.3576626479852287,2025-09-19 12:00:00,1.3576626479852287,1.3576626479852287,1.3576626479852287,82.76595744680851,0.07000000000000028,961.6199999999999
983,2025-09-19,13:00:00,473.0,7.68,79.0,7.72,2.046,1.3576626479852287,2025-09-19 13:00:00,1.3576626479852287,1.3576626479852287,1.3576626479852287,83.29809725158562,0.040000000000000036,967.7579999999999
984,2025-09-19,14:00:00,460.0,7.71,80.0,7.74,2.046,1.3576626479852287,2025-09-19 14:00:00,1.3576626479852287,1.3576626479852287,1.3576626479852287,82.6086956521739,0.03000000000000025,941.16
985,2025-09-19,15:00:00,468.0,7.73,78.0,7.75,2.046,1.3576626479852287,2025-09-19 15:00:00,1.3576626479852287,1.3576626479852287,1.3576626479852287,83.33333333333334,0.019999999999999574,957.5279999999999
986,2025-09-19,16:00:00,470.0,7.76,83.0,7.71,2.046,1.3576626479852287,2025-09-19 16:00:00,1.3576626479852287,1.3576626479852287,1.3576626479852287,82.34042553191489,-0.04999999999999982,961.6199999999999
987,2025-09-19,17:00:00,472.0,7.75,81.0,7.72,2.006,1.3847346848343858,2025-09-19 17:00:00,1.3576626479852287,1.3576626479852287,1.3576626479852287,82.83898305084746,-0.03000000000000025,946.8319999999999
988,2025-09-19,18:00:00,468.0,7.79,79.0,7.76,2.006,1.3847346848343858,2025-09-19 18:00:00,1.3847346848343858,1.3576626479852287,1.3576626479852287,83.11965811965813,-0.03000000000000025,938.8079999999999
989,2025-09-19,19:00:00,474.0,7.7,103.0,7.83,2.006,1.3847346848343858,2025-09-19 19:00:00,1.3847346848343858,1.3847346848343858,1.3576626479852287,78.27004219409282,0.1299999999999999,950.8439999999999
990,2025-09-19,20:00:00,476.0,7.74,96.0,7.81,2.006,1.3847346848343858,2025-09-19 20:00:00,1.3847346848343858,1.3847346848343858,1.3847346848343858,79.83193277310924,0.0699999999999994,954.8559999999999
991,2025-09-19,21:00:00,469.0,7.72,97.0,7.84,2.006,1.3847346848343858,2025-09-19 21:00:00,1.3847346848343858,1.3847346848343858,1.3847346848343858,79.317697228145,0.1200000000000001,940.8139999999999
992,2025-09-19,22:00:00,467.0,7.75,99.0,7.87,2.006,1.3847346848343858,2025-09-19 22:00:00,1.3847346848343858,1.3847346848343858,1.3847346848343858,78.80085653104925,0.1200000000000001,936.8019999999999
993,2025-09-19,23:00:00,452.0,7.72,95.0,7.83,2.006,1.3847346848343858,2025-09-19 23:00:00,1.3847346848343858,1.3847346848343858,1.3847346848343858,78.98230088495575,0.11000000000000032,906.7119999999999
1019,2025-09-20,00:00:00,335.0,7.82,112.0,7.53,1.667,1.3330667199893351,2025-09-20 00:00:00,1.3847346848343858,1.3847346848343858,1.3847346848343858,66.56716417910448,-0.29000000000000004,558.445
1020,2025-09-20,01:00:00,328.0,7.76,115.0,7.68,1.631,1.3624906328768989,2025-09-20 01:00:00,1.3330667199893351,1.3847346848343858,1.3847346848343858,64.9390243902439,-0.08000000000000007,534.968
1021,2025-09-20,02:00:00,351.0,7.81,113.0,7.75,1.595,1.3932427725531176,2025-09-20 02:00:00,1.3624906328768989,1.3330667199893351,1.3847346848343858,67.80626780626781,-0.05999999999999961,559.845
1022,2025-09-20,03:00:00,337.0,7.79,111.0,7.69,1.56,1.4245014245014245,2025-09-20 03:00:00,1.3932427725531176,1.3624906328768989,1.3330667199893351,67.06231454005935,-0.09999999999999964,525.72
1023,2025-09-20,04:00:00,346.0,7.84,107.0,7.76,1.525,1.4571948998178508,2025-09-20 04:00:00,1.4245014245014245,1.3932427725531176,1.3624906328768989,69.07514450867052,-0.08000000000000007,527.65
1024,2025-09-20,05:00:00,332.0,7.86,102.0,7.84,1.49,1.4914243102162563,2025-09-20 05:00:00,1.4571948998178508,1.4245014245014245,1.3932427725531176,69.27710843373494,-0.020000000000000462,494.68
1025,2025-09-20,06:00:00,341.0,7.83,105.0,7.71,1.456,1.5262515262515262,2025-09-20 06:00:00,1.4914243102162563,1.4571948998178508,1.4245014245014245,69.20821114369502,-0.1200000000000001,496.496
1002,2025-09-20,07:00:00,426.0,7.67,73.0,7.71,1.89,1.4697236919459142,2025-09-20 07:00:00,1.5262515262515262,1.4914243102162563,1.4571948998178508,82.86384976525821,0.040000000000000036,805.14
1003,2025-09-20,08:00:00,417.0,7.74,70.0,7.5,1.852,1.499880009599232,2025-09-20 08:00:00,1.4697236919459142,1.5262515262515262,1.4914243102162563,83.21342925659472,-0.2400000000000002,772.284
1004,2025-09-20,09:00:00,380.0,7.68,74.0,7.54,1.852,1.499880009599232,2025-09-20 09:00:00,1.499880009599232,1.4697236919459142,1.5262515262515262,80.52631578947368,-0.13999999999999968,703.76
1005,2025-09-20,10:00:00,336.0,7.66,77.0,7.58,1.814,1.2250398137939482,2025-09-20 10:00:00,1.499880009599232,1.499880009599232,1.4697236919459142,77.08333333333334,-0.08000000000000007,609.504
1006,2025-09-20,11:00:00,341.0,7.64,88.0,7.66,1.814,1.2250398137939482,2025-09-20 11:00:00,1.2250398137939482,1.499880009599232,1.499880009599232,74.19354838709677,0.020000000000000462,618.5740000000001
1007,2025-09-20,12:00:00,339.0,7.65,104.0,7.78,1.814,1.2250398137939482,2025-09-20 12:00:00,1.2250398137939482,1.2250398137939482,1.499880009599232,69.32153392330383,0.1299999999999999,614.946
1008,2025-09-20,13:00:00,319.0,7.77,97.0,7.86,1.777,1.2505471143625335,2025-09-20 13:00:00,1.2250398137939482,1.2250398137939482,1.2250398137939482,69.59247648902821,0.09000000000000075,566.8629999999999
1009,2025-09-20,14:00:00,323.0,7.81,89.0,7.79,1.777,1.2505471143625335,2025-09-20 14:00:00,1.2505471143625335,1.2250398137939482,1.2250398137939482,72.44582043343654,-0.019999999999999574,573.971
1010,2025-09-20,15:00:00,325.0,7.85,97.0,7.74,1.777,1.2505471143625335,2025-09-20 15:00:00,1.2505471143625335,1.2505471143625335,1.2250398137939482,70.15384615384616,-0.10999999999999943,577.525
1011,2025-09-20,16:00:00,321.0,7.8,103.0,7.81,1.74,1.2771392081736908,2025-09-20 16:00:00,1.2505471143625335,1.2505471143625335,1.2505471143625335,67.91277258566979,0.009999999999999787,558.54
1012,2025-09-20,17:00:00,319.0,7.86,116.0,7.79,1.74,1.2771392081736908,2025-09-20 17:00:00,1.2771392081736908,1.2505471143625335,1.2505471143625335,63.63636363636363,-0.07000000000000028,555.06
1013,2025-09-20,18:00:00,316.0,7.93,114.0,7.83,1.74,1.2771392081736908,2025-09-20 18:00:00,1.2771392081736908,1.2771392081736908,1.2505471143625335,63.92405063291139,-0.09999999999999964,549.84
1014,2025-09-20,19:00:00,326.0,7.73,117.0,7.84,1.703,1.304886801070007,2025-09-20 19:00:00,1.2771392081736908,1.2771392081736908,1.2771392081736908,64.11042944785275,0.10999999999999943,555.178
1015,2025-09-20,20:00:00,319.0,7.78,112.0,7.89,1.703,1.304886801070007,2025-09-20 20:00:00,1.304886801070007,1.2771392081736908,1.2771392081736908,64.89028213166145,0.10999999999999943,543.2570000000001
1016,2025-09-20,21:00:00,317.0,7.75,115.0,7.87,1.74,1.2771392081736908,2025-09-20 21:00:00,1.304886801070007,1.304886801070007,1.2771392081736908,63.722397476340696,0.1200000000000001,551.58
1017,2025-09-20,22:00:00,320.0,7.83,111.0,7.88,1.703,1.304886801070007,2025-09-20 22:00:00,1.2771392081736908,1.304886801070007,1.304886801070007,65.3125,0.04999999999999982,544.96
1018,2025-09-20,23:00:00,328.0,7.79,116.0,7.72,1.667,1.3330667199893351,2025-09-20 23:00:00,1.304886801070007,1.2771392081736908,1.304886801070007,64.63414634146342,-0.07000000000000028,546.7760000000001
1027,2025-09-21,07:00:00,318.0,7.6,102.0,7.72,1.289,1.5084906473579864,2025-09-21 07:00:00,1.3330667199893351,1.304886801070007,1.2771392081736908,67.9245283018868,0.1200000000000001,409.902
1028,2025-09-21,08:00:00,310.0,7.62,100.0,7.7,1.297,1.499186156086696,2025-09-21 08:00:00,1.5084906473579864,1.3330667199893351,1.304886801070007,67.74193548387096,0.08000000000000007,402.07
1029,2025-09-21,09:00:00,297.0,7.65,96.0,7.66,1.257,1.1049235392910812,2025-09-21 09:00:00,1.499186156086696,1.5084906473579864,1.3330667199893351,67.67676767676768,0.009999999999999787,373.32899999999995
1030,2025-09-21,10:00:00,296.0,7.527,101.0,7.64,1.225,1.1337868480725624,2025-09-21 10:00:00,1.1049235392910812,1.499186156086696,1.5084906473579864,65.87837837837837,0.11299999999999955,362.6
1031,2025-09-21,11:00:00,285.0,7.6,99.0,7.57,1.225,1.1337868480725624,2025-09-21 11:00:00,1.1337868480725624,1.1049235392910812,1.499186156086696,65.26315789473685,-0.02999999999999936,349.125
1032,2025-09-21,12:00:00,255.0,7.82,97.0,7.5,1.193,1.1641985657073668,2025-09-21 12:00:00,1.1337868480725624,1.1337868480725624,1.1049235392910812,61.96078431372549,-0.3200000000000003,304.21500000000003
1033,2025-09-21,13:00:00,259.0,7.8,99.0,7.78,1.162,1.195257219353605,2025-09-21 13:00:00,1.1641985657073668,1.1337868480725624,1.1337868480725624,61.77606177606177,-0.019999999999999574,300.95799999999997
1034,2025-09-21,14:00:00,251.0,7.76,86.0,7.72,1.1,1.2626262626262623,2025-09-21 14:00:00,1.195257219353605,1.1641985657073668,1.1337868480725624,65.73705179282868,-0.040000000000000036,276.1
1035,2025-09-21,15:00:00,277.0,7.73,84.0,7.76,1.07,1.2980269989615785,2025-09-21 15:00:00,1.2626262626262623,1.195257219353605,1.1641985657073668,69.67509025270758,0.02999999999999936,296.39000000000004
1469,2025-10-08,00:00:00,1154.0,8.07,132.0,8.28,2.415,4.6008741660915575,2025-10-08 00:00:00,1.2980269989615785,1.2626262626262623,1.195257219353605,88.56152512998267,0.20999999999999908,2786.91
1470,2025-10-08,01:00:00,1132.0,8.03,140.0,8.25,2.373,4.682305567261319,2025-10-08 01:00:00,4.6008741660915575,1.2980269989615785,1.2626262626262623,87.63250883392226,0.22000000000000064,2686.2360000000003
1471,2025-10-08,02:00:00,1110.0,8.05,153.0,8.21,2.289,4.854133294500267,2025-10-08 02:00:00,4.682305567261319,4.6008741660915575,1.2980269989615785,86.21621621621621,0.16000000000000014,2540.79
1472,2025-10-08,03:00:00,1104.0,8.02,160.0,8.19,2.248,3.70699881376038,2025-10-08 03:00:00,4.854133294500267,4.682305567261319,4.6008741660915575,85.5072463768116,0.16999999999999993,2481.7920000000004
1473,2025-10-08,04:00:00,1121.0,8.0,176.0,8.17,2.207,3.775864673010119,2025-10-08 04:00:00,3.70699881376038,4.854133294500267,4.682305567261319,84.29973238180196,0.16999999999999993,2474.047
1474,2025-10-08,05:00:00,1096.0,7.97,188.0,8.12,2.126,3.91972405142678,2025-10-08 05:00:00,3.775864673010119,3.70699881376038,4.854133294500267,82.84671532846716,0.14999999999999947,2330.096
1475,2025-10-08,06:00:00,1088.0,7.95,203.0,8.1,2.046,4.072987943955686,2025-10-08 06:00:00,3.91972405142678,3.775864673010119,3.70699881376038,81.34191176470588,0.14999999999999947,2226.048
1466,2025-10-08,21:00:00,547.0,8.19,117.0,8.37,2.373,4.097017371353655,2025-10-08 21:00:00,4.072987943955686,3.91972405142678,3.775864673010119,78.61060329067642,0.17999999999999972,1298.0310000000002
1467,2025-10-08,22:00:00,783.0,8.14,129.0,8.32,2.415,4.025764895330113,2025-10-08 22:00:00,4.097017371353655,4.072987943955686,3.91972405142678,83.5249042145594,0.17999999999999972,1890.945
1468,2025-10-08,23:00:00,960.0,8.09,136.0,8.24,2.415,4.025764895330113,2025-10-08 23:00:00,4.025764895330113,4.097017371353655,4.072987943955686,85.83333333333333,0.15000000000000036,2318.4
1494,2025-10-09,00:00:00,465.0,8.01,79.0,7.62,1.595,1.3932427725531176,2025-10-09 00:00:00,4.025764895330113,4.025764895330113,4.097017371353655,83.01075268817203,-0.3899999999999997,741.675
1495,2025-10-09,01:00:00,463.0,7.98,65.0,7.65,1.595,1.3932427725531176,2025-10-09 01:00:00,1.3932427725531176,4.025764895330113,4.025764895330113,85.96112311015118,-0.33000000000000007,738.485
1496,2025-10-09,02:00:00,436.0,7.99,70.0,7.75,1.595,1.3932427725531176,2025-10-09 02:00:00,1.3932427725531176,1.3932427725531176,4.025764895330113,83.94495412844036,-0.2400000000000002,695.42
1497,2025-10-09,03:00:00,428.0,8.04,78.0,7.72,1.56,1.4245014245014245,2025-10-09 03:00:00,1.3932427725531176,1.3932427725531176,1.3932427725531176,81.77570093457945,-0.3199999999999994,667.6800000000001
1498,2025-10-09,04:00:00,424.0,8.02,88.0,7.69,1.56,1.4245014245014245,2025-10-09 04:00:00,1.4245014245014245,1.3932427725531176,1.3932427725531176,79.24528301886792,-0.3299999999999992,661.44
1499,2025-10-09,05:00:00,419.0,8.09,94.0,7.67,1.56,1.4245014245014245,2025-10-09 05:00:00,1.4245014245014245,1.4245014245014245,1.3932427725531176,77.56563245823389,-0.41999999999999993,653.64
1500,2025-10-09,06:00:00,410.0,8.11,87.0,7.71,1.56,1.4245014245014245,2025-10-09 06:00:00,1.4245014245014245,1.4245014245014245,1.4245014245014245,78.78048780487805,-0.39999999999999947,639.6
1479,2025-10-09,09:00:00,927.0,8.02,352.0,7.86,1.852,2.999760019198464,2025-10-09 09:00:00,1.4245014245014245,1.4245014245014245,1.4245014245014245,62.02804746494067,-0.15999999999999925,1716.804
1480,2025-10-09,10:00:00,816.0,7.91,286.0,7.76,1.852,2.999760019198464,2025-10-09 10:00:00,2.999760019198464,1.4245014245014245,1.4245014245014245,64.95098039215686,-0.15000000000000036,1511.232
1481,2025-10-09,11:00:00,635.0,7.84,164.0,7.82,1.852,2.999760019198464,2025-10-09 11:00:00,2.999760019198464,2.999760019198464,1.4245014245014245,74.17322834645668,-0.019999999999999574,1176.02
1482,2025-10-09,12:00:00,477.0,7.7,177.0,7.46,1.84,2.2644927536231885,2025-10-09 12:00:00,2.999760019198464,2.999760019198464,2.999760019198464,62.893081761006286,-0.2400000000000002,877.6800000000001
1483,2025-10-09,13:00:00,458.0,7.64,170.0,7.52,1.777,1.563183892953167,2025-10-09 13:00:00,2.2644927536231885,2.999760019198464,2.999760019198464,62.882096069869,-0.1200000000000001,813.866
1484,2025-10-09,14:00:00,446.0,7.66,164.0,7.56,1.74,1.5964240102171134,2025-10-09 14:00:00,1.563183892953167,2.2644927536231885,2.999760019198464,63.22869955156951,-0.10000000000000053,776.04
1485,2025-10-09,15:00:00,432.0,7.69,150.0,7.53,1.703,1.6311085013375088,2025-10-09 15:00:00,1.5964240102171134,1.563183892953167,2.2644927536231885,65.27777777777779,-0.16000000000000014,735.696
1486,2025-10-09,16:00:00,435.0,7.67,133.0,7.59,1.703,1.6311085013375088,2025-10-09 16:00:00,1.6311085013375088,1.5964240102171134,1.563183892953167,69.42528735632185,-0.08000000000000007,740.8050000000001
1487,2025-10-09,17:00:00,428.0,7.63,129.0,7.57,1.703,1.6311085013375088,2025-10-09 17:00:00,1.6311085013375088,1.6311085013375088,1.5964240102171134,69.85981308411215,-0.05999999999999961,728.884
1488,2025-10-09,18:00:00,431.0,7.68,131.0,7.68,1.703,1.6311085013375088,2025-10-09 18:00:00,1.6311085013375088,1.6311085013375088,1.6311085013375088,69.60556844547564,0.0,733.993
1489,2025-10-09,19:00:00,468.0,8.04,128.0,7.73,1.703,1.304886801070007,2025-10-09 19:00:00,1.6311085013375088,1.6311085013375088,1.6311085013375088,72.64957264957265,-0.3099999999999987,797.004
1490,2025-10-09,20:00:00,480.0,8.02,107.0,7.67,1.667,1.3330667199893351,2025-10-09 20:00:00,1.304886801070007,1.6311085013375088,1.6311085013375088,77.70833333333333,-0.34999999999999964,800.16
1491,2025-10-09,21:00:00,479.0,8.08,89.0,7.64,1.667,1.3330667199893351,2025-10-09 21:00:00,1.3330667199893351,1.304886801070007,1.6311085013375088,81.41962421711901,-0.4400000000000004,798.493
1492,2025-10-09,22:00:00,483.0,8.05,91.0,7.6,1.631,1.3624906328768989,2025-10-09 22:00:00,1.3330667199893351,1.3330667199893351,1.304886801070007,81.15942028985508,-0.45000000000000107,787.773
1493,2025-10-09,23:00:00,448.0,8.08,86.0,7.58,1.595,1.3932427725531176,2025-10-09 23:00:00,1.3624906328768989,1.3330667199893351,1.3330667199893351,80.80357142857143,-0.5,714.56
1502,2025-10-10,07:00:00,382.0,7.78,90.0,7.81,1.49,1.4914243102162563,2025-10-10 07:00:00,1.3932427725531176,1.3624906328768989,1.3330667199893351,76.43979057591623,0.02999999999999936,569.18
1503,2025-10-10,08:00:00,374.0,7.72,95.0,7.4,1.49,1.4914243102162563,2025-10-10 08:00:00,1.4914243102162563,1.3932427725531176,1.3624906328768989,74.59893048128342,-0.3199999999999994,557.26
1504,2025-10-10,09:00:00,334.0,7.7,97.0,7.86,1.456,0.5723443223443224,2025-10-10 09:00:00,1.4914243102162563,1.4914243102162563,1.3932427725531176,70.95808383233533,0.16000000000000014,486.304
1505,2025-10-10,10:00:00,324.0,7.69,94.0,7.84,1.422,0.5860290670417253,2025-10-10 10:00:00,0.5723443223443224,1.4914243102162563,1.4914243102162563,70.98765432098766,0.14999999999999947,460.72799999999995
1506,2025-10-10,11:00:00,309.0,7.73,98.0,7.88,1.388,0.6003842459173871,2025-10-10 11:00:00,0.5860290670417253,0.5723443223443224,1.4914243102162563,68.28478964401295,0.14999999999999947,428.892
1507,2025-10-10,12:00:00,298.0,7.61,102.0,7.92,1.322,0.6303580433686333,2025-10-10 12:00:00,0.6003842459173871,0.5860290670417253,0.5723443223443224,65.77181208053692,0.3099999999999996,393.956
1508,2025-10-10,13:00:00,292.0,7.66,99.0,7.84,1.289,0.6464959917248514,2025-10-10 13:00:00,0.6303580433686333,0.6003842459173871,0.5860290670417253,66.0958904109589,0.17999999999999972,376.388
1509,2025-10-10,14:00:00,284.0,7.72,104.0,7.8,1.289,0.6464959917248514,2025-10-10 14:00:00,0.6464959917248514,0.6303580433686333,0.6003842459173871,63.38028169014085,0.08000000000000007,366.07599999999996
1510,2025-10-10,15:00:00,280.0,7.68,100.0,7.73,1.257,0.6629541235746487,2025-10-10 15:00:00,0.6464959917248514,0.6464959917248514,0.6303580433686333,64.28571428571429,0.05000000000000071,351.96
1511,2025-10-10,16:00:00,278.0,7.72,93.0,7.75,1.257,0.6629541235746487,2025-10-10 16:00:00,0.6629541235746487,0.6464959917248514,0.6464959917248514,66.54676258992805,0.03000000000000025,349.44599999999997
1924,2025-10-26,05:00:00,226.0,8.24,77.0,8.35,1.257,1.1049235392910812,2025-10-26 05:00:00,0.6629541235746487,0.6629541235746487,0.6464959917248514,65.929203539823,0.10999999999999943,284.082
1925,2025-10-26,06:00:00,253.0,8.12,79.0,8.38,1.257,1.1049235392910812,2025-10-26 06:00:00,1.1049235392910812,0.6629541235746487,0.6629541235746487,68.77470355731225,0.26000000000000156,318.02099999999996
1927,2025-10-27,07:00:00,261.0,7.95,80.0,8.23,1.225,1.1337868480725624,2025-10-27 07:00:00,1.1049235392910812,1.1049235392910812,0.6629541235746487,69.34865900383141,0.28000000000000025,319.725
1928,2025-10-27,08:00:00,265.0,7.91,82.0,8.27,1.225,1.1337868480725624,2025-10-27 08:00:00,1.1337868480725624,1.1049235392910812,1.1049235392910812,69.0566037735849,0.35999999999999943,324.625
1929,2025-10-27,09:00:00,260.0,7.97,86.0,8.21,1.225,1.1337868480725624,2025-10-27 09:00:00,1.1337868480725624,1.1337868480725624,1.1049235392910812,66.92307692307692,0.2400000000000011,318.5
1970,2025-10-28,01:00:00,1500.0,8.07,97.0,8.14,8.8999,3.745360434761439,2025-10-28 01:00:00,1.1337868480725624,1.1337868480725624,1.1337868480725624,93.53333333333333,0.07000000000000028,13349.85
2019,2025-10-30,00:00:00,1305.0,7.34,42.0,7.12,1.967,2.8243800485793367,2025-10-30 00:00:00,3.745360434761439,1.1337868480725624,1.1337868480725624,96.7816091954023,-0.21999999999999975,2566.935
2020,2025-10-30,01:00:00,1282.0,7.37,40.0,7.08,1.967,2.8243800485793367,2025-10-30 01:00:00,2.8243800485793367,3.745360434761439,1.1337868480725624,96.8798751950078,-0.29000000000000004,2521.694
2021,2025-10-30,02:00:00,1260.0,7.3,36.0,7.11,1.967,2.8243800485793367,2025-10-30 02:00:00,2.8243800485793367,2.8243800485793367,3.745360434761439,97.14285714285714,-0.1899999999999995,2478.42
2022,2025-10-30,03:00:00,1248.0,7.28,41.0,7.13,1.967,2.8243800485793367,2025-10-30 03:00:00,2.8243800485793367,2.8243800485793367,2.8243800485793367,96.71474358974359,-0.15000000000000036,2454.8160000000003
2023,2025-10-30,04:00:00,1222.0,7.31,38.0,7.1,1.967,2.8243800485793367,2025-10-30 04:00:00,2.8243800485793367,2.8243800485793367,2.8243800485793367,96.89034369885434,-0.20999999999999996,2403.674
2024,2025-10-30,05:00:00,1212.0,7.26,36.0,7.09,1.967,2.8243800485793367,2025-10-30 05:00:00,2.8243800485793367,2.8243800485793367,2.8243800485793367,97.02970297029702,-0.16999999999999993,2384.004
2025,2025-10-30,06:00:00,1197.0,7.29,39.0,7.12,1.967,2.8243800485793367,2025-10-30 06:00:00,2.8243800485793367,2.8243800485793367,2.8243800485793367,96.74185463659147,-0.16999999999999993,2354.4990000000003
2002,2025-10-30,07:00:00,1086.0,7.29,30.0,7.11,2.207,4.40517545184514,2025-10-30 07:00:00,2.8243800485793367,2.8243800485793367,2.8243800485793367,97.23756906077348,-0.17999999999999972,2396.8019999999997
2003,2025-10-30,08:00:00,1082.0,7.33,28.0,7.14,2.207,4.40517545184514,2025-10-30 08:00:00,4.40517545184514,2.8243800485793367,2.8243800485793367,97.41219963031423,-0.1900000000000004,2387.9739999999997
2004,2025-10-30,09:00:00,1078.0,7.27,33.0,7.1,2.166,4.488560582743409,2025-10-30 09:00:00,4.40517545184514,4.40517545184514,2.8243800485793367,96.93877551020408,-0.16999999999999993,2334.948
2005,2025-10-30,10:00:00,1075.0,7.24,31.0,7.12,2.166,3.206114701959577,2025-10-30 10:00:00,4.488560582743409,4.40517545184514,4.40517545184514,97.11627906976744,-0.1200000000000001,2328.45
2006,2025-10-30,11:00:00,1073.0,7.2,29.0,7.08,2.166,3.206114701959577,2025-10-30 11:00:00,3.206114701959577,4.488560582743409,4.40517545184514,97.2972972972973,-0.1200000000000001,2324.118
2007,2025-10-30,12:00:00,1070.0,7.16,33.0,7.07,2.166,3.206114701959577,2025-10-30 12:00:00,3.206114701959577,3.206114701959577,4.488560582743409,96.91588785046729,-0.08999999999999986,2317.62
2008,2025-10-30,13:00:00,1026.0,7.19,30.0,7.04,2.126,3.266436709522316,2025-10-30 13:00:00,3.206114701959577,3.206114701959577,3.206114701959577,97.07602339181285,-0.15000000000000036,2181.276
2009,2025-10-30,14:00:00,1039.0,7.23,27.0,7.08,2.126,3.266436709522316,2025-10-30 14:00:00,3.266436709522316,3.206114701959577,3.206114701959577,97.40134744947065,-0.15000000000000036,2208.9139999999998
2010,2025-10-30,15:00:00,1022.0,7.2,32.0,7.11,2.126,3.266436709522316,2025-10-30 15:00:00,3.266436709522316,3.266436709522316,3.206114701959577,96.86888454011742,-0.08999999999999986,2172.772
2011,2025-10-30,16:00:00,1032.0,7.25,25.0,7.13,2.086,3.32907212101843,2025-10-30 16:00:00,3.266436709522316,3.266436709522316,3.266436709522316,97.57751937984496,-0.1200000000000001,2152.752
2012,2025-10-30,17:00:00,1077.0,7.29,28.0,7.06,2.086,3.32907212101843,2025-10-30 17:00:00,3.32907212101843,3.266436709522316,3.266436709522316,97.40018570102136,-0.23000000000000043,2246.622
2013,2025-10-30,18:00:00,1136.0,7.31,33.0,7.07,2.086,3.32907212101843,2025-10-30 18:00:00,3.32907212101843,3.32907212101843,3.266436709522316,97.09507042253522,-0.23999999999999932,2369.696
2014,2025-10-30,19:00:00,1302.0,7.32,32.0,7.04,2.046,2.308026501574889,2025-10-30 19:00:00,3.32907212101843,3.32907212101843,3.32907212101843,97.54224270353302,-0.28000000000000025,2663.892
2015,2025-10-30,20:00:00,1233.0,7.3,38.0,7.09,2.046,2.308026501574889,2025-10-30 20:00:00,2.308026501574889,3.32907212101843,3.32907212101843,96.91808596918085,-0.20999999999999996,2522.718
2016,2025-10-30,21:00:00,1142.0,7.27,33.0,7.06,2.046,2.308026501574889,2025-10-30 21:00:00,2.308026501574889,2.308026501574889,3.32907212101843,97.11033274956216,-0.20999999999999996,2336.5319999999997
2017,2025-10-30,22:00:00,1226.0,7.32,35.0,7.1,2.006,2.769469369668772,2025-10-30 22:00:00,2.308026501574889,2.308026501574889,2.308026501574889,97.14518760195759,-0.22000000000000064,2459.3559999999998
2018,2025-10-30,23:00:00,1276.0,7.3,39.0,7.13,2.006,2.769469369668772,2025-10-30 23:00:00,2.769469369668772,2.308026501574889,2.308026501574889,96.9435736677116,-0.16999999999999993,2559.656
2044,2025-10-31,00:00:00,932.0,7.38,113.0,7.39,1.929,2.160013824088474,2025-10-31 00:00:00,2.769469369668772,2.769469369668772,2.308026501574889,87.8755364806867,0.009999999999999787,1797.828
2045,2025-10-31,01:00:00,946.0,7.42,124.0,7.42,1.89,1.9106407995296888,2025-10-31 01:00:00,2.160013824088474,2.769469369668772,2.769469369668772,86.89217758985201,0.0,1787.9399999999998
2046,2025-10-31,02:00:00,949.0,7.44,129.0,7.46,1.89,1.9106407995296888,2025-10-31 02:00:00,1.9106407995296888,2.160013824088474,2.769469369668772,86.40674394099051,0.019999999999999574,1793.61
2047,2025-10-31,03:00:00,971.0,7.41,133.0,7.42,1.89,1.9106407995296888,2025-10-31 03:00:00,1.9106407995296888,1.9106407995296888,2.160013824088474,86.30278063851699,0.009999999999999787,1835.1899999999998
2048,2025-10-31,04:00:00,953.0,7.36,146.0,7.49,1.852,1.9498440124790013,2025-10-31 04:00:00,1.9106407995296888,1.9106407995296888,1.9106407995296888,84.67995802728227,0.1299999999999999,1764.9560000000001
2049,2025-10-31,05:00:00,964.0,7.32,155.0,7.45,1.852,1.9498440124790013,2025-10-31 05:00:00,1.9498440124790013,1.9106407995296888,1.9106407995296888,83.92116182572614,0.1299999999999999,1785.328
2050,2025-10-31,06:00:00,952.0,7.38,168.0,7.417,1.852,1.9498440124790013,2025-10-31 06:00:00,1.9498440124790013,1.9498440124790013,1.9106407995296888,82.35294117647058,0.03699999999999992,1763.104
2027,2025-10-31,07:00:00,995.0,7.41,46.0,7.07,1.967,2.8243800485793367,2025-10-31 07:00:00,1.9498440124790013,1.9498440124790013,1.9498440124790013,95.37688442211055,-0.33999999999999986,1957.1650000000002
2028,2025-10-31,08:00:00,989.0,7.5,44.0,7.32,1.967,2.8243800485793367,2025-10-31 08:00:00,2.8243800485793367,1.9498440124790013,1.9498440124790013,95.55106167846309,-0.17999999999999972,1945.363
2029,2025-10-31,09:00:00,986.0,7.39,39.0,7.28,1.967,2.4007230412924363,2025-10-31 09:00:00,2.8243800485793367,2.8243800485793367,1.9498440124790013,96.0446247464503,-0.10999999999999943,1939.462
2030,2025-10-31,10:00:00,876.0,7.18,36.0,7.33,1.967,2.4007230412924363,2025-10-31 10:00:00,2.4007230412924363,2.8243800485793367,2.8243800485793367,95.8904109589041,0.15000000000000036,1723.092
2031,2025-10-31,11:00:00,898.0,7.25,56.0,7.38,1.967,2.4007230412924363,2025-10-31 11:00:00,2.4007230412924363,2.4007230412924363,2.8243800485793367,93.76391982182628,0.1299999999999999,1766.366
2032,2025-10-31,12:00:00,916.0,7.31,72.0,7.41,1.967,2.4007230412924363,2025-10-31 12:00:00,2.4007230412924363,2.4007230412924363,2.4007230412924363,92.13973799126637,0.10000000000000053,1801.7720000000002
2033,2025-10-31,13:00:00,908.0,7.29,75.0,7.37,1.967,2.4007230412924363,2025-10-31 13:00:00,2.4007230412924363,2.4007230412924363,2.4007230412924363,91.74008810572687,0.08000000000000007,1786.036
2034,2025-10-31,14:00:00,923.0,7.37,77.0,7.34,1.967,2.4007230412924363,2025-10-31 14:00:00,2.4007230412924363,2.4007230412924363,2.4007230412924363,91.65763813651138,-0.03000000000000025,1815.5410000000002
2035,2025-10-31,15:00:00,917.0,7.25,80.0,7.3,1.967,2.4007230412924363,2025-10-31 15:00:00,2.4007230412924363,2.4007230412924363,2.4007230412924363,91.27589967284624,0.04999999999999982,1803.739
2036,2025-10-31,16:00:00,914.0,7.28,83.0,7.36,1.967,2.4007230412924363,2025-10-31 16:00:00,2.4007230412924363,2.4007230412924363,2.4007230412924363,90.91903719912473,0.08000000000000007,1797.838
2037,2025-10-31,17:00:00,883.0,7.4,81.0,7.31,1.967,2.4007230412924363,2025-10-31 17:00:00,2.4007230412924363,2.4007230412924363,2.4007230412924363,90.82672706681767,-0.09000000000000075,1736.861
2038,2025-10-31,18:00:00,852.0,7.57,82.0,7.36,1.967,2.4007230412924363,2025-10-31 18:00:00,2.4007230412924363,2.4007230412924363,2.4007230412924363,90.3755868544601,-0.20999999999999996,1675.884
2039,2025-10-31,19:00:00,858.0,7.43,80.0,7.29,1.967,2.1182850364345027,2025-10-31 19:00:00,2.4007230412924363,2.4007230412924363,2.4007230412924363,90.67599067599068,-0.13999999999999968,1687.6860000000001
2040,2025-10-31,20:00:00,863.0,7.47,86.0,7.32,1.967,2.1182850364345027,2025-10-31 20:00:00,2.1182850364345027,2.4007230412924363,2.4007230412924363,90.03476245654693,-0.14999999999999947,1697.521
2041,2025-10-31,21:00:00,876.0,7.4,93.0,7.35,1.967,2.1182850364345027,2025-10-31 21:00:00,2.1182850364345027,2.1182850364345027,2.4007230412924363,89.38356164383562,-0.05000000000000071,1723.092
2042,2025-10-31,22:00:00,883.0,7.42,97.0,7.31,1.929,2.160013824088474,2025-10-31 22:00:00,2.1182850364345027,2.1182850364345027,2.1182850364345027,89.01472253680635,-0.11000000000000032,1703.307
2043,2025-10-31,23:00:00,899.0,7.41,105.0,7.36,1.929,2.160013824088474,2025-10-31 23:00:00,2.160013824088474,2.1182850364345027,2.1182850364345027,88.32035595105673,-0.04999999999999982,1734.171
2069,2025-11-01,00:00:00,708.0,7.47,231.0,7.28,1.525,3.6429872495446265,2025-11-01 00:00:00,2.160013824088474,2.160013824088474,2.1182850364345027,67.37288135593221,-0.1899999999999995,1079.7
2070,2025-11-01,01:00:00,713.0,7.45,246.0,7.23,1.456,3.815628815628816,2025-11-01 01:00:00,3.6429872495446265,2.160013824088474,2.160013824088474,65.49789621318372,-0.21999999999999975,1038.128
2071,2025-11-01,02:00:00,715.0,7.432,260.0,7.25,1.422,3.906860446944835,2025-11-01 02:00:00,3.815628815628816,3.6429872495446265,2.160013824088474,63.63636363636363,-0.18200000000000038,1016.7299999999999
2072,2025-11-01,03:00:00,710.0,7.41,252.0,7.29,1.388,4.002561639449247,2025-11-01 03:00:00,3.906860446944835,3.815628815628816,3.6429872495446265,64.50704225352113,-0.1200000000000001,985.4799999999999
2073,2025-11-01,04:00:00,707.0,7.48,237.0,7.31,1.322,4.202386955790889,2025-11-01 04:00:00,4.002561639449247,3.906860446944835,3.815628815628816,66.47807637906648,-0.17000000000000082,934.654
2074,2025-11-01,05:00:00,714.0,7.4,226.0,7.28,1.289,4.309973278165676,2025-11-01 05:00:00,4.202386955790889,4.002561639449247,3.906860446944835,68.34733893557423,-0.1200000000000001,920.3459999999999
2075,2025-11-01,06:00:00,711.0,7.43,238.0,7.3,1.225,4.535147392290249,2025-11-01 06:00:00,4.309973278165676,4.202386955790889,4.002561639449247,66.52601969057666,-0.1299999999999999,870.975
2052,2025-11-01,07:00:00,914.0,7.72,115.0,7.25,1.814,1.9906896974151655,2025-11-01 07:00:00,4.535147392290249,4.309973278165676,4.202386955790889,87.417943107221,-0.46999999999999975,1657.996
2053,2025-11-01,08:00:00,916.0,7.76,117.0,7.44,1.814,1.9906896974151655,2025-11-01 08:00:00,1.9906896974151655,4.535147392290249,4.309973278165676,87.22707423580786,-0.3199999999999994,1661.624
2054,2025-11-01,09:00:00,912.0,7.69,121.0,7.41,1.814,2.60320960431214,2025-11-01 09:00:00,1.9906896974151655,1.9906896974151655,4.535147392290249,86.73245614035088,-0.28000000000000025,1654.368
2055,2025-11-01,10:00:00,893.0,7.65,119.0,7.52,1.777,3.126367785906334,2025-11-01 10:00:00,2.60320960431214,1.9906896974151655,1.9906896974151655,86.67413213885779,-0.13000000000000078,1586.8609999999999
2056,2025-11-01,11:00:00,860.0,7.61,123.0,7.37,1.777,3.126367785906334,2025-11-01 11:00:00,3.126367785906334,2.60320960431214,1.9906896974151655,85.69767441860465,-0.2400000000000002,1528.22
2057,2025-11-01,12:00:00,756.0,7.45,126.0,7.13,1.74,3.192848020434227,2025-11-01 12:00:00,3.126367785906334,3.126367785906334,2.60320960431214,83.33333333333334,-0.3200000000000003,1315.44
2058,2025-11-01,13:00:00,753.0,7.49,122.0,7.21,1.74,3.192848020434227,2025-11-01 13:00:00,3.192848020434227,3.126367785906334,3.126367785906334,83.79814077025233,-0.28000000000000025,1310.22
2059,2025-11-01,14:00:00,774.0,7.55,120.0,7.27,1.703,3.2622170026750177,2025-11-01 14:00:00,3.192848020434227,3.192848020434227,3.126367785906334,84.49612403100775,-0.28000000000000025,1318.122
2060,2025-11-01,15:00:00,743.0,7.58,129.0,7.3,1.703,3.2622170026750177,2025-11-01 15:00:00,3.2622170026750177,3.192848020434227,3.192848020434227,82.63795423956931,-0.28000000000000025,1265.329
2061,2025-11-01,16:00:00,726.0,7.62,138.0,7.32,1.667,3.3326667999733384,2025-11-01 16:00:00,3.2622170026750177,3.2622170026750177,3.192848020434227,80.99173553719008,-0.2999999999999998,1210.242
2062,2025-11-01,17:00:00,721.0,7.4,139.0,7.35,1.667,3.3326667999733384,2025-11-01 17:00:00,3.3326667999733384,3.2622170026750177,3.2622170026750177,80.72122052704577,-0.05000000000000071,1201.907
2063,2025-11-01,18:00:00,720.0,7.27,141.0,7.33,1.631,3.4062265821922475,2025-11-01 18:00:00,3.3326667999733384,3.3326667999733384,3.2622170026750177,80.41666666666667,0.0600000000000005,1174.32
2064,2025-11-01,19:00:00,728.0,7.34,148.0,7.42,1.631,3.4062265821922475,2025-11-01 19:00:00,3.4062265821922475,3.3326667999733384,3.3326667999733384,79.67032967032966,0.08000000000000007,1187.368
2065,2025-11-01,20:00:00,720.0,7.38,169.0,7.36,1.595,3.4831069313827934,2025-11-01 20:00:00,3.4062265821922475,3.4062265821922475,3.3326667999733384,76.52777777777777,-0.019999999999999574,1148.4
2066,2025-11-01,21:00:00,716.0,7.32,186.0,7.37,1.595,3.4831069313827934,2025-11-01 21:00:00,3.4831069313827934,3.4062265821922475,3.4062265821922475,74.02234636871509,0.04999999999999982,1142.02
2067,2025-11-01,22:00:00,719.0,7.36,203.0,7.3,1.56,3.5612535612535607,2025-11-01 22:00:00,3.4831069313827934,3.4831069313827934,3.4062265821922475,71.7663421418637,-0.0600000000000005,1121.64
2068,2025-11-01,23:00:00,712.0,7.42,217.0,7.32,1.56,3.5612535612535607,2025-11-01 23:00:00,3.5612535612535607,3.4831069313827934,3.4831069313827934,69.52247191011236,-0.09999999999999964,1110.72
2094,2025-11-02,00:00:00,555.0,7.31,145.0,7.46,0.761,3.650167907723755,2025-11-02 00:00:00,3.5612535612535607,3.5612535612535607,3.4831069313827934,73.87387387387388,0.15000000000000036,422.355
2095,2025-11-02,01:00:00,549.0,7.35,142.0,7.51,0.71,3.912363067292645,2025-11-02 01:00:00,3.650167907723755,3.5612535612535607,3.5612535612535607,74.13479052823315,0.16000000000000014,389.78999999999996
2096,2025-11-02,02:00:00,547.0,7.39,149.0,7.48,0.66,4.2087542087542085,2025-11-02 02:00:00,3.912363067292645,3.650167907723755,3.5612535612535607,72.76051188299817,0.09000000000000075,361.02000000000004
2097,2025-11-02,03:00:00,542.0,7.48,146.0,7.33,0.612,4.538852578068264,2025-11-02 03:00:00,4.2087542087542085,3.912363067292645,3.650167907723755,73.06273062730627,-0.15000000000000036,331.704
2098,2025-11-02,04:00:00,548.0,7.43,152.0,7.3,0.588,4.72411186696901,2025-11-02 04:00:00,4.538852578068264,4.2087542087542085,3.912363067292645,72.26277372262774,-0.1299999999999999,322.224
2099,2025-11-02,05:00:00,539.0,7.56,150.0,7.42,0.565,4.916420845624386,2025-11-02 05:00:00,4.72411186696901,4.538852578068264,4.2087542087542085,72.17068645640074,-0.13999999999999968,304.53499999999997
2100,2025-11-02,06:00:00,526.0,7.41,148.0,7.3,0.542,5.125051250512504,2025-11-02 06:00:00,4.916420845624386,4.72411186696901,4.538852578068264,71.86311787072243,-0.11000000000000032,285.09200000000004
2077,2025-11-02,07:00:00,694.0,7.15,208.0,7.48,1.162,4.78102887741442,2025-11-02 07:00:00,5.125051250512504,4.916420845624386,4.72411186696901,70.02881844380403,0.33000000000000007,806.428
2078,2025-11-02,08:00:00,664.0,7.1,187.0,7.57,1.131,4.912073877591119,2025-11-02 08:00:00,4.78102887741442,5.125051250512504,4.916420845624386,71.83734939759037,0.47000000000000064,750.984
2079,2025-11-02,09:00:00,628.0,7.19,207.0,7.4,1.1,5.05050505050505,2025-11-02 09:00:00,4.912073877591119,4.78102887741442,5.125051250512504,67.03821656050955,0.20999999999999996,690.8000000000001
2080,2025-11-02,10:00:00,581.0,7.21,181.0,7.58,1.07,5.192107995846314,2025-11-02 10:00:00,5.05050505050505,4.912073877591119,4.78102887741442,68.84681583476764,0.3700000000000001,621.6700000000001
2081,2025-11-02,11:00:00,577.0,7.28,193.0,7.6,1.04,5.3418803418803416,2025-11-02 11:00:00,5.192107995846314,5.05050505050505,4.912073877591119,66.55112651646448,0.3199999999999994,600.08
2082,2025-11-02,12:00:00,561.0,7.456,199.0,7.57,1.04,2.6709401709401708,2025-11-02 12:00:00,5.3418803418803416,5.192107995846314,5.05050505050505,64.52762923351159,0.11399999999999988,583.44
2083,2025-11-02,13:00:00,558.0,7.5,196.0,7.6,1.011,2.7475546763380594,2025-11-02 13:00:00,2.6709401709401708,5.3418803418803416,5.192107995846314,64.87455197132617,0.09999999999999964,564.1379999999999
2084,2025-11-02,14:00:00,543.0,7.48,194.0,7.64,1.011,2.7475546763380594,2025-11-02 14:00:00,2.7475546763380594,2.6709401709401708,5.3418803418803416,64.27255985267035,0.15999999999999925,548.973
2085,2025-11-02,15:00:00,529.0,7.8,191.0,7.66,0.982,2.828694274722788,2025-11-02 15:00:00,2.7475546763380594,2.7475546763380594,2.6709401709401708,63.89413988657845,-0.13999999999999968,519.478
2086,2025-11-02,16:00:00,535.0,7.66,182.0,7.57,0.982,2.828694274722788,2025-11-02 16:00:00,2.828694274722788,2.7475546763380594,2.7475546763380594,65.98130841121495,-0.08999999999999986,525.37
2087,2025-11-02,17:00:00,540.0,7.53,168.0,7.49,0.953,2.9147720648245308,2025-11-02 17:00:00,2.828694274722788,2.828694274722788,2.7475546763380594,68.88888888888889,-0.040000000000000036,514.62
2088,2025-11-02,18:00:00,537.0,7.6,180.0,7.63,0.924,3.0062530062530057,2025-11-02 18:00:00,2.9147720648245308,2.828694274722788,2.828694274722788,66.4804469273743,0.03000000000000025,496.18800000000005
2089,2025-11-02,19:00:00,540.0,7.38,170.0,7.29,0.896,3.100198412698412,2025-11-02 19:00:00,3.0062530062530057,2.9147720648245308,2.828694274722788,68.51851851851852,-0.08999999999999986,483.84000000000003
2090,2025-11-02,20:00:00,543.0,7.44,174.0,7.33,0.689,4.031607805192711,2025-11-02 20:00:00,3.100198412698412,3.0062530062530057,2.9147720648245308,67.95580110497238,-0.11000000000000032,374.12699999999995
2091,2025-11-02,21:00:00,538.0,7.46,159.0,7.42,0.841,3.3029462280354074,2025-11-02 21:00:00,4.031607805192711,3.100198412698412,3.0062530062530057,70.4460966542751,-0.040000000000000036,452.45799999999997
2092,2025-11-02,22:00:00,542.0,7.42,153.0,7.44,0.814,3.412503412503413,2025-11-02 22:00:00,3.3029462280354074,4.031607805192711,3.100198412698412,71.77121771217713,0.020000000000000462,441.188
2093,2025-11-02,23:00:00,558.0,7.31,147.0,7.48,0.788,3.5250987027636773,2025-11-02 23:00:00,3.412503412503413,3.3029462280354074,4.031607805192711,73.65591397849462,0.17000000000000082,439.704
2469,2025-11-24,00:00:00,436.0,8.04,138.0,8.35,2.373,2.34115278363066,2025-11-24 00:00:00,3.5250987027636773,3.412503412503413,3.3029462280354074,68.34862385321101,0.3100000000000005,1034.6280000000002
2470,2025-11-24,01:00:00,443.0,7.82,131.0,8.34,2.857,1.9445416715280208,2025-11-24 01:00:00,2.34115278363066,3.5250987027636773,3.412503412503413,70.42889390519187,0.5199999999999996,1265.651
2471,2025-11-24,02:00:00,527.0,7.88,128.0,8.36,2.857,1.9445416715280208,2025-11-24 02:00:00,1.9445416715280208,2.34115278363066,3.5250987027636773,75.71157495256166,0.47999999999999954,1505.6390000000001
2472,2025-11-24,03:00:00,860.0,7.94,122.0,8.4,2.544,2.1837875611460515,2025-11-24 03:00:00,1.9445416715280208,1.9445416715280208,2.34115278363066,85.81395348837209,0.45999999999999996,2187.84
2473,2025-11-24,04:00:00,1034.0,8.0,118.0,8.37,2.458,2.486212819817376,2025-11-24 04:00:00,2.1837875611460515,1.9445416715280208,1.9445416715280208,88.58800773694391,0.3699999999999992,2541.572
2474,2025-11-24,05:00:00,1072.0,8.05,133.0,8.21,2.415,2.5304807913503566,2025-11-24 05:00:00,2.486212819817376,2.1837875611460515,1.9445416715280208,87.59328358208955,0.16000000000000014,2588.88
2475,2025-11-24,06:00:00,1196.0,8.07,135.0,8.25,2.331,2.621669288335955,2025-11-24 06:00:00,2.5304807913503566,2.486212819817376,2.1837875611460515,88.7123745819398,0.17999999999999972,2787.8759999999997
2458,2025-11-24,13:00:00,416.0,8.03,53.0,8.36,2.046,1.3576626479852287,2025-11-24 13:00:00,2.621669288335955,2.5304807913503566,2.486212819817376,87.25961538461539,0.33000000000000007,851.136
2459,2025-11-24,14:00:00,513.0,7.98,51.0,8.3,2.046,1.764961442380797,2025-11-24 14:00:00,1.3576626479852287,2.621669288335955,2.5304807913503566,90.05847953216374,0.3200000000000003,1049.598
2460,2025-11-24,15:00:00,655.0,7.92,55.0,8.35,2.046,1.764961442380797,2025-11-24 15:00:00,1.764961442380797,1.3576626479852287,2.621669288335955,91.6030534351145,0.4299999999999997,1340.1299999999999
2461,2025-11-24,16:00:00,691.0,8.0,57.0,8.32,1.967,1.8358470315765687,2025-11-24 16:00:00,1.764961442380797,1.764961442380797,1.3576626479852287,91.75108538350217,0.3200000000000003,1359.1970000000001
2462,2025-11-24,17:00:00,733.0,8.02,52.0,8.37,1.929,1.8720119808766773,2025-11-24 17:00:00,1.8358470315765687,1.764961442380797,1.764961442380797,92.90586630286494,0.34999999999999964,1413.957
2463,2025-11-24,18:00:00,717.0,7.96,59.0,8.3,1.929,1.8720119808766773,2025-11-24 18:00:00,1.8720119808766773,1.8358470315765687,1.764961442380797,91.77126917712691,0.34000000000000075,1383.093
2464,2025-11-24,19:00:00,690.0,8.15,70.0,8.58,1.929,1.8720119808766773,2025-11-24 19:00:00,1.8720119808766773,1.8720119808766773,1.8358470315765687,89.85507246376811,0.4299999999999997,1331.01
2465,2025-11-24,20:00:00,641.0,8.18,89.0,8.41,1.89,1.9106407995296888,2025-11-24 20:00:00,1.8720119808766773,1.8720119808766773,1.8720119808766773,86.1154446177847,0.23000000000000043,1211.49
2466,2025-11-24,21:00:00,610.0,8.16,101.0,8.5,1.852,1.9498440124790013,2025-11-24 21:00:00,1.9106407995296888,1.8720119808766773,1.8720119808766773,83.44262295081967,0.33999999999999986,1129.72
2467,2025-11-24,22:00:00,602.0,8.2,108.0,8.48,1.814,1.9906896974151655,2025-11-24 22:00:00,1.9498440124790013,1.9106407995296888,1.8720119808766773,82.05980066445183,0.28000000000000114,1092.028
2468,2025-11-24,23:00:00,589.0,8.17,114.0,8.5,1.814,1.9906896974151655,2025-11-24 23:00:00,1.9906896974151655,1.9498440124790013,1.9106407995296888,80.64516129032258,0.33000000000000007,1068.4460000000001
2494,2025-11-25,00:00:00,541.0,7.98,150.0,8.02,1.74,2.3946360153256707,2025-11-25 00:00:00,1.9906896974151655,1.9906896974151655,1.9498440124790013,72.2735674676525,0.03999999999999915,941.34
2495,2025-11-25,01:00:00,547.0,7.96,160.0,8.04,1.703,2.446662752006264,2025-11-25 01:00:00,2.3946360153256707,1.9906896974151655,1.9906896974151655,70.74954296160878,0.07999999999999918,931.541
2496,2025-11-25,02:00:00,553.0,7.93,158.0,8.01,1.703,2.446662752006264,2025-11-25 02:00:00,2.446662752006264,2.3946360153256707,1.9906896974151655,71.42857142857143,0.08000000000000007,941.759
2497,2025-11-25,03:00:00,566.0,7.9,155.0,7.97,1.703,2.446662752006264,2025-11-25 03:00:00,2.446662752006264,2.446662752006264,2.3946360153256707,72.6148409893993,0.0699999999999994,963.898
2498,2025-11-25,04:00:00,562.0,7.88,152.0,7.95,1.667,2.499500099980004,2025-11-25 04:00:00,2.446662752006264,2.446662752006264,2.446662752006264,72.95373665480427,0.07000000000000028,936.854
2499,2025-11-25,05:00:00,559.0,7.85,149.0,7.92,1.667,2.499500099980004,2025-11-25 05:00:00,2.499500099980004,2.446662752006264,2.446662752006264,73.34525939177102,0.07000000000000028,931.8530000000001
2500,2025-11-25,06:00:00,554.0,7.89,137.0,7.94,1.667,2.499500099980004,2025-11-25 06:00:00,2.499500099980004,2.499500099980004,2.446662752006264,75.27075812274369,0.05000000000000071,923.518
2477,2025-11-25,07:00:00,944.0,7.98,129.0,8.3,2.331,2.621669288335955,2025-11-25 07:00:00,2.499500099980004,2.499500099980004,2.499500099980004,86.33474576271186,0.3200000000000003,2200.464
2478,2025-11-25,08:00:00,880.0,7.92,133.0,8.24,2.289,2.6697733119751463,2025-11-25 08:00:00,2.621669288335955,2.499500099980004,2.499500099980004,84.88636363636364,0.3200000000000003,2014.3200000000002
2479,2025-11-25,09:00:00,905.0,7.95,138.0,8.13,2.148,2.8450237947444648,2025-11-25 09:00:00,2.6697733119751463,2.621669288335955,2.499500099980004,84.7513812154696,0.1800000000000006,1943.94
2480,2025-11-25,10:00:00,830.0,7.93,143.0,8.22,2.166,2.8213809377244283,2025-11-25 10:00:00,2.8450237947444648,2.6697733119751463,2.621669288335955,82.7710843373494,0.2900000000000009,1797.78
2481,2025-11-25,11:00:00,749.0,7.9,147.0,8.14,2.166,2.8213809377244283,2025-11-25 11:00:00,2.8213809377244283,2.8450237947444648,2.6697733119751463,80.37383177570094,0.2400000000000002,1622.3339999999998
2482,2025-11-25,12:00:00,656.0,7.83,143.0,8.06,2.126,2.874464304379638,2025-11-25 12:00:00,2.8213809377244283,2.8213809377244283,2.8450237947444648,78.20121951219512,0.23000000000000043,1394.656
2483,2025-11-25,13:00:00,637.0,7.87,139.0,8.08,2.086,2.9295834664962186,2025-11-25 13:00:00,2.874464304379638,2.8213809377244283,2.8213809377244283,78.1789638932496,0.20999999999999996,1328.782
2484,2025-11-25,14:00:00,601.0,7.85,131.0,8.02,2.046,1.764961442380797,2025-11-25 14:00:00,2.9295834664962186,2.874464304379638,2.8213809377244283,78.20299500831946,0.16999999999999993,1229.646
2485,2025-11-25,15:00:00,596.0,7.84,136.0,8.07,2.006,1.8001550902847017,2025-11-25 15:00:00,1.764961442380797,2.9295834664962186,2.874464304379638,77.18120805369128,0.23000000000000043,1195.5759999999998
2486,2025-11-25,16:00:00,590.0,7.93,140.0,8.01,1.967,1.8358470315765687,2025-11-25 16:00:00,1.8001550902847017,1.764961442380797,2.9295834664962186,76.27118644067797,0.08000000000000007,1160.53
2487,2025-11-25,17:00:00,587.0,7.99,142.0,8.09,1.959,1.8433441098065904,2025-11-25 17:00:00,1.8358470315765687,1.8001550902847017,1.764961442380797,75.809199318569,0.09999999999999964,1149.933
2488,2025-11-25,18:00:00,570.0,7.96,148.0,8.03,1.959,1.8433441098065904,2025-11-25 18:00:00,1.8433441098065904,1.8358470315765687,1.8001550902847017,74.03508771929825,0.0699999999999994,1116.63
2489,2025-11-25,19:00:00,610.0,7.89,131.0,8.01,1.959,1.8433441098065904,2025-11-25 19:00:00,1.8433441098065904,1.8433441098065904,1.8358470315765687,78.52459016393442,0.1200000000000001,1194.99
2490,2025-11-25,20:00:00,592.0,8.04,145.0,8.06,1.852,2.099832013438925,2025-11-25 20:00:00,1.8433441098065904,1.8433441098065904,1.8433441098065904,75.50675675675676,0.02000000000000135,1096.384
2491,2025-11-25,21:00:00,556.0,8.01,154.0,8.04,1.852,2.249820014398848,2025-11-25 21:00:00,2.099832013438925,1.8433441098065904,1.8433441098065904,72.3021582733813,0.02999999999999936,1029.712
2492,2025-11-25,22:00:00,550.0,8.03,138.0,8.08,1.814,2.296949650863653,2025-11-25 22:00:00,2.249820014398848,2.099832013438925,1.8433441098065904,74.90909090909092,0.05000000000000071,997.7
2493,2025-11-25,23:00:00,538.0,7.97,149.0,8.011,1.777,2.3447758394297504,2025-11-25 23:00:00,2.296949650863653,2.249820014398848,2.099832013438925,72.30483271375465,0.04099999999999948,956.026
2502,2025-11-26,07:00:00,415.0,7.92,149.0,8.04,1.631,2.5546699366441854,2025-11-26 07:00:00,2.3447758394297504,2.296949650863653,2.249820014398848,64.09638554216868,0.11999999999999922,676.865
2503,2025-11-26,08:00:00,409.0,7.97,152.0,7.95,1.631,1.7031132910961235,2025-11-26 08:00:00,2.5546699366441854,2.3447758394297504,2.296949650863653,62.8361858190709,-0.019999999999999574,667.079
2504,2025-11-26,09:00:00,417.0,7.84,146.0,7.92,1.631,1.3624906328768989,2025-11-26 09:00:00,1.7031132910961235,2.5546699366441854,2.3447758394297504,64.98800959232614,0.08000000000000007,680.127
2505,2025-11-26,10:00:00,389.0,7.87,151.0,7.9,1.595,1.3932427725531176,2025-11-26 10:00:00,1.3624906328768989,1.7031132910961235,2.5546699366441854,61.18251928020566,0.03000000000000025,620.455
2506,2025-11-26,11:00:00,343.0,7.73,160.0,7.86,1.595,1.3932427725531176,2025-11-26 11:00:00,1.3932427725531176,1.3624906328768989,1.7031132910961235,53.352769679300295,0.1299999999999999,547.085
2507,2025-11-26,12:00:00,302.0,7.66,168.0,7.84,1.595,1.3932427725531176,2025-11-26 12:00:00,1.3932427725531176,1.3932427725531176,1.3624906328768989,44.370860927152314,0.17999999999999972,481.69
2508,2025-11-26,13:00:00,316.0,7.7,162.0,7.89,1.595,1.3932427725531176,2025-11-26 13:00:00,1.3932427725531176,1.3932427725531176,1.3932427725531176,48.734177215189874,0.1899999999999995,504.02
2509,2025-11-26,14:00:00,309.0,7.75,155.0,7.86,1.56,1.4245014245014245,2025-11-26 14:00:00,1.3932427725531176,1.3932427725531176,1.3932427725531176,49.83818770226537,0.11000000000000032,482.04
2510,2025-11-26,15:00:00,314.0,7.81,151.0,7.9,1.56,1.4245014245014245,2025-11-26 15:00:00,1.4245014245014245,1.3932427725531176,1.3932427725531176,51.910828025477706,0.09000000000000075,489.84000000000003
2511,2025-11-26,16:00:00,306.0,7.73,146.0,7.87,1.56,1.4245014245014245,2025-11-26 16:00:00,1.4245014245014245,1.4245014245014245,1.3932427725531176,52.28758169934641,0.13999999999999968,477.36
2669,2025-12-02,00:00:00,514.0,8.02,151.0,8.13,1.595,1.741553465691397,2025-12-02 00:00:00,1.4245014245014245,1.4245014245014245,1.4245014245014245,70.62256809338521,0.11000000000000121,819.83
2670,2025-12-02,01:00:00,520.0,7.97,140.0,8.01,1.595,1.741553465691397,2025-12-02 01:00:00,1.741553465691397,1.4245014245014245,1.4245014245014245,73.07692307692307,0.040000000000000036,829.4
2671,2025-12-02,02:00:00,517.0,8.0,142.0,8.0,1.56,1.7806267806267804,2025-12-02 02:00:00,1.741553465691397,1.741553465691397,1.4245014245014245,72.5338491295938,0.0,806.52
2672,2025-12-02,03:00:00,511.0,7.98,144.0,7.94,1.56,1.7806267806267804,2025-12-02 03:00:00,1.7806267806267804,1.741553465691397,1.741553465691397,71.81996086105676,-0.040000000000000036,797.1600000000001
2673,2025-12-02,04:00:00,513.0,7.95,141.0,7.88,1.525,1.8214936247723128,2025-12-02 04:00:00,1.7806267806267804,1.7806267806267804,1.741553465691397,72.51461988304094,-0.07000000000000028,782.3249999999999
2674,2025-12-02,05:00:00,506.0,7.92,139.0,7.85,1.49,1.864280387770321,2025-12-02 05:00:00,1.8214936247723128,1.7806267806267804,1.7806267806267804,72.5296442687747,-0.07000000000000028,753.9399999999999
2675,2025-12-02,06:00:00,517.0,7.97,146.0,7.83,1.49,1.864280387770321,2025-12-02 06:00:00,1.864280387770321,1.8214936247723128,1.7806267806267804,71.76015473887814,-0.13999999999999968,770.33
2664,2025-12-02,19:00:00,450.0,7.92,152.0,8.26,1.595,1.741553465691397,2025-12-02 19:00:00,1.864280387770321,1.864280387770321,1.8214936247723128,66.22222222222223,0.33999999999999986,717.75
2665,2025-12-02,20:00:00,462.0,8.06,157.0,8.23,1.595,1.741553465691397,2025-12-02 20:00:00,1.741553465691397,1.864280387770321,1.864280387770321,66.01731601731602,0.16999999999999993,736.89
2666,2025-12-02,21:00:00,481.0,8.04,164.0,8.27,1.595,1.741553465691397,2025-12-02 21:00:00,1.741553465691397,1.741553465691397,1.864280387770321,65.9043659043659,0.23000000000000043,767.1949999999999
2667,2025-12-02,22:00:00,494.0,8.01,170.0,8.3,1.595,1.741553465691397,2025-12-02 22:00:00,1.741553465691397,1.741553465691397,1.741553465691397,65.58704453441295,0.2900000000000009,787.93
2668,2025-12-02,23:00:00,507.0,8.05,162.0,8.22,1.595,1.741553465691397,2025-12-02 23:00:00,1.741553465691397,1.741553465691397,1.741553465691397,68.04733727810651,0.16999999999999993,808.665
2694,2025-12-03,00:00:00,341.0,7.97,194.0,7.97,0.896,0.9300595238095236,2025-12-03 00:00:00,1.741553465691397,1.741553465691397,1.741553465691397,43.10850439882698,0.0,305.536
2695,2025-12-03,01:00:00,337.0,7.94,197.0,7.99,0.869,0.9589566551591868,2025-12-03 01:00:00,0.9300595238095236,1.741553465691397,1.741553465691397,41.54302670623146,0.04999999999999982,292.853
2696,2025-12-03,02:00:00,330.0,7.92,180.0,8.0,0.869,0.9589566551591868,2025-12-03 02:00:00,0.9589566551591868,0.9300595238095236,1.741553465691397,45.45454545454545,0.08000000000000007,286.77
2697,2025-12-03,03:00:00,325.0,7.88,174.0,7.98,0.841,0.9908838684106224,2025-12-03 03:00:00,0.9589566551591868,0.9589566551591868,0.9300595238095236,46.46153846153846,0.10000000000000053,273.325
2698,2025-12-03,04:00:00,319.0,7.9,171.0,7.96,0.814,1.0237510237510237,2025-12-03 04:00:00,0.9908838684106224,0.9589566551591868,0.9589566551591868,46.39498432601881,0.05999999999999961,259.666
2699,2025-12-03,05:00:00,314.0,7.85,167.0,7.93,0.788,1.057529610829103,2025-12-03 05:00:00,1.0237510237510237,0.9908838684106224,0.9589566551591868,46.81528662420382,0.08000000000000007,247.43200000000002
2700,2025-12-03,06:00:00,317.0,7.83,169.0,7.91,0.788,1.057529610829103,2025-12-03 06:00:00,1.057529610829103,1.0237510237510237,0.9908838684106224,46.68769716088328,0.08000000000000007,249.79600000000002
2677,2025-12-03,07:00:00,515.0,7.75,177.0,7.9,1.422,1.7580872011251758,2025-12-03 07:00:00,1.057529610829103,1.057529610829103,1.0237510237510237,65.63106796116504,0.15000000000000036,732.3299999999999
2678,2025-12-03,08:00:00,503.0,7.79,169.0,8.05,1.322,1.8910741301059,2025-12-03 08:00:00,1.7580872011251758,1.057529610829103,1.057529610829103,66.40159045725646,0.2600000000000007,664.966
2679,2025-12-03,09:00:00,405.0,7.73,162.0,7.93,1.289,1.2929919834497028,2025-12-03 09:00:00,1.8910741301059,1.7580872011251758,1.057529610829103,60.0,0.1999999999999993,522.045
2680,2025-12-03,10:00:00,363.0,7.76,184.0,7.91,1.257,0.6629541235746487,2025-12-03 10:00:00,1.2929919834497028,1.8910741301059,1.7580872011251758,49.311294765840216,0.15000000000000036,456.29099999999994
2681,2025-12-03,11:00:00,340.0,7.8,206.0,7.896,1.225,0.6802721088435373,2025-12-03 11:00:00,0.6629541235746487,1.2929919834497028,1.8910741301059,39.411764705882355,0.09600000000000009,416.50000000000006
2682,2025-12-03,12:00:00,325.0,7.81,236.0,7.98,1.193,0.6985191394244202,2025-12-03 12:00:00,0.6802721088435373,0.6629541235746487,1.2929919834497028,27.384615384615387,0.17000000000000082,387.725
2683,2025-12-03,13:00:00,330.0,7.86,242.0,7.94,1.162,0.717154331612163,2025-12-03 13:00:00,0.6985191394244202,0.6802721088435373,0.6629541235746487,26.666666666666668,0.08000000000000007,383.46
2684,2025-12-03,14:00:00,332.0,7.84,240.0,7.93,1.131,0.7368110816386678,2025-12-03 14:00:00,0.717154331612163,0.6985191394244202,0.6802721088435373,27.710843373493976,0.08999999999999986,375.492
2685,2025-12-03,15:00:00,314.0,7.88,234.0,7.92,1.1,0.7575757575757575,2025-12-03 15:00:00,0.7368110816386678,0.717154331612163,0.6985191394244202,25.477707006369428,0.040000000000000036,345.40000000000003
2686,2025-12-03,16:00:00,318.0,7.85,229.0,7.95,1.1,0.7575757575757575,2025-12-03 16:00:00,0.7575757575757575,0.7368110816386678,0.717154331612163,27.9874213836478,0.10000000000000053,349.8
2687,2025-12-03,17:00:00,310.0,7.91,224.0,7.93,1.07,0.778816199376947,2025-12-03 17:00:00,0.7575757575757575,0.7575757575757575,0.7368110816386678,27.741935483870968,0.019999999999999574,331.70000000000005
2688,2025-12-03,18:00:00,322.0,7.95,230.0,7.96,1.07,0.778816199376947,2025-12-03 18:00:00,0.778816199376947,0.7575757575757575,0.7575757575757575,28.57142857142857,0.009999999999999787,344.54
2689,2025-12-03,19:00:00,337.0,8.03,225.0,8.14,1.011,0.8242664029014178,2025-12-03 19:00:00,0.778816199376947,0.778816199376947,0.7575757575757575,33.23442136498516,0.11000000000000121,340.707
2690,2025-12-03,20:00:00,348.0,8.01,217.0,8.04,0.953,0.8744316194473593,2025-12-03 20:00:00,0.8242664029014178,0.778816199376947,0.778816199376947,37.64367816091954,0.02999999999999936,331.644
2691,2025-12-03,21:00:00,351.0,7.99,210.0,8.03,0.924,0.9018759018759018,2025-12-03 21:00:00,0.8744316194473593,0.8242664029014178,0.778816199376947,40.17094017094017,0.03999999999999915,324.324
2692,2025-12-03,22:00:00,348.0,8.02,208.0,8.02,0.924,0.9018759018759018,2025-12-03 22:00:00,0.9018759018759018,0.8744316194473593,0.8242664029014178,40.229885057471265,0.0,321.552
2693,2025-12-03,23:00:00,343.0,8.0,201.0,8.04,0.896,0.9300595238095236,2025-12-03 23:00:00,0.9018759018759018,0.9018759018759018,0.8744316194473593,41.39941690962099,0.03999999999999915,307.32800000000003
2702,2025-12-04,07:00:00,307.0,7.79,178.0,7.96,0.66,1.2626262626262623,2025-12-04 07:00:00,0.9300595238095236,0.9018759018759018,0.9018759018759018,42.01954397394137,0.16999999999999993,202.62
2703,2025-12-04,08:00:00,310.0,7.76,160.0,8.22,0.66,0.8417508417508417,2025-12-04 08:00:00,1.2626262626262623,0.9300595238095236,0.9018759018759018,48.38709677419355,0.46000000000000085,204.60000000000002
2704,2025-12-04,09:00:00,306.0,7.8,161.0,7.98,0.636,0.8735150244584206,2025-12-04 09:00:00,0.8417508417508417,1.2626262626262623,0.9300595238095236,47.385620915032675,0.1800000000000006,194.616
2705,2025-12-04,10:00:00,317.0,7.84,166.0,7.96,0.588,0.472411186696901,2025-12-04 10:00:00,0.8735150244584206,0.8417508417508417,1.2626262626262623,47.63406940063091,0.1200000000000001,186.396
2794,2025-12-07,00:00:00,382.0,7.93,159.0,8.07,2.331,0.5958339291672625,2025-12-07 00:00:00,0.472411186696901,0.8735150244584206,0.8417508417508417,58.37696335078534,0.14000000000000057,890.442
2795,2025-12-07,01:00:00,625.0,7.9,153.0,8.02,2.766,2.5106451353739856,2025-12-07 01:00:00,0.5958339291672625,0.472411186696901,0.8735150244584206,75.52,0.11999999999999922,1728.75
2796,2025-12-07,02:00:00,932.0,7.84,160.0,7.96,2.857,3.889083343056041,2025-12-07 02:00:00,2.5106451353739856,0.5958339291672625,0.472411186696901,82.83261802575107,0.1200000000000001,2662.724
2797,2025-12-07,03:00:00,1452.0,7.86,165.0,7.92,2.766,5.021290270747971,2025-12-07 03:00:00,3.889083343056041,2.5106451353739856,0.5958339291672625,88.63636363636364,0.05999999999999961,4016.232
2798,2025-12-07,04:00:00,1656.0,7.69,161.0,7.9,2.721,5.104332557474784,2025-12-07 04:00:00,5.021290270747971,3.889083343056041,2.5106451353739856,90.27777777777779,0.20999999999999996,4505.976000000001
2799,2025-12-07,05:00:00,1872.0,7.58,166.0,7.81,2.632,5.27693346842283,2025-12-07 05:00:00,5.104332557474784,5.021290270747971,3.889083343056041,91.13247863247864,0.22999999999999954,4927.104
2800,2025-12-07,06:00:00,1764.0,7.63,179.0,7.86,2.501,5.55333422186681,2025-12-07 06:00:00,5.27693346842283,5.104332557474784,5.021290270747971,89.85260770975057,0.23000000000000043,4411.764
2793,2025-12-07,23:00:00,638.0,7.82,146.0,8.01,1.225,1.8140589569160996,2025-12-07 23:00:00,5.55333422186681,5.27693346842283,5.104332557474784,77.11598746081505,0.1899999999999995,781.5500000000001
2844,2025-12-09,00:00:00,320.0,7.27,142.0,7.06,1.456,0.7631257631257631,2025-12-09 00:00:00,1.8140589569160996,5.55333422186681,5.27693346842283,55.625,-0.20999999999999996,465.91999999999996
2845,2025-12-09,01:00:00,314.0,7.3,154.0,7.13,1.456,0.7631257631257631,2025-12-09 01:00:00,0.7631257631257631,1.8140589569160996,5.55333422186681,50.955414012738856,-0.16999999999999993,457.18399999999997
2846,2025-12-09,02:00:00,312.0,7.38,158.0,7.18,1.422,0.781372089388967,2025-12-09 02:00:00,0.7631257631257631,0.7631257631257631,1.8140589569160996,49.358974358974365,-0.20000000000000018,443.664
2847,2025-12-09,03:00:00,308.0,7.42,155.0,7.21,1.422,0.781372089388967,2025-12-09 03:00:00,0.781372089388967,0.7631257631257631,0.7631257631257631,49.67532467532468,-0.20999999999999996,437.976
2848,2025-12-09,04:00:00,292.0,7.48,160.0,7.24,1.388,0.8005123278898496,2025-12-09 04:00:00,0.781372089388967,0.781372089388967,0.7631257631257631,45.20547945205479,-0.2400000000000002,405.296
2849,2025-12-09,05:00:00,311.0,7.34,153.0,7.1,1.388,0.8005123278898496,2025-12-09 05:00:00,0.8005123278898496,0.781372089388967,0.781372089388967,50.80385852090033,-0.2400000000000002,431.66799999999995
2850,2025-12-09,06:00:00,327.0,7.22,146.0,7.07,1.388,0.8005123278898496,2025-12-09 06:00:00,0.8005123278898496,0.8005123278898496,0.781372089388967,55.35168195718655,-0.14999999999999947,453.876
2827,2025-12-09,07:00:00,480.0,7.63,131.0,6.89,1.703,1.1417759509362564,2025-12-09 07:00:00,0.8005123278898496,0.8005123278898496,0.8005123278898496,72.70833333333333,-0.7400000000000002,817.44
2828,2025-12-09,08:00:00,476.0,7.57,147.0,7.33,1.703,0.6524434005350035,2025-12-09 08:00:00,1.1417759509362564,0.8005123278898496,0.8005123278898496,69.11764705882352,-0.2400000000000002,810.628
2829,2025-12-09,09:00:00,403.0,7.66,151.0,7.24,1.667,0.6665333599946677,2025-12-09 09:00:00,0.6524434005350035,1.1417759509362564,0.8005123278898496,62.531017369727046,-0.41999999999999993,671.801
2830,2025-12-09,10:00:00,358.0,7.59,154.0,7.18,1.667,0.6665333599946677,2025-12-09 10:00:00,0.6665333599946677,0.6524434005350035,1.1417759509362564,56.98324022346368,-0.41000000000000014,596.7860000000001
2831,2025-12-09,11:00:00,341.0,7.61,158.0,7.12,1.631,0.6812453164384494,2025-12-09 11:00:00,0.6665333599946677,0.6665333599946677,0.6524434005350035,53.665689149560116,-0.4900000000000002,556.171
2832,2025-12-09,12:00:00,369.0,7.64,167.0,7.06,1.631,0.6812453164384494,2025-12-09 12:00:00,0.6812453164384494,0.6665333599946677,0.6665333599946677,54.74254742547425,-0.5800000000000001,601.839
2833,2025-12-09,13:00:00,360.0,7.59,148.0,7.03,1.595,0.6966213862765588,2025-12-09 13:00:00,0.6812453164384494,0.6812453164384494,0.6665333599946677,58.88888888888889,-0.5599999999999996,574.2
2834,2025-12-09,14:00:00,356.0,7.62,151.0,7.15,1.595,0.6966213862765588,2025-12-09 14:00:00,0.6966213862765588,0.6812453164384494,0.6812453164384494,57.58426966292135,-0.46999999999999975,567.8199999999999
2835,2025-12-09,15:00:00,343.0,7.6,165.0,7.13,1.595,0.6966213862765588,2025-12-09 15:00:00,0.6966213862765588,0.6966213862765588,0.6812453164384494,51.89504373177842,-0.46999999999999975,547.085
2836,2025-12-09,16:00:00,325.0,7.56,172.0,7.1,1.595,0.6966213862765588,2025-12-09 16:00:00,0.6966213862765588,0.6966213862765588,0.6966213862765588,47.07692307692308,-0.45999999999999996,518.375
2837,2025-12-09,17:00:00,310.0,7.57,175.0,7.07,1.595,0.6966213862765588,2025-12-09 17:00:00,0.6966213862765588,0.6966213862765588,0.6966213862765588,43.54838709677419,-0.5,494.45
2838,2025-12-09,18:00:00,303.0,7.61,177.0,7.05,1.56,0.7122507122507121,2025-12-09 18:00:00,0.6966213862765588,0.6966213862765588,0.6966213862765588,41.584158415841586,-0.5600000000000005,472.68
2839,2025-12-09,19:00:00,305.0,7.26,166.0,7.02,1.525,0.7285974499089254,2025-12-09 19:00:00,0.7122507122507121,0.6966213862765588,0.6966213862765588,45.57377049180328,-0.2400000000000002,465.125
2840,2025-12-09,20:00:00,301.0,7.39,160.0,7.09,1.49,0.7457121551081283,2025-12-09 20:00:00,0.7285974499089254,0.7122507122507121,0.6966213862765588,46.84385382059801,-0.2999999999999998,448.49
2841,2025-12-09,21:00:00,327.0,7.45,149.0,7.11,1.49,0.7457121551081283,2025-12-09 21:00:00,0.7457121551081283,0.7285974499089254,0.7122507122507121,54.43425076452599,-0.33999999999999986,487.23
2842,2025-12-09,22:00:00,324.0,7.41,147.0,7.08,1.49,0.7457121551081283,2025-12-09 22:00:00,0.7457121551081283,0.7457121551081283,0.7285974499089254,54.629629629629626,-0.33000000000000007,482.76
2843,2025-12-09,23:00:00,322.0,7.35,145.0,7.03,1.49,0.7457121551081283,2025-12-09 23:00:00,0.7457121551081283,0.7457121551081283,0.7457121551081283,54.96894409937888,-0.3199999999999994,479.78
2869,2025-12-10,00:00:00,522.0,7.09,148.0,7.1,2.126,1.829204557332497,2025-12-10 00:00:00,0.7457121551081283,0.7457121551081283,0.7457121551081283,71.64750957854406,0.009999999999999787,1109.772
2870,2025-12-10,01:00:00,626.0,7.21,137.0,7.23,2.248,1.8534994068801895,2025-12-10 01:00:00,1.829204557332497,0.7457121551081283,0.7457121551081283,78.1150159744409,0.020000000000000462,1407.248
2871,2025-12-10,02:00:00,639.0,7.19,146.0,7.18,2.331,1.7875017875017871,2025-12-10 02:00:00,1.8534994068801895,1.829204557332497,0.7457121551081283,77.15179968701096,-0.010000000000000675,1489.509
2872,2025-12-10,03:00:00,651.0,7.26,139.0,7.21,2.289,1.8202999854376,2025-12-10 03:00:00,1.7875017875017871,1.8534994068801895,1.829204557332497,78.64823348694317,-0.04999999999999982,1490.1390000000001
2873,2025-12-10,04:00:00,647.0,7.28,141.0,7.17,2.248,1.8534994068801895,2025-12-10 04:00:00,1.8202999854376,1.7875017875017871,1.8534994068801895,78.20710973724884,-0.11000000000000032,1454.4560000000001
2874,2025-12-10,05:00:00,638.0,7.18,136.0,7.24,2.207,1.8879323365050595,2025-12-10 05:00:00,1.8534994068801895,1.8202999854376,1.7875017875017871,78.68338557993731,0.0600000000000005,1408.0659999999998
2875,2025-12-10,06:00:00,656.0,7.22,143.0,7.16,2.16,1.929012345679012,2025-12-10 06:00:00,1.8879323365050595,1.8534994068801895,1.8202999854376,78.20121951219512,-0.05999999999999961,1416.96
2852,2025-12-10,07:00:00,310.0,7.44,176.0,7.17,1.225,0.9070294784580496,2025-12-10 07:00:00,1.929012345679012,1.8879323365050595,1.8534994068801895,43.225806451612904,-0.27000000000000046,379.75
2853,2025-12-10,08:00:00,308.0,7.48,137.0,7.05,1.193,0.9313588525658936,2025-12-10 08:00:00,0.9070294784580496,1.929012345679012,1.8879323365050595,55.519480519480524,-0.4300000000000006,367.444
2854,2025-12-10,09:00:00,302.0,7.49,141.0,7.08,1.193,0.9313588525658936,2025-12-10 09:00:00,0.9313588525658936,0.9070294784580496,1.929012345679012,53.31125827814569,-0.41000000000000014,360.286
2855,2025-12-10,10:00:00,306.0,7.45,154.0,7.01,1.195,0.9298000929800092,2025-12-10 10:00:00,0.9313588525658936,0.9313588525658936,0.9070294784580496,49.673202614379086,-0.4400000000000004,365.67
2856,2025-12-10,11:00:00,304.0,7.43,144.0,7.07,1.162,0.956205775482884,2025-12-10 11:00:00,0.9298000929800092,0.9313588525658936,0.9313588525658936,52.63157894736842,-0.35999999999999943,353.248
2857,2025-12-10,12:00:00,311.0,7.56,139.0,7.08,1.162,0.956205775482884,2025-12-10 12:00:00,0.956205775482884,0.9298000929800092,0.9313588525658936,55.30546623794213,-0.47999999999999954,361.38199999999995
2858,2025-12-10,13:00:00,306.0,7.48,150.0,7.1,1.131,0.9824147755182238,2025-12-10 13:00:00,0.956205775482884,0.956205775482884,0.9298000929800092,50.98039215686274,-0.3800000000000008,346.086
2859,2025-12-10,14:00:00,303.0,7.4,146.0,7.07,1.131,0.9824147755182238,2025-12-10 14:00:00,0.9824147755182238,0.956205775482884,0.956205775482884,51.81518151815182,-0.33000000000000007,342.693
2860,2025-12-10,15:00:00,350.0,7.46,139.0,7.12,1.257,0.8839388314328649,2025-12-10 15:00:00,0.9824147755182238,0.9824147755182238,0.956205775482884,60.285714285714285,-0.33999999999999986,439.95
2861,2025-12-10,16:00:00,337.0,7.24,131.0,7.18,1.49,0.7457121551081283,2025-12-10 16:00:00,0.8839388314328649,0.9824147755182238,0.9824147755182238,61.12759643916914,-0.0600000000000005,502.13
2862,2025-12-10,17:00:00,323.0,7.16,126.0,7.21,1.595,0.6966213862765588,2025-12-10 17:00:00,0.7457121551081283,0.8839388314328649,0.9824147755182238,60.99071207430341,0.04999999999999982,515.185
2863,2025-12-10,18:00:00,311.0,7.2,128.0,7.19,1.703,0.6524434005350035,2025-12-10 18:00:00,0.6966213862765588,0.7457121551081283,0.8839388314328649,58.842443729903536,-0.009999999999999787,529.633
2868,2025-12-10,23:00:00,435.0,7.16,144.0,7.12,1.962,0.707894438781289,2025-12-10 23:00:00,0.6524434005350035,0.6966213862765588,0.7457121551081283,66.89655172413794,-0.040000000000000036,853.47
2894,2025-12-11,00:00:00,413.0,7.86,218.0,7.74,1.703,0.9786651008025052,2025-12-11 00:00:00,0.707894438781289,0.6524434005350035,0.6966213862765588,47.21549636803874,-0.1200000000000001,703.339
2895,2025-12-11,01:00:00,424.0,7.8,204.0,7.77,1.703,0.9786651008025052,2025-12-11 01:00:00,0.9786651008025052,0.707894438781289,0.6524434005350035,51.886792452830186,-0.03000000000000025,722.072
2896,2025-12-11,02:00:00,416.0,7.83,198.0,7.74,1.703,0.9786651008025052,2025-12-11 02:00:00,0.9786651008025052,0.9786651008025052,0.707894438781289,52.40384615384615,-0.08999999999999986,708.448
2897,2025-12-11,03:00:00,404.0,7.81,195.0,7.71,1.703,0.9786651008025052,2025-12-11 03:00:00,0.9786651008025052,0.9786651008025052,0.9786651008025052,51.73267326732673,-0.09999999999999964,688.0120000000001
2898,2025-12-11,04:00:00,395.0,7.78,190.0,7.66,1.667,0.9998000399920016,2025-12-11 04:00:00,0.9786651008025052,0.9786651008025052,0.9786651008025052,51.89873417721519,-0.1200000000000001,658.465
2899,2025-12-11,05:00:00,387.0,7.75,187.0,7.63,1.667,0.9998000399920016,2025-12-11 05:00:00,0.9998000399920016,0.9786651008025052,0.9786651008025052,51.67958656330749,-0.1200000000000001,645.129
2900,2025-12-11,06:00:00,384.0,7.76,183.0,7.61,1.667,0.9998000399920016,2025-12-11 06:00:00,0.9998000399920016,0.9998000399920016,0.9786651008025052,52.34375,-0.14999999999999947,640.128
2877,2025-12-11,07:00:00,687.0,7.36,179.0,7.28,2.086,1.9974432726110576,2025-12-11 07:00:00,0.9998000399920016,0.9998000399920016,0.9998000399920016,73.94468704512373,-0.08000000000000007,1433.0819999999999
2878,2025-12-11,08:00:00,652.0,7.38,240.0,7.54,2.046,2.036493971977843,2025-12-11 08:00:00,1.9974432726110576,0.9998000399920016,0.9998000399920016,63.190184049079754,0.16000000000000014,1333.992
2879,2025-12-11,09:00:00,633.0,7.35,247.0,7.33,2.046,2.036493971977843,2025-12-11 09:00:00,2.036493971977843,1.9974432726110576,0.9998000399920016,60.97946287519748,-0.019999999999999574,1295.118
2880,2025-12-11,10:00:00,601.0,7.47,262.0,7.39,2.006,2.0771020272515788,2025-12-11 10:00:00,2.036493971977843,2.036493971977843,1.9974432726110576,56.40599001663894,-0.08000000000000007,1205.6059999999998
2881,2025-12-11,11:00:00,585.0,7.59,253.0,7.48,2.006,2.0771020272515788,2025-12-11 11:00:00,2.0771020272515788,2.036493971977843,2.036493971977843,56.75213675213675,-0.10999999999999943,1173.5099999999998
2882,2025-12-11,12:00:00,556.0,7.79,249.0,7.66,1.967,2.1182850364345027,2025-12-11 12:00:00,2.0771020272515788,2.0771020272515788,2.036493971977843,55.2158273381295,-0.1299999999999999,1093.652
2883,2025-12-11,13:00:00,576.0,7.72,254.0,7.69,1.929,1.8720119808766773,2025-12-11 13:00:00,2.1182850364345027,2.0771020272515788,2.0771020272515788,55.90277777777778,-0.02999999999999936,1111.104
2884,2025-12-11,14:00:00,560.0,7.83,242.0,7.73,1.959,1.8433441098065904,2025-12-11 14:00:00,1.8720119808766773,2.1182850364345027,2.0771020272515788,56.785714285714285,-0.09999999999999964,1097.04
2885,2025-12-11,15:00:00,537.0,7.82,250.0,7.86,1.89,1.9106407995296888,2025-12-11 15:00:00,1.8433441098065904,1.8720119808766773,2.1182850364345027,53.445065176908756,0.040000000000000036,1014.93
2886,2025-12-11,16:00:00,493.0,7.86,247.0,7.91,1.852,0.5999520038396927,2025-12-11 16:00:00,1.9106407995296888,1.8433441098065904,1.8720119808766773,49.89858012170386,0.04999999999999982,913.0360000000001
2887,2025-12-11,17:00:00,437.0,7.82,243.0,7.97,1.818,0.6111722283339446,2025-12-11 17:00:00,0.5999520038396927,1.9106407995296888,1.8433441098065904,44.39359267734554,0.14999999999999947,794.466
2888,2025-12-11,18:00:00,429.0,7.87,249.0,7.95,1.818,0.6111722283339446,2025-12-11 18:00:00,0.6111722283339446,0.5999520038396927,1.9106407995296888,41.95804195804196,0.08000000000000007,779.922
2889,2025-12-11,19:00:00,457.0,7.93,231.0,7.6,1.7777,0.937541017419512,2025-12-11 19:00:00,0.6111722283339446,0.6111722283339446,0.5999520038396927,49.45295404814004,-0.33000000000000007,812.4089
2890,2025-12-11,20:00:00,444.0,7.9,234.0,7.67,1.777,0.9379103357719002,2025-12-11 20:00:00,0.937541017419512,0.6111722283339446,0.6111722283339446,47.2972972972973,-0.23000000000000043,788.9879999999999
2891,2025-12-11,21:00:00,438.0,7.89,223.0,7.78,1.777,0.9379103357719002,2025-12-11 21:00:00,0.9379103357719002,0.937541017419512,0.6111722283339446,49.08675799086758,-0.10999999999999943,778.3259999999999
2892,2025-12-11,22:00:00,451.0,7.91,226.0,7.81,1.74,0.9578544061302684,2025-12-11 22:00:00,0.9379103357719002,0.9379103357719002,0.937541017419512,49.889135254988915,-0.10000000000000053,784.74
2893,2025-12-11,23:00:00,432.0,7.88,220.0,7.74,1.74,0.9578544061302684,2025-12-11 23:00:00,0.9578544061302684,0.9379103357719002,0.9379103357719002,49.074074074074076,-0.13999999999999968,751.68
2902,2025-12-12,07:00:00,370.0,7.61,200.0,7.8,1.631,0.5109339873288371,2025-12-12 07:00:00,0.9578544061302684,0.9578544061302684,0.9379103357719002,45.94594594594595,0.1899999999999995,603.47
2903,2025-12-12,08:00:00,366.0,7.63,210.0,7.67,1.631,0.5109339873288371,2025-12-12 08:00:00,0.5109339873288371,0.9578544061302684,0.9578544061302684,42.62295081967213,0.040000000000000036,596.946
2904,2025-12-12,09:00:00,326.0,7.68,192.0,7.73,1.595,0.3483106931382794,2025-12-12 09:00:00,0.5109339873288371,0.5109339873288371,0.9578544061302684,41.104294478527606,0.05000000000000071,519.97
2905,2025-12-12,10:00:00,338.0,7.73,188.0,7.79,1.595,0.3483106931382794,2025-12-12 10:00:00,0.3483106931382794,0.5109339873288371,0.5109339873288371,44.37869822485207,0.05999999999999961,539.11
3070,2025-12-18,01:00:00,737.0,7.59,140.0,7.51,1.929,1.8720119808766773,2025-12-18 01:00:00,0.3483106931382794,0.3483106931382794,0.5109339873288371,81.00407055630936,-0.08000000000000007,1421.673
3071,2025-12-18,02:00:00,742.0,7.57,135.0,7.49,1.929,1.8720119808766773,2025-12-18 02:00:00,1.8720119808766773,0.3483106931382794,0.3483106931382794,81.80592991913747,-0.08000000000000007,1431.318
3052,2025-12-18,07:00:00,996.0,7.74,258.0,7.77,1.89,4.11522633744856,2025-12-18 07:00:00,1.8720119808766773,1.8720119808766773,0.3483106931382794,74.09638554216868,0.02999999999999936,1882.4399999999998
3053,2025-12-18,08:00:00,981.0,7.68,263.0,7.36,1.89,4.11522633744856,2025-12-18 08:00:00,4.11522633744856,1.8720119808766773,1.8720119808766773,73.19062181447502,-0.3199999999999994,1854.09
3054,2025-12-18,09:00:00,901.0,7.44,277.0,7.88,1.89,5.878894767783657,2025-12-18 09:00:00,4.11522633744856,4.11522633744856,1.8720119808766773,69.25638179800222,0.4399999999999995,1702.8899999999999
3094,2025-12-19,00:00:00,562.0,7.54,159.0,7.12,1.89,2.9394473838918285,2025-12-19 00:00:00,5.878894767783657,4.11522633744856,4.11522633744856,71.70818505338077,-0.41999999999999993,1062.1799999999998
3095,2025-12-19,01:00:00,565.0,7.5,162.0,7.18,1.89,2.9394473838918285,2025-12-19 01:00:00,2.9394473838918285,5.878894767783657,4.11522633744856,71.32743362831859,-0.3200000000000003,1067.85
3096,2025-12-19,02:00:00,558.0,7.48,157.0,7.13,1.89,2.9394473838918285,2025-12-19 02:00:00,2.9394473838918285,2.9394473838918285,5.878894767783657,71.86379928315412,-0.35000000000000053,1054.62
3097,2025-12-19,03:00:00,563.0,7.43,160.0,7.16,1.89,2.9394473838918285,2025-12-19 03:00:00,2.9394473838918285,2.9394473838918285,2.9394473838918285,71.58081705150977,-0.2699999999999996,1064.07
3098,2025-12-19,04:00:00,551.0,7.46,158.0,7.19,1.852,2.999760019198464,2025-12-19 04:00:00,2.9394473838918285,2.9394473838918285,2.9394473838918285,71.32486388384754,-0.2699999999999996,1020.452
3099,2025-12-19,05:00:00,556.0,7.51,155.0,7.21,1.852,2.999760019198464,2025-12-19 05:00:00,2.999760019198464,2.9394473838918285,2.9394473838918285,72.12230215827337,-0.2999999999999998,1029.712
3100,2025-12-19,06:00:00,553.0,7.44,162.0,7.16,1.852,2.999760019198464,2025-12-19 06:00:00,2.999760019198464,2.999760019198464,2.9394473838918285,70.70524412296564,-0.28000000000000025,1024.156
3077,2025-12-19,07:00:00,730.0,7.8,115.0,7.08,1.929,2.880018432117965,2025-12-19 07:00:00,2.999760019198464,2.999760019198464,2.999760019198464,84.24657534246576,-0.7199999999999998,1408.17
3078,2025-12-19,08:00:00,669.0,7.79,110.0,7.04,1.929,2.880018432117965,2025-12-19 08:00:00,2.880018432117965,2.999760019198464,2.999760019198464,83.5575485799701,-0.75,1290.501
3079,2025-12-19,09:00:00,678.0,7.86,111.0,6.85,1.929,2.880018432117965,2025-12-19 09:00:00,2.880018432117965,2.880018432117965,2.999760019198464,83.6283185840708,-1.0100000000000007,1307.862
3080,2025-12-19,10:00:00,689.0,7.88,108.0,7.11,1.959,2.8359140150870625,2025-12-19 10:00:00,2.880018432117965,2.880018432117965,2.880018432117965,84.32510885341074,-0.7699999999999996,1349.751
3081,2025-12-19,11:00:00,594.0,7.78,101.0,6.98,1.959,3.970279621121888,2025-12-19 11:00:00,2.8359140150870625,2.880018432117965,2.880018432117965,82.996632996633,-0.7999999999999998,1163.646
3082,2025-12-19,12:00:00,597.0,7.77,100.0,7.0,1.967,3.954132068011071,2025-12-19 12:00:00,3.970279621121888,2.8359140150870625,2.880018432117965,83.24958123953098,-0.7699999999999996,1174.299
3083,2025-12-19,13:00:00,566.0,7.79,102.0,7.04,1.967,3.954132068011071,2025-12-19 13:00:00,3.954132068011071,3.970279621121888,2.8359140150870625,81.97879858657244,-0.75,1113.3220000000001
3084,2025-12-19,14:00:00,538.0,7.81,104.0,7.1,1.967,3.954132068011071,2025-12-19 14:00:00,3.954132068011071,3.954132068011071,3.970279621121888,80.66914498141264,-0.71,1058.246
3085,2025-12-19,15:00:00,544.0,7.83,118.0,7.18,1.967,2.8243800485793367,2025-12-19 15:00:00,3.954132068011071,3.954132068011071,3.954132068011071,78.30882352941177,-0.6500000000000004,1070.048
3086,2025-12-19,16:00:00,559.0,7.81,135.0,7.23,1.929,2.880018432117965,2025-12-19 16:00:00,2.8243800485793367,3.954132068011071,3.954132068011071,75.84973166368515,-0.5799999999999992,1078.311
3087,2025-12-19,17:00:00,567.0,7.8,141.0,7.21,1.929,2.880018432117965,2025-12-19 17:00:00,2.880018432117965,2.8243800485793367,3.954132068011071,75.13227513227513,-0.5899999999999999,1093.743
3088,2025-12-19,18:00:00,560.0,7.85,145.0,7.14,1.929,2.880018432117965,2025-12-19 18:00:00,2.880018432117965,2.880018432117965,2.8243800485793367,74.10714285714286,-0.71,1080.24
3089,2025-12-19,19:00:00,585.0,7.79,132.0,7.39,1.89,2.9394473838918285,2025-12-19 19:00:00,2.880018432117965,2.880018432117965,2.880018432117965,77.43589743589745,-0.40000000000000036,1105.6499999999999
3090,2025-12-19,20:00:00,572.0,7.83,129.0,7.26,1.89,2.9394473838918285,2025-12-19 20:00:00,2.9394473838918285,2.880018432117965,2.880018432117965,77.44755244755245,-0.5700000000000003,1081.08
3091,2025-12-19,21:00:00,579.0,7.8,141.0,7.33,1.89,2.9394473838918285,2025-12-19 21:00:00,2.9394473838918285,2.9394473838918285,2.880018432117965,75.64766839378238,-0.46999999999999975,1094.31
3092,2025-12-19,22:00:00,566.0,7.74,147.0,7.29,1.89,2.9394473838918285,2025-12-19 22:00:00,2.9394473838918285,2.9394473838918285,2.9394473838918285,74.02826855123675,-0.4500000000000002,1069.74
3093,2025-12-19,23:00:00,564.0,7.67,153.0,7.25,1.89,2.9394473838918285,2025-12-19 23:00:00,2.9394473838918285,2.9394473838918285,2.9394473838918285,72.87234042553192,-0.41999999999999993,1065.96
3102,2025-12-20,07:00:00,687.0,7.4,183.0,7.38,2.126,2.613149367617853,2025-12-20 07:00:00,2.9394473838918285,2.9394473838918285,2.9394473838918285,73.36244541484717,-0.020000000000000462,1460.562
3103,2025-12-20,08:00:00,1590.0,7.46,184.0,7.04,3.479,4.790648653827728,2025-12-20 08:00:00,2.613149367617853,2.9394473838918285,2.9394473838918285,88.42767295597484,-0.41999999999999993,5531.610000000001
3104,2025-12-20,09:00:00,1637.0,7.42,188.0,7.3,4.543,3.974368381148042,2025-12-20 09:00:00,4.790648653827728,2.613149367617853,2.9394473838918285,88.51557727550397,-0.1200000000000001,7436.8910000000005
3105,2025-12-20,10:00:00,1755.0,7.38,216.0,7.36,4.543,4.8915303152591285,2025-12-20 10:00:00,3.974368381148042,4.790648653827728,2.613149367617853,87.6923076923077,-0.019999999999999574,7972.965
3106,2025-12-20,11:00:00,1806.0,7.44,220.0,7.42,4.21,5.278437582475587,2025-12-20 11:00:00,4.8915303152591285,3.974368381148042,4.790648653827728,87.81838316722038,-0.020000000000000462,7603.26
3107,2025-12-20,12:00:00,1863.0,7.64,207.0,7.5,3.733,5.58085543352085,2025-12-20 12:00:00,5.278437582475587,4.8915303152591285,3.974368381148042,88.88888888888889,-0.13999999999999968,6954.579000000001
3108,2025-12-20,13:00:00,1770.0,7.62,192.0,7.52,3.233,6.014365742172733,2025-12-20 13:00:00,5.58085543352085,5.278437582475587,4.8915303152591285,89.15254237288136,-0.10000000000000053,5722.41
3109,2025-12-20,14:00:00,1680.0,7.59,187.0,7.55,2.995,5.564830272676683,2025-12-20 14:00:00,6.014365742172733,5.58085543352085,5.278437582475587,88.86904761904762,-0.040000000000000036,5031.6
3110,2025-12-20,15:00:00,1520.0,7.56,180.0,7.71,2.766,5.523419297822769,2025-12-20 15:00:00,5.564830272676683,6.014365742172733,5.58085543352085,88.1578947368421,0.15000000000000036,4204.32
3111,2025-12-20,16:00:00,1396.0,7.63,175.0,7.83,2.676,5.7091845208437135,2025-12-20 16:00:00,5.523419297822769,5.564830272676683,6.014365742172733,87.46418338108882,0.20000000000000018,3735.6960000000004
3112,2025-12-20,17:00:00,1269.0,7.76,167.0,7.97,2.588,5.366649493388288,2025-12-20 17:00:00,5.7091845208437135,5.523419297822769,5.564830272676683,86.84003152088259,0.20999999999999996,3284.172
3113,2025-12-20,18:00:00,1290.0,7.71,160.0,7.92,2.501,5.55333422186681,2025-12-20 18:00:00,5.366649493388288,5.7091845208437135,5.523419297822769,87.59689922480621,0.20999999999999996,3226.29
3114,2025-12-20,19:00:00,1218.0,7.67,185.0,7.79,2.458,5.650483681403128,2025-12-20 19:00:00,5.55333422186681,5.366649493388288,5.7091845208437135,84.8111658456486,0.1200000000000001,2993.844
3144,2025-12-21,00:00:00,898.0,7.52,210.0,7.22,2.248,4.942665085013839,2025-12-21 00:00:00,5.650483681403128,5.55333422186681,5.366649493388288,76.61469933184856,-0.2999999999999998,2018.7040000000002
3145,2025-12-21,01:00:00,840.0,7.55,223.0,7.31,2.207,5.034486230680159,2025-12-21 01:00:00,4.942665085013839,5.650483681403128,5.55333422186681,73.45238095238096,-0.2400000000000002,1853.8799999999999
3146,2025-12-21,02:00:00,812.0,7.58,227.0,7.28,2.207,5.034486230680159,2025-12-21 02:00:00,5.034486230680159,4.942665085013839,5.650483681403128,72.04433497536947,-0.2999999999999998,1792.0839999999998
3147,2025-12-21,03:00:00,791.0,7.5,231.0,7.22,2.207,5.034486230680159,2025-12-21 03:00:00,5.034486230680159,5.034486230680159,4.942665085013839,70.79646017699115,-0.28000000000000025,1745.7369999999999
3148,2025-12-21,04:00:00,763.0,7.54,228.0,7.2,2.166,5.129783523135324,2025-12-21 04:00:00,5.034486230680159,5.034486230680159,5.034486230680159,70.11795543905636,-0.33999999999999986,1652.658
3149,2025-12-21,05:00:00,728.0,7.52,215.0,7.25,2.166,5.129783523135324,2025-12-21 05:00:00,5.129783523135324,5.034486230680159,5.034486230680159,70.46703296703298,-0.2699999999999996,1576.848
3150,2025-12-21,06:00:00,723.0,7.5,238.0,7.27,2.166,5.129783523135324,2025-12-21 06:00:00,5.129783523135324,5.129783523135324,5.034486230680159,67.08160442600276,-0.23000000000000043,1566.018
3127,2025-12-21,07:00:00,687.0,7.38,160.0,7.58,2.086,1.9974432726110576,2025-12-21 07:00:00,5.129783523135324,5.129783523135324,5.129783523135324,76.7103347889374,0.20000000000000018,1433.0819999999999
3128,2025-12-21,08:00:00,671.0,7.42,157.0,7.25,2.086,1.9974432726110576,2025-12-21 08:00:00,1.9974432726110576,5.129783523135324,5.129783523135324,76.60208643815201,-0.16999999999999993,1399.706
3129,2025-12-21,09:00:00,658.0,7.45,151.0,7.53,2.086,1.9974432726110576,2025-12-21 09:00:00,1.9974432726110576,1.9974432726110576,5.129783523135324,77.05167173252279,0.08000000000000007,1372.588
3130,2025-12-21,10:00:00,634.0,7.53,156.0,7.5,2.046,2.036493971977843,2025-12-21 10:00:00,1.9974432726110576,1.9974432726110576,1.9974432726110576,75.39432176656152,-0.03000000000000025,1297.164
3131,2025-12-21,11:00:00,629.0,7.48,147.0,7.42,2.046,2.036493971977843,2025-12-21 11:00:00,2.036493971977843,1.9974432726110576,1.9974432726110576,76.6295707472178,-0.0600000000000005,1286.934
3132,2025-12-21,12:00:00,606.0,7.32,136.0,7.34,2.046,2.036493971977843,2025-12-21 12:00:00,2.036493971977843,2.036493971977843,1.9974432726110576,77.55775577557755,0.019999999999999574,1239.876
3133,2025-12-21,13:00:00,612.0,7.3,134.0,7.454,2.046,2.036493971977843,2025-12-21 13:00:00,2.036493971977843,2.036493971977843,2.036493971977843,78.10457516339869,0.15399999999999991,1252.1519999999998
3134,2025-12-21,14:00:00,609.0,7.35,140.0,7.4,2.006,2.0771020272515788,2025-12-21 14:00:00,2.036493971977843,2.036493971977843,2.036493971977843,77.01149425287356,0.05000000000000071,1221.6539999999998
3135,2025-12-21,15:00:00,611.0,7.38,169.0,7.46,2.006,2.0771020272515788,2025-12-21 15:00:00,2.0771020272515788,2.036493971977843,2.036493971977843,72.3404255319149,0.08000000000000007,1225.666
3136,2025-12-21,16:00:00,608.0,7.4,183.0,7.48,2.086,2.663257696814744,2025-12-21 16:00:00,2.0771020272515788,2.0771020272515788,2.036493971977843,69.90131578947368,0.08000000000000007,1268.288
3137,2025-12-21,17:00:00,602.0,7.46,200.0,7.51,2.289,2.427066647250133,2025-12-21 17:00:00,2.663257696814744,2.0771020272515788,2.0771020272515788,66.77740863787376,0.04999999999999982,1377.978
3138,2025-12-21,18:00:00,657.0,7.39,197.0,7.53,2.588,2.1466597973553148,2025-12-21 18:00:00,2.427066647250133,2.663257696814744,2.0771020272515788,70.0152207001522,0.14000000000000057,1700.316
3139,2025-12-21,19:00:00,720.0,7.57,198.0,7.35,2.632,3.1661600810536976,2025-12-21 19:00:00,2.1466597973553148,2.427066647250133,2.663257696814744,72.5,-0.22000000000000064,1895.0400000000002
3140,2025-12-21,20:00:00,774.0,7.6,200.0,7.52,2.588,3.219989696032972,2025-12-21 20:00:00,3.1661600810536976,2.1466597973553148,2.427066647250133,74.16020671834626,-0.08000000000000007,2003.112
3141,2025-12-21,21:00:00,818.0,7.62,202.0,7.5,2.501,3.9984006397441023,2025-12-21 21:00:00,3.219989696032972,3.1661600810536976,2.1466597973553148,75.30562347188264,-0.1200000000000001,2045.818
3142,2025-12-21,22:00:00,950.0,7.59,208.0,7.36,2.415,4.140786749482402,2025-12-21 22:00:00,3.9984006397441023,3.219989696032972,3.1661600810536976,78.10526315789474,-0.22999999999999954,2294.25
3143,2025-12-21,23:00:00,930.0,7.65,209.0,7.32,2.331,4.7666714333381,2025-12-21 23:00:00,4.140786749482402,3.9984006397441023,3.219989696032972,77.52688172043011,-0.33000000000000007,2167.83
3169,2025-12-22,00:00:00,517.0,7.76,184.0,7.76,1.967,3.5304750607241706,2025-12-22 00:00:00,4.7666714333381,4.140786749482402,3.9984006397441023,64.41005802707932,0.0,1016.9390000000001
3170,2025-12-22,01:00:00,500.0,7.7,189.0,7.73,1.929,2.880018432117965,2025-12-22 01:00:00,3.5304750607241706,4.7666714333381,4.140786749482402,62.2,0.03000000000000025,964.5
3171,2025-12-22,02:00:00,507.0,7.72,186.0,7.75,1.929,2.880018432117965,2025-12-22 02:00:00,2.880018432117965,3.5304750607241706,4.7666714333381,63.31360946745562,0.03000000000000025,978.003
3172,2025-12-22,03:00:00,512.0,7.75,183.0,7.72,1.929,2.880018432117965,2025-12-22 03:00:00,2.880018432117965,2.880018432117965,3.5304750607241706,64.2578125,-0.03000000000000025,987.648
3173,2025-12-22,04:00:00,503.0,7.71,185.0,7.7,1.929,2.880018432117965,2025-12-22 04:00:00,2.880018432117965,2.880018432117965,2.880018432117965,63.22067594433399,-0.009999999999999787,970.287
3174,2025-12-22,05:00:00,493.0,7.69,188.0,7.68,1.89,2.9394473838918285,2025-12-22 05:00:00,2.880018432117965,2.880018432117965,2.880018432117965,61.86612576064908,-0.010000000000000675,931.77
3175,2025-12-22,06:00:00,490.0,7.73,193.0,7.69,1.89,2.9394473838918285,2025-12-22 06:00:00,2.9394473838918285,2.880018432117965,2.880018432117965,60.61224489795919,-0.040000000000000036,926.0999999999999
3152,2025-12-22,07:00:00,704.0,7.35,247.0,7.41,2.126,5.226298735235706,2025-12-22 07:00:00,2.9394473838918285,2.9394473838918285,2.880018432117965,64.91477272727273,0.0600000000000005,1496.704
3153,2025-12-22,08:00:00,692.0,7.38,241.0,7.37,2.126,5.226298735235706,2025-12-22 08:00:00,5.226298735235706,2.9394473838918285,2.9394473838918285,65.17341040462428,-0.009999999999999787,1471.192
3154,2025-12-22,09:00:00,703.0,7.33,247.0,7.42,2.126,5.226298735235706,2025-12-22 09:00:00,5.226298735235706,5.226298735235706,2.9394473838918285,64.86486486486487,0.08999999999999986,1494.578
3155,2025-12-22,10:00:00,688.0,7.36,251.0,7.49,2.086,5.326515393629488,2025-12-22 10:00:00,5.226298735235706,5.226298735235706,5.226298735235706,63.51744186046512,0.1299999999999999,1435.168
3156,2025-12-22,11:00:00,653.0,7.38,258.0,6.79,2.046,5.430650591940915,2025-12-22 11:00:00,5.326515393629488,5.226298735235706,5.226298735235706,60.49004594180705,-0.5899999999999999,1336.0379999999998
3157,2025-12-22,12:00:00,524.0,7.33,258.0,7.15,2.046,5.430650591940915,2025-12-22 12:00:00,5.430650591940915,5.326515393629488,5.226298735235706,50.76335877862596,-0.17999999999999972,1072.1039999999998
3158,2025-12-22,13:00:00,537.0,7.36,247.0,7.22,2.046,4.072987943955686,2025-12-22 13:00:00,5.430650591940915,5.430650591940915,5.326515393629488,54.00372439478585,-0.14000000000000057,1098.702
3159,2025-12-22,14:00:00,512.0,7.39,240.0,7.41,2.006,4.1542040545031576,2025-12-22 14:00:00,4.072987943955686,5.430650591940915,5.430650591940915,53.125,0.020000000000000462,1027.072
3160,2025-12-22,15:00:00,510.0,7.5,222.0,7.65,2.006,2.769469369668772,2025-12-22 15:00:00,4.1542040545031576,4.072987943955686,5.430650591940915,56.470588235294116,0.15000000000000036,1023.06
3161,2025-12-22,16:00:00,513.0,7.56,229.0,7.68,2.006,2.769469369668772,2025-12-22 16:00:00,2.769469369668772,4.1542040545031576,4.072987943955686,55.36062378167641,0.1200000000000001,1029.078
3162,2025-12-22,17:00:00,500.0,7.74,225.0,7.75,1.967,2.8243800485793367,2025-12-22 17:00:00,2.769469369668772,2.769469369668772,4.1542040545031576,55.00000000000001,0.009999999999999787,983.5
3163,2025-12-22,18:00:00,502.0,7.7,220.0,7.71,1.967,2.8243800485793367,2025-12-22 18:00:00,2.8243800485793367,2.769469369668772,2.769469369668772,56.17529880478087,0.009999999999999787,987.4340000000001
3164,2025-12-22,19:00:00,519.0,7.77,224.0,7.58,1.967,3.5304750607241706,2025-12-22 19:00:00,2.8243800485793367,2.8243800485793367,2.769469369668772,56.84007707129094,-0.1899999999999995,1020.873
3165,2025-12-22,20:00:00,527.0,7.73,228.0,7.6,1.967,3.5304750607241706,2025-12-22 20:00:00,3.5304750607241706,2.8243800485793367,2.8243800485793367,56.73624288425047,-0.13000000000000078,1036.6090000000002
3166,2025-12-22,21:00:00,541.0,7.66,233.0,7.75,1.967,3.5304750607241706,2025-12-22 21:00:00,3.5304750607241706,3.5304750607241706,2.8243800485793367,56.931608133086876,0.08999999999999986,1064.147
3167,2025-12-22,22:00:00,530.0,7.68,223.0,7.7,1.967,3.5304750607241706,2025-12-22 22:00:00,3.5304750607241706,3.5304750607241706,3.5304750607241706,57.92452830188679,0.020000000000000462,1042.51
3168,2025-12-22,23:00:00,522.0,7.58,191.0,7.77,1.967,3.5304750607241706,2025-12-22 23:00:00,3.5304750607241706,3.5304750607241706,3.5304750607241706,63.40996168582376,0.1899999999999995,1026.7740000000001
3194,2025-12-23,00:00:00,374.0,7.9,176.0,7.82,1.89,0.7348618459729571,2025-12-23 00:00:00,3.5304750607241706,3.5304750607241706,3.5304750607241706,52.94117647058824,-0.08000000000000007,706.86
3195,2025-12-23,01:00:00,370.0,7.93,172.0,7.86,1.89,0.7348618459729571,2025-12-23 01:00:00,0.7348618459729571,3.5304750607241706,3.5304750607241706,53.51351351351351,-0.0699999999999994,699.3
3196,2025-12-23,02:00:00,363.0,7.91,171.0,7.9,1.852,0.5999520038396927,2025-12-23 02:00:00,0.7348618459729571,0.7348618459729571,3.5304750607241706,52.892561983471076,-0.009999999999999787,672.2760000000001
3197,2025-12-23,03:00:00,351.0,7.95,175.0,7.88,1.852,0.5999520038396927,2025-12-23 03:00:00,0.5999520038396927,0.7348618459729571,0.7348618459729571,50.142450142450144,-0.07000000000000028,650.052
3198,2025-12-23,04:00:00,346.0,7.92,174.0,7.85,1.852,0.5999520038396927,2025-12-23 04:00:00,0.5999520038396927,0.5999520038396927,0.7348618459729571,49.71098265895954,-0.07000000000000028,640.792
3199,2025-12-23,05:00:00,337.0,7.9,173.0,7.84,1.814,0.6125199068969741,2025-12-23 05:00:00,0.5999520038396927,0.5999520038396927,0.5999520038396927,48.6646884272997,-0.0600000000000005,611.318
3200,2025-12-23,06:00:00,342.0,7.96,177.0,7.87,1.814,0.6125199068969741,2025-12-23 06:00:00,0.6125199068969741,0.5999520038396927,0.5999520038396927,48.24561403508772,-0.08999999999999986,620.388
3177,2025-12-23,07:00:00,472.0,7.51,185.0,7.48,1.929,2.880018432117965,2025-12-23 07:00:00,0.6125199068969741,0.6125199068969741,0.5999520038396927,60.80508474576271,-0.02999999999999936,910.488
3178,2025-12-23,08:00:00,468.0,7.62,188.0,7.55,1.929,2.880018432117965,2025-12-23 08:00:00,2.880018432117965,0.6125199068969741,0.6125199068969741,59.82905982905983,-0.07000000000000028,902.772
3179,2025-12-23,09:00:00,471.0,7.56,183.0,7.62,1.929,2.880018432117965,2025-12-23 09:00:00,2.880018432117965,2.880018432117965,0.6125199068969741,61.146496815286625,0.0600000000000005,908.559
3180,2025-12-23,10:00:00,476.0,7.53,180.0,7.65,1.89,2.9394473838918285,2025-12-23 10:00:00,2.880018432117965,2.880018432117965,2.880018432117965,62.18487394957983,0.1200000000000001,899.64
3181,2025-12-23,11:00:00,458.0,7.51,186.0,7.68,1.89,1.9106407995296888,2025-12-23 11:00:00,2.9394473838918285,2.880018432117965,2.880018432117965,59.388646288209614,0.16999999999999993,865.62
3182,2025-12-23,12:00:00,448.0,7.47,197.0,7.74,1.89,1.9106407995296888,2025-12-23 12:00:00,1.9106407995296888,2.9394473838918285,2.880018432117965,56.02678571428571,0.27000000000000046,846.7199999999999
3183,2025-12-23,13:00:00,443.0,7.5,194.0,7.71,1.89,1.9106407995296888,2025-12-23 13:00:00,1.9106407995296888,1.9106407995296888,2.9394473838918285,56.20767494356659,0.20999999999999996,837.27
3184,2025-12-23,14:00:00,439.0,7.54,186.0,7.68,1.89,1.9106407995296888,2025-12-23 14:00:00,1.9106407995296888,1.9106407995296888,1.9106407995296888,57.630979498861045,0.13999999999999968,829.7099999999999
3185,2025-12-23,15:00:00,421.0,7.6,182.0,7.65,1.89,1.4697236919459142,2025-12-23 15:00:00,1.9106407995296888,1.9106407995296888,1.9106407995296888,56.76959619952494,0.05000000000000071,795.6899999999999
3186,2025-12-23,16:00:00,398.0,7.63,185.0,7.7,1.89,1.4697236919459142,2025-12-23 16:00:00,1.4697236919459142,1.9106407995296888,1.9106407995296888,53.517587939698494,0.07000000000000028,752.2199999999999
3187,2025-12-23,17:00:00,384.0,7.89,184.0,7.86,1.89,1.4697236919459142,2025-12-23 17:00:00,1.4697236919459142,1.4697236919459142,1.9106407995296888,52.083333333333336,-0.02999999999999936,725.76
3188,2025-12-23,18:00:00,377.0,7.95,186.0,7.88,1.89,1.4697236919459142,2025-12-23 18:00:00,1.4697236919459142,1.4697236919459142,1.4697236919459142,50.663129973474796,-0.07000000000000028,712.53
3189,2025-12-23,19:00:00,375.0,7.92,188.0,7.89,1.89,1.4697236919459142,2025-12-23 19:00:00,1.4697236919459142,1.4697236919459142,1.4697236919459142,49.86666666666667,-0.03000000000000025,708.75
3190,2025-12-23,20:00:00,380.0,7.96,184.0,7.86,1.89,0.8818342151675486,2025-12-23 20:00:00,1.4697236919459142,1.4697236919459142,1.4697236919459142,51.578947368421055,-0.09999999999999964,718.1999999999999
3191,2025-12-23,21:00:00,379.0,7.93,181.0,7.93,1.89,0.8818342151675486,2025-12-23 21:00:00,0.8818342151675486,1.4697236919459142,1.4697236919459142,52.242744063324544,0.0,716.31
3192,2025-12-23,22:00:00,371.0,7.97,179.0,7.88,1.89,0.7348618459729571,2025-12-23 22:00:00,0.8818342151675486,0.8818342151675486,1.4697236919459142,51.75202156334232,-0.08999999999999986,701.1899999999999
3193,2025-12-23,23:00:00,375.0,7.94,180.0,7.9,1.89,0.7348618459729571,2025-12-23 23:00:00,0.7348618459729571,0.8818342151675486,0.8818342151675486,52.0,-0.040000000000000036,708.75
3219,2025-12-24,00:00:00,595.0,7.99,187.0,7.95,1.703,1.6311085013375088,2025-12-24 00:00:00,0.7348618459729571,0.7348618459729571,0.8818342151675486,68.57142857142857,-0.040000000000000036,1013.2850000000001
3220,2025-12-24,01:00:00,582.0,8.03,196.0,7.86,1.667,1.6663333999866692,2025-12-24 01:00:00,1.6311085013375088,0.7348618459729571,0.7348618459729571,66.32302405498281,-0.16999999999999904,970.1940000000001
3221,2025-12-24,02:00:00,573.0,8.05,190.0,7.82,1.667,1.6663333999866692,2025-12-24 02:00:00,1.6663333999866692,1.6311085013375088,0.7348618459729571,66.84118673647468,-0.23000000000000043,955.191
3222,2025-12-24,03:00:00,554.0,7.96,193.0,7.73,1.631,1.7031132910961235,2025-12-24 03:00:00,1.6663333999866692,1.6663333999866692,1.6311085013375088,65.16245487364621,-0.22999999999999954,903.574
3223,2025-12-24,04:00:00,546.0,7.92,197.0,7.64,1.631,1.7031132910961235,2025-12-24 04:00:00,1.7031132910961235,1.6663333999866692,1.6663333999866692,63.91941391941391,-0.28000000000000025,890.526
3224,2025-12-24,05:00:00,533.0,7.89,191.0,7.48,1.595,1.741553465691397,2025-12-24 05:00:00,1.7031132910961235,1.7031132910961235,1.6663333999866692,64.16510318949344,-0.40999999999999925,850.135
3225,2025-12-24,06:00:00,529.0,7.96,205.0,7.57,1.595,1.741553465691397,2025-12-24 06:00:00,1.741553465691397,1.7031132910961235,1.7031132910961235,61.247637051039696,-0.3899999999999997,843.755
3202,2025-12-24,07:00:00,446.0,7.82,174.0,7.72,1.777,0.6252735571812668,2025-12-24 07:00:00,1.741553465691397,1.741553465691397,1.7031132910961235,60.98654708520179,-0.10000000000000053,792.5419999999999
3203,2025-12-24,08:00:00,438.0,7.88,158.0,7.42,1.777,0.6252735571812668,2025-12-24 08:00:00,0.6252735571812668,1.741553465691397,1.741553465691397,63.926940639269404,-0.45999999999999996,778.3259999999999
3204,2025-12-24,09:00:00,431.0,7.94,151.0,7.55,1.777,0.6252735571812668,2025-12-24 09:00:00,0.6252735571812668,0.6252735571812668,1.741553465691397,64.96519721577727,-0.39000000000000057,765.887
3205,2025-12-24,10:00:00,416.0,7.75,143.0,7.83,1.777,0.6252735571812668,2025-12-24 10:00:00,0.6252735571812668,0.6252735571812668,0.6252735571812668,65.625,0.08000000000000007,739.232
3206,2025-12-24,11:00:00,369.0,7.82,150.0,7.87,1.777,0.6252735571812668,2025-12-24 11:00:00,0.6252735571812668,0.6252735571812668,0.6252735571812668,59.34959349593496,0.04999999999999982,655.713
3207,2025-12-24,12:00:00,320.0,7.87,144.0,7.98,1.777,0.6252735571812668,2025-12-24 12:00:00,0.6252735571812668,0.6252735571812668,0.6252735571812668,55.00000000000001,0.11000000000000032,568.64
3208,2025-12-24,13:00:00,332.0,7.81,147.0,7.82,1.777,0.6252735571812668,2025-12-24 13:00:00,0.6252735571812668,0.6252735571812668,0.6252735571812668,55.72289156626506,0.010000000000000675,589.9639999999999
3209,2025-12-24,14:00:00,337.0,7.89,159.0,7.86,1.777,0.6252735571812668,2025-12-24 14:00:00,0.6252735571812668,0.6252735571812668,0.6252735571812668,52.818991097922854,-0.02999999999999936,598.8489999999999
3210,2025-12-24,15:00:00,324.0,7.95,166.0,7.9,1.777,0.6252735571812668,2025-12-24 15:00:00,0.6252735571812668,0.6252735571812668,0.6252735571812668,48.76543209876543,-0.04999999999999982,575.7479999999999
3211,2025-12-24,16:00:00,315.0,8.06,160.0,7.95,1.777,0.6252735571812668,2025-12-24 16:00:00,0.6252735571812668,0.6252735571812668,0.6252735571812668,49.2063492063492,-0.11000000000000032,559.755
3212,2025-12-24,17:00:00,325.0,8.09,167.0,8.03,1.777,0.6252735571812668,2025-12-24 17:00:00,0.6252735571812668,0.6252735571812668,0.6252735571812668,48.61538461538461,-0.0600000000000005,577.525
3213,2025-12-24,18:00:00,320.0,8.11,155.0,8.08,1.777,0.6252735571812668,2025-12-24 18:00:00,0.6252735571812668,0.6252735571812668,0.6252735571812668,51.5625,-0.02999999999999936,568.64
3214,2025-12-24,19:00:00,347.0,7.91,184.0,8.0,1.74,0.6385696040868454,2025-12-24 19:00:00,0.6252735571812668,0.6252735571812668,0.6252735571812668,46.97406340057637,0.08999999999999986,603.78
3215,2025-12-24,20:00:00,395.0,7.83,189.0,7.95,1.74,0.6385696040868454,2025-12-24 20:00:00,0.6385696040868454,0.6252735571812668,0.6252735571812668,52.151898734177216,0.1200000000000001,687.3
3216,2025-12-24,21:00:00,402.0,7.88,182.0,7.98,1.74,0.6385696040868454,2025-12-24 21:00:00,0.6385696040868454,0.6385696040868454,0.6252735571812668,54.72636815920397,0.10000000000000053,699.48
3217,2025-12-24,22:00:00,467.0,7.96,180.0,7.92,1.74,0.6385696040868454,2025-12-24 22:00:00,0.6385696040868454,0.6385696040868454,0.6385696040868454,61.45610278372591,-0.040000000000000036,812.58
3218,2025-12-24,23:00:00,537.0,7.92,183.0,7.98,1.703,1.6311085013375088,2025-12-24 23:00:00,0.6385696040868454,0.6385696040868454,0.6385696040868454,65.92178770949721,0.0600000000000005,914.5110000000001
3227,2025-12-25,07:00:00,453.0,7.66,155.0,7.69,1.631,1.7031132910961235,2025-12-25 07:00:00,1.6311085013375088,0.6385696040868454,0.6385696040868454,65.78366445916114,0.03000000000000025,738.843
3228,2025-12-25,08:00:00,459.0,7.6,153.0,7.54,1.631,1.7031132910961235,2025-12-25 08:00:00,1.7031132910961235,1.6311085013375088,0.6385696040868454,66.66666666666666,-0.05999999999999961,748.629
3229,2025-12-25,09:00:00,431.0,7.58,148.0,7.57,1.631,1.7031132910961235,2025-12-25 09:00:00,1.7031132910961235,1.7031132910961235,1.6311085013375088,65.66125290023201,-0.009999999999999787,702.961
3230,2025-12-25,10:00:00,425.0,7.67,146.0,7.55,1.631,1.7031132910961235,2025-12-25 10:00:00,1.7031132910961235,1.7031132910961235,1.7031132910961235,65.64705882352942,-0.1200000000000001,693.175
3231,2025-12-25,11:00:00,384.0,7.61,149.0,7.89,1.595,1.741553465691397,2025-12-25 11:00:00,1.7031132910961235,1.7031132910961235,1.7031132910961235,61.197916666666664,0.27999999999999936,612.48
3232,2025-12-25,12:00:00,325.0,8.33,153.0,8.2,1.595,0.6966213862765588,2025-12-25 12:00:00,1.741553465691397,1.7031132910961235,1.7031132910961235,52.92307692307693,-0.13000000000000078,518.375
3233,2025-12-25,13:00:00,337.0,8.29,150.0,8.16,1.56,0.7122507122507121,2025-12-25 13:00:00,0.6966213862765588,1.741553465691397,1.7031132910961235,55.48961424332344,-0.129999999999999,525.72
3234,2025-12-25,14:00:00,321.0,8.17,146.0,8.11,1.56,0.7122507122507121,2025-12-25 14:00:00,0.7122507122507121,0.6966213862765588,1.741553465691397,54.51713395638629,-0.0600000000000005,500.76
3235,2025-12-25,15:00:00,317.0,8.2,149.0,8.07,1.56,0.7122507122507121,2025-12-25 15:00:00,0.7122507122507121,0.7122507122507121,0.6966213862765588,52.99684542586751,-0.129999999999999,494.52000000000004
3236,2025-12-25,16:00:00,311.0,8.26,153.0,8.01,1.56,0.7122507122507121,2025-12-25 16:00:00,0.7122507122507121,0.7122507122507121,0.7122507122507121,50.80385852090033,-0.25,485.16
3237,2025-12-25,17:00:00,318.0,8.45,164.0,8.28,1.56,0.7122507122507121,2025-12-25 17:00:00,0.7122507122507121,0.7122507122507121,0.7122507122507121,48.42767295597484,-0.16999999999999993,496.08000000000004
3238,2025-12-25,18:00:00,320.0,8.64,162.0,8.51,1.56,0.7122507122507121,2025-12-25 18:00:00,0.7122507122507121,0.7122507122507121,0.7122507122507121,49.375,-0.13000000000000078,499.20000000000005
3344,2025-12-29,00:00:00,470.0,8.3,103.0,8.1,3.233,2.5775853180740285,2025-12-29 00:00:00,0.7122507122507121,0.7122507122507121,0.7122507122507121,78.08510638297872,-0.20000000000000107,1519.51
3348,2025-12-29,04:00:00,890.0,7.88,134.0,8.24,3.233,3.866377977111042,2025-12-29 04:00:00,2.5775853180740285,0.7122507122507121,0.7122507122507121,84.9438202247191,0.3600000000000003,2877.37
3349,2025-12-29,05:00:00,826.0,7.62,139.0,8.23,3.137,3.541954450465767,2025-12-29 05:00:00,3.866377977111042,2.5775853180740285,0.7122507122507121,83.17191283292978,0.6100000000000003,2591.162
3350,2025-12-29,06:00:00,812.0,7.66,156.0,8.2,3.185,3.488574917146346,2025-12-29 06:00:00,3.541954450465767,3.866377977111042,2.5775853180740285,80.78817733990148,0.5399999999999991,2586.2200000000003
3343,2025-12-29,23:00:00,410.0,8.27,98.0,8.15,2.544,2.1837875611460515,2025-12-29 23:00:00,3.488574917146346,3.541954450465767,3.866377977111042,76.09756097560975,-0.11999999999999922,1043.04
3369,2025-12-30,00:00:00,626.0,7.61,171.0,7.31,2.331,4.170837504170837,2025-12-30 00:00:00,2.1837875611460515,3.488574917146346,3.541954450465767,72.68370607028754,-0.3000000000000007,1459.206
3370,2025-12-30,01:00:00,621.0,7.63,175.0,7.38,2.331,4.170837504170837,2025-12-30 01:00:00,4.170837504170837,2.1837875611460515,3.488574917146346,71.81964573268921,-0.25,1447.551
3371,2025-12-30,02:00:00,618.0,7.69,180.0,7.42,2.289,4.247366632687733,2025-12-30 02:00:00,4.170837504170837,4.170837504170837,2.1837875611460515,70.87378640776699,-0.27000000000000046,1414.602
3372,2025-12-30,03:00:00,613.0,7.72,178.0,7.44,2.289,4.247366632687733,2025-12-30 03:00:00,4.247366632687733,4.170837504170837,4.170837504170837,70.96247960848288,-0.27999999999999936,1403.1570000000002
3373,2025-12-30,04:00:00,610.0,7.7,178.0,7.49,2.289,4.247366632687733,2025-12-30 04:00:00,4.247366632687733,4.247366632687733,4.170837504170837,70.81967213114754,-0.20999999999999996,1396.2900000000002
3374,2025-12-30,05:00:00,607.0,7.68,174.0,7.5,2.248,4.324831949387109,2025-12-30 05:00:00,4.247366632687733,4.247366632687733,4.247366632687733,71.33443163097199,-0.17999999999999972,1364.536
3375,2025-12-30,06:00:00,602.0,7.71,172.0,7.53,2.248,4.324831949387109,2025-12-30 06:00:00,4.324831949387109,4.247366632687733,4.247366632687733,71.42857142857143,-0.17999999999999972,1353.296
3352,2025-12-30,07:00:00,620.0,7.75,170.0,7.84,3.137,3.541954450465767,2025-12-30 07:00:00,4.324831949387109,4.324831949387109,4.247366632687733,72.58064516129032,0.08999999999999986,1944.94
3353,2025-12-30,08:00:00,629.0,7.7,181.0,7.2,2.995,3.709886848451122,2025-12-30 08:00:00,3.541954450465767,4.324831949387109,4.324831949387109,71.2241653418124,-0.5,1883.855
3354,2025-12-30,09:00:00,621.0,7.67,177.0,7.61,2.949,3.296786104517539,2025-12-30 09:00:00,3.709886848451122,3.541954450465767,4.324831949387109,71.49758454106279,-0.05999999999999961,1831.329
3355,2025-12-30,10:00:00,617.0,7.71,169.0,7.71,2.949,3.296786104517539,2025-12-30 10:00:00,3.296786104517539,3.709886848451122,3.541954450465767,72.6094003241491,0.0,1819.533
3356,2025-12-30,11:00:00,596.0,7.68,198.0,7.69,2.857,3.402947925174036,2025-12-30 11:00:00,3.296786104517539,3.296786104517539,3.709886848451122,66.77852348993288,0.010000000000000675,1702.7720000000002
3357,2025-12-30,12:00:00,601.0,7.69,228.0,7.72,2.811,3.458634728645401,2025-12-30 12:00:00,3.402947925174036,3.296786104517539,3.296786104517539,62.06322795341098,0.02999999999999936,1689.411
3358,2025-12-30,13:00:00,646.0,7.7,243.0,7.7,2.721,3.573032790232349,2025-12-30 13:00:00,3.458634728645401,3.402947925174036,3.296786104517539,62.38390092879257,0.0,1757.766
3359,2025-12-30,14:00:00,640.0,7.68,250.0,7.77,2.676,3.6331174223550895,2025-12-30 14:00:00,3.573032790232349,3.458634728645401,3.402947925174036,60.9375,0.08999999999999986,1712.64
3360,2025-12-30,15:00:00,651.0,7.74,224.0,7.7,2.588,3.756654645371801,2025-12-30 15:00:00,3.6331174223550895,3.573032790232349,3.458634728645401,65.59139784946237,-0.040000000000000036,1684.788
3361,2025-12-30,16:00:00,649.0,7.75,218.0,7.67,2.544,3.8216282320055903,2025-12-30 16:00:00,3.756654645371801,3.6331174223550895,3.573032790232349,66.40986132511556,-0.08000000000000007,1651.056
3362,2025-12-30,17:00:00,653.0,7.79,212.0,7.62,2.501,3.887333955306766,2025-12-30 17:00:00,3.8216282320055903,3.756654645371801,3.6331174223550895,67.53445635528331,-0.16999999999999993,1633.153
3363,2025-12-30,18:00:00,647.0,7.75,217.0,7.69,2.501,3.887333955306766,2025-12-30 18:00:00,3.887333955306766,3.8216282320055903,3.756654645371801,66.46058732612056,-0.05999999999999961,1618.147
3364,2025-12-30,19:00:00,653.0,7.68,197.0,7.59,2.458,3.955338576982189,2025-12-30 19:00:00,3.887333955306766,3.887333955306766,3.8216282320055903,69.83154670750383,-0.08999999999999986,1605.074
3365,2025-12-30,20:00:00,634.0,7.7,198.0,7.61,2.415,4.025764895330113,2025-12-30 20:00:00,3.955338576982189,3.887333955306766,3.887333955306766,68.76971608832808,-0.08999999999999986,1531.1100000000001
3366,2025-12-30,21:00:00,631.0,7.73,195.0,7.58,2.373,4.097017371353655,2025-12-30 21:00:00,4.025764895330113,3.955338576982189,3.887333955306766,69.09667194928684,-0.15000000000000036,1497.363
3367,2025-12-30,22:00:00,633.0,7.71,188.0,7.5,2.373,4.097017371353655,2025-12-30 22:00:00,4.097017371353655,4.025764895330113,3.955338576982189,70.30015797788309,-0.20999999999999996,1502.1090000000002
3368,2025-12-30,23:00:00,628.0,7.65,178.0,7.44,2.331,4.170837504170837,2025-12-30 23:00:00,4.097017371353655,4.097017371353655,4.025764895330113,71.656050955414,-0.20999999999999996,1463.868
3394,2025-12-31,00:00:00,685.0,7.62,176.0,7.63,2.046,4.072987943955686,2025-12-31 00:00:00,4.170837504170837,4.097017371353655,4.097017371353655,74.3065693430657,0.009999999999999787,1401.5099999999998
3395,2025-12-31,01:00:00,674.0,7.6,174.0,7.66,2.046,4.072987943955686,2025-12-31 01:00:00,4.072987943955686,4.170837504170837,4.097017371353655,74.1839762611276,0.0600000000000005,1379.004
3396,2025-12-31,02:00:00,660.0,7.63,171.0,7.7,2.046,4.072987943955686,2025-12-31 02:00:00,4.072987943955686,4.072987943955686,4.170837504170837,74.0909090909091,0.07000000000000028,1350.36
3397,2025-12-31,03:00:00,649.0,7.66,173.0,7.67,2.046,4.072987943955686,2025-12-31 03:00:00,4.072987943955686,4.072987943955686,4.072987943955686,73.34360554699538,0.009999999999999787,1327.8539999999998
3398,2025-12-31,04:00:00,638.0,7.71,169.0,7.64,2.046,4.072987943955686,2025-12-31 04:00:00,4.072987943955686,4.072987943955686,4.072987943955686,73.51097178683386,-0.07000000000000028,1305.348
3399,2025-12-31,05:00:00,627.0,7.69,167.0,7.62,2.046,4.072987943955686,2025-12-31 05:00:00,4.072987943955686,4.072987943955686,4.072987943955686,73.3652312599681,-0.07000000000000028,1282.8419999999999
3400,2025-12-31,06:00:00,630.0,7.72,164.0,7.58,2.046,3.801455414358641,2025-12-31 06:00:00,4.072987943955686,4.072987943955686,4.072987943955686,73.96825396825398,-0.13999999999999968,1288.9799999999998
3377,2025-12-31,07:00:00,629.0,7.62,171.0,7.68,2.166,4.488560582743409,2025-12-31 07:00:00,3.801455414358641,4.072987943955686,4.072987943955686,72.81399046104929,0.05999999999999961,1362.414
3378,2025-12-31,08:00:00,637.0,7.65,175.0,7.62,2.166,4.488560582743409,2025-12-31 08:00:00,4.488560582743409,3.801455414358641,4.072987943955686,72.52747252747253,-0.03000000000000025,1379.742
3379,2025-12-31,09:00:00,630.0,7.67,177.0,7.6,2.166,4.488560582743409,2025-12-31 09:00:00,4.488560582743409,4.488560582743409,3.801455414358641,71.9047619047619,-0.07000000000000028,1364.58
3380,2025-12-31,10:00:00,687.0,7.64,180.0,7.64,2.166,4.488560582743409,2025-12-31 10:00:00,4.488560582743409,4.488560582743409,4.488560582743409,73.7991266375546,0.0,1488.042
3381,2025-12-31,11:00:00,668.0,7.6,183.0,7.28,2.166,4.488560582743409,2025-12-31 11:00:00,4.488560582743409,4.488560582743409,4.488560582743409,72.60479041916167,-0.3199999999999994,1446.888
3382,2025-12-31,12:00:00,657.0,7.54,179.0,7.55,2.166,4.488560582743409,2025-12-31 12:00:00,4.488560582743409,4.488560582743409,4.488560582743409,72.75494672754947,0.009999999999999787,1423.062
3383,2025-12-31,13:00:00,640.0,7.59,186.0,7.52,2.166,4.488560582743409,2025-12-31 13:00:00,4.488560582743409,4.488560582743409,4.488560582743409,70.9375,-0.07000000000000028,1386.24
3384,2025-12-31,14:00:00,652.0,7.55,180.0,7.5,2.166,4.488560582743409,2025-12-31 14:00:00,4.488560582743409,4.488560582743409,4.488560582743409,72.39263803680981,-0.04999999999999982,1412.232
3385,2025-12-31,15:00:00,640.0,7.58,183.0,7.56,2.166,3.847337642351493,2025-12-31 15:00:00,4.488560582743409,4.488560582743409,4.488560582743409,71.40625,-0.020000000000000462,1386.24
3386,2025-12-31,16:00:00,653.0,7.55,179.0,7.6,2.126,3.91972405142678,2025-12-31 16:00:00,3.847337642351493,4.488560582743409,4.488560582743409,72.58805513016846,0.04999999999999982,1388.278
3387,2025-12-31,17:00:00,668.0,7.58,180.0,7.64,2.126,3.91972405142678,2025-12-31 17:00:00,3.91972405142678,3.847337642351493,4.488560582743409,73.05389221556887,0.05999999999999961,1420.168
3388,2025-12-31,18:00:00,647.0,7.6,177.0,7.67,2.126,3.91972405142678,2025-12-31 18:00:00,3.91972405142678,3.91972405142678,3.847337642351493,72.64296754250387,0.07000000000000028,1375.522
3389,2025-12-31,19:00:00,669.0,7.69,169.0,7.68,2.126,3.91972405142678,2025-12-31 19:00:00,3.91972405142678,3.91972405142678,3.91972405142678,74.73841554559043,-0.010000000000000675,1422.2939999999999
3390,2025-12-31,20:00:00,671.0,7.74,174.0,7.67,2.126,3.91972405142678,2025-12-31 20:00:00,3.91972405142678,3.91972405142678,3.91972405142678,74.06855439642325,-0.07000000000000028,1426.5459999999998
3391,2025-12-31,21:00:00,687.0,7.7,166.0,7.63,2.086,3.994886545222116,2025-12-31 21:00:00,3.91972405142678,3.91972405142678,3.91972405142678,75.83697234352256,-0.07000000000000028,1433.0819999999999
3392,2025-12-31,22:00:00,681.0,7.72,170.0,7.65,2.086,3.994886545222116,2025-12-31 22:00:00,3.994886545222116,3.91972405142678,3.91972405142678,75.03671071953009,-0.0699999999999994,1420.5659999999998
3393,2025-12-31,23:00:00,687.0,7.68,175.0,7.64,2.086,3.994886545222116,2025-12-31 23:00:00,3.994886545222116,3.994886545222116,3.91972405142678,74.5269286754003,-0.040000000000000036,1433.0819999999999
3419,2026-01-01,00:00:00,515.0,7.58,133.0,7.76,2.006,2.769469369668772,2026-01-01 00:00:00,3.994886545222116,3.994886545222116,3.994886545222116,74.1747572815534,0.17999999999999972,1033.09
3420,2026-01-01,01:00:00,510.0,7.67,136.0,7.82,2.006,2.0771020272515788,2026-01-01 01:00:00,2.769469369668772,3.994886545222116,3.994886545222116,73.33333333333333,0.15000000000000036,1023.06
3421,2026-01-01,02:00:00,503.0,7.72,141.0,7.8,2.006,2.0771020272515788,2026-01-01 02:00:00,2.0771020272515788,2.769469369668772,3.994886545222116,71.96819085487077,0.08000000000000007,1009.0179999999999
3422,2026-01-01,03:00:00,496.0,7.76,147.0,7.86,2.006,2.0771020272515788,2026-01-01 03:00:00,2.0771020272515788,2.0771020272515788,2.769469369668772,70.36290322580645,0.10000000000000053,994.9759999999999
3423,2026-01-01,04:00:00,490.0,7.8,150.0,7.91,2.006,2.0771020272515788,2026-01-01 04:00:00,2.0771020272515788,2.0771020272515788,2.0771020272515788,69.38775510204081,0.11000000000000032,982.9399999999999
3424,2026-01-01,05:00:00,465.0,7.83,153.0,7.93,2.006,2.0771020272515788,2026-01-01 05:00:00,2.0771020272515788,2.0771020272515788,2.0771020272515788,67.0967741935484,0.09999999999999964,932.7899999999998
3425,2026-01-01,06:00:00,460.0,7.79,160.0,7.9,2.006,2.0771020272515788,2026-01-01 06:00:00,2.0771020272515788,2.0771020272515788,2.0771020272515788,65.21739130434783,0.11000000000000032,922.7599999999999
3402,2026-01-01,07:00:00,610.0,7.78,165.0,7.77,2.086,3.728560775540642,2026-01-01 07:00:00,2.0771020272515788,2.0771020272515788,2.0771020272515788,72.95081967213115,-0.010000000000000675,1272.4599999999998
3403,2026-01-01,08:00:00,613.0,7.7,169.0,7.82,2.086,3.728560775540642,2026-01-01 08:00:00,3.728560775540642,2.0771020272515788,2.0771020272515788,72.43066884176183,0.1200000000000001,1278.7179999999998
3404,2026-01-01,09:00:00,608.0,7.69,167.0,7.62,2.086,3.728560775540642,2026-01-01 09:00:00,3.728560775540642,3.728560775540642,2.0771020272515788,72.5328947368421,-0.07000000000000028,1268.288
3405,2026-01-01,10:00:00,597.0,7.73,158.0,7.65,2.086,3.32907212101843,2026-01-01 10:00:00,3.728560775540642,3.728560775540642,3.728560775540642,73.53433835845897,-0.08000000000000007,1245.3419999999999
3406,2026-01-01,11:00:00,566.0,7.76,160.0,7.7,2.046,3.394156619963072,2026-01-01 11:00:00,3.32907212101843,3.728560775540642,3.728560775540642,71.73144876325088,-0.05999999999999961,1158.0359999999998
3407,2026-01-01,12:00:00,543.0,7.82,162.0,7.74,2.046,3.394156619963072,2026-01-01 12:00:00,3.394156619963072,3.32907212101843,3.728560775540642,70.1657458563536,-0.08000000000000007,1110.9779999999998
3408,2026-01-01,13:00:00,571.0,7.88,158.0,7.61,2.046,3.394156619963072,2026-01-01 13:00:00,3.394156619963072,3.394156619963072,3.32907212101843,72.3292469352014,-0.2699999999999996,1168.2659999999998
3409,2026-01-01,14:00:00,566.0,7.76,155.0,7.67,2.046,3.394156619963072,2026-01-01 14:00:00,3.394156619963072,3.394156619963072,3.394156619963072,72.6148409893993,-0.08999999999999986,1158.0359999999998
3410,2026-01-01,15:00:00,601.0,7.85,162.0,7.8,2.046,3.394156619963072,2026-01-01 15:00:00,3.394156619963072,3.394156619963072,3.394156619963072,73.04492512479202,-0.04999999999999982,1229.646
3411,2026-01-01,16:00:00,598.0,7.8,157.0,7.75,2.046,3.394156619963072,2026-01-01 16:00:00,3.394156619963072,3.394156619963072,3.394156619963072,73.7458193979933,-0.04999999999999982,1223.5079999999998
3412,2026-01-01,17:00:00,569.0,7.74,159.0,7.81,2.046,3.394156619963072,2026-01-01 17:00:00,3.394156619963072,3.394156619963072,3.394156619963072,72.05623901581723,0.0699999999999994,1164.174
3413,2026-01-01,18:00:00,553.0,7.72,157.0,7.83,2.046,3.394156619963072,2026-01-01 18:00:00,3.394156619963072,3.394156619963072,3.394156619963072,71.60940325497288,0.11000000000000032,1131.4379999999999
3414,2026-01-01,19:00:00,544.0,7.71,156.0,7.82,2.046,3.394156619963072,2026-01-01 19:00:00,3.394156619963072,3.394156619963072,3.394156619963072,71.32352941176471,0.11000000000000032,1113.024
3415,2026-01-01,20:00:00,540.0,7.66,151.0,7.84,2.046,3.394156619963072,2026-01-01 20:00:00,3.394156619963072,3.394156619963072,3.394156619963072,72.03703703703704,0.17999999999999972,1104.84
3416,2026-01-01,21:00:00,532.0,7.69,146.0,7.8,2.046,3.394156619963072,2026-01-01 21:00:00,3.394156619963072,3.394156619963072,3.394156619963072,72.55639097744361,0.10999999999999943,1088.472
3417,2026-01-01,22:00:00,528.0,7.63,143.0,7.79,2.046,3.394156619963072,2026-01-01 22:00:00,3.394156619963072,3.394156619963072,3.394156619963072,72.91666666666666,0.16000000000000014,1080.288
3418,2026-01-01,23:00:00,520.0,7.6,139.0,7.86,2.006,2.769469369668772,2026-01-01 23:00:00,3.394156619963072,3.394156619963072,3.394156619963072,73.26923076923076,0.2600000000000007,1043.12
3444,2026-01-02,00:00:00,370.0,7.91,135.0,7.76,1.967,1.4121900242896683,2026-01-02 00:00:00,2.769469369668772,3.394156619963072,3.394156619963072,63.51351351351351,-0.15000000000000036,727.7900000000001
3445,2026-01-02,01:00:00,378.0,7.89,138.0,7.79,1.967,1.1297520194317343,2026-01-02 01:00:00,1.4121900242896683,2.769469369668772,3.394156619963072,63.49206349206349,-0.09999999999999964,743.5260000000001
3446,2026-01-02,02:00:00,372.0,7.93,142.0,7.81,1.929,1.1520073728471862,2026-01-02 02:00:00,1.1297520194317343,1.4121900242896683,2.769469369668772,61.82795698924731,-0.1200000000000001,717.588
3447,2026-01-02,03:00:00,370.0,7.97,148.0,7.83,1.929,0.7200046080294913,2026-01-02 03:00:00,1.1520073728471862,1.1297520194317343,1.4121900242896683,60.0,-0.13999999999999968,713.73
3448,2026-01-02,04:00:00,368.0,7.94,145.0,7.8,1.929,0.7200046080294913,2026-01-02 04:00:00,0.7200046080294913,1.1520073728471862,1.1297520194317343,60.597826086956516,-0.14000000000000057,709.8720000000001
3449,2026-01-02,05:00:00,372.0,7.95,150.0,7.82,1.929,0.5760036864235931,2026-01-02 05:00:00,0.7200046080294913,0.7200046080294913,1.1520073728471862,59.67741935483871,-0.1299999999999999,717.588
3450,2026-01-02,06:00:00,366.0,7.92,153.0,7.88,1.929,0.5760036864235931,2026-01-02 06:00:00,0.5760036864235931,0.7200046080294913,0.7200046080294913,58.19672131147541,-0.040000000000000036,706.014
3427,2026-01-02,07:00:00,457.0,7.86,154.0,7.68,1.967,2.1182850364345027,2026-01-02 07:00:00,0.5760036864235931,0.5760036864235931,0.7200046080294913,66.3019693654267,-0.1800000000000006,898.919
3428,2026-01-02,08:00:00,460.0,7.82,160.0,7.65,1.967,2.1182850364345027,2026-01-02 08:00:00,2.1182850364345027,0.5760036864235931,0.5760036864235931,65.21739130434783,-0.16999999999999993,904.82
3429,2026-01-02,09:00:00,464.0,7.89,153.0,7.73,1.967,2.1182850364345027,2026-01-02 09:00:00,2.1182850364345027,2.1182850364345027,0.5760036864235931,67.02586206896551,-0.15999999999999925,912.688
3430,2026-01-02,10:00:00,455.0,7.76,159.0,7.7,1.967,2.1182850364345027,2026-01-02 10:00:00,2.1182850364345027,2.1182850364345027,2.1182850364345027,65.05494505494505,-0.05999999999999961,894.985
3431,2026-01-02,11:00:00,453.0,7.8,133.0,7.76,1.967,2.1182850364345027,2026-01-02 11:00:00,2.1182850364345027,2.1182850364345027,2.1182850364345027,70.6401766004415,-0.040000000000000036,891.051
3432,2026-01-02,12:00:00,451.0,7.76,113.0,7.8,1.967,2.1182850364345027,2026-01-02 12:00:00,2.1182850364345027,2.1182850364345027,2.1182850364345027,74.94456762749445,0.040000000000000036,887.1170000000001
3433,2026-01-02,13:00:00,464.0,7.79,116.0,7.71,1.967,2.1182850364345027,2026-01-02 13:00:00,2.1182850364345027,2.1182850364345027,2.1182850364345027,75.0,-0.08000000000000007,912.688
3434,2026-01-02,14:00:00,446.0,7.84,120.0,7.66,1.967,2.1182850364345027,2026-01-02 14:00:00,2.1182850364345027,2.1182850364345027,2.1182850364345027,73.09417040358744,-0.17999999999999972,877.282
3435,2026-01-02,15:00:00,438.0,7.88,117.0,7.63,1.967,2.1182850364345027,2026-01-02 15:00:00,2.1182850364345027,2.1182850364345027,2.1182850364345027,73.28767123287672,-0.25,861.546
3436,2026-01-02,16:00:00,432.0,7.83,115.0,7.67,1.967,2.1182850364345027,2026-01-02 16:00:00,2.1182850364345027,2.1182850364345027,2.1182850364345027,73.37962962962963,-0.16000000000000014,849.744
3437,2026-01-02,17:00:00,420.0,7.75,128.0,7.83,1.967,2.1182850364345027,2026-01-02 17:00:00,2.1182850364345027,2.1182850364345027,2.1182850364345027,69.52380952380952,0.08000000000000007,826.14
3438,2026-01-02,18:00:00,411.0,7.76,135.0,7.92,1.967,2.1182850364345027,2026-01-02 18:00:00,2.1182850364345027,2.1182850364345027,2.1182850364345027,67.15328467153284,0.16000000000000014,808.437
3439,2026-01-02,19:00:00,403.0,7.79,148.0,7.9,1.967,2.1182850364345027,2026-01-02 19:00:00,2.1182850364345027,2.1182850364345027,2.1182850364345027,63.27543424317618,0.11000000000000032,792.701
3440,2026-01-02,20:00:00,410.0,7.82,141.0,7.88,1.967,1.4121900242896683,2026-01-02 20:00:00,2.1182850364345027,2.1182850364345027,2.1182850364345027,65.60975609756098,0.05999999999999961,806.47
3441,2026-01-02,21:00:00,407.0,7.76,149.0,7.92,1.967,1.4121900242896683,2026-01-02 21:00:00,1.4121900242896683,2.1182850364345027,2.1182850364345027,63.39066339066339,0.16000000000000014,800.5690000000001
3442,2026-01-02,22:00:00,409.0,7.8,143.0,7.96,1.967,1.4121900242896683,2026-01-02 22:00:00,1.4121900242896683,1.4121900242896683,2.1182850364345027,65.03667481662592,0.16000000000000014,804.503
3443,2026-01-02,23:00:00,391.0,7.86,139.0,7.84,1.967,1.4121900242896683,2026-01-02 23:00:00,1.4121900242896683,1.4121900242896683,1.4121900242896683,64.45012787723785,-0.020000000000000462,769.097
3452,2026-01-03,07:00:00,357.0,7.33,164.0,7.8,1.777,0.6252735571812668,2026-01-03 07:00:00,1.4121900242896683,1.4121900242896683,1.4121900242896683,54.061624649859944,0.46999999999999975,634.389
3453,2026-01-03,08:00:00,352.0,7.45,157.0,7.47,1.777,0.6252735571812668,2026-01-03 08:00:00,0.6252735571812668,1.4121900242896683,1.4121900242896683,55.39772727272727,0.019999999999999574,625.504
3454,2026-01-03,09:00:00,348.0,7.52,153.0,7.56,1.74,0.6385696040868454,2026-01-03 09:00:00,0.6252735571812668,0.6252735571812668,1.4121900242896683,56.03448275862068,0.040000000000000036,605.52
3455,2026-01-03,10:00:00,342.0,7.59,150.0,7.6,1.74,0.6385696040868454,2026-01-03 10:00:00,0.6385696040868454,0.6252735571812668,0.6252735571812668,56.14035087719298,0.009999999999999787,595.08
3456,2026-01-03,11:00:00,346.0,7.74,158.0,7.79,1.703,0.6524434005350035,2026-01-03 11:00:00,0.6385696040868454,0.6385696040868454,0.6252735571812668,54.33526011560693,0.04999999999999982,589.238
3457,2026-01-03,12:00:00,350.0,7.97,147.0,7.85,1.667,0.6665333599946677,2026-01-03 12:00:00,0.6524434005350035,0.6385696040868454,0.6385696040868454,57.99999999999999,-0.1200000000000001,583.45
3458,2026-01-03,13:00:00,347.0,7.91,159.0,7.89,1.631,0.6812453164384494,2026-01-03 13:00:00,0.6665333599946677,0.6524434005350035,0.6385696040868454,54.17867435158501,-0.020000000000000462,565.957
3459,2026-01-03,14:00:00,344.0,7.82,146.0,7.79,1.631,0.6812453164384494,2026-01-03 14:00:00,0.6812453164384494,0.6665333599946677,0.6524434005350035,57.55813953488372,-0.03000000000000025,561.064
3460,2026-01-03,15:00:00,341.0,7.86,154.0,7.86,1.595,0.6966213862765588,2026-01-03 15:00:00,0.6812453164384494,0.6812453164384494,0.6665333599946677,54.83870967741935,0.0,543.895
3461,2026-01-03,16:00:00,328.0,7.93,142.0,7.82,1.595,0.6966213862765588,2026-01-03 16:00:00,0.6966213862765588,0.6812453164384494,0.6812453164384494,56.70731707317073,-0.10999999999999943,523.16
3462,2026-01-03,17:00:00,315.0,8.13,145.0,7.91,1.595,0.6966213862765588,2026-01-03 17:00:00,0.6966213862765588,0.6966213862765588,0.6812453164384494,53.96825396825397,-0.22000000000000064,502.425
3463,2026-01-03,18:00:00,290.0,8.21,146.0,7.95,1.595,0.6966213862765588,2026-01-03 18:00:00,0.6966213862765588,0.6966213862765588,0.6966213862765588,49.6551724137931,-0.2600000000000007,462.55
3569,2026-01-07,00:00:00,1078.0,7.79,182.0,7.88,2.331,5.481672148338816,2026-01-07 00:00:00,0.6966213862765588,0.6966213862765588,0.6966213862765588,83.11688311688312,0.08999999999999986,2512.8179999999998
3570,2026-01-07,01:00:00,1030.0,7.86,204.0,8.02,3.185,4.622361765218908,2026-01-07 01:00:00,5.481672148338816,0.6966213862765588,0.6966213862765588,80.19417475728156,0.15999999999999925,3280.55
3563,2026-01-07,18:00:00,505.0,8.28,170.0,8.3,2.766,2.5106451353739856,2026-01-07 18:00:00,4.622361765218908,5.481672148338816,0.6966213862765588,66.33663366336634,0.02000000000000135,1396.83
3564,2026-01-07,19:00:00,546.0,8.11,165.0,8.25,2.766,3.0127741624487827,2026-01-07 19:00:00,2.5106451353739856,4.622361765218908,5.481672148338816,69.78021978021978,0.14000000000000057,1510.236
3565,2026-01-07,20:00:00,1080.0,8.13,171.0,8.05,2.676,4.774954326523833,2026-01-07 20:00:00,3.0127741624487827,2.5106451353739856,4.622361765218908,84.16666666666667,-0.08000000000000007,2890.0800000000004
3566,2026-01-07,21:00:00,1042.0,7.94,163.0,8.01,2.544,5.022711390635919,2026-01-07 21:00:00,4.774954326523833,3.0127741624487827,2.5106451353739856,84.35700575815738,0.0699999999999994,2650.848
3567,2026-01-07,22:00:00,1090.0,8.01,178.0,8.04,2.415,5.291005291005291,2026-01-07 22:00:00,5.022711390635919,4.774954326523833,3.0127741624487827,83.6697247706422,0.02999999999999936,2632.35
3568,2026-01-07,23:00:00,1106.0,8.03,198.0,8.06,2.331,5.481672148338816,2026-01-07 23:00:00,5.291005291005291,5.022711390635919,4.774954326523833,82.09764918625679,0.030000000000001137,2578.086
3595,2026-01-08,01:00:00,730.0,7.53,184.0,6.85,2.289,4.854133294500267,2026-01-08 01:00:00,5.481672148338816,5.291005291005291,5.022711390635919,74.79452054794521,-0.6800000000000006,1670.97
3596,2026-01-08,02:00:00,718.0,7.57,181.0,6.88,2.248,4.942665085013839,2026-01-08 02:00:00,4.854133294500267,5.481672148338816,5.291005291005291,74.79108635097494,-0.6900000000000004,1614.064
3597,2026-01-08,03:00:00,710.0,7.58,179.0,6.9,2.207,5.034486230680159,2026-01-08 03:00:00,4.942665085013839,4.854133294500267,5.481672148338816,74.78873239436619,-0.6799999999999997,1566.9699999999998
3598,2026-01-08,04:00:00,695.0,7.54,174.0,6.83,2.207,4.782761919146151,2026-01-08 04:00:00,5.034486230680159,4.942665085013839,4.854133294500267,74.96402877697842,-0.71,1533.865
3599,2026-01-08,05:00:00,672.0,7.51,168.0,6.74,2.166,4.8732943469785575,2026-01-08 05:00:00,4.782761919146151,5.034486230680159,4.942665085013839,75.0,-0.7699999999999996,1455.552
3600,2026-01-08,06:00:00,665.0,7.55,169.0,6.72,2.166,4.8732943469785575,2026-01-08 06:00:00,4.8732943469785575,4.782761919146151,5.034486230680159,74.58646616541354,-0.8300000000000001,1440.3899999999999
3587,2026-01-08,17:00:00,844.0,7.44,300.0,6.69,2.766,4.017032216598377,2026-01-08 17:00:00,4.8732943469785575,4.8732943469785575,4.782761919146151,64.45497630331754,-0.75,2334.504
3588,2026-01-08,18:00:00,822.0,7.48,248.0,6.43,2.766,4.017032216598377,2026-01-08 18:00:00,4.017032216598377,4.8732943469785575,4.8732943469785575,69.82968369829685,-1.0500000000000007,2273.652
3589,2026-01-08,19:00:00,826.0,7.58,247.0,6.92,2.676,4.671150971599402,2026-01-08 19:00:00,4.017032216598377,4.017032216598377,4.8732943469785575,70.09685230024213,-0.6600000000000001,2210.376
3590,2026-01-08,20:00:00,817.0,7.6,256.0,6.97,2.544,4.913522012578617,2026-01-08 20:00:00,4.671150971599402,4.017032216598377,4.017032216598377,68.66585067319461,-0.6299999999999999,2078.448
3619,2026-01-09,00:00:00,645.0,7.63,153.0,7.32,2.086,2.663257696814744,2026-01-09 00:00:00,4.913522012578617,4.671150971599402,4.017032216598377,76.27906976744187,-0.3099999999999996,1345.4699999999998
3620,2026-01-09,01:00:00,662.0,7.67,148.0,7.3,2.086,2.663257696814744,2026-01-09 01:00:00,2.663257696814744,4.913522012578617,4.671150971599402,77.64350453172206,-0.3700000000000001,1380.932
3621,2026-01-09,02:00:00,657.0,7.58,155.0,7.33,2.086,2.663257696814744,2026-01-09 02:00:00,2.663257696814744,2.663257696814744,4.913522012578617,76.40791476407914,-0.25,1370.502
3622,2026-01-09,03:00:00,649.0,7.69,144.0,7.36,2.086,2.663257696814744,2026-01-09 03:00:00,2.663257696814744,2.663257696814744,2.663257696814744,77.8120184899846,-0.33000000000000007,1353.8139999999999
3623,2026-01-09,04:00:00,633.0,7.62,147.0,7.31,2.046,3.394156619963072,2026-01-09 04:00:00,2.663257696814744,2.663257696814744,2.663257696814744,76.77725118483413,-0.3100000000000005,1295.118
3624,2026-01-09,05:00:00,610.0,7.5,150.0,7.26,2.046,3.394156619963072,2026-01-09 05:00:00,3.394156619963072,2.663257696814744,2.663257696814744,75.40983606557377,-0.2400000000000002,1248.06
3625,2026-01-09,06:00:00,612.0,7.53,152.0,7.28,2.006,3.4618367120859643,2026-01-09 06:00:00,3.394156619963072,3.394156619963072,2.663257696814744,75.16339869281046,-0.25,1227.6719999999998
3602,2026-01-09,07:00:00,592.0,7.32,168.0,6.6,2.166,3.847337642351493,2026-01-09 07:00:00,3.4618367120859643,3.394156619963072,3.394156619963072,71.62162162162163,-0.7200000000000006,1282.272
3603,2026-01-09,08:00:00,597.0,7.35,162.0,7.03,2.166,3.847337642351493,2026-01-09 08:00:00,3.847337642351493,3.4618367120859643,3.394156619963072,72.8643216080402,-0.3199999999999994,1293.1019999999999
3604,2026-01-09,09:00:00,591.0,7.38,157.0,6.89,2.126,3.266436709522316,2026-01-09 09:00:00,3.847337642351493,3.847337642351493,3.4618367120859643,73.43485617597293,-0.4900000000000002,1256.466
3605,2026-01-09,10:00:00,602.0,7.42,163.0,6.82,2.046,3.394156619963072,2026-01-09 10:00:00,3.266436709522316,3.847337642351493,3.847337642351493,72.9235880398671,-0.5999999999999996,1231.6919999999998
3606,2026-01-09,11:00:00,600.0,7.39,144.0,6.8,1.929,3.6000230401474567,2026-01-09 11:00:00,3.394156619963072,3.266436709522316,3.847337642351493,76.0,-0.5899999999999999,1157.4
3607,2026-01-09,12:00:00,592.0,7.36,132.0,6.87,1.929,2.880018432117965,2026-01-09 12:00:00,3.6000230401474567,3.394156619963072,3.266436709522316,77.7027027027027,-0.4900000000000002,1141.968
3608,2026-01-09,13:00:00,580.0,7.38,135.0,6.86,1.967,2.8243800485793367,2026-01-09 13:00:00,2.880018432117965,3.6000230401474567,3.394156619963072,76.72413793103449,-0.5199999999999996,1140.8600000000001
3609,2026-01-09,14:00:00,583.0,7.35,137.0,6.9,2.006,2.769469369668772,2026-01-09 14:00:00,2.8243800485793367,2.880018432117965,3.6000230401474567,76.5008576329331,-0.4499999999999993,1169.4979999999998
3610,2026-01-09,15:00:00,579.0,7.37,140.0,6.91,2.006,2.769469369668772,2026-01-09 15:00:00,2.769469369668772,2.8243800485793367,2.880018432117965,75.82037996545769,-0.45999999999999996,1161.474
3611,2026-01-09,16:00:00,584.0,7.32,129.0,6.93,2.006,2.769469369668772,2026-01-09 16:00:00,2.769469369668772,2.769469369668772,2.8243800485793367,77.91095890410958,-0.39000000000000057,1171.504
3612,2026-01-09,17:00:00,579.0,7.35,117.0,7.1,2.046,2.036493971977843,2026-01-09 17:00:00,2.769469369668772,2.769469369668772,2.769469369668772,79.79274611398964,-0.25,1184.6339999999998
3613,2026-01-09,18:00:00,583.0,7.37,120.0,7.09,2.086,1.9974432726110576,2026-01-09 18:00:00,2.036493971977843,2.769469369668772,2.769469369668772,79.41680960548885,-0.28000000000000025,1216.138
3614,2026-01-09,19:00:00,568.0,7.58,104.0,7.2,2.126,2.3518344308560675,2026-01-09 19:00:00,1.9974432726110576,2.036493971977843,2.769469369668772,81.69014084507043,-0.3799999999999999,1207.568
3615,2026-01-09,20:00:00,593.0,7.55,126.0,7.16,2.126,2.3518344308560675,2026-01-09 20:00:00,2.3518344308560675,1.9974432726110576,2.036493971977843,78.75210792580101,-0.3899999999999997,1260.7179999999998
3616,2026-01-09,21:00:00,618.0,7.6,144.0,7.12,2.126,2.3518344308560675,2026-01-09 21:00:00,2.3518344308560675,2.3518344308560675,1.9974432726110576,76.69902912621359,-0.47999999999999954,1313.868
3617,2026-01-09,22:00:00,658.0,7.63,146.0,7.15,2.126,2.3518344308560675,2026-01-09 22:00:00,2.3518344308560675,2.3518344308560675,2.3518344308560675,77.81155015197568,-0.47999999999999954,1398.908
3618,2026-01-09,23:00:00,661.0,7.65,150.0,7.28,2.086,2.663257696814744,2026-01-09 23:00:00,2.3518344308560675,2.3518344308560675,2.3518344308560675,77.3071104387292,-0.3700000000000001,1378.846
3644,2026-01-10,00:00:00,535.0,7.57,181.0,7.3,2.331,3.5750035750035747,2026-01-10 00:00:00,2.663257696814744,2.3518344308560675,2.3518344308560675,66.16822429906543,-0.27000000000000046,1247.085
3645,2026-01-10,01:00:00,678.0,7.54,173.0,7.38,2.501,2.776667110933405,2026-01-10 01:00:00,3.5750035750035747,2.663257696814744,2.3518344308560675,74.48377581120944,-0.16000000000000014,1695.6779999999999
3646,2026-01-10,02:00:00,567.0,7.5,175.0,7.42,2.632,2.638466734211415,2026-01-10 02:00:00,2.776667110933405,3.5750035750035747,2.663257696814744,69.1358024691358,-0.08000000000000007,1492.344
3647,2026-01-10,03:00:00,589.0,7.52,177.0,7.39,2.632,2.638466734211415,2026-01-10 03:00:00,2.638466734211415,2.776667110933405,3.5750035750035747,69.94906621392191,-0.1299999999999999,1550.248
3648,2026-01-10,04:00:00,547.0,7.62,172.0,7.51,2.588,2.683324746694144,2026-01-10 04:00:00,2.638466734211415,2.638466734211415,2.776667110933405,68.55575868372942,-0.11000000000000032,1415.636
3649,2026-01-10,05:00:00,506.0,7.78,177.0,7.65,2.588,2.683324746694144,2026-01-10 05:00:00,2.683324746694144,2.638466734211415,2.638466734211415,65.01976284584981,-0.1299999999999999,1309.528
3650,2026-01-10,06:00:00,516.0,7.69,180.0,7.62,2.588,2.683324746694144,2026-01-10 06:00:00,2.683324746694144,2.683324746694144,2.638466734211415,65.11627906976744,-0.07000000000000028,1335.4080000000001
3627,2026-01-10,07:00:00,593.0,7.47,141.0,7.51,2.046,3.394156619963072,2026-01-10 07:00:00,2.683324746694144,2.683324746694144,2.683324746694144,76.22259696458684,0.040000000000000036,1213.2779999999998
3628,2026-01-10,08:00:00,597.0,7.4,144.0,7.68,2.046,3.394156619963072,2026-01-10 08:00:00,3.394156619963072,2.683324746694144,2.683324746694144,75.87939698492463,0.27999999999999936,1221.462
3629,2026-01-10,09:00:00,575.0,7.52,139.0,7.63,2.006,3.4618367120859643,2026-01-10 09:00:00,3.394156619963072,3.394156619963072,2.683324746694144,75.82608695652175,0.11000000000000032,1153.4499999999998
3630,2026-01-10,10:00:00,564.0,7.46,152.0,7.61,2.006,3.4618367120859643,2026-01-10 10:00:00,3.4618367120859643,3.394156619963072,3.394156619963072,73.04964539007092,0.15000000000000036,1131.3839999999998
3631,2026-01-10,11:00:00,556.0,7.41,157.0,7.43,2.006,3.4618367120859643,2026-01-10 11:00:00,3.4618367120859643,3.4618367120859643,3.394156619963072,71.76258992805755,0.019999999999999574,1115.3359999999998
3632,2026-01-10,12:00:00,517.0,7.72,164.0,7.2,2.006,3.4618367120859643,2026-01-10 12:00:00,3.4618367120859643,3.4618367120859643,3.4618367120859643,68.27852998065764,-0.5199999999999996,1037.1019999999999
3633,2026-01-10,13:00:00,522.0,7.7,162.0,7.26,2.006,3.4618367120859643,2026-01-10 13:00:00,3.4618367120859643,3.4618367120859643,3.4618367120859643,68.96551724137932,-0.4400000000000004,1047.1319999999998
3634,2026-01-10,14:00:00,530.0,7.68,167.0,7.34,2.006,3.4618367120859643,2026-01-10 14:00:00,3.4618367120859643,3.4618367120859643,3.4618367120859643,68.49056603773585,-0.33999999999999986,1063.1799999999998
3635,2026-01-10,15:00:00,548.0,7.63,169.0,7.39,2.006,3.4618367120859643,2026-01-10 15:00:00,3.4618367120859643,3.4618367120859643,3.4618367120859643,69.16058394160584,-0.2400000000000002,1099.2879999999998
3636,2026-01-10,16:00:00,532.0,7.66,163.0,7.37,2.006,3.4618367120859643,2026-01-10 16:00:00,3.4618367120859643,3.4618367120859643,3.4618367120859643,69.3609022556391,-0.29000000000000004,1067.1919999999998
3637,2026-01-10,17:00:00,549.0,7.77,171.0,7.4,1.967,3.5304750607241706,2026-01-10 17:00:00,3.4618367120859643,3.4618367120859643,3.4618367120859643,68.85245901639344,-0.3699999999999992,1079.883
3638,2026-01-10,18:00:00,551.0,7.86,173.0,7.32,1.967,3.5304750607241706,2026-01-10 18:00:00,3.5304750607241706,3.4618367120859643,3.4618367120859643,68.60254083484574,-0.54,1083.817
3639,2026-01-10,19:00:00,537.0,7.67,179.0,7.7,1.967,3.5304750607241706,2026-01-10 19:00:00,3.5304750607241706,3.5304750607241706,3.4618367120859643,66.66666666666666,0.03000000000000025,1056.279
3640,2026-01-10,20:00:00,542.0,7.7,172.0,7.64,1.967,3.5304750607241706,2026-01-10 20:00:00,3.5304750607241706,3.5304750607241706,3.5304750607241706,68.26568265682657,-0.0600000000000005,1066.114
3641,2026-01-10,21:00:00,535.0,7.65,177.0,7.67,1.967,3.5304750607241706,2026-01-10 21:00:00,3.5304750607241706,3.5304750607241706,3.5304750607241706,66.9158878504673,0.019999999999999574,1052.345
3642,2026-01-10,22:00:00,540.0,7.6,183.0,7.59,1.967,2.8243800485793367,2026-01-10 22:00:00,3.5304750607241706,3.5304750607241706,3.5304750607241706,66.11111111111111,-0.009999999999999787,1062.18
3643,2026-01-10,23:00:00,531.0,7.62,179.0,7.46,2.126,3.91972405142678,2026-01-10 23:00:00,2.8243800485793367,3.5304750607241706,3.5304750607241706,66.29001883239172,-0.16000000000000014,1128.906
3669,2026-01-11,00:00:00,380.0,7.74,144.0,7.69,1.852,2.249820014398848,2026-01-11 00:00:00,3.91972405142678,2.8243800485793367,3.5304750607241706,62.10526315789474,-0.04999999999999982,703.76
3670,2026-01-11,01:00:00,372.0,7.76,146.0,7.66,1.814,1.531299767242435,2026-01-11 01:00:00,2.249820014398848,3.91972405142678,2.8243800485793367,60.752688172043015,-0.09999999999999964,674.808
3671,2026-01-11,02:00:00,354.0,7.72,140.0,7.65,1.777,1.563183892953167,2026-01-11 02:00:00,1.531299767242435,2.249820014398848,3.91972405142678,60.451977401129945,-0.0699999999999994,629.058
3672,2026-01-11,03:00:00,375.0,7.69,137.0,7.6,1.74,0.9578544061302684,2026-01-11 03:00:00,1.563183892953167,1.531299767242435,2.249820014398848,63.46666666666667,-0.09000000000000075,652.5
3673,2026-01-11,04:00:00,339.0,7.63,135.0,7.67,1.74,0.9578544061302684,2026-01-11 04:00:00,0.9578544061302684,1.563183892953167,1.531299767242435,60.17699115044248,0.040000000000000036,589.86
3674,2026-01-11,05:00:00,341.0,7.6,132.0,7.63,1.74,0.9578544061302684,2026-01-11 05:00:00,0.9578544061302684,0.9578544061302684,1.563183892953167,61.29032258064516,0.03000000000000025,593.34
3675,2026-01-11,06:00:00,332.0,7.69,136.0,7.6,1.74,0.9578544061302684,2026-01-11 06:00:00,0.9578544061302684,0.9578544061302684,0.9578544061302684,59.036144578313255,-0.09000000000000075,577.68
3652,2026-01-11,07:00:00,472.0,7.7,173.0,7.74,2.544,2.7297344514325643,2026-01-11 07:00:00,0.9578544061302684,0.9578544061302684,0.9578544061302684,63.347457627118644,0.040000000000000036,1200.768
3653,2026-01-11,08:00:00,468.0,7.67,173.0,7.53,2.544,2.7297344514325643,2026-01-11 08:00:00,2.7297344514325643,0.9578544061302684,0.9578544061302684,63.034188034188034,-0.13999999999999968,1190.592
3654,2026-01-11,09:00:00,470.0,7.69,176.0,7.58,2.501,2.776667110933405,2026-01-11 09:00:00,2.7297344514325643,2.7297344514325643,0.9578544061302684,62.5531914893617,-0.11000000000000032,1175.47
3655,2026-01-11,10:00:00,465.0,7.71,174.0,7.61,2.458,2.825241840701564,2026-01-11 10:00:00,2.776667110933405,2.7297344514325643,2.7297344514325643,62.58064516129033,-0.09999999999999964,1142.97
3656,2026-01-11,11:00:00,461.0,7.74,172.0,7.63,2.415,2.8755463538072235,2026-01-11 11:00:00,2.825241840701564,2.776667110933405,2.7297344514325643,62.68980477223427,-0.11000000000000032,1113.315
3657,2026-01-11,12:00:00,439.0,7.74,168.0,7.36,2.373,2.926440979538324,2026-01-11 12:00:00,2.8755463538072235,2.825241840701564,2.776667110933405,61.731207289293856,-0.3799999999999999,1041.747
3658,2026-01-11,13:00:00,437.0,7.76,170.0,7.39,2.289,3.0338333090626666,2026-01-11 13:00:00,2.926440979538324,2.8755463538072235,2.825241840701564,61.098398169336384,-0.3700000000000001,1000.2930000000001
3659,2026-01-11,14:00:00,431.0,7.72,167.0,7.44,2.207,3.1465538941751,2026-01-11 14:00:00,3.0338333090626666,2.926440979538324,2.8755463538072235,61.25290023201856,-0.27999999999999936,951.217
3660,2026-01-11,15:00:00,429.0,7.71,165.0,7.46,2.166,3.206114701959577,2026-01-11 15:00:00,3.1465538941751,3.0338333090626666,2.926440979538324,61.53846153846154,-0.25,929.2139999999999
3661,2026-01-11,16:00:00,426.0,7.68,163.0,7.52,2.086,3.32907212101843,2026-01-11 16:00:00,3.206114701959577,3.1465538941751,3.0338333090626666,61.737089201877936,-0.16000000000000014,888.636
3662,2026-01-11,17:00:00,414.0,7.81,159.0,7.47,2.046,3.394156619963072,2026-01-11 17:00:00,3.32907212101843,3.206114701959577,3.1465538941751,61.59420289855072,-0.33999999999999986,847.0439999999999
3663,2026-01-11,18:00:00,398.0,7.83,143.0,7.35,2.006,3.4618367120859643,2026-01-11 18:00:00,3.394156619963072,3.32907212101843,3.206114701959577,64.07035175879398,-0.4800000000000004,798.3879999999999
3664,2026-01-11,19:00:00,383.0,7.47,148.0,7.55,1.967,2.8243800485793367,2026-01-11 19:00:00,3.4618367120859643,3.394156619963072,3.32907212101843,61.35770234986945,0.08000000000000007,753.361
3665,2026-01-11,20:00:00,380.0,7.57,146.0,7.5,1.967,2.8243800485793367,2026-01-11 20:00:00,2.8243800485793367,3.4618367120859643,3.394156619963072,61.578947368421055,-0.07000000000000028,747.46
3666,2026-01-11,21:00:00,374.0,7.5,139.0,7.57,1.929,2.160013824088474,2026-01-11 21:00:00,2.8243800485793367,2.8243800485793367,3.4618367120859643,62.834224598930476,0.07000000000000028,721.446
3667,2026-01-11,22:00:00,372.0,7.57,145.0,7.63,1.89,2.2045855379188715,2026-01-11 22:00:00,2.160013824088474,2.8243800485793367,2.8243800485793367,61.02150537634409,0.05999999999999961,703.0799999999999
3668,2026-01-11,23:00:00,375.0,7.63,141.0,7.61,1.89,2.2045855379188715,2026-01-11 23:00:00,2.2045855379188715,2.160013824088474,2.8243800485793367,62.4,-0.019999999999999574,708.75
3736,2026-01-15,16:00:00,357.0,7.66,144.0,7.71,1.89,2.6455026455026456,2026-01-15 16:00:00,2.2045855379188715,2.2045855379188715,2.160013824088474,59.66386554621849,0.04999999999999982,674.73
3737,2026-01-15,17:00:00,614.0,7.7,137.0,8.08,2.006,3.4618367120859643,2026-01-15 17:00:00,2.6455026455026456,2.2045855379188715,2.2045855379188715,77.68729641693811,0.3799999999999999,1231.684
3738,2026-01-15,18:00:00,630.0,7.78,142.0,8.02,2.632,3.1661600810536976,2026-01-15 18:00:00,3.4618367120859643,2.6455026455026456,2.2045855379188715,77.46031746031747,0.23999999999999932,1658.16
3739,2026-01-15,19:00:00,535.0,7.81,150.0,8.16,2.811,3.458634728645401,2026-01-15 19:00:00,3.1661600810536976,3.4618367120859643,2.6455026455026456,71.96261682242991,0.35000000000000053,1503.885
3769,2026-01-16,00:00:00,528.0,7.65,178.0,7.04,2.248,4.324831949387109,2026-01-16 00:00:00,3.458634728645401,3.1661600810536976,3.4618367120859643,66.28787878787878,-0.6100000000000003,1186.9440000000002
3770,2026-01-16,01:00:00,532.0,7.7,181.0,7.03,2.248,4.324831949387109,2026-01-16 01:00:00,4.324831949387109,3.458634728645401,3.1661600810536976,65.97744360902256,-0.6699999999999999,1195.9360000000001
3771,2026-01-16,02:00:00,525.0,7.73,176.0,7.06,2.207,4.40517545184514,2026-01-16 02:00:00,4.324831949387109,4.324831949387109,3.458634728645401,66.47619047619048,-0.6700000000000008,1158.675
3772,2026-01-16,03:00:00,521.0,7.69,170.0,7.11,2.207,4.40517545184514,2026-01-16 03:00:00,4.40517545184514,4.324831949387109,4.324831949387109,67.37044145873321,-0.5800000000000001,1149.847
3773,2026-01-16,04:00:00,514.0,7.44,165.0,7.05,2.166,4.488560582743409,2026-01-16 04:00:00,4.40517545184514,4.40517545184514,4.324831949387109,67.89883268482491,-0.39000000000000057,1113.324
3774,2026-01-16,05:00:00,499.0,7.23,153.0,7.08,2.166,3.847337642351493,2026-01-16 05:00:00,4.488560582743409,4.40517545184514,4.40517545184514,69.33867735470942,-0.15000000000000036,1080.834
3775,2026-01-16,06:00:00,492.0,7.3,150.0,7.1,2.126,3.91972405142678,2026-01-16 06:00:00,3.847337642351493,4.488560582743409,4.40517545184514,69.51219512195121,-0.20000000000000018,1045.992
3759,2026-01-16,14:00:00,642.0,7.44,241.0,6.63,2.676,4.671150971599402,2026-01-16 14:00:00,3.91972405142678,3.847337642351493,4.488560582743409,62.46105919003115,-0.8100000000000005,1717.9920000000002
3760,2026-01-16,15:00:00,616.0,7.57,247.0,6.92,2.632,4.749240121580547,2026-01-16 15:00:00,4.671150971599402,3.91972405142678,3.847337642351493,59.9025974025974,-0.6500000000000004,1621.3120000000001
3761,2026-01-16,16:00:00,586.0,7.63,250.0,6.86,2.588,4.2933195947106295,2026-01-16 16:00:00,4.749240121580547,4.671150971599402,3.91972405142678,57.33788395904437,-0.7699999999999996,1516.568
3762,2026-01-16,17:00:00,565.0,7.65,240.0,6.71,2.544,4.367575122292103,2026-01-16 17:00:00,4.2933195947106295,4.749240121580547,4.671150971599402,57.52212389380531,-0.9400000000000004,1437.3600000000001
3763,2026-01-16,18:00:00,558.0,7.6,220.0,6.78,2.458,4.520386945122502,2026-01-16 18:00:00,4.367575122292103,4.2933195947106295,4.749240121580547,60.57347670250897,-0.8199999999999994,1371.564
3764,2026-01-16,19:00:00,567.0,7.72,210.0,6.99,2.458,4.520386945122502,2026-01-16 19:00:00,4.520386945122502,4.367575122292103,4.2933195947106295,62.96296296296296,-0.7299999999999995,1393.6860000000001
3765,2026-01-16,20:00:00,562.0,7.76,208.0,6.97,2.415,4.6008741660915575,2026-01-16 20:00:00,4.520386945122502,4.520386945122502,4.367575122292103,62.989323843416365,-0.79,1357.23
3766,2026-01-16,21:00:00,559.0,7.8,201.0,6.95,2.373,4.682305567261319,2026-01-16 21:00:00,4.6008741660915575,4.520386945122502,4.520386945122502,64.04293381037567,-0.8499999999999996,1326.507
3767,2026-01-16,22:00:00,553.0,7.82,204.0,6.98,2.331,4.5283378616711945,2026-01-16 22:00:00,4.682305567261319,4.6008741660915575,4.520386945122502,63.11030741410488,-0.8399999999999999,1289.043
3768,2026-01-16,23:00:00,540.0,7.79,193.0,7.01,2.289,4.611426629775253,2026-01-16 23:00:00,4.5283378616711945,4.682305567261319,4.6008741660915575,64.25925925925927,-0.7800000000000002,1236.0600000000002
3794,2026-01-17,00:00:00,451.0,7.71,100.0,7.56,2.006,1.93862855876814,2026-01-17 00:00:00,4.611426629775253,4.5283378616711945,4.682305567261319,77.8270509977827,-0.15000000000000036,904.7059999999999
3795,2026-01-17,01:00:00,457.0,7.74,103.0,7.55,2.006,1.93862855876814,2026-01-17 01:00:00,1.93862855876814,4.611426629775253,4.5283378616711945,77.4617067833698,-0.1900000000000004,916.7419999999998
3796,2026-01-17,02:00:00,455.0,7.76,105.0,7.58,1.967,1.9770660340055357,2026-01-17 02:00:00,1.93862855876814,1.93862855876814,4.611426629775253,76.92307692307693,-0.17999999999999972,894.985
3797,2026-01-17,03:00:00,460.0,7.73,108.0,7.61,1.967,1.9770660340055357,2026-01-17 03:00:00,1.9770660340055357,1.93862855876814,1.93862855876814,76.52173913043478,-0.1200000000000001,904.82
3798,2026-01-17,04:00:00,436.0,7.72,113.0,7.53,1.967,1.9770660340055357,2026-01-17 04:00:00,1.9770660340055357,1.9770660340055357,1.93862855876814,74.08256880733946,-0.1899999999999995,857.6120000000001
3799,2026-01-17,05:00:00,405.0,7.74,115.0,7.42,1.967,1.9770660340055357,2026-01-17 05:00:00,1.9770660340055357,1.9770660340055357,1.9770660340055357,71.60493827160494,-0.3200000000000003,796.635
3800,2026-01-17,06:00:00,401.0,7.76,119.0,7.5,1.967,1.694628029147602,2026-01-17 06:00:00,1.9770660340055357,1.9770660340055357,1.9770660340055357,70.32418952618454,-0.2599999999999998,788.767
3777,2026-01-17,07:00:00,480.0,7.52,120.0,7.17,2.126,2.613149367617853,2026-01-17 07:00:00,1.694628029147602,1.9770660340055357,1.9770660340055357,75.0,-0.34999999999999964,1020.4799999999999
3778,2026-01-17,08:00:00,488.0,7.57,114.0,7.21,2.126,2.613149367617853,2026-01-17 08:00:00,2.613149367617853,1.694628029147602,1.9770660340055357,76.63934426229508,-0.3600000000000003,1037.488
3779,2026-01-17,09:00:00,482.0,7.5,110.0,7.2,2.126,2.613149367617853,2026-01-17 09:00:00,2.613149367617853,2.613149367617853,1.694628029147602,77.17842323651453,-0.2999999999999998,1024.732
3780,2026-01-17,10:00:00,467.0,7.52,113.0,7.73,2.086,1.9974432726110576,2026-01-17 10:00:00,2.613149367617853,2.613149367617853,2.613149367617853,75.80299785867237,0.21000000000000085,974.1619999999999
3781,2026-01-17,11:00:00,440.0,7.55,109.0,7.39,2.086,1.331628848407372,2026-01-17 11:00:00,1.9974432726110576,2.613149367617853,2.613149367617853,75.22727272727273,-0.16000000000000014,917.8399999999999
3782,2026-01-17,12:00:00,412.0,7.56,105.0,7.45,2.086,1.0653030787258977,2026-01-17 12:00:00,1.331628848407372,1.9974432726110576,2.613149367617853,74.51456310679612,-0.10999999999999943,859.4319999999999
3783,2026-01-17,13:00:00,403.0,7.59,100.0,7.48,2.086,0.665814424203686,2026-01-17 13:00:00,1.0653030787258977,1.331628848407372,1.9974432726110576,75.18610421836229,-0.10999999999999943,840.6579999999999
3784,2026-01-17,14:00:00,392.0,7.63,106.0,7.44,2.086,0.665814424203686,2026-01-17 14:00:00,0.665814424203686,1.0653030787258977,1.331628848407372,72.95918367346938,-0.1899999999999995,817.712
3785,2026-01-17,15:00:00,386.0,7.57,102.0,7.46,2.046,0.6788313239926144,2026-01-17 15:00:00,0.665814424203686,0.665814424203686,1.0653030787258977,73.57512953367875,-0.11000000000000032,789.756
3786,2026-01-17,16:00:00,390.0,7.55,96.0,7.4,2.046,0.6788313239926144,2026-01-17 16:00:00,0.6788313239926144,0.665814424203686,0.665814424203686,75.38461538461539,-0.14999999999999947,797.9399999999999
3787,2026-01-17,17:00:00,384.0,7.53,99.0,7.35,2.046,0.6788313239926144,2026-01-17 17:00:00,0.6788313239926144,0.6788313239926144,0.665814424203686,74.21875,-0.1800000000000006,785.664
3788,2026-01-17,18:00:00,386.0,7.5,95.0,7.38,2.046,0.6788313239926144,2026-01-17 18:00:00,0.6788313239926144,0.6788313239926144,0.6788313239926144,75.38860103626943,-0.1200000000000001,789.756
3789,2026-01-17,19:00:00,433.0,7.81,101.0,7.58,2.046,1.086130118388183,2026-01-17 19:00:00,0.6788313239926144,0.6788313239926144,0.6788313239926144,76.6743648960739,-0.22999999999999954,885.9179999999999
3790,2026-01-17,20:00:00,440.0,7.8,97.0,7.55,2.046,1.3576626479852287,2026-01-17 20:00:00,1.086130118388183,0.6788313239926144,0.6788313239926144,77.95454545454545,-0.25,900.2399999999999
3791,2026-01-17,21:00:00,445.0,7.78,90.0,7.6,2.046,1.3576626479852287,2026-01-17 21:00:00,1.3576626479852287,1.086130118388183,0.6788313239926144,79.7752808988764,-0.1800000000000006,910.4699999999999
3792,2026-01-17,22:00:00,448.0,7.75,94.0,7.62,2.046,1.3576626479852287,2026-01-17 22:00:00,1.3576626479852287,1.3576626479852287,1.086130118388183,79.01785714285714,-0.1299999999999999,916.608
3793,2026-01-17,23:00:00,446.0,7.73,98.0,7.59,2.006,1.3847346848343858,2026-01-17 23:00:00,1.3576626479852287,1.3576626479852287,1.3576626479852287,78.02690582959642,-0.14000000000000057,894.6759999999999
3819,2026-01-18,00:00:00,324.0,7.6,164.0,7.65,1.667,0.8331666999933346,2026-01-18 00:00:00,1.3847346848343858,1.3576626479852287,1.3576626479852287,49.382716049382715,0.05000000000000071,540.1080000000001
3820,2026-01-18,01:00:00,335.0,7.68,167.0,7.68,1.631,0.8515566455480619,2026-01-18 01:00:00,0.8331666999933346,1.3847346848343858,1.3576626479852287,50.14925373134328,0.0,546.385
3821,2026-01-18,02:00:00,325.0,7.72,171.0,7.7,1.631,0.8515566455480619,2026-01-18 02:00:00,0.8515566455480619,0.8331666999933346,1.3847346848343858,47.38461538461539,-0.019999999999999574,530.075
3822,2026-01-18,03:00:00,319.0,7.75,175.0,7.72,1.595,0.8707767328456983,2026-01-18 03:00:00,0.8515566455480619,0.8515566455480619,0.8331666999933346,45.141065830721004,-0.03000000000000025,508.805
3823,2026-01-18,04:00:00,330.0,7.71,177.0,7.69,1.595,0.8707767328456983,2026-01-18 04:00:00,0.8707767328456983,0.8515566455480619,0.8515566455480619,46.36363636363636,-0.019999999999999574,526.35
3824,2026-01-18,05:00:00,339.0,7.74,174.0,7.63,1.595,0.8707767328456983,2026-01-18 05:00:00,0.8707767328456983,0.8707767328456983,0.8515566455480619,48.67256637168141,-0.11000000000000032,540.705
3825,2026-01-18,06:00:00,332.0,7.73,170.0,7.66,1.595,0.8707767328456983,2026-01-18 06:00:00,0.8707767328456983,0.8707767328456983,0.8707767328456983,48.795180722891565,-0.07000000000000028,529.54
3802,2026-01-18,07:00:00,411.0,7.68,114.0,7.6,1.967,1.4121900242896683,2026-01-18 07:00:00,0.8707767328456983,0.8707767328456983,0.8707767328456983,72.26277372262774,-0.08000000000000007,808.437
3803,2026-01-18,08:00:00,408.0,7.64,120.0,6.7,1.967,1.4121900242896683,2026-01-18 08:00:00,1.4121900242896683,0.8707767328456983,0.8707767328456983,70.58823529411765,-0.9399999999999995,802.5360000000001
3804,2026-01-18,09:00:00,404.0,7.6,115.0,7.42,1.967,1.4121900242896683,2026-01-18 09:00:00,1.4121900242896683,1.4121900242896683,0.8707767328456983,71.53465346534654,-0.17999999999999972,794.668
3805,2026-01-18,10:00:00,396.0,7.68,146.0,7.4,1.967,1.4121900242896683,2026-01-18 10:00:00,1.4121900242896683,1.4121900242896683,1.4121900242896683,63.13131313131313,-0.27999999999999936,778.932
3806,2026-01-18,11:00:00,367.0,7.62,169.0,7.44,1.929,1.1520073728471862,2026-01-18 11:00:00,1.4121900242896683,1.4121900242896683,1.4121900242896683,53.950953678474114,-0.17999999999999972,707.943
3807,2026-01-18,12:00:00,350.0,7.71,181.0,7.38,1.929,1.1520073728471862,2026-01-18 12:00:00,1.1520073728471862,1.4121900242896683,1.4121900242896683,48.285714285714285,-0.33000000000000007,675.15
3808,2026-01-18,13:00:00,342.0,7.78,173.0,7.46,1.89,0.7348618459729571,2026-01-18 13:00:00,1.1520073728471862,1.1520073728471862,1.4121900242896683,49.41520467836257,-0.3200000000000003,646.38
3809,2026-01-18,14:00:00,340.0,7.73,189.0,7.42,1.852,0.7499400047996159,2026-01-18 14:00:00,0.7348618459729571,1.1520073728471862,1.1520073728471862,44.41176470588235,-0.3100000000000005,629.6800000000001
3810,2026-01-18,15:00:00,336.0,7.75,193.0,7.47,1.814,0.7656498836212177,2026-01-18 15:00:00,0.7499400047996159,0.7348618459729571,1.1520073728471862,42.55952380952381,-0.28000000000000025,609.504
3811,2026-01-18,16:00:00,330.0,7.7,188.0,7.44,1.777,0.7815919464765835,2026-01-18 16:00:00,0.7656498836212177,0.7499400047996159,0.7348618459729571,43.03030303030303,-0.2599999999999998,586.41
3812,2026-01-18,17:00:00,328.0,7.72,190.0,7.42,1.74,0.7982120051085567,2026-01-18 17:00:00,0.7815919464765835,0.7656498836212177,0.7499400047996159,42.073170731707314,-0.2999999999999998,570.72
3813,2026-01-18,18:00:00,325.0,7.77,195.0,7.5,1.74,0.7982120051085567,2026-01-18 18:00:00,0.7982120051085567,0.7815919464765835,0.7656498836212177,40.0,-0.2699999999999996,565.5
3814,2026-01-18,19:00:00,318.0,7.96,202.0,7.81,1.703,0.8155542506687544,2026-01-18 19:00:00,0.7982120051085567,0.7982120051085567,0.7815919464765835,36.477987421383645,-0.15000000000000036,541.554
3815,2026-01-18,20:00:00,326.0,7.95,207.0,7.78,1.703,0.8155542506687544,2026-01-18 20:00:00,0.8155542506687544,0.7982120051085567,0.7982120051085567,36.50306748466258,-0.16999999999999993,555.178
3816,2026-01-18,21:00:00,338.0,7.9,204.0,7.75,1.703,0.8155542506687544,2026-01-18 21:00:00,0.8155542506687544,0.8155542506687544,0.7982120051085567,39.64497041420118,-0.15000000000000036,575.614
3817,2026-01-18,22:00:00,332.0,7.96,197.0,7.77,1.703,0.8155542506687544,2026-01-18 22:00:00,0.8155542506687544,0.8155542506687544,0.8155542506687544,40.66265060240964,-0.1900000000000004,565.3960000000001
3818,2026-01-18,23:00:00,329.0,7.82,185.0,7.72,1.667,0.8331666999933346,2026-01-18 23:00:00,0.8155542506687544,0.8155542506687544,0.8155542506687544,43.76899696048632,-0.10000000000000053,548.443
3827,2026-01-19,07:00:00,307.0,7.0,168.0,7.77,1.595,0.8707767328456983,2026-01-19 07:00:00,0.8331666999933346,0.8155542506687544,0.8155542506687544,45.27687296416938,0.7699999999999996,489.66499999999996
3828,2026-01-19,08:00:00,305.0,7.72,175.0,7.7,1.595,0.8707767328456983,2026-01-19 08:00:00,0.8707767328456983,0.8331666999933346,0.8155542506687544,42.62295081967213,-0.019999999999999574,486.47499999999997
3829,2026-01-19,09:00:00,307.0,7.75,171.0,7.67,1.595,0.8707767328456983,2026-01-19 09:00:00,0.8707767328456983,0.8707767328456983,0.8331666999933346,44.299674267100976,-0.08000000000000007,489.66499999999996
4094,2026-01-29,00:00:00,426.0,8.24,63.0,8.42,1.74,1.5964240102171134,2026-01-29 00:00:00,0.8707767328456983,0.8707767328456983,0.8707767328456983,85.2112676056338,0.17999999999999972,741.24
4095,2026-01-29,01:00:00,410.0,8.22,79.0,8.36,2.289,1.8202999854376,2026-01-29 01:00:00,1.5964240102171134,0.8707767328456983,0.8707767328456983,80.73170731707317,0.1399999999999988,938.49
4096,2026-01-29,02:00:00,435.0,8.2,96.0,8.3,2.903,1.9137290925096644,2026-01-29 02:00:00,1.8202999854376,1.5964240102171134,0.8707767328456983,77.93103448275862,0.10000000000000142,1262.805
4097,2026-01-29,03:00:00,578.0,8.17,108.0,8.27,2.995,2.7824151363383414,2026-01-29 03:00:00,1.9137290925096644,1.8202999854376,1.5964240102171134,81.31487889273356,0.09999999999999964,1731.1100000000001
4098,2026-01-29,04:00:00,697.0,8.25,114.0,8.23,2.995,2.7824151363383414,2026-01-29 04:00:00,2.7824151363383414,1.9137290925096644,1.8202999854376,83.6441893830703,-0.019999999999999574,2087.515
4099,2026-01-29,05:00:00,858.0,8.28,126.0,8.27,2.995,2.7824151363383414,2026-01-29 05:00:00,2.7824151363383414,2.7824151363383414,1.9137290925096644,85.3146853146853,-0.009999999999999787,2569.71
4100,2026-01-29,06:00:00,816.0,8.24,117.0,8.2,2.811,2.9645440531246297,2026-01-29 06:00:00,2.7824151363383414,2.7824151363383414,2.7824151363383414,85.66176470588235,-0.040000000000000924,2293.776
4119,2026-01-30,00:00:00,578.0,7.95,168.0,8.07,2.166,3.206114701959577,2026-01-30 00:00:00,2.9645440531246297,2.7824151363383414,2.7824151363383414,70.93425605536332,0.1200000000000001,1251.9479999999999
4102,2026-01-30,07:00:00,797.0,8.09,86.0,8.68,2.811,2.9645440531246297,2026-01-30 07:00:00,3.206114701959577,2.9645440531246297,2.7824151363383414,89.20953575909661,0.5899999999999999,2240.3669999999997
4103,2026-01-30,08:00:00,782.0,8.05,87.0,8.36,2.766,3.0127741624487827,2026-01-30 08:00:00,2.9645440531246297,3.206114701959577,2.9645440531246297,88.87468030690538,0.3099999999999987,2163.012
4104,2026-01-30,09:00:00,785.0,8.11,84.0,8.58,2.721,3.0625995344848707,2026-01-30 09:00:00,3.0127741624487827,2.9645440531246297,3.206114701959577,89.29936305732484,0.47000000000000064,2135.985
4105,2026-01-30,10:00:00,780.0,8.07,79.0,8.53,2.676,3.1141006477329345,2026-01-30 10:00:00,3.0625995344848707,3.0127741624487827,2.9645440531246297,89.87179487179488,0.4599999999999991,2087.28
4106,2026-01-30,11:00:00,774.0,8.14,88.0,8.57,2.588,3.219989696032972,2026-01-30 11:00:00,3.1141006477329345,3.0625995344848707,3.0127741624487827,88.63049095607235,0.4299999999999997,2003.112
4107,2026-01-30,12:00:00,661.0,8.0,68.0,8.21,2.501,2.776667110933405,2026-01-30 12:00:00,3.219989696032972,3.1141006477329345,3.0625995344848707,89.7125567322239,0.21000000000000085,1653.1609999999998
4108,2026-01-30,13:00:00,682.0,8.05,87.0,8.19,2.458,2.825241840701564,2026-01-30 13:00:00,2.776667110933405,3.219989696032972,3.1141006477329345,87.2434017595308,0.1399999999999988,1676.3560000000002
4109,2026-01-30,14:00:00,643.0,8.01,99.0,8.17,2.415,2.8755463538072235,2026-01-30 14:00:00,2.825241840701564,2.776667110933405,3.219989696032972,84.60342146189736,0.16000000000000014,1552.845
4110,2026-01-30,15:00:00,636.0,7.98,105.0,8.15,2.373,2.926440979538324,2026-01-30 15:00:00,2.8755463538072235,2.825241840701564,2.776667110933405,83.49056603773585,0.16999999999999993,1509.228
4111,2026-01-30,16:00:00,628.0,7.96,111.0,8.12,2.373,2.926440979538324,2026-01-30 16:00:00,2.926440979538324,2.8755463538072235,2.825241840701564,82.32484076433121,0.15999999999999925,1490.2440000000001
4112,2026-01-30,17:00:00,632.0,8.04,122.0,8.18,2.331,2.979169645836312,2026-01-30 17:00:00,2.926440979538324,2.926440979538324,2.8755463538072235,80.69620253164557,0.14000000000000057,1473.192
4113,2026-01-30,18:00:00,630.0,8.07,124.0,8.16,2.331,2.979169645836312,2026-01-30 18:00:00,2.979169645836312,2.926440979538324,2.926440979538324,80.31746031746032,0.08999999999999986,1468.53
4114,2026-01-30,19:00:00,613.0,7.9,128.0,8.12,2.331,2.979169645836312,2026-01-30 19:00:00,2.979169645836312,2.979169645836312,2.926440979538324,79.11908646003263,0.21999999999999886,1428.903
4115,2026-01-30,20:00:00,597.0,7.96,133.0,8.07,2.248,3.089165678133649,2026-01-30 20:00:00,2.979169645836312,2.979169645836312,2.979169645836312,77.72194304857621,0.11000000000000032,1342.056
4116,2026-01-30,21:00:00,609.0,8.01,126.0,8.13,2.166,3.206114701959577,2026-01-30 21:00:00,3.089165678133649,2.979169645836312,2.979169645836312,79.3103448275862,0.120000000000001,1319.094
4117,2026-01-30,22:00:00,611.0,7.99,128.0,8.1,2.166,3.206114701959577,2026-01-30 22:00:00,3.206114701959577,3.089165678133649,2.979169645836312,79.050736497545,0.10999999999999943,1323.426
4118,2026-01-30,23:00:00,591.0,7.97,143.0,8.06,2.166,3.206114701959577,2026-01-30 23:00:00,3.206114701959577,3.206114701959577,3.089165678133649,75.80372250423012,0.09000000000000075,1280.106
4169,2026-02-01,00:00:00,1254.0,7.3,101.0,7.09,2.544,5.568658280922431,2026-02-01 00:00:00,3.206114701959577,3.206114701959577,3.206114701959577,91.94577352472089,-0.20999999999999996,3190.176
4170,2026-02-01,01:00:00,1247.0,7.42,103.0,7.05,2.501,5.664400906304145,2026-02-01 01:00:00,5.568658280922431,3.206114701959577,3.206114701959577,91.7401764234162,-0.3700000000000001,3118.747
4171,2026-02-01,02:00:00,1189.0,7.37,110.0,7.11,2.501,5.664400906304145,2026-02-01 02:00:00,5.664400906304145,5.568658280922431,3.206114701959577,90.74852817493692,-0.2599999999999998,2973.689
4172,2026-02-01,03:00:00,1177.0,7.41,108.0,7.13,2.501,5.220134168554801,2026-02-01 03:00:00,5.664400906304145,5.664400906304145,5.568658280922431,90.82412914188616,-0.28000000000000025,2943.6769999999997
4173,2026-02-01,04:00:00,1186.0,7.28,113.0,7.08,2.458,5.311454660518939,2026-02-01 04:00:00,5.220134168554801,5.664400906304145,5.664400906304145,90.47217537942664,-0.20000000000000018,2915.188
4174,2026-02-01,05:00:00,1198.0,7.32,116.0,7.05,2.415,5.406027145157579,2026-02-01 05:00:00,5.311454660518939,5.220134168554801,5.664400906304145,90.31719532554257,-0.27000000000000046,2893.17
4175,2026-02-01,06:00:00,1246.0,7.45,118.0,7.11,2.373,5.50170904153205,2026-02-01 06:00:00,5.406027145157579,5.311454660518939,5.220134168554801,90.52969502407706,-0.33999999999999986,2956.7580000000003
4158,2026-02-01,13:00:00,1004.0,7.32,41.0,6.51,2.544,5.459468902865129,2026-02-01 13:00:00,5.50170904153205,5.406027145157579,5.311454660518939,95.91633466135458,-0.8100000000000005,2554.176
4159,2026-02-01,14:00:00,1018.0,7.37,46.0,6.89,2.544,5.459468902865129,2026-02-01 14:00:00,5.459468902865129,5.50170904153205,5.406027145157579,95.48133595284872,-0.4800000000000004,2589.792
4160,2026-02-01,15:00:00,1010.0,7.35,50.0,7.15,2.501,5.55333422186681,2026-02-01 15:00:00,5.459468902865129,5.459468902865129,5.50170904153205,95.04950495049505,-0.1999999999999993,2526.0099999999998
4161,2026-02-01,16:00:00,1029.0,7.33,43.0,7.04,2.501,5.220134168554801,2026-02-01 16:00:00,5.55333422186681,5.459468902865129,5.459468902865129,95.82118561710399,-0.29000000000000004,2573.529
4162,2026-02-01,17:00:00,1044.0,7.32,33.0,6.83,2.458,5.311454660518939,2026-02-01 17:00:00,5.220134168554801,5.55333422186681,5.459468902865129,96.83908045977012,-0.4900000000000002,2566.152
4163,2026-02-01,18:00:00,1050.0,7.38,39.0,6.8,2.458,5.311454660518939,2026-02-01 18:00:00,5.311454660518939,5.220134168554801,5.55333422186681,96.28571428571429,-0.5800000000000001,2580.9
4164,2026-02-01,19:00:00,1068.0,7.46,35.0,6.66,2.415,5.406027145157579,2026-02-01 19:00:00,5.311454660518939,5.311454660518939,5.220134168554801,96.72284644194757,-0.7999999999999998,2579.2200000000003
4165,2026-02-01,20:00:00,1123.0,7.44,48.0,6.75,2.721,4.798072604026297,2026-02-01 20:00:00,5.406027145157579,5.311454660518939,5.311454660518939,95.72573463935886,-0.6900000000000004,3055.683
4166,2026-02-01,21:00:00,1172.0,7.36,69.0,6.93,2.811,4.644452349895253,2026-02-01 21:00:00,4.798072604026297,5.406027145157579,5.311454660518939,94.11262798634812,-0.4300000000000006,3294.4919999999997
4167,2026-02-01,22:00:00,1263.0,7.39,82.0,6.98,2.721,5.20641920862428,2026-02-01 22:00:00,4.644452349895253,4.798072604026297,5.406027145157579,93.50752177355503,-0.40999999999999925,3436.623
4168,2026-02-01,23:00:00,1260.0,7.35,94.0,7.0,2.632,5.382472137791287,2026-02-01 23:00:00,5.20641920862428,4.644452349895253,4.798072604026297,92.53968253968254,-0.34999999999999964,3316.32
4194,2026-02-02,00:00:00,1263.0,7.36,175.0,7.66,2.289,4.490073297412747,2026-02-02 00:00:00,5.382472137791287,5.20641920862428,4.644452349895253,86.14410134600158,0.2999999999999998,2891.007
4195,2026-02-02,01:00:00,1208.0,7.49,170.0,7.61,2.289,4.490073297412747,2026-02-02 01:00:00,4.490073297412747,5.382472137791287,5.20641920862428,85.9271523178808,0.1200000000000001,2765.112
4196,2026-02-02,02:00:00,1250.0,7.47,168.0,7.57,2.289,4.490073297412747,2026-02-02 02:00:00,4.490073297412747,4.490073297412747,5.382472137791287,86.56,0.10000000000000053,2861.25
4197,2026-02-02,03:00:00,1253.0,7.35,165.0,7.63,2.248,4.571965203637801,2026-02-02 03:00:00,4.490073297412747,4.490073297412747,4.490073297412747,86.83160415003991,0.28000000000000025,2816.744
4198,2026-02-02,04:00:00,1267.0,7.38,152.0,7.78,2.248,4.571965203637801,2026-02-02 04:00:00,4.571965203637801,4.490073297412747,4.490073297412747,88.00315706393054,0.40000000000000036,2848.2160000000003
4199,2026-02-02,05:00:00,1261.0,7.42,157.0,7.69,2.248,4.571965203637801,2026-02-02 05:00:00,4.571965203637801,4.571965203637801,4.490073297412747,87.54956383822363,0.27000000000000046,2834.728
4200,2026-02-02,06:00:00,1263.0,7.46,144.0,7.72,2.248,4.571965203637801,2026-02-02 06:00:00,4.571965203637801,4.571965203637801,4.571965203637801,88.59857482185272,0.2599999999999998,2839.224
4177,2026-02-02,07:00:00,1075.0,7.35,141.0,7.15,2.373,5.267593763168985,2026-02-02 07:00:00,4.571965203637801,4.571965203637801,4.571965203637801,86.88372093023256,-0.1999999999999993,2550.9750000000004
4178,2026-02-02,08:00:00,1108.0,7.37,136.0,7.13,2.373,5.267593763168985,2026-02-02 08:00:00,5.267593763168985,4.571965203637801,4.571965203637801,87.72563176895306,-0.2400000000000002,2629.284
4179,2026-02-02,09:00:00,1096.0,7.34,130.0,7.15,2.373,5.267593763168985,2026-02-02 09:00:00,5.267593763168985,5.267593763168985,4.571965203637801,88.13868613138686,-0.1899999999999995,2600.8080000000004
4180,2026-02-02,10:00:00,1092.0,7.3,135.0,7.17,2.373,5.267593763168985,2026-02-02 10:00:00,5.267593763168985,5.267593763168985,5.267593763168985,87.63736263736264,-0.1299999999999999,2591.3160000000003
4181,2026-02-02,11:00:00,1110.0,7.31,131.0,7.24,2.373,5.267593763168985,2026-02-02 11:00:00,5.267593763168985,5.267593763168985,5.267593763168985,88.1981981981982,-0.0699999999999994,2634.03
4182,2026-02-02,12:00:00,1094.0,7.28,129.0,7.27,2.373,5.267593763168985,2026-02-02 12:00:00,5.267593763168985,5.267593763168985,5.267593763168985,88.20840950639854,-0.010000000000000675,2596.0620000000004
4183,2026-02-02,13:00:00,1081.0,7.36,118.0,7.41,2.373,5.267593763168985,2026-02-02 13:00:00,5.267593763168985,5.267593763168985,5.267593763168985,89.08418131359852,0.04999999999999982,2565.213
4184,2026-02-02,14:00:00,1090.0,7.29,121.0,7.36,2.373,5.267593763168985,2026-02-02 14:00:00,5.267593763168985,5.267593763168985,5.267593763168985,88.89908256880734,0.07000000000000028,2586.57
4185,2026-02-02,15:00:00,1122.0,7.27,126.0,7.31,2.373,5.267593763168985,2026-02-02 15:00:00,5.267593763168985,5.267593763168985,5.267593763168985,88.77005347593582,0.040000000000000036,2662.5060000000003
4186,2026-02-02,16:00:00,1088.0,7.29,124.0,7.44,2.331,5.005005005005005,2026-02-02 16:00:00,5.267593763168985,5.267593763168985,5.267593763168985,88.60294117647058,0.15000000000000036,2536.128
4187,2026-02-02,17:00:00,1062.0,7.3,121.0,7.58,2.331,5.005005005005005,2026-02-02 17:00:00,5.005005005005005,5.267593763168985,5.267593763168985,88.60640301318267,0.28000000000000025,2475.522
4188,2026-02-02,18:00:00,1074.0,7.34,118.0,7.55,2.331,5.005005005005005,2026-02-02 18:00:00,5.005005005005005,5.005005005005005,5.267593763168985,89.01303538175046,0.20999999999999996,2503.494
4189,2026-02-02,19:00:00,1194.0,7.35,101.0,7.67,2.331,4.409171075837743,2026-02-02 19:00:00,5.005005005005005,5.005005005005005,5.005005005005005,91.54103852596315,0.3200000000000003,2783.214
4190,2026-02-02,20:00:00,1166.0,7.42,117.0,7.62,2.331,4.409171075837743,2026-02-02 20:00:00,4.409171075837743,5.005005005005005,5.005005005005005,89.96569468267582,0.20000000000000018,2717.946
4191,2026-02-02,21:00:00,1151.0,7.38,129.0,7.6,2.289,4.490073297412747,2026-02-02 21:00:00,4.409171075837743,4.409171075837743,5.005005005005005,88.79235447437011,0.21999999999999975,2634.639
4192,2026-02-02,22:00:00,1187.0,7.41,134.0,7.56,2.289,4.490073297412747,2026-02-02 22:00:00,4.490073297412747,4.409171075837743,4.409171075837743,88.71103622577927,0.14999999999999947,2717.043
4193,2026-02-02,23:00:00,1239.0,7.33,158.0,7.59,2.289,4.490073297412747,2026-02-02 23:00:00,4.490073297412747,4.490073297412747,4.409171075837743,87.24778046811946,0.2599999999999998,2836.0710000000004
4202,2026-02-03,07:00:00,1100.0,7.6,149.0,7.58,2.248,4.571965203637801,2026-02-03 07:00:00,4.490073297412747,4.490073297412747,4.490073297412747,86.45454545454545,-0.019999999999999574,2472.8
4203,2026-02-03,08:00:00,1072.0,7.62,145.0,7.44,2.248,3.70699881376038,2026-02-03 08:00:00,4.571965203637801,4.490073297412747,4.490073297412747,86.47388059701493,-0.17999999999999972,2409.856
4204,2026-02-03,09:00:00,1002.0,7.65,141.0,7.51,2.248,3.70699881376038,2026-02-03 09:00:00,3.70699881376038,4.571965203637801,4.490073297412747,85.92814371257485,-0.14000000000000057,2252.496
4205,2026-02-03,10:00:00,1012.0,7.61,144.0,7.56,2.248,3.089165678133649,2026-02-03 10:00:00,3.70699881376038,3.70699881376038,4.571965203637801,85.7707509881423,-0.05000000000000071,2274.976
4206,2026-02-03,11:00:00,1008.0,7.63,139.0,7.53,2.248,3.089165678133649,2026-02-03 11:00:00,3.089165678133649,3.70699881376038,3.70699881376038,86.21031746031747,-0.09999999999999964,2265.9840000000004
4207,2026-02-03,12:00:00,994.0,7.6,134.0,7.48,2.248,2.4713325425069192,2026-02-03 12:00:00,3.089165678133649,3.089165678133649,3.70699881376038,86.51911468812877,-0.11999999999999922,2234.512
4208,2026-02-03,13:00:00,965.0,7.64,131.0,7.46,2.207,2.5172431153400794,2026-02-03 13:00:00,2.4713325425069192,3.089165678133649,3.089165678133649,86.42487046632125,-0.17999999999999972,2129.7549999999997
4209,2026-02-03,14:00:00,954.0,7.59,136.0,7.43,2.207,2.5172431153400794,2026-02-03 14:00:00,2.5172431153400794,2.4713325425069192,3.089165678133649,85.74423480083857,-0.16000000000000014,2105.478
4210,2026-02-03,15:00:00,946.0,7.56,133.0,7.41,2.207,2.5172431153400794,2026-02-03 15:00:00,2.5172431153400794,2.5172431153400794,2.4713325425069192,85.94080338266384,-0.14999999999999947,2087.8219999999997
4211,2026-02-03,16:00:00,938.0,7.63,135.0,7.46,2.207,2.5172431153400794,2026-02-03 16:00:00,2.5172431153400794,2.5172431153400794,2.5172431153400794,85.60767590618337,-0.16999999999999993,2070.1659999999997
4212,2026-02-03,17:00:00,942.0,7.7,139.0,7.49,2.166,2.564891761567662,2026-02-03 17:00:00,2.5172431153400794,2.5172431153400794,2.5172431153400794,85.24416135881104,-0.20999999999999996,2040.3719999999998
4213,2026-02-03,18:00:00,930.0,7.68,132.0,7.53,2.166,2.564891761567662,2026-02-03 18:00:00,2.564891761567662,2.5172431153400794,2.5172431153400794,85.80645161290322,-0.14999999999999947,2014.3799999999999
4214,2026-02-03,19:00:00,1050.0,7.82,143.0,7.71,2.331,4.7666714333381,2026-02-03 19:00:00,2.564891761567662,2.564891761567662,2.5172431153400794,86.38095238095238,-0.11000000000000032,2447.55
4215,2026-02-03,20:00:00,1174.0,7.75,145.0,7.69,2.995,5.101094416620293,2026-02-03 20:00:00,4.7666714333381,2.564891761567662,2.564891761567662,87.64906303236796,-0.05999999999999961,3516.13
4216,2026-02-03,21:00:00,1160.0,7.71,149.0,7.68,2.995,4.637358560563903,2026-02-03 21:00:00,5.101094416620293,4.7666714333381,2.564891761567662,87.1551724137931,-0.03000000000000025,3474.2000000000003
4217,2026-02-03,22:00:00,1144.0,7.73,153.0,7.7,2.903,4.592949822023194,2026-02-03 22:00:00,4.637358560563903,5.101094416620293,4.7666714333381,86.62587412587412,-0.03000000000000025,3321.032
4218,2026-02-03,23:00:00,1142.0,7.67,157.0,7.74,2.766,4.820438659918053,2026-02-03 23:00:00,4.592949822023194,4.637358560563903,5.101094416620293,86.25218914185639,0.07000000000000028,3158.772
4230,2026-02-04,10:00:00,1200.0,7.61,103.0,7.1,3.137,4.427443063082208,2026-02-04 10:00:00,4.820438659918053,4.592949822023194,4.637358560563903,91.41666666666667,-0.5100000000000007,3764.4
4231,2026-02-04,11:00:00,1084.0,7.55,78.0,6.83,3.09,4.494786048184107,2026-02-04 11:00:00,4.427443063082208,4.820438659918053,4.592949822023194,92.80442804428044,-0.7199999999999998,3349.56
4232,2026-02-04,12:00:00,1026.0,7.58,72.0,6.77,3.042,4.565709693914822,2026-02-04 12:00:00,4.494786048184107,4.427443063082208,4.820438659918053,92.98245614035088,-0.8100000000000005,3121.0919999999996
4233,2026-02-04,13:00:00,1012.0,7.53,93.0,6.7,2.995,4.637358560563903,2026-02-04 13:00:00,4.565709693914822,4.494786048184107,4.427443063082208,90.81027667984189,-0.8300000000000001,3030.94
4234,2026-02-04,14:00:00,1006.0,7.5,156.0,6.78,2.949,4.709694435025056,2026-02-04 14:00:00,4.637358560563903,4.565709693914822,4.494786048184107,84.49304174950298,-0.7199999999999998,2966.694
4235,2026-02-04,15:00:00,996.0,7.46,238.0,6.73,2.903,4.78432273127416,2026-02-04 15:00:00,4.709694435025056,4.637358560563903,4.565709693914822,76.10441767068274,-0.7299999999999995,2891.388
4236,2026-02-04,16:00:00,866.0,7.42,255.0,6.76,2.811,4.446816079686944,2026-02-04 16:00:00,4.78432273127416,4.709694435025056,4.637358560563903,70.55427251732101,-0.6600000000000001,2434.326
4237,2026-02-04,17:00:00,792.0,7.4,281.0,6.78,2.766,4.519161243673174,2026-02-04 17:00:00,4.446816079686944,4.78432273127416,4.709694435025056,64.52020202020202,-0.6200000000000001,2190.672
4238,2026-02-04,18:00:00,780.0,7.43,272.0,6.82,2.766,4.519161243673174,2026-02-04 18:00:00,4.519161243673174,4.446816079686944,4.78432273127416,65.12820512820512,-0.6099999999999994,2157.48
4239,2026-02-04,19:00:00,838.0,7.74,210.0,6.99,2.766,5.021290270747971,2026-02-04 19:00:00,4.519161243673174,4.519161243673174,4.446816079686944,74.94033412887828,-0.75,2317.908
4240,2026-02-04,20:00:00,890.0,7.71,206.0,6.89,2.949,4.709694435025056,2026-02-04 20:00:00,5.021290270747971,4.519161243673174,4.519161243673174,76.85393258426966,-0.8200000000000003,2624.6099999999997
4241,2026-02-04,21:00:00,874.0,7.68,201.0,6.86,3.09,4.494786048184107,2026-02-04 21:00:00,4.709694435025056,5.021290270747971,4.519161243673174,77.00228832951946,-0.8199999999999994,2700.66
4242,2026-02-04,22:00:00,871.0,7.7,204.0,6.84,3.233,4.29597553012338,2026-02-04 22:00:00,4.494786048184107,4.709694435025056,5.021290270747971,76.57864523536165,-0.8600000000000003,2815.943
4269,2026-02-05,00:00:00,834.0,7.36,149.0,6.96,3.233,3.866377977111042,2026-02-05 00:00:00,4.29597553012338,4.494786048184107,4.709694435025056,82.13429256594725,-0.40000000000000036,2696.322
4270,2026-02-05,01:00:00,876.0,7.31,151.0,6.99,3.233,3.866377977111042,2026-02-05 01:00:00,3.866377977111042,4.29597553012338,4.494786048184107,82.76255707762557,-0.3199999999999994,2832.108
4271,2026-02-05,02:00:00,928.0,7.4,159.0,7.07,3.233,3.866377977111042,2026-02-05 02:00:00,3.866377977111042,3.866377977111042,4.29597553012338,82.86637931034483,-0.33000000000000007,3000.224
4272,2026-02-05,03:00:00,1304.0,7.43,166.0,7.14,3.185,4.796790511076225,2026-02-05 03:00:00,3.866377977111042,3.866377977111042,3.866377977111042,87.26993865030674,-0.29000000000000004,4153.24
4273,2026-02-05,04:00:00,1217.0,7.48,180.0,7.31,3.09,4.944264653002517,2026-02-05 04:00:00,4.796790511076225,3.866377977111042,3.866377977111042,85.20953163516845,-0.17000000000000082,3760.5299999999997
4274,2026-02-05,05:00:00,1238.0,7.5,185.0,7.46,3.042,5.022280663306304,2026-02-05 05:00:00,4.944264653002517,4.796790511076225,3.866377977111042,85.05654281098546,-0.040000000000000036,3765.9959999999996
4275,2026-02-05,06:00:00,1227.0,7.54,179.0,7.33,2.995,5.101094416620293,2026-02-05 06:00:00,5.022280663306304,4.944264653002517,4.796790511076225,85.4115729421353,-0.20999999999999996,3674.8650000000002
4255,2026-02-05,10:00:00,1008.0,7.63,124.0,7.36,3.185,4.796790511076225,2026-02-05 10:00:00,5.101094416620293,5.022280663306304,4.944264653002517,87.6984126984127,-0.2699999999999996,3210.48
4256,2026-02-05,11:00:00,1026.0,7.68,113.0,7.02,2.903,5.262755004401577,2026-02-05 11:00:00,4.796790511076225,5.101094416620293,5.022280663306304,88.98635477582846,-0.6600000000000001,2978.478
4257,2026-02-05,12:00:00,1056.0,7.68,102.0,6.85,2.544,5.459468902865129,2026-02-05 12:00:00,5.262755004401577,4.796790511076225,5.101094416620293,90.3409090909091,-0.8300000000000001,2686.464
4258,2026-02-05,13:00:00,940.0,7.65,176.0,6.81,2.289,5.4608999563128,2026-02-05 13:00:00,5.459468902865129,5.262755004401577,4.796790511076225,81.27659574468085,-0.8400000000000007,2151.6600000000003
4259,2026-02-05,14:00:00,860.0,7.63,227.0,6.89,2.046,6.109481915933529,2026-02-05 14:00:00,5.4608999563128,5.459468902865129,5.262755004401577,73.6046511627907,-0.7400000000000002,1759.56
4260,2026-02-05,15:00:00,790.0,7.69,260.0,6.85,1.929,5.76003686423593,2026-02-05 15:00:00,6.109481915933529,5.4608999563128,5.459468902865129,67.08860759493672,-0.8400000000000007,1523.91
4261,2026-02-05,16:00:00,762.0,7.63,204.0,6.91,1.929,5.040032256206439,2026-02-05 16:00:00,5.76003686423593,6.109481915933529,5.4608999563128,73.22834645669292,-0.7199999999999998,1469.8980000000001
4262,2026-02-05,17:00:00,710.0,7.69,171.0,6.98,2.903,3.3490259118919123,2026-02-05 17:00:00,5.040032256206439,5.76003686423593,6.109481915933529,75.91549295774648,-0.71,2061.13
4263,2026-02-05,18:00:00,876.0,7.6,186.0,6.95,3.233,3.0071828710863664,2026-02-05 18:00:00,3.3490259118919123,5.040032256206439,5.76003686423593,78.76712328767124,-0.6499999999999995,2832.108
4264,2026-02-05,19:00:00,737.0,7.72,151.0,6.91,3.042,4.565709693914822,2026-02-05 19:00:00,3.0071828710863664,3.3490259118919123,5.040032256206439,79.51153324287652,-0.8099999999999996,2241.9539999999997
4265,2026-02-05,20:00:00,741.0,7.68,146.0,6.97,2.857,4.375218760938046,2026-02-05 20:00:00,4.565709693914822,3.0071828710863664,3.3490259118919123,80.29689608636977,-0.71,2117.0370000000003
4266,2026-02-05,21:00:00,733.0,7.62,150.0,6.89,2.632,4.749240121580547,2026-02-05 21:00:00,4.375218760938046,4.565709693914822,3.0071828710863664,79.53615279672579,-0.7300000000000004,1929.256
4267,2026-02-05,22:00:00,728.0,7.59,148.0,6.88,2.949,4.238724991522551,2026-02-05 22:00:00,4.749240121580547,4.375218760938046,4.565709693914822,79.67032967032966,-0.71,2146.872
4268,2026-02-05,23:00:00,690.0,7.57,144.0,6.94,3.09,4.045307443365696,2026-02-05 23:00:00,4.238724991522551,4.749240121580547,4.375218760938046,79.13043478260869,-0.6299999999999999,2132.1
4294,2026-02-06,00:00:00,716.0,7.5,130.0,7.55,2.373,4.682305567261319,2026-02-06 00:00:00,4.045307443365696,4.238724991522551,4.749240121580547,81.84357541899442,0.04999999999999982,1699.0680000000002
4295,2026-02-06,01:00:00,703.0,7.54,135.0,7.52,2.373,4.682305567261319,2026-02-06 01:00:00,4.682305567261319,4.045307443365696,4.238724991522551,80.79658605974396,-0.020000000000000462,1668.219
4296,2026-02-06,02:00:00,687.0,7.48,131.0,7.56,2.373,4.097017371353655,2026-02-06 02:00:00,4.682305567261319,4.682305567261319,4.045307443365696,80.9315866084425,0.07999999999999918,1630.2510000000002
4297,2026-02-06,03:00:00,661.0,7.52,128.0,7.51,2.373,4.097017371353655,2026-02-06 03:00:00,4.097017371353655,4.682305567261319,4.682305567261319,80.63540090771558,-0.009999999999999787,1568.553
4298,2026-02-06,04:00:00,652.0,7.37,122.0,7.54,2.331,3.5750035750035747,2026-02-06 04:00:00,4.097017371353655,4.097017371353655,4.682305567261319,81.28834355828221,0.16999999999999993,1519.812
4299,2026-02-06,05:00:00,658.0,7.52,127.0,7.52,2.331,3.5750035750035747,2026-02-06 05:00:00,3.5750035750035747,4.097017371353655,4.097017371353655,80.69908814589665,0.0,1533.798
4300,2026-02-06,06:00:00,643.0,7.55,129.0,7.5,2.331,3.5750035750035747,2026-02-06 06:00:00,3.5750035750035747,3.5750035750035747,4.097017371353655,79.93779160186625,-0.04999999999999982,1498.833
4277,2026-02-06,07:00:00,1031.0,7.4,179.0,7.71,2.903,5.262755004401577,2026-02-06 07:00:00,3.5750035750035747,3.5750035750035747,3.5750035750035747,82.63821532492726,0.3099999999999996,2992.993
4278,2026-02-06,08:00:00,127.0,7.35,198.0,7.37,2.857,5.347489596702057,2026-02-06 08:00:00,5.262755004401577,3.5750035750035747,3.5750035750035747,-55.90551181102362,0.020000000000000462,362.839
4279,2026-02-06,09:00:00,1019.0,7.46,166.0,7.52,2.766,5.523419297822769,2026-02-06 09:00:00,5.347489596702057,5.262755004401577,3.5750035750035747,83.70951913640823,0.05999999999999961,2818.554
4280,2026-02-06,10:00:00,1034.0,7.5,176.0,7.36,2.721,5.614765813222262,2026-02-06 10:00:00,5.523419297822769,5.347489596702057,5.262755004401577,82.97872340425532,-0.13999999999999968,2813.514
4281,2026-02-06,11:00:00,1077.0,7.58,169.0,7.44,2.676,5.7091845208437135,2026-02-06 11:00:00,5.614765813222262,5.523419297822769,5.347489596702057,84.30826369545032,-0.13999999999999968,2882.052
4282,2026-02-06,12:00:00,1053.0,7.46,160.0,7.52,2.632,5.804626815265113,2026-02-06 12:00:00,5.7091845208437135,5.614765813222262,5.523419297822769,84.80531813865147,0.05999999999999961,2771.496
4283,2026-02-06,13:00:00,1040.0,7.49,172.0,7.59,2.588,5.366649493388288,2026-02-06 13:00:00,5.804626815265113,5.7091845208437135,5.614765813222262,83.46153846153847,0.09999999999999964,2691.52
4284,2026-02-06,14:00:00,1032.0,7.36,164.0,7.48,2.544,5.459468902865129,2026-02-06 14:00:00,5.366649493388288,5.804626815265113,5.7091845208437135,84.10852713178295,0.1200000000000001,2625.408
4285,2026-02-06,15:00:00,1068.0,7.47,160.0,7.51,2.501,5.55333422186681,2026-02-06 15:00:00,5.459468902865129,5.366649493388288,5.804626815265113,85.0187265917603,0.040000000000000036,2671.0679999999998
4286,2026-02-06,16:00:00,1025.0,7.31,171.0,7.45,2.501,5.55333422186681,2026-02-06 16:00:00,5.55333422186681,5.459468902865129,5.366649493388288,83.3170731707317,0.14000000000000057,2563.525
4287,2026-02-06,17:00:00,975.0,7.34,169.0,7.55,2.501,5.55333422186681,2026-02-06 17:00:00,5.55333422186681,5.55333422186681,5.459468902865129,82.66666666666667,0.20999999999999996,2438.475
4288,2026-02-06,18:00:00,882.0,7.36,173.0,7.49,2.458,5.650483681403128,2026-02-06 18:00:00,5.55333422186681,5.55333422186681,5.55333422186681,80.38548752834467,0.1299999999999999,2167.956
4289,2026-02-06,19:00:00,749.0,7.56,166.0,7.64,2.458,5.650483681403128,2026-02-06 19:00:00,5.650483681403128,5.55333422186681,5.55333422186681,77.83711615487317,0.08000000000000007,1841.0420000000001
4290,2026-02-06,20:00:00,741.0,7.52,176.0,7.62,2.415,5.751092707614447,2026-02-06 20:00:00,5.650483681403128,5.650483681403128,5.55333422186681,76.24831309041835,0.10000000000000053,1789.515
4291,2026-02-06,21:00:00,732.0,7.5,169.0,7.59,2.415,5.175983436853002,2026-02-06 21:00:00,5.751092707614447,5.650483681403128,5.650483681403128,76.91256830601093,0.08999999999999986,1767.78
4292,2026-02-06,22:00:00,726.0,7.54,151.0,7.64,2.373,5.267593763168985,2026-02-06 22:00:00,5.175983436853002,5.751092707614447,5.650483681403128,79.20110192837465,0.09999999999999964,1722.7980000000002
4293,2026-02-06,23:00:00,722.0,7.52,146.0,7.6,2.373,4.682305567261319,2026-02-06 23:00:00,5.267593763168985,5.175983436853002,5.751092707614447,79.77839335180056,0.08000000000000007,1713.3060000000003
4319,2026-02-07,00:00:00,596.0,7.57,165.0,7.61,2.289,2.427066647250133,2026-02-07 00:00:00,4.682305567261319,5.267593763168985,5.175983436853002,72.31543624161074,0.040000000000000036,1364.2440000000001
4320,2026-02-07,01:00:00,589.0,7.54,164.0,7.64,2.289,2.427066647250133,2026-02-07 01:00:00,2.427066647250133,4.682305567261319,5.267593763168985,72.15619694397284,0.09999999999999964,1348.221
4321,2026-02-07,02:00:00,581.0,7.51,168.0,7.59,2.289,2.427066647250133,2026-02-07 02:00:00,2.427066647250133,2.427066647250133,4.682305567261319,71.08433734939759,0.08000000000000007,1329.909
4322,2026-02-07,03:00:00,590.0,7.56,171.0,7.62,2.289,2.427066647250133,2026-02-07 03:00:00,2.427066647250133,2.427066647250133,2.427066647250133,71.01694915254238,0.0600000000000005,1350.51
4323,2026-02-07,04:00:00,589.0,7.58,159.0,7.65,2.289,2.427066647250133,2026-02-07 04:00:00,2.427066647250133,2.427066647250133,2.427066647250133,73.00509337860781,0.07000000000000028,1348.221
4324,2026-02-07,05:00:00,595.0,7.55,147.0,7.62,2.289,2.427066647250133,2026-02-07 05:00:00,2.427066647250133,2.427066647250133,2.427066647250133,75.29411764705883,0.07000000000000028,1361.9550000000002
4325,2026-02-07,06:00:00,591.0,7.54,155.0,7.6,2.289,2.427066647250133,2026-02-07 06:00:00,2.427066647250133,2.427066647250133,2.427066647250133,73.77326565143824,0.05999999999999961,1352.799
4302,2026-02-07,07:00:00,661.0,7.41,143.0,7.53,2.331,3.5750035750035747,2026-02-07 07:00:00,2.427066647250133,2.427066647250133,2.427066647250133,78.36611195158851,0.1200000000000001,1540.791
4303,2026-02-07,08:00:00,658.0,7.44,148.0,7.58,2.373,3.511729175445989,2026-02-07 08:00:00,3.5750035750035747,2.427066647250133,2.427066647250133,77.50759878419453,0.13999999999999968,1561.4340000000002
4304,2026-02-07,09:00:00,666.0,7.39,137.0,7.62,2.373,3.511729175445989,2026-02-07 09:00:00,3.511729175445989,3.5750035750035747,2.427066647250133,79.42942942942943,0.23000000000000043,1580.4180000000001
4305,2026-02-07,10:00:00,670.0,7.42,135.0,7.6,2.373,3.511729175445989,2026-02-07 10:00:00,3.511729175445989,3.511729175445989,3.5750035750035747,79.8507462686567,0.17999999999999972,1589.91
4306,2026-02-07,11:00:00,642.0,7.48,130.0,7.51,2.373,3.511729175445989,2026-02-07 11:00:00,3.511729175445989,3.511729175445989,3.511729175445989,79.75077881619937,0.02999999999999936,1523.4660000000001
4307,2026-02-07,12:00:00,588.0,7.52,122.0,7.44,2.373,3.511729175445989,2026-02-07 12:00:00,3.511729175445989,3.511729175445989,3.511729175445989,79.25170068027211,-0.07999999999999918,1395.324
4308,2026-02-07,13:00:00,592.0,7.47,126.0,7.4,2.373,3.511729175445989,2026-02-07 13:00:00,3.511729175445989,3.511729175445989,3.511729175445989,78.71621621621621,-0.0699999999999994,1404.816
4309,2026-02-07,14:00:00,589.0,7.5,132.0,7.37,2.373,3.511729175445989,2026-02-07 14:00:00,3.511729175445989,3.511729175445989,3.511729175445989,77.58913412563668,-0.1299999999999999,1397.6970000000001
4310,2026-02-07,15:00:00,592.0,7.54,128.0,7.46,2.373,3.511729175445989,2026-02-07 15:00:00,3.511729175445989,3.511729175445989,3.511729175445989,78.37837837837837,-0.08000000000000007,1404.816
4311,2026-02-07,16:00:00,593.0,7.51,124.0,7.55,2.373,3.511729175445989,2026-02-07 16:00:00,3.511729175445989,3.511729175445989,3.511729175445989,79.0893760539629,0.040000000000000036,1407.189
4312,2026-02-07,17:00:00,601.0,7.53,127.0,7.62,2.373,3.511729175445989,2026-02-07 17:00:00,3.511729175445989,3.511729175445989,3.511729175445989,78.86855241264558,0.08999999999999986,1426.1730000000002
4313,2026-02-07,18:00:00,607.0,7.48,170.0,7.67,2.373,3.511729175445989,2026-02-07 18:00:00,3.511729175445989,3.511729175445989,3.511729175445989,71.99341021416804,0.1899999999999995,1440.411
4314,2026-02-07,19:00:00,592.0,7.5,129.0,7.67,2.331,3.5750035750035747,2026-02-07 19:00:00,3.511729175445989,3.511729175445989,3.511729175445989,78.20945945945947,0.16999999999999993,1379.952
4315,2026-02-07,20:00:00,586.0,7.53,135.0,7.64,2.331,2.979169645836312,2026-02-07 20:00:00,3.5750035750035747,3.511729175445989,3.511729175445989,76.96245733788396,0.10999999999999943,1365.966
4316,2026-02-07,21:00:00,572.0,7.47,131.0,7.62,2.331,2.38333571666905,2026-02-07 21:00:00,2.979169645836312,3.5750035750035747,3.511729175445989,77.0979020979021,0.15000000000000036,1333.3319999999999
4317,2026-02-07,22:00:00,587.0,7.51,147.0,7.65,2.331,2.38333571666905,2026-02-07 22:00:00,2.38333571666905,2.979169645836312,3.5750035750035747,74.95741056218058,0.14000000000000057,1368.297
4318,2026-02-07,23:00:00,590.0,7.55,153.0,7.63,2.331,2.38333571666905,2026-02-07 23:00:00,2.38333571666905,2.38333571666905,2.979169645836312,74.0677966101695,0.08000000000000007,1375.29
4344,2026-02-08,00:00:00,645.0,7.58,171.0,7.72,2.331,2.979169645836312,2026-02-08 00:00:00,2.38333571666905,2.38333571666905,2.38333571666905,73.48837209302326,0.13999999999999968,1503.495
4345,2026-02-08,01:00:00,637.0,7.52,173.0,7.68,2.331,2.979169645836312,2026-02-08 01:00:00,2.979169645836312,2.38333571666905,2.38333571666905,72.8414442700157,0.16000000000000014,1484.847
4346,2026-02-08,02:00:00,640.0,7.55,169.0,7.7,2.331,2.979169645836312,2026-02-08 02:00:00,2.979169645836312,2.979169645836312,2.38333571666905,73.59375,0.15000000000000036,1491.84
4347,2026-02-08,03:00:00,632.0,7.56,176.0,7.64,2.331,2.979169645836312,2026-02-08 03:00:00,2.979169645836312,2.979169645836312,2.979169645836312,72.15189873417721,0.08000000000000007,1473.192
4348,2026-02-08,04:00:00,629.0,7.58,170.0,7.67,2.331,2.979169645836312,2026-02-08 04:00:00,2.979169645836312,2.979169645836312,2.979169645836312,72.97297297297297,0.08999999999999986,1466.199
4349,2026-02-08,05:00:00,622.0,7.61,162.0,7.68,2.331,2.979169645836312,2026-02-08 05:00:00,2.979169645836312,2.979169645836312,2.979169645836312,73.95498392282958,0.0699999999999994,1449.882
4350,2026-02-08,06:00:00,637.0,7.63,166.0,7.63,2.331,2.979169645836312,2026-02-08 06:00:00,2.979169645836312,2.979169645836312,2.979169645836312,73.9403453689168,0.0,1484.847
4327,2026-02-08,07:00:00,582.0,7.71,138.0,7.64,2.248,2.4713325425069192,2026-02-08 07:00:00,2.979169645836312,2.979169645836312,2.979169645836312,76.28865979381443,-0.07000000000000028,1308.3360000000002
4328,2026-02-08,08:00:00,577.0,7.65,136.0,7.85,2.248,2.4713325425069192,2026-02-08 08:00:00,2.4713325425069192,2.979169645836312,2.979169645836312,76.42980935875217,0.1999999999999993,1297.0960000000002
4329,2026-02-08,09:00:00,575.0,7.69,133.0,7.81,2.248,2.4713325425069192,2026-02-08 09:00:00,2.4713325425069192,2.4713325425069192,2.979169645836312,76.8695652173913,0.11999999999999922,1292.6000000000001
4330,2026-02-08,10:00:00,568.0,7.74,140.0,7.76,2.248,2.4713325425069192,2026-02-08 10:00:00,2.4713325425069192,2.4713325425069192,2.4713325425069192,75.35211267605634,0.019999999999999574,1276.864
4331,2026-02-08,11:00:00,561.0,7.7,145.0,7.61,2.248,2.4713325425069192,2026-02-08 11:00:00,2.4713325425069192,2.4713325425069192,2.4713325425069192,74.15329768270945,-0.08999999999999986,1261.1280000000002
4332,2026-02-08,12:00:00,576.0,7.6,141.0,7.79,2.248,2.4713325425069192,2026-02-08 12:00:00,2.4713325425069192,2.4713325425069192,2.4713325425069192,75.52083333333334,0.1900000000000004,1294.8480000000002
4333,2026-02-08,13:00:00,553.0,7.66,149.0,7.73,2.248,2.4713325425069192,2026-02-08 13:00:00,2.4713325425069192,2.4713325425069192,2.4713325425069192,73.05605786618446,0.07000000000000028,1243.1440000000002
4334,2026-02-08,14:00:00,546.0,7.58,154.0,7.65,2.248,2.4713325425069192,2026-02-08 14:00:00,2.4713325425069192,2.4713325425069192,2.4713325425069192,71.7948717948718,0.07000000000000028,1227.4080000000001
4335,2026-02-08,15:00:00,551.0,7.51,146.0,7.59,2.248,2.4713325425069192,2026-02-08 15:00:00,2.4713325425069192,2.4713325425069192,2.4713325425069192,73.502722323049,0.08000000000000007,1238.6480000000001
4336,2026-02-08,16:00:00,544.0,7.55,140.0,7.68,2.248,2.4713325425069192,2026-02-08 16:00:00,2.4713325425069192,2.4713325425069192,2.4713325425069192,74.26470588235294,0.1299999999999999,1222.912
4337,2026-02-08,17:00:00,568.0,7.72,144.0,7.76,2.373,2.34115278363066,2026-02-08 17:00:00,2.4713325425069192,2.4713325425069192,2.4713325425069192,74.64788732394366,0.040000000000000036,1347.864
4338,2026-02-08,18:00:00,570.0,7.75,141.0,7.79,2.458,2.260193472561251,2026-02-08 18:00:00,2.34115278363066,2.4713325425069192,2.4713325425069192,75.26315789473685,0.040000000000000036,1401.0600000000002
4339,2026-02-08,19:00:00,645.0,7.55,152.0,7.7,2.458,2.825241840701564,2026-02-08 19:00:00,2.260193472561251,2.34115278363066,2.4713325425069192,76.43410852713178,0.15000000000000036,1585.41
4340,2026-02-08,20:00:00,631.0,7.5,160.0,7.68,2.458,2.825241840701564,2026-02-08 20:00:00,2.825241840701564,2.260193472561251,2.34115278363066,74.64342313787638,0.17999999999999972,1550.998
4341,2026-02-08,21:00:00,637.0,7.52,157.0,7.62,2.458,2.825241840701564,2026-02-08 21:00:00,2.825241840701564,2.825241840701564,2.260193472561251,75.35321821036108,0.10000000000000053,1565.746
4342,2026-02-08,22:00:00,642.0,7.56,163.0,7.6,2.415,2.8755463538072235,2026-02-08 22:00:00,2.825241840701564,2.825241840701564,2.825241840701564,74.61059190031153,0.040000000000000036,1550.43
4343,2026-02-08,23:00:00,648.0,7.53,168.0,7.66,2.373,2.926440979538324,2026-02-08 23:00:00,2.8755463538072235,2.825241840701564,2.825241840701564,74.07407407407408,0.1299999999999999,1537.7040000000002
4369,2026-02-09,00:00:00,534.0,7.89,157.0,7.84,2.289,2.427066647250133,2026-02-09 00:00:00,2.926440979538324,2.8755463538072235,2.825241840701564,70.59925093632958,-0.04999999999999982,1222.326
4370,2026-02-09,01:00:00,538.0,7.9,155.0,7.82,2.248,2.4713325425069192,2026-02-09 01:00:00,2.427066647250133,2.926440979538324,2.8755463538072235,71.18959107806691,-0.08000000000000007,1209.4240000000002
4371,2026-02-09,02:00:00,540.0,7.93,149.0,7.77,2.248,2.4713325425069192,2026-02-09 02:00:00,2.4713325425069192,2.427066647250133,2.926440979538324,72.4074074074074,-0.16000000000000014,1213.92
4372,2026-02-09,03:00:00,544.0,7.86,153.0,7.79,2.248,2.4713325425069192,2026-02-09 03:00:00,2.4713325425069192,2.4713325425069192,2.427066647250133,71.875,-0.07000000000000028,1222.912
4373,2026-02-09,04:00:00,547.0,7.79,155.0,7.86,2.248,2.4713325425069192,2026-02-09 04:00:00,2.4713325425069192,2.4713325425069192,2.4713325425069192,71.66361974405851,0.07000000000000028,1229.6560000000002
4374,2026-02-09,05:00:00,545.0,7.82,150.0,7.72,2.207,2.5172431153400794,2026-02-09 05:00:00,2.4713325425069192,2.4713325425069192,2.4713325425069192,72.47706422018348,-0.10000000000000053,1202.8149999999998
4375,2026-02-09,06:00:00,543.0,7.87,153.0,7.83,2.207,2.5172431153400794,2026-02-09 06:00:00,2.5172431153400794,2.4713325425069192,2.4713325425069192,71.8232044198895,-0.040000000000000036,1198.4009999999998
4352,2026-02-09,07:00:00,628.0,7.84,151.0,7.84,2.331,2.979169645836312,2026-02-09 07:00:00,2.5172431153400794,2.5172431153400794,2.4713325425069192,75.95541401273886,0.0,1463.868
4353,2026-02-09,08:00:00,615.0,7.67,157.0,7.82,2.373,2.926440979538324,2026-02-09 08:00:00,2.979169645836312,2.5172431153400794,2.5172431153400794,74.47154471544715,0.15000000000000036,1459.3950000000002
4354,2026-02-09,09:00:00,591.0,7.7,165.0,7.88,2.415,2.8755463538072235,2026-02-09 09:00:00,2.926440979538324,2.979169645836312,2.5172431153400794,72.08121827411168,0.17999999999999972,1427.265
4355,2026-02-09,10:00:00,598.0,7.74,149.0,7.83,2.458,2.825241840701564,2026-02-09 10:00:00,2.8755463538072235,2.926440979538324,2.979169645836312,75.08361204013379,0.08999999999999986,1469.884
4356,2026-02-09,11:00:00,538.0,7.8,154.0,7.86,2.458,2.825241840701564,2026-02-09 11:00:00,2.825241840701564,2.8755463538072235,2.926440979538324,71.37546468401487,0.0600000000000005,1322.404
4357,2026-02-09,12:00:00,540.0,7.82,151.0,7.88,2.415,2.8755463538072235,2026-02-09 12:00:00,2.825241840701564,2.825241840701564,2.8755463538072235,72.03703703703704,0.05999999999999961,1304.1
4358,2026-02-09,13:00:00,533.0,7.81,164.0,7.89,2.415,2.3004370830457788,2026-02-09 13:00:00,2.8755463538072235,2.825241840701564,2.825241840701564,69.23076923076923,0.08000000000000007,1287.195
4359,2026-02-09,14:00:00,538.0,7.88,140.0,7.8,2.373,2.34115278363066,2026-02-09 14:00:00,2.3004370830457788,2.8755463538072235,2.825241840701564,73.97769516728626,-0.08000000000000007,1276.6740000000002
4360,2026-02-09,15:00:00,545.0,7.92,146.0,7.79,2.373,2.34115278363066,2026-02-09 15:00:00,2.34115278363066,2.3004370830457788,2.8755463538072235,73.21100917431193,-0.1299999999999999,1293.285
4361,2026-02-09,16:00:00,536.0,7.94,152.0,7.83,2.373,2.34115278363066,2026-02-09 16:00:00,2.34115278363066,2.34115278363066,2.3004370830457788,71.64179104477611,-0.11000000000000032,1271.928
4362,2026-02-09,17:00:00,539.0,7.86,141.0,7.85,2.331,2.38333571666905,2026-02-09 17:00:00,2.34115278363066,2.34115278363066,2.34115278363066,73.8404452690167,-0.010000000000000675,1256.4089999999999
4363,2026-02-09,18:00:00,549.0,7.9,148.0,7.88,2.331,2.38333571666905,2026-02-09 18:00:00,2.38333571666905,2.34115278363066,2.34115278363066,73.04189435336977,-0.020000000000000462,1279.719
4364,2026-02-09,19:00:00,572.0,7.86,134.0,7.8,2.289,2.427066647250133,2026-02-09 19:00:00,2.38333571666905,2.38333571666905,2.34115278363066,76.57342657342657,-0.0600000000000005,1309.308
4365,2026-02-09,20:00:00,570.0,7.88,146.0,7.83,2.289,2.427066647250133,2026-02-09 20:00:00,2.427066647250133,2.38333571666905,2.38333571666905,74.3859649122807,-0.04999999999999982,1304.73
4366,2026-02-09,21:00:00,567.0,7.92,154.0,7.78,2.289,2.427066647250133,2026-02-09 21:00:00,2.427066647250133,2.427066647250133,2.38333571666905,72.8395061728395,-0.13999999999999968,1297.863
4367,2026-02-09,22:00:00,564.0,7.89,151.0,7.72,2.289,2.427066647250133,2026-02-09 22:00:00,2.427066647250133,2.427066647250133,2.427066647250133,73.22695035460993,-0.16999999999999993,1290.996
4368,2026-02-09,23:00:00,561.0,7.83,147.0,7.69,2.289,2.427066647250133,2026-02-09 23:00:00,2.427066647250133,2.427066647250133,2.427066647250133,73.79679144385027,-0.13999999999999968,1284.1290000000001
4394,2026-02-10,00:00:00,490.0,7.67,154.0,7.98,2.166,1.282445880783831,2026-02-10 00:00:00,2.427066647250133,2.427066647250133,2.427066647250133,68.57142857142857,0.3100000000000005,1061.34
4395,2026-02-10,01:00:00,484.0,7.71,151.0,8.04,2.166,1.282445880783831,2026-02-10 01:00:00,1.282445880783831,2.427066647250133,2.427066647250133,68.80165289256198,0.3299999999999992,1048.344
4396,2026-02-10,02:00:00,476.0,7.78,147.0,8.0,2.166,1.282445880783831,2026-02-10 02:00:00,1.282445880783831,1.282445880783831,2.427066647250133,69.11764705882352,0.21999999999999975,1031.016
4397,2026-02-10,03:00:00,451.0,7.69,160.0,8.11,2.166,1.282445880783831,2026-02-10 03:00:00,1.282445880783831,1.282445880783831,1.282445880783831,64.52328159645234,0.41999999999999904,976.866
4398,2026-02-10,04:00:00,547.0,7.79,155.0,7.86,2.166,1.282445880783831,2026-02-10 04:00:00,1.282445880783831,1.282445880783831,1.282445880783831,71.66361974405851,0.07000000000000028,1184.802
4399,2026-02-10,05:00:00,483.0,7.72,148.0,7.96,2.166,1.282445880783831,2026-02-10 05:00:00,1.282445880783831,1.282445880783831,1.282445880783831,69.35817805383023,0.2400000000000002,1046.1779999999999
4400,2026-02-10,06:00:00,466.0,7.81,144.0,7.91,2.166,1.282445880783831,2026-02-10 06:00:00,1.282445880783831,1.282445880783831,1.282445880783831,69.09871244635193,0.10000000000000053,1009.356
4377,2026-02-10,07:00:00,508.0,7.77,184.0,7.98,2.207,2.5172431153400794,2026-02-10 07:00:00,1.282445880783831,1.282445880783831,1.282445880783831,63.77952755905512,0.21000000000000085,1121.156
4378,2026-02-10,08:00:00,513.0,7.83,186.0,7.93,2.207,2.5172431153400794,2026-02-10 08:00:00,2.5172431153400794,1.282445880783831,1.282445880783831,63.74269005847953,0.09999999999999964,1132.191
4379,2026-02-10,09:00:00,517.0,7.88,180.0,7.9,2.207,2.5172431153400794,2026-02-10 09:00:00,2.5172431153400794,2.5172431153400794,1.282445880783831,65.18375241779498,0.020000000000000462,1141.019
4380,2026-02-10,10:00:00,497.0,7.74,169.0,7.97,2.207,2.5172431153400794,2026-02-10 10:00:00,2.5172431153400794,2.5172431153400794,2.5172431153400794,65.99597585513078,0.22999999999999954,1096.879
4381,2026-02-10,11:00:00,488.0,7.81,177.0,7.89,2.207,2.5172431153400794,2026-02-10 11:00:00,2.5172431153400794,2.5172431153400794,2.5172431153400794,63.729508196721305,0.08000000000000007,1077.0159999999998
4382,2026-02-10,12:00:00,479.0,7.79,167.0,7.96,2.207,1.8879323365050595,2026-02-10 12:00:00,2.5172431153400794,2.5172431153400794,2.5172431153400794,65.1356993736952,0.16999999999999993,1057.153
4383,2026-02-10,13:00:00,475.0,7.8,170.0,7.94,2.207,1.8879323365050595,2026-02-10 13:00:00,1.8879323365050595,2.5172431153400794,2.5172431153400794,64.21052631578948,0.14000000000000057,1048.3249999999998
4384,2026-02-10,14:00:00,438.0,7.94,174.0,7.97,2.207,1.8879323365050595,2026-02-10 14:00:00,1.8879323365050595,1.8879323365050595,2.5172431153400794,60.273972602739725,0.02999999999999936,966.6659999999999
4385,2026-02-10,15:00:00,415.0,8.05,177.0,7.98,2.207,1.2586215576700397,2026-02-10 15:00:00,1.8879323365050595,1.8879323365050595,1.8879323365050595,57.34939759036145,-0.07000000000000028,915.905
4386,2026-02-10,16:00:00,435.0,8.07,180.0,7.99,2.207,1.2586215576700397,2026-02-10 16:00:00,1.2586215576700397,1.8879323365050595,1.8879323365050595,58.620689655172406,-0.08000000000000007,960.045
4387,2026-02-10,17:00:00,432.0,8.02,188.0,8.0,2.207,1.2586215576700397,2026-02-10 17:00:00,1.2586215576700397,1.2586215576700397,1.8879323365050595,56.481481481481474,-0.019999999999999574,953.424
4388,2026-02-10,18:00:00,443.0,8.0,174.0,8.02,2.207,1.2586215576700397,2026-02-10 18:00:00,1.2586215576700397,1.2586215576700397,1.2586215576700397,60.722347629796836,0.019999999999999574,977.7009999999999
4389,2026-02-10,19:00:00,457.0,7.6,178.0,7.82,2.207,1.2586215576700397,2026-02-10 19:00:00,1.2586215576700397,1.2586215576700397,1.2586215576700397,61.050328227571114,0.22000000000000064,1008.5989999999999
4390,2026-02-10,20:00:00,453.0,7.66,175.0,7.86,2.207,1.2586215576700397,2026-02-10 20:00:00,1.2586215576700397,1.2586215576700397,1.2586215576700397,61.36865342163355,0.20000000000000018,999.771
4391,2026-02-10,21:00:00,448.0,7.72,171.0,7.91,2.207,1.2586215576700397,2026-02-10 21:00:00,1.2586215576700397,1.2586215576700397,1.2586215576700397,61.83035714285714,0.1900000000000004,988.7359999999999
4392,2026-02-10,22:00:00,446.0,7.79,169.0,7.95,2.166,1.282445880783831,2026-02-10 22:00:00,1.2586215576700397,1.2586215576700397,1.2586215576700397,62.10762331838565,0.16000000000000014,966.036
4393,2026-02-10,23:00:00,461.0,7.63,160.0,7.9,2.166,1.282445880783831,2026-02-10 23:00:00,1.282445880783831,1.2586215576700397,1.2586215576700397,65.29284164859001,0.27000000000000046,998.526
4419,2026-02-11,00:00:00,353.0,8.06,122.0,7.97,1.967,0.7060950121448342,2026-02-11 00:00:00,1.282445880783831,1.282445880783831,1.2586215576700397,65.43909348441926,-0.09000000000000075,694.351
4420,2026-02-11,01:00:00,349.0,8.02,130.0,8.07,1.929,0.7200046080294913,2026-02-11 01:00:00,0.7060950121448342,1.282445880783831,1.282445880783831,62.75071633237822,0.05000000000000071,673.221
4421,2026-02-11,02:00:00,344.0,8.07,122.0,8.12,1.929,0.7200046080294913,2026-02-11 02:00:00,0.7200046080294913,0.7060950121448342,1.282445880783831,64.53488372093024,0.049999999999998934,663.576
4422,2026-02-11,03:00:00,351.0,8.11,128.0,8.15,1.929,0.7200046080294913,2026-02-11 03:00:00,0.7200046080294913,0.7200046080294913,0.7060950121448342,63.53276353276354,0.040000000000000924,677.0790000000001
4423,2026-02-11,04:00:00,349.0,8.03,119.0,8.07,1.929,0.7200046080294913,2026-02-11 04:00:00,0.7200046080294913,0.7200046080294913,0.7200046080294913,65.90257879656161,0.040000000000000924,673.221
4424,2026-02-11,05:00:00,345.0,8.07,114.0,8.05,1.929,0.7200046080294913,2026-02-11 05:00:00,0.7200046080294913,0.7200046080294913,0.7200046080294913,66.95652173913044,-0.019999999999999574,665.505
4425,2026-02-11,06:00:00,342.0,8.02,116.0,8.09,1.929,0.7200046080294913,2026-02-11 06:00:00,0.7200046080294913,0.7200046080294913,0.7200046080294913,66.08187134502924,0.07000000000000028,659.718
4402,2026-02-11,07:00:00,410.0,8.1,171.0,8.09,2.166,1.282445880783831,2026-02-11 07:00:00,0.7200046080294913,0.7200046080294913,0.7200046080294913,58.292682926829265,-0.009999999999999787,888.06
4403,2026-02-11,08:00:00,420.0,8.06,138.0,7.95,2.166,1.282445880783831,2026-02-11 08:00:00,1.282445880783831,0.7200046080294913,0.7200046080294913,67.14285714285714,-0.11000000000000032,909.7199999999999
4404,2026-02-11,09:00:00,433.0,7.97,140.0,7.88,2.166,1.282445880783831,2026-02-11 09:00:00,1.282445880783831,1.282445880783831,0.7200046080294913,67.6674364896074,-0.08999999999999986,937.8779999999999
4405,2026-02-11,10:00:00,397.0,7.98,133.0,7.84,2.166,1.282445880783831,2026-02-11 10:00:00,1.282445880783831,1.282445880783831,1.282445880783831,66.49874055415617,-0.14000000000000057,859.9019999999999
4406,2026-02-11,11:00:00,389.0,7.93,137.0,7.89,2.166,1.282445880783831,2026-02-11 11:00:00,1.282445880783831,1.282445880783831,1.282445880783831,64.78149100257069,-0.040000000000000036,842.574
4407,2026-02-11,12:00:00,391.0,7.94,139.0,7.81,2.126,0.6532873419044632,2026-02-11 12:00:00,1.282445880783831,1.282445880783831,1.282445880783831,64.45012787723785,-0.13000000000000078,831.266
4408,2026-02-11,13:00:00,381.0,7.91,135.0,7.87,1.967,0.7060950121448342,2026-02-11 13:00:00,0.6532873419044632,1.282445880783831,1.282445880783831,64.56692913385827,-0.040000000000000036,749.427
4409,2026-02-11,14:00:00,363.0,8.13,128.0,8.01,1.967,0.7060950121448342,2026-02-11 14:00:00,0.7060950121448342,0.6532873419044632,1.282445880783831,64.73829201101928,-0.120000000000001,714.0210000000001
4410,2026-02-11,15:00:00,352.0,8.05,139.0,8.07,1.967,0.7060950121448342,2026-02-11 15:00:00,0.7060950121448342,0.7060950121448342,0.6532873419044632,60.51136363636363,0.019999999999999574,692.384
4411,2026-02-11,16:00:00,367.0,8.09,128.0,8.02,1.967,0.7060950121448342,2026-02-11 16:00:00,0.7060950121448342,0.7060950121448342,0.7060950121448342,65.12261580381471,-0.07000000000000028,721.889
4412,2026-02-11,17:00:00,383.0,8.15,118.0,8.04,1.967,0.7060950121448342,2026-02-11 17:00:00,0.7060950121448342,0.7060950121448342,0.7060950121448342,69.19060052219321,-0.11000000000000121,753.361
4413,2026-02-11,18:00:00,370.0,8.13,121.0,8.01,1.967,0.7060950121448342,2026-02-11 18:00:00,0.7060950121448342,0.7060950121448342,0.7060950121448342,67.29729729729729,-0.120000000000001,727.7900000000001
4414,2026-02-11,19:00:00,369.0,8.06,119.0,8.19,1.967,0.7060950121448342,2026-02-11 19:00:00,0.7060950121448342,0.7060950121448342,0.7060950121448342,67.75067750677508,0.129999999999999,725.823
4415,2026-02-11,20:00:00,365.0,8.11,117.0,8.16,1.967,0.7060950121448342,2026-02-11 20:00:00,0.7060950121448342,0.7060950121448342,0.7060950121448342,67.94520547945206,0.05000000000000071,717.955
4416,2026-02-11,21:00:00,361.0,8.08,115.0,8.2,1.967,0.7060950121448342,2026-02-11 21:00:00,0.7060950121448342,0.7060950121448342,0.7060950121448342,68.14404432132964,0.11999999999999922,710.087
4417,2026-02-11,22:00:00,359.0,8.05,128.0,8.11,1.967,0.7060950121448342,2026-02-11 22:00:00,0.7060950121448342,0.7060950121448342,0.7060950121448342,64.34540389972145,0.05999999999999872,706.153
4418,2026-02-11,23:00:00,357.0,8.0,124.0,8.09,1.967,0.7060950121448342,2026-02-11 23:00:00,0.7060950121448342,0.7060950121448342,0.7060950121448342,65.26610644257703,0.08999999999999986,702.219
4444,2026-02-12,00:00:00,310.0,7.89,128.0,8.04,1.777,0.4689551678859501,2026-02-12 00:00:00,0.7060950121448342,0.7060950121448342,0.7060950121448342,58.70967741935483,0.14999999999999947,550.87
4445,2026-02-12,01:00:00,307.0,7.93,122.0,8.07,1.777,0.4689551678859501,2026-02-12 01:00:00,0.4689551678859501,0.7060950121448342,0.7060950121448342,60.26058631921825,0.14000000000000057,545.539
4446,2026-02-12,02:00:00,304.0,7.96,117.0,8.05,1.777,0.4689551678859501,2026-02-12 02:00:00,0.4689551678859501,0.4689551678859501,0.7060950121448342,61.51315789473685,0.09000000000000075,540.208
4447,2026-02-12,03:00:00,308.0,7.98,111.0,8.03,1.777,0.4689551678859501,2026-02-12 03:00:00,0.4689551678859501,0.4689551678859501,0.4689551678859501,63.961038961038966,0.049999999999998934,547.3159999999999
4427,2026-02-12,07:00:00,360.0,7.77,143.0,8.03,1.929,0.7200046080294913,2026-02-12 07:00:00,0.4689551678859501,0.4689551678859501,0.4689551678859501,60.27777777777777,0.2599999999999998,694.44
4428,2026-02-12,08:00:00,353.0,7.72,148.0,7.97,1.929,0.7200046080294913,2026-02-12 08:00:00,0.7200046080294913,0.4689551678859501,0.4689551678859501,58.07365439093485,0.25,680.937
4429,2026-02-12,09:00:00,369.0,7.75,136.0,8.0,1.929,0.7200046080294913,2026-02-12 09:00:00,0.7200046080294913,0.7200046080294913,0.4689551678859501,63.143631436314365,0.25,711.801
4430,2026-02-12,10:00:00,352.0,7.73,131.0,7.98,1.929,0.7200046080294913,2026-02-12 10:00:00,0.7200046080294913,0.7200046080294913,0.7200046080294913,62.78409090909091,0.25,679.008
4431,2026-02-12,11:00:00,337.0,7.78,139.0,8.03,1.929,0.7200046080294913,2026-02-12 11:00:00,0.7200046080294913,0.7200046080294913,0.7200046080294913,58.753709198813056,0.2499999999999991,650.073
4432,2026-02-12,12:00:00,312.0,7.7,134.0,7.91,1.929,0.7200046080294913,2026-02-12 12:00:00,0.7200046080294913,0.7200046080294913,0.7200046080294913,57.05128205128205,0.20999999999999996,601.8480000000001
4433,2026-02-12,13:00:00,328.0,7.73,131.0,8.01,1.929,0.7200046080294913,2026-02-12 13:00:00,0.7200046080294913,0.7200046080294913,0.7200046080294913,60.0609756097561,0.27999999999999936,632.712
4434,2026-02-12,14:00:00,317.0,7.78,136.0,8.03,1.929,0.4320027648176948,2026-02-12 14:00:00,0.7200046080294913,0.7200046080294913,0.7200046080294913,57.09779179810725,0.2499999999999991,611.493
4435,2026-02-12,15:00:00,320.0,7.72,130.0,7.98,1.929,0.4320027648176948,2026-02-12 15:00:00,0.4320027648176948,0.7200046080294913,0.7200046080294913,59.375,0.2600000000000007,617.28
4436,2026-02-12,16:00:00,326.0,7.81,127.0,8.05,1.89,0.4409171075837743,2026-02-12 16:00:00,0.4320027648176948,0.4320027648176948,0.7200046080294913,61.04294478527608,0.2400000000000011,616.14
4437,2026-02-12,17:00:00,310.0,7.88,120.0,8.01,1.852,0.4499640028797696,2026-02-12 17:00:00,0.4409171075837743,0.4320027648176948,0.4320027648176948,61.29032258064516,0.1299999999999999,574.12
4438,2026-02-12,18:00:00,307.0,7.9,123.0,8.04,1.852,0.4499640028797696,2026-02-12 18:00:00,0.4499640028797696,0.4409171075837743,0.4320027648176948,59.934853420195445,0.1399999999999988,568.5640000000001
4439,2026-02-12,19:00:00,309.0,8.06,136.0,8.0,1.814,0.4593899301727306,2026-02-12 19:00:00,0.4499640028797696,0.4499640028797696,0.4409171075837743,55.98705501618123,-0.0600000000000005,560.5260000000001
4440,2026-02-12,20:00:00,304.0,8.1,130.0,8.03,1.814,0.4593899301727306,2026-02-12 20:00:00,0.4593899301727306,0.4499640028797696,0.4499640028797696,57.23684210526315,-0.07000000000000028,551.456
4441,2026-02-12,21:00:00,302.0,8.14,125.0,8.05,1.814,0.4593899301727306,2026-02-12 21:00:00,0.4593899301727306,0.4593899301727306,0.4499640028797696,58.609271523178805,-0.08999999999999986,547.828
4442,2026-02-12,22:00:00,311.0,7.97,131.0,8.02,1.777,0.4689551678859501,2026-02-12 22:00:00,0.4593899301727306,0.4593899301727306,0.4593899301727306,57.87781350482315,0.04999999999999982,552.6469999999999
4443,2026-02-12,23:00:00,309.0,7.91,129.0,8.08,1.777,0.4689551678859501,2026-02-12 23:00:00,0.4689551678859501,0.4593899301727306,0.4593899301727306,58.252427184466015,0.16999999999999993,549.093
4469,2026-02-13,00:00:00,740.0,8.02,187.0,8.23,2.544,3.8216282320055903,2026-02-13 00:00:00,0.4689551678859501,0.4689551678859501,0.4593899301727306,74.72972972972973,0.21000000000000085,1882.56
4470,2026-02-13,01:00:00,771.0,7.96,177.0,8.41,2.766,3.51490318952358,2026-02-13 01:00:00,3.8216282320055903,0.4689551678859501,0.4689551678859501,77.04280155642024,0.4500000000000002,2132.586
4452,2026-02-13,07:00:00,328.0,7.91,137.0,8.0,1.777,0.4689551678859501,2026-02-13 07:00:00,3.51490318952358,3.8216282320055903,0.4689551678859501,58.231707317073166,0.08999999999999986,582.856
4453,2026-02-13,08:00:00,316.0,7.94,146.0,7.87,1.777,0.4689551678859501,2026-02-13 08:00:00,0.4689551678859501,3.51490318952358,3.8216282320055903,53.79746835443038,-0.07000000000000028,561.5319999999999
4454,2026-02-13,09:00:00,322.0,7.9,139.0,8.01,1.777,0.4689551678859501,2026-02-13 09:00:00,0.4689551678859501,0.4689551678859501,3.51490318952358,56.83229813664597,0.10999999999999943,572.194
4455,2026-02-13,10:00:00,312.0,7.96,133.0,7.93,1.74,0.4789272030651341,2026-02-13 10:00:00,0.4689551678859501,0.4689551678859501,0.4689551678859501,57.37179487179487,-0.03000000000000025,542.88
4456,2026-02-13,11:00:00,309.0,7.92,138.0,7.96,1.74,0.4789272030651341,2026-02-13 11:00:00,0.4789272030651341,0.4689551678859501,0.4689551678859501,55.33980582524271,0.040000000000000036,537.66
4457,2026-02-13,12:00:00,305.0,7.9,136.0,7.88,1.74,0.4789272030651341,2026-02-13 12:00:00,0.4789272030651341,0.4789272030651341,0.4689551678859501,55.40983606557377,-0.020000000000000462,530.7
4458,2026-02-13,13:00:00,310.0,7.96,131.0,7.98,1.74,0.4789272030651341,2026-02-13 13:00:00,0.4789272030651341,0.4789272030651341,0.4789272030651341,57.74193548387097,0.020000000000000462,539.4
4459,2026-02-13,14:00:00,307.0,7.93,139.0,7.96,1.74,0.4789272030651341,2026-02-13 14:00:00,0.4789272030651341,0.4789272030651341,0.4789272030651341,54.72312703583062,0.03000000000000025,534.18
4460,2026-02-13,15:00:00,311.0,7.91,133.0,7.9,1.74,0.4789272030651341,2026-02-13 15:00:00,0.4789272030651341,0.4789272030651341,0.4789272030651341,57.234726688102896,-0.009999999999999787,541.14
4468,2026-02-13,23:00:00,727.0,8.04,175.0,8.11,2.995,3.246150992394732,2026-02-13 23:00:00,0.4789272030651341,0.4789272030651341,0.4789272030651341,75.92847317744153,0.07000000000000028,2177.3650000000002
4494,2026-02-14,00:00:00,497.0,7.55,190.0,7.12,2.248,4.448398576512455,2026-02-14 00:00:00,3.246150992394732,0.4789272030651341,0.4789272030651341,61.77062374245473,-0.4299999999999997,1117.256
4479,2026-02-14,09:00:00,1020.0,7.78,213.0,7.68,3.185,4.360718646432932,2026-02-14 09:00:00,4.448398576512455,3.246150992394732,0.4789272030651341,79.11764705882352,-0.10000000000000053,3248.7000000000003
4480,2026-02-14,10:00:00,980.0,7.7,208.0,7.69,2.995,4.173622704507513,2026-02-14 10:00:00,4.360718646432932,4.448398576512455,3.246150992394732,78.77551020408163,-0.009999999999999787,2935.1
4481,2026-02-14,11:00:00,804.0,7.63,194.0,7.73,2.857,4.375218760938046,2026-02-14 11:00:00,4.173622704507513,4.360718646432932,4.448398576512455,75.87064676616916,0.10000000000000053,2297.0280000000002
4482,2026-02-14,12:00:00,680.0,7.59,185.0,7.78,2.676,4.152134196977246,2026-02-14 12:00:00,4.375218760938046,4.173622704507513,4.360718646432932,72.79411764705883,0.1900000000000004,1819.68
4483,2026-02-14,13:00:00,668.0,7.57,236.0,7.73,2.588,4.2933195947106295,2026-02-14 13:00:00,4.152134196977246,4.375218760938046,4.173622704507513,64.67065868263472,0.16000000000000014,1728.784
4484,2026-02-14,14:00:00,635.0,7.6,254.0,7.64,2.501,4.442667377493447,2026-02-14 14:00:00,4.2933195947106295,4.152134196977246,4.375218760938046,60.0,0.040000000000000036,1588.135
4485,2026-02-14,15:00:00,613.0,7.55,287.0,7.69,2.415,4.6008741660915575,2026-02-14 15:00:00,4.442667377493447,4.2933195947106295,4.152134196977246,53.181076672104396,0.14000000000000057,1480.395
4486,2026-02-14,16:00:00,625.0,7.62,273.0,7.62,2.373,4.682305567261319,2026-02-14 16:00:00,4.6008741660915575,4.442667377493447,4.2933195947106295,56.32,0.0,1483.1250000000002
4487,2026-02-14,17:00:00,617.0,7.67,266.0,7.5,2.331,4.7666714333381,2026-02-14 17:00:00,4.682305567261319,4.6008741660915575,4.442667377493447,56.88816855753647,-0.16999999999999993,1438.227
4488,2026-02-14,18:00:00,620.0,7.65,278.0,7.53,2.289,4.854133294500267,2026-02-14 18:00:00,4.7666714333381,4.682305567261319,4.6008741660915575,55.16129032258065,-0.1200000000000001,1419.18
4489,2026-02-14,19:00:00,517.0,7.58,261.0,7.2,2.289,5.4608999563128,2026-02-14 19:00:00,4.854133294500267,4.7666714333381,4.682305567261319,49.51644100580271,-0.3799999999999999,1183.413
4490,2026-02-14,20:00:00,520.0,7.62,242.0,7.34,2.289,5.4608999563128,2026-02-14 20:00:00,5.4608999563128,4.854133294500267,4.7666714333381,53.46153846153846,-0.28000000000000025,1190.28
4491,2026-02-14,21:00:00,518.0,7.6,238.0,7.3,2.289,5.4608999563128,2026-02-14 21:00:00,5.4608999563128,5.4608999563128,4.854133294500267,54.054054054054056,-0.2999999999999998,1185.702
4492,2026-02-14,22:00:00,524.0,7.68,216.0,7.21,2.248,5.560498220640569,2026-02-14 22:00:00,5.4608999563128,5.4608999563128,5.4608999563128,58.778625954198475,-0.46999999999999975,1177.9520000000002
4493,2026-02-14,23:00:00,508.0,7.6,208.0,7.17,2.248,5.560498220640569,2026-02-14 23:00:00,5.560498220640569,5.4608999563128,5.4608999563128,59.055118110236215,-0.4299999999999997,1141.9840000000002
4519,2026-02-15,00:00:00,529.0,7.77,100.0,7.84,2.126,3.266436709522316,2026-02-15 00:00:00,5.560498220640569,5.560498220640569,5.4608999563128,81.09640831758034,0.07000000000000028,1124.654
4520,2026-02-15,01:00:00,513.0,7.73,106.0,7.8,2.086,3.32907212101843,2026-02-15 01:00:00,3.266436709522316,5.560498220640569,5.560498220640569,79.33723196881091,0.0699999999999994,1070.118
4521,2026-02-15,02:00:00,520.0,7.75,98.0,7.78,2.086,3.32907212101843,2026-02-15 02:00:00,3.32907212101843,3.266436709522316,5.560498220640569,81.15384615384616,0.03000000000000025,1084.72
4522,2026-02-15,03:00:00,518.0,7.71,104.0,7.76,2.086,3.32907212101843,2026-02-15 03:00:00,3.32907212101843,3.32907212101843,3.266436709522316,79.92277992277992,0.04999999999999982,1080.548
4523,2026-02-15,04:00:00,523.0,7.73,95.0,7.7,2.046,3.394156619963072,2026-02-15 04:00:00,3.32907212101843,3.32907212101843,3.32907212101843,81.83556405353728,-0.03000000000000025,1070.058
4524,2026-02-15,05:00:00,525.0,7.7,83.0,7.65,2.006,2.769469369668772,2026-02-15 05:00:00,3.394156619963072,3.32907212101843,3.32907212101843,84.19047619047619,-0.04999999999999982,1053.1499999999999
4525,2026-02-15,06:00:00,517.0,7.74,87.0,7.68,1.967,2.8243800485793367,2026-02-15 06:00:00,2.769469369668772,3.394156619963072,3.32907212101843,83.17214700193423,-0.0600000000000005,1016.9390000000001
4502,2026-02-15,07:00:00,542.0,7.47,186.0,7.61,2.289,4.36871996505024,2026-02-15 07:00:00,2.8243800485793367,2.769469369668772,3.394156619963072,65.68265682656826,0.14000000000000057,1240.6380000000001
4503,2026-02-15,08:00:00,558.0,7.53,152.0,6.99,2.289,4.36871996505024,2026-02-15 08:00:00,4.36871996505024,2.8243800485793367,2.769469369668772,72.75985663082437,-0.54,1277.2620000000002
4504,2026-02-15,09:00:00,537.0,7.42,158.0,7.59,2.289,3.6405999708752,2026-02-15 09:00:00,4.36871996505024,4.36871996505024,2.8243800485793367,70.57728119180634,0.16999999999999993,1229.193
4505,2026-02-15,10:00:00,560.0,7.65,141.0,7.43,2.248,3.70699881376038,2026-02-15 10:00:00,3.6405999708752,4.36871996505024,4.36871996505024,74.82142857142857,-0.22000000000000064,1258.88
4506,2026-02-15,11:00:00,458.0,7.59,136.0,7.38,2.248,3.70699881376038,2026-02-15 11:00:00,3.70699881376038,3.6405999708752,4.36871996505024,70.3056768558952,-0.20999999999999996,1029.584
4507,2026-02-15,12:00:00,396.0,7.52,124.0,7.26,2.248,3.70699881376038,2026-02-15 12:00:00,3.70699881376038,3.70699881376038,3.6405999708752,68.68686868686868,-0.2599999999999998,890.2080000000001
4508,2026-02-15,13:00:00,409.0,7.57,131.0,7.29,2.248,3.70699881376038,2026-02-15 13:00:00,3.70699881376038,3.70699881376038,3.70699881376038,67.97066014669927,-0.28000000000000025,919.4320000000001
4509,2026-02-15,14:00:00,421.0,7.48,145.0,7.37,2.248,3.70699881376038,2026-02-15 14:00:00,3.70699881376038,3.70699881376038,3.70699881376038,65.55819477434679,-0.11000000000000032,946.4080000000001
4510,2026-02-15,15:00:00,417.0,7.57,136.0,7.24,2.248,3.70699881376038,2026-02-15 15:00:00,3.70699881376038,3.70699881376038,3.70699881376038,67.38609112709833,-0.33000000000000007,937.416
4511,2026-02-15,16:00:00,413.0,7.55,133.0,7.21,2.207,3.775864673010119,2026-02-15 16:00:00,3.70699881376038,3.70699881376038,3.70699881376038,67.79661016949152,-0.33999999999999986,911.491
4512,2026-02-15,17:00:00,435.0,7.64,120.0,7.42,2.207,3.775864673010119,2026-02-15 17:00:00,3.775864673010119,3.70699881376038,3.70699881376038,72.41379310344827,-0.21999999999999975,960.045
4513,2026-02-15,18:00:00,479.0,7.83,105.0,7.51,2.207,3.775864673010119,2026-02-15 18:00:00,3.775864673010119,3.775864673010119,3.70699881376038,78.07933194154488,-0.3200000000000003,1057.153
4514,2026-02-15,19:00:00,499.0,7.62,114.0,7.79,2.166,3.847337642351493,2026-02-15 19:00:00,3.775864673010119,3.775864673010119,3.775864673010119,77.15430861723446,0.16999999999999993,1080.834
4515,2026-02-15,20:00:00,501.0,7.65,110.0,7.7,2.166,3.847337642351493,2026-02-15 20:00:00,3.847337642351493,3.775864673010119,3.775864673010119,78.0439121756487,0.04999999999999982,1085.166
4516,2026-02-15,21:00:00,509.0,7.7,108.0,7.67,2.166,3.847337642351493,2026-02-15 21:00:00,3.847337642351493,3.847337642351493,3.775864673010119,78.7819253438114,-0.03000000000000025,1102.494
4517,2026-02-15,22:00:00,519.0,7.78,102.0,7.72,2.126,3.91972405142678,2026-02-15 22:00:00,3.847337642351493,3.847337642351493,3.847337642351493,80.34682080924856,-0.0600000000000005,1103.394
4518,2026-02-15,23:00:00,523.0,7.74,99.0,7.8,2.126,3.266436709522316,2026-02-15 23:00:00,3.91972405142678,3.847337642351493,3.847337642351493,81.07074569789675,0.05999999999999961,1111.898
4544,2026-02-16,00:00:00,340.0,7.9,103.0,7.91,1.56,1.4245014245014245,2026-02-16 00:00:00,3.266436709522316,3.91972405142678,3.847337642351493,69.70588235294117,0.009999999999999787,530.4
4545,2026-02-16,01:00:00,352.0,7.93,109.0,7.94,1.56,1.4245014245014245,2026-02-16 01:00:00,1.4245014245014245,3.266436709522316,3.91972405142678,69.0340909090909,0.010000000000000675,549.12
4546,2026-02-16,02:00:00,347.0,7.89,100.0,7.92,1.56,1.4245014245014245,2026-02-16 02:00:00,1.4245014245014245,1.4245014245014245,3.266436709522316,71.18155619596543,0.03000000000000025,541.32
4547,2026-02-16,03:00:00,350.0,7.91,111.0,7.9,1.56,1.0683760683760684,2026-02-16 03:00:00,1.4245014245014245,1.4245014245014245,1.4245014245014245,68.28571428571428,-0.009999999999999787,546.0
4548,2026-02-16,04:00:00,337.0,7.95,107.0,7.86,1.56,1.0683760683760684,2026-02-16 04:00:00,1.0683760683760684,1.4245014245014245,1.4245014245014245,68.24925816023739,-0.08999999999999986,525.72
4549,2026-02-16,05:00:00,316.0,7.9,98.0,7.88,1.56,1.0683760683760684,2026-02-16 05:00:00,1.0683760683760684,1.0683760683760684,1.4245014245014245,68.9873417721519,-0.020000000000000462,492.96000000000004
4550,2026-02-16,06:00:00,324.0,7.93,102.0,7.93,1.56,1.0683760683760684,2026-02-16 06:00:00,1.0683760683760684,1.0683760683760684,1.0683760683760684,68.51851851851852,0.0,505.44
4527,2026-02-16,07:00:00,507.0,7.88,78.0,7.63,1.777,3.126367785906334,2026-02-16 07:00:00,1.0683760683760684,1.0683760683760684,1.0683760683760684,84.61538461538461,-0.25,900.939
4528,2026-02-16,08:00:00,491.0,7.76,80.0,7.7,1.777,3.126367785906334,2026-02-16 08:00:00,3.126367785906334,1.0683760683760684,1.0683760683760684,83.70672097759673,-0.05999999999999961,872.507
4529,2026-02-16,09:00:00,509.0,7.71,82.0,7.59,1.777,3.126367785906334,2026-02-16 09:00:00,3.126367785906334,3.126367785906334,1.0683760683760684,83.88998035363457,-0.1200000000000001,904.4929999999999
4530,2026-02-16,10:00:00,516.0,7.68,90.0,7.61,1.777,3.126367785906334,2026-02-16 10:00:00,3.126367785906334,3.126367785906334,3.126367785906334,82.55813953488372,-0.0699999999999994,916.9319999999999
4531,2026-02-16,11:00:00,511.0,7.73,85.0,7.66,1.74,3.192848020434227,2026-02-16 11:00:00,3.126367785906334,3.126367785906334,3.126367785906334,83.36594911937377,-0.07000000000000028,889.14
4532,2026-02-16,12:00:00,432.0,7.86,69.0,7.9,1.74,3.192848020434227,2026-02-16 12:00:00,3.192848020434227,3.126367785906334,3.126367785906334,84.02777777777779,0.040000000000000036,751.68
4533,2026-02-16,13:00:00,459.0,7.81,74.0,7.93,1.703,3.2622170026750177,2026-02-16 13:00:00,3.192848020434227,3.192848020434227,3.126367785906334,83.87799564270153,0.1200000000000001,781.677
4534,2026-02-16,14:00:00,443.0,7.79,71.0,7.88,1.703,3.2622170026750177,2026-02-16 14:00:00,3.2622170026750177,3.192848020434227,3.192848020434227,83.97291196388262,0.08999999999999986,754.4290000000001
4535,2026-02-16,15:00:00,438.0,7.84,68.0,7.91,1.667,3.3326667999733384,2026-02-16 15:00:00,3.2622170026750177,3.2622170026750177,3.192848020434227,84.47488584474885,0.07000000000000028,730.1460000000001
4536,2026-02-16,16:00:00,434.0,7.82,73.0,7.86,1.667,3.3326667999733384,2026-02-16 16:00:00,3.3326667999733384,3.2622170026750177,3.2622170026750177,83.17972350230414,0.040000000000000036,723.4780000000001
4537,2026-02-16,17:00:00,410.0,7.9,70.0,7.89,1.631,3.4062265821922475,2026-02-16 17:00:00,3.3326667999733384,3.3326667999733384,3.2622170026750177,82.92682926829268,-0.010000000000000675,668.71
4538,2026-02-16,18:00:00,373.0,7.94,68.0,7.83,1.631,3.4062265821922475,2026-02-16 18:00:00,3.4062265821922475,3.3326667999733384,3.3326667999733384,81.76943699731903,-0.11000000000000032,608.363
4539,2026-02-16,19:00:00,364.0,7.8,67.0,7.96,1.595,2.6123301985370952,2026-02-16 19:00:00,3.4062265821922475,3.4062265821922475,3.3326667999733384,81.5934065934066,0.16000000000000014,580.58
4540,2026-02-16,20:00:00,367.0,7.87,70.0,7.91,1.595,2.6123301985370952,2026-02-16 20:00:00,2.6123301985370952,3.4062265821922475,3.4062265821922475,80.92643051771117,0.040000000000000036,585.365
4541,2026-02-16,21:00:00,361.0,7.84,67.0,7.95,1.595,1.741553465691397,2026-02-16 21:00:00,2.6123301985370952,2.6123301985370952,3.4062265821922475,81.4404432132964,0.11000000000000032,575.795
4542,2026-02-16,22:00:00,353.0,7.86,79.0,7.98,1.56,1.7806267806267804,2026-02-16 22:00:00,1.741553465691397,2.6123301985370952,2.6123301985370952,77.62039660056658,0.1200000000000001,550.6800000000001
4543,2026-02-16,23:00:00,349.0,7.88,92.0,7.94,1.56,1.4245014245014245,2026-02-16 23:00:00,1.7806267806267804,1.741553465691397,2.6123301985370952,73.63896848137536,0.0600000000000005,544.44
4552,2026-02-17,07:00:00,310.0,7.58,94.0,7.85,1.525,1.092896174863388,2026-02-17 07:00:00,1.4245014245014245,1.7806267806267804,1.741553465691397,69.6774193548387,0.2699999999999996,472.75
4553,2026-02-17,08:00:00,307.0,7.61,95.0,6.68,1.525,1.092896174863388,2026-02-17 08:00:00,1.092896174863388,1.4245014245014245,1.7806267806267804,69.05537459283387,-0.9300000000000006,468.17499999999995
4554,2026-02-17,09:00:00,305.0,7.57,103.0,6.83,1.525,1.092896174863388,2026-02-17 09:00:00,1.092896174863388,1.092896174863388,1.4245014245014245,66.22950819672131,-0.7400000000000002,465.125
4744,2026-03-03,00:00:00,982.0,7.77,135.0,7.35,2.373,5.852881959076648,2026-03-03 00:00:00,1.092896174863388,1.092896174863388,1.092896174863388,86.25254582484725,-0.41999999999999993,2330.286
4745,2026-03-03,01:00:00,990.0,7.73,138.0,7.33,2.331,5.958339291672624,2026-03-03 01:00:00,5.852881959076648,1.092896174863388,1.092896174863388,86.06060606060606,-0.40000000000000036,2307.69
4746,2026-03-03,02:00:00,985.0,7.76,143.0,7.3,2.289,6.067666618125333,2026-03-03 02:00:00,5.958339291672624,5.852881959076648,1.092896174863388,85.48223350253808,-0.45999999999999996,2254.665
4747,2026-03-03,03:00:00,970.0,7.74,145.0,7.28,2.289,6.067666618125333,2026-03-03 03:00:00,6.067666618125333,5.958339291672624,5.852881959076648,85.05154639175258,-0.45999999999999996,2220.33
4748,2026-03-03,04:00:00,981.0,7.7,139.0,7.23,2.289,6.067666618125333,2026-03-03 04:00:00,6.067666618125333,6.067666618125333,5.958339291672624,85.83078491335372,-0.46999999999999975,2245.509
4749,2026-03-03,05:00:00,950.0,7.44,132.0,7.22,2.289,5.4608999563128,2026-03-03 05:00:00,6.067666618125333,6.067666618125333,6.067666618125333,86.10526315789474,-0.22000000000000064,2174.55
4750,2026-03-03,06:00:00,946.0,7.5,130.0,7.2,2.289,5.4608999563128,2026-03-03 06:00:00,5.4608999563128,6.067666618125333,6.067666618125333,86.25792811839324,-0.2999999999999998,2165.3940000000002
4729,2026-03-03,09:00:00,1132.0,7.8,138.0,8.16,3.331,5.0035024517162014,2026-03-03 09:00:00,5.4608999563128,5.4608999563128,6.067666618125333,87.80918727915194,0.3600000000000003,3770.692
4730,2026-03-03,10:00:00,1082.0,7.74,150.0,8.2,3.233,5.155170636148057,2026-03-03 10:00:00,5.0035024517162014,5.4608999563128,5.4608999563128,86.13678373382625,0.4599999999999991,3498.106
4735,2026-03-03,15:00:00,940.0,7.68,145.0,7.29,2.811,5.929088106249259,2026-03-03 15:00:00,5.155170636148057,5.0035024517162014,5.4608999563128,84.57446808510637,-0.3899999999999997,2642.34
4736,2026-03-03,16:00:00,922.0,7.62,127.0,7.2,2.721,5.614765813222262,2026-03-03 16:00:00,5.929088106249259,5.155170636148057,5.0035024517162014,86.22559652928416,-0.41999999999999993,2508.762
4737,2026-03-03,17:00:00,908.0,7.59,114.0,7.27,2.632,5.804626815265113,2026-03-03 17:00:00,5.614765813222262,5.929088106249259,5.155170636148057,87.44493392070484,-0.3200000000000003,2389.856
4738,2026-03-03,18:00:00,920.0,7.52,117.0,7.19,2.632,5.804626815265113,2026-03-03 18:00:00,5.804626815265113,5.614765813222262,5.929088106249259,87.28260869565217,-0.3299999999999992,2421.44
4739,2026-03-03,19:00:00,1016.0,7.47,174.0,7.2,2.632,5.804626815265113,2026-03-03 19:00:00,5.804626815265113,5.804626815265113,5.614765813222262,82.8740157480315,-0.2699999999999996,2674.112
4740,2026-03-03,20:00:00,1012.0,7.51,177.0,7.18,2.544,5.459468902865129,2026-03-03 20:00:00,5.804626815265113,5.804626815265113,5.804626815265113,82.5098814229249,-0.33000000000000007,2574.5280000000002
4741,2026-03-03,21:00:00,1008.0,7.55,165.0,7.21,2.501,5.55333422186681,2026-03-03 21:00:00,5.459468902865129,5.804626815265113,5.804626815265113,83.63095238095238,-0.33999999999999986,2521.008
4742,2026-03-03,22:00:00,1010.0,7.68,168.0,7.16,2.458,5.650483681403128,2026-03-03 22:00:00,5.55333422186681,5.459468902865129,5.804626815265113,83.36633663366337,-0.5199999999999996,2482.5800000000004
4743,2026-03-03,23:00:00,1002.0,7.72,147.0,7.26,2.415,5.751092707614447,2026-03-03 23:00:00,5.650483681403128,5.55333422186681,5.459468902865129,85.32934131736528,-0.45999999999999996,2419.83
4752,2026-03-04,07:00:00,928.0,7.5,120.0,7.21,2.289,5.4608999563128,2026-03-04 07:00:00,5.751092707614447,5.650483681403128,5.55333422186681,87.06896551724138,-0.29000000000000004,2124.192
4753,2026-03-04,08:00:00,938.0,7.44,124.0,7.16,2.289,4.854133294500267,2026-03-04 08:00:00,5.4608999563128,5.751092707614447,5.650483681403128,86.78038379530916,-0.28000000000000025,2147.0820000000003
4754,2026-03-04,09:00:00,916.0,7.48,137.0,7.05,2.289,4.247366632687733,2026-03-04 09:00:00,4.854133294500267,5.4608999563128,5.751092707614447,85.04366812227074,-0.4300000000000006,2096.724
4755,2026-03-04,10:00:00,896.0,7.54,139.0,7.09,2.289,4.247366632687733,2026-03-04 10:00:00,4.247366632687733,4.854133294500267,5.4608999563128,84.48660714285714,-0.4500000000000002,2050.944
4756,2026-03-04,11:00:00,872.0,7.5,146.0,7.12,2.248,4.324831949387109,2026-03-04 11:00:00,4.247366632687733,4.247366632687733,4.854133294500267,83.25688073394495,-0.3799999999999999,1960.256
4757,2026-03-04,12:00:00,718.0,7.33,132.0,7.16,2.248,4.324831949387109,2026-03-04 12:00:00,4.324831949387109,4.247366632687733,4.247366632687733,81.61559888579387,-0.16999999999999993,1614.064
4758,2026-03-04,13:00:00,737.0,7.42,131.0,7.06,2.248,4.324831949387109,2026-03-04 13:00:00,4.324831949387109,4.324831949387109,4.247366632687733,82.22523744911805,-0.3600000000000003,1656.776
4759,2026-03-04,14:00:00,706.0,7.37,138.0,7.1,2.248,4.324831949387109,2026-03-04 14:00:00,4.324831949387109,4.324831949387109,4.324831949387109,80.45325779036827,-0.27000000000000046,1587.0880000000002
4760,2026-03-04,15:00:00,711.0,7.4,140.0,7.12,2.248,4.324831949387109,2026-03-04 15:00:00,4.324831949387109,4.324831949387109,4.324831949387109,80.30942334739804,-0.28000000000000025,1598.3280000000002
4761,2026-03-04,16:00:00,726.0,7.53,142.0,7.27,2.207,3.775864673010119,2026-03-04 16:00:00,4.324831949387109,4.324831949387109,4.324831949387109,80.44077134986226,-0.2600000000000007,1602.282
4762,2026-03-04,17:00:00,739.0,7.6,146.0,7.49,2.207,3.775864673010119,2026-03-04 17:00:00,3.775864673010119,4.324831949387109,4.324831949387109,80.24357239512855,-0.10999999999999943,1630.973
4763,2026-03-04,18:00:00,727.0,7.58,140.0,7.42,2.207,2.5172431153400794,2026-03-04 18:00:00,3.775864673010119,3.775864673010119,4.324831949387109,80.74277854195323,-0.16000000000000014,1604.4889999999998
4764,2026-03-04,19:00:00,880.0,7.68,149.0,7.49,2.207,3.775864673010119,2026-03-04 19:00:00,2.5172431153400794,3.775864673010119,3.775864673010119,83.06818181818181,-0.1899999999999995,1942.1599999999999
4765,2026-03-04,20:00:00,872.0,7.66,147.0,7.51,2.207,3.775864673010119,2026-03-04 20:00:00,3.775864673010119,2.5172431153400794,3.775864673010119,83.14220183486239,-0.15000000000000036,1924.504
4799,2026-03-05,05:00:00,976.0,7.29,30.0,6.78,2.721,5.614765813222262,2026-03-05 05:00:00,3.775864673010119,3.775864673010119,2.5172431153400794,96.92622950819673,-0.5099999999999998,2655.696
4800,2026-03-05,06:00:00,966.0,7.35,27.0,6.88,2.721,5.614765813222262,2026-03-05 06:00:00,5.614765813222262,3.775864673010119,3.775864673010119,97.20496894409938,-0.46999999999999975,2628.486
4819,2026-03-06,00:00:00,928.0,7.61,52.0,8.23,2.458,3.3902902088418765,2026-03-06 00:00:00,5.614765813222262,5.614765813222262,3.775864673010119,94.39655172413794,0.6200000000000001,2281.0240000000003
4820,2026-03-06,01:00:00,934.0,7.67,59.0,8.28,2.458,3.3902902088418765,2026-03-06 01:00:00,3.3902902088418765,5.614765813222262,5.614765813222262,93.6830835117773,0.6099999999999994,2295.7720000000004
4821,2026-03-06,02:00:00,928.0,7.58,62.0,8.21,2.458,3.3902902088418765,2026-03-06 02:00:00,3.3902902088418765,3.3902902088418765,5.614765813222262,93.31896551724138,0.6300000000000008,2281.0240000000003
4822,2026-03-06,03:00:00,930.0,7.69,54.0,8.29,2.458,3.3902902088418765,2026-03-06 03:00:00,3.3902902088418765,3.3902902088418765,3.3902902088418765,94.19354838709677,0.5999999999999988,2285.94
4823,2026-03-06,04:00:00,948.0,7.57,67.0,8.12,2.458,3.3902902088418765,2026-03-06 04:00:00,3.3902902088418765,3.3902902088418765,3.3902902088418765,92.9324894514768,0.5499999999999989,2330.184
4824,2026-03-06,05:00:00,964.0,7.53,82.0,7.95,2.458,3.3902902088418765,2026-03-06 05:00:00,3.3902902088418765,3.3902902088418765,3.3902902088418765,91.49377593360995,0.41999999999999993,2369.512
4825,2026-03-06,06:00:00,942.0,7.59,77.0,7.99,2.458,3.3902902088418765,2026-03-06 06:00:00,3.3902902088418765,3.3902902088418765,3.3902902088418765,91.82590233545648,0.40000000000000036,2315.436
4802,2026-03-06,07:00:00,1092.0,7.52,24.0,7.63,2.588,5.903314442727116,2026-03-06 07:00:00,3.3902902088418765,3.3902902088418765,3.3902902088418765,97.8021978021978,0.11000000000000032,2826.096
4803,2026-03-06,08:00:00,1084.0,7.41,27.0,6.46,2.588,5.903314442727116,2026-03-06 08:00:00,5.903314442727116,3.3902902088418765,3.3902902088418765,97.50922509225092,-0.9500000000000002,2805.3920000000003
4804,2026-03-06,09:00:00,1063.0,7.53,23.0,6.68,2.588,5.903314442727116,2026-03-06 09:00:00,5.903314442727116,5.903314442727116,3.3902902088418765,97.83631232361242,-0.8500000000000005,2751.044
4805,2026-03-06,10:00:00,997.0,7.5,28.0,6.88,2.588,5.903314442727116,2026-03-06 10:00:00,5.903314442727116,5.903314442727116,5.903314442727116,97.19157472417251,-0.6200000000000001,2580.236
4806,2026-03-06,11:00:00,958.0,7.37,25.0,7.41,2.544,4.367575122292103,2026-03-06 11:00:00,5.903314442727116,5.903314442727116,5.903314442727116,97.39039665970772,0.040000000000000036,2437.152
4807,2026-03-06,12:00:00,916.0,7.12,23.0,8.37,2.544,4.367575122292103,2026-03-06 12:00:00,4.367575122292103,5.903314442727116,5.903314442727116,97.48908296943232,1.2499999999999991,2330.304
4808,2026-03-06,13:00:00,932.0,7.2,28.0,8.29,2.544,4.367575122292103,2026-03-06 13:00:00,4.367575122292103,4.367575122292103,5.903314442727116,96.99570815450643,1.089999999999999,2371.008
4809,2026-03-06,14:00:00,951.0,7.17,24.0,8.35,2.544,4.367575122292103,2026-03-06 14:00:00,4.367575122292103,4.367575122292103,4.367575122292103,97.47634069400631,1.1799999999999997,2419.344
4810,2026-03-06,15:00:00,927.0,7.36,29.0,8.41,2.544,4.367575122292103,2026-03-06 15:00:00,4.367575122292103,4.367575122292103,4.367575122292103,96.87162891046385,1.0499999999999998,2358.288
4811,2026-03-06,16:00:00,921.0,7.39,31.0,8.46,2.544,4.367575122292103,2026-03-06 16:00:00,4.367575122292103,4.367575122292103,4.367575122292103,96.63409337676438,1.0700000000000012,2343.024
4812,2026-03-06,17:00:00,969.0,7.58,28.0,8.42,2.501,4.442667377493447,2026-03-06 17:00:00,4.367575122292103,4.367575122292103,4.367575122292103,97.11042311661507,0.8399999999999999,2423.469
4813,2026-03-06,18:00:00,1050.0,7.7,27.0,8.36,2.501,4.442667377493447,2026-03-06 18:00:00,4.442667377493447,4.367575122292103,4.367575122292103,97.42857142857143,0.6599999999999993,2626.0499999999997
4814,2026-03-06,19:00:00,922.0,7.75,51.0,8.17,2.501,4.442667377493447,2026-03-06 19:00:00,4.442667377493447,4.442667377493447,4.367575122292103,94.46854663774403,0.41999999999999993,2305.922
4815,2026-03-06,20:00:00,908.0,7.72,58.0,8.28,2.501,3.887333955306766,2026-03-06 20:00:00,4.442667377493447,4.442667377493447,4.442667377493447,93.6123348017621,0.5599999999999996,2270.908
4816,2026-03-06,21:00:00,916.0,7.68,55.0,8.33,2.458,3.3902902088418765,2026-03-06 21:00:00,3.887333955306766,4.442667377493447,4.442667377493447,93.99563318777294,0.6500000000000004,2251.5280000000002
4817,2026-03-06,22:00:00,924.0,7.63,54.0,8.3,2.458,3.3902902088418765,2026-03-06 22:00:00,3.3902902088418765,3.887333955306766,4.442667377493447,94.15584415584416,0.6700000000000008,2271.192
4818,2026-03-06,23:00:00,920.0,7.65,56.0,8.27,2.458,3.3902902088418765,2026-03-06 23:00:00,3.3902902088418765,3.3902902088418765,3.887333955306766,93.91304347826087,0.6199999999999992,2261.36
4844,2026-03-07,00:00:00,1014.0,7.48,95.0,7.68,2.458,3.3902902088418765,2026-03-07 00:00:00,3.3902902088418765,3.3902902088418765,3.3902902088418765,90.63116370808679,0.1999999999999993,2492.4120000000003
4845,2026-03-07,01:00:00,996.0,7.52,90.0,7.7,2.458,3.3902902088418765,2026-03-07 01:00:00,3.3902902088418765,3.3902902088418765,3.3902902088418765,90.96385542168674,0.1800000000000006,2448.168
4846,2026-03-07,02:00:00,988.0,7.5,96.0,7.67,2.458,3.3902902088418765,2026-03-07 02:00:00,3.3902902088418765,3.3902902088418765,3.3902902088418765,90.2834008097166,0.16999999999999993,2428.5040000000004
4847,2026-03-07,03:00:00,994.0,7.56,99.0,7.69,2.415,3.450655624568668,2026-03-07 03:00:00,3.3902902088418765,3.3902902088418765,3.3902902088418765,90.04024144869214,0.13000000000000078,2400.51
4848,2026-03-07,04:00:00,982.0,7.68,100.0,7.64,2.415,3.450655624568668,2026-03-07 04:00:00,3.450655624568668,3.3902902088418765,3.3902902088418765,89.81670061099797,-0.040000000000000036,2371.53
4849,2026-03-07,05:00:00,976.0,7.72,104.0,7.6,2.415,3.450655624568668,2026-03-07 05:00:00,3.450655624568668,3.450655624568668,3.3902902088418765,89.34426229508196,-0.1200000000000001,2357.04
4850,2026-03-07,06:00:00,968.0,7.7,101.0,7.67,2.415,3.450655624568668,2026-03-07 06:00:00,3.450655624568668,3.450655624568668,3.450655624568668,89.56611570247934,-0.03000000000000025,2337.7200000000003
4826,2026-03-07,06:30:00,1011.0,7.77,69.0,7.79,2.458,5.085435313262814,2026-03-07 06:30:00,3.450655624568668,3.450655624568668,3.450655624568668,93.17507418397626,0.020000000000000462,2485.038
4827,2026-03-07,07:00:00,1016.0,7.72,73.0,7.83,2.458,3.3902902088418765,2026-03-07 07:00:00,5.085435313262814,3.450655624568668,3.450655624568668,92.81496062992126,0.11000000000000032,2497.328
4828,2026-03-07,08:00:00,1007.0,7.84,78.0,7.48,2.458,3.3902902088418765,2026-03-07 08:00:00,3.3902902088418765,5.085435313262814,3.450655624568668,92.25422045680239,-0.35999999999999943,2475.206
4829,2026-03-07,09:00:00,1003.0,7.81,81.0,7.5,2.501,3.3320005331200853,2026-03-07 09:00:00,3.3902902088418765,3.3902902088418765,5.085435313262814,91.92422731804587,-0.3099999999999996,2508.5029999999997
4830,2026-03-07,10:00:00,1017.0,7.75,86.0,7.54,2.501,3.3320005331200853,2026-03-07 10:00:00,3.3320005331200853,3.3902902088418765,3.3902902088418765,91.54375614552606,-0.20999999999999996,2543.517
4831,2026-03-07,11:00:00,1001.0,7.51,83.0,7.7,2.501,3.3320005331200853,2026-03-07 11:00:00,3.3320005331200853,3.3320005331200853,3.3902902088418765,91.70829170829171,0.1900000000000004,2503.5009999999997
4832,2026-03-07,12:00:00,982.0,7.25,79.0,7.89,2.501,3.3320005331200853,2026-03-07 12:00:00,3.3320005331200853,3.3320005331200853,3.3320005331200853,91.95519348268839,0.6399999999999997,2455.982
4833,2026-03-07,13:00:00,996.0,7.36,85.0,7.82,2.501,3.3320005331200853,2026-03-07 13:00:00,3.3320005331200853,3.3320005331200853,3.3320005331200853,91.46586345381526,0.45999999999999996,2490.996
4834,2026-03-07,14:00:00,1008.0,7.42,88.0,7.74,2.501,3.3320005331200853,2026-03-07 14:00:00,3.3320005331200853,3.3320005331200853,3.3320005331200853,91.26984126984127,0.3200000000000003,2521.008
4835,2026-03-07,15:00:00,1019.0,7.45,89.0,7.81,2.501,3.3320005331200853,2026-03-07 15:00:00,3.3320005331200853,3.3320005331200853,3.3320005331200853,91.26594700686948,0.35999999999999943,2548.519
4836,2026-03-07,16:00:00,1013.0,7.63,84.0,7.71,2.501,3.3320005331200853,2026-03-07 16:00:00,3.3320005331200853,3.3320005331200853,3.3320005331200853,91.70779861796645,0.08000000000000007,2533.513
4837,2026-03-07,17:00:00,1005.0,7.6,97.0,7.79,2.501,3.3320005331200853,2026-03-07 17:00:00,3.3320005331200853,3.3320005331200853,3.3320005331200853,90.34825870646766,0.1900000000000004,2513.505
4838,2026-03-07,18:00:00,1000.0,7.65,109.0,7.42,2.501,3.3320005331200853,2026-03-07 18:00:00,3.3320005331200853,3.3320005331200853,3.3320005331200853,89.1,-0.23000000000000043,2501.0
4839,2026-03-07,19:00:00,1052.0,7.4,107.0,7.62,2.501,3.3320005331200853,2026-03-07 19:00:00,3.3320005331200853,3.3320005331200853,3.3320005331200853,89.82889733840305,0.21999999999999975,2631.0519999999997
4840,2026-03-07,20:00:00,1066.0,7.48,113.0,7.58,2.501,3.3320005331200853,2026-03-07 20:00:00,3.3320005331200853,3.3320005331200853,3.3320005331200853,89.39962476547842,0.09999999999999964,2666.066
4841,2026-03-07,21:00:00,988.0,7.52,110.0,7.6,2.501,3.3320005331200853,2026-03-07 21:00:00,3.3320005331200853,3.3320005331200853,3.3320005331200853,88.8663967611336,0.08000000000000007,2470.988
4842,2026-03-07,22:00:00,1008.0,7.55,101.0,7.69,2.501,3.3320005331200853,2026-03-07 22:00:00,3.3320005331200853,3.3320005331200853,3.3320005331200853,89.98015873015873,0.14000000000000057,2521.008
4843,2026-03-07,23:00:00,996.0,7.51,97.0,7.64,2.458,3.3902902088418765,2026-03-07 23:00:00,3.3320005331200853,3.3320005331200853,3.3320005331200853,90.26104417670683,0.1299999999999999,2448.168
4869,2026-03-08,00:00:00,744.0,7.44,113.0,7.88,2.632,2.110773387369132,2026-03-08 00:00:00,3.3902902088418765,3.3320005331200853,3.3320005331200853,84.81182795698925,0.4399999999999995,1958.208
4870,2026-03-08,01:00:00,760.0,7.49,107.0,7.82,2.588,2.1466597973553148,2026-03-08 01:00:00,2.110773387369132,3.3902902088418765,3.3320005331200853,85.92105263157895,0.33000000000000007,1966.88
4871,2026-03-08,02:00:00,757.0,7.51,110.0,7.79,2.544,2.1837875611460515,2026-03-08 02:00:00,2.1466597973553148,2.110773387369132,3.3902902088418765,85.46895640686922,0.28000000000000025,1925.808
4872,2026-03-08,03:00:00,753.0,7.56,114.0,7.77,2.544,2.1837875611460515,2026-03-08 03:00:00,2.1837875611460515,2.1466597973553148,2.110773387369132,84.86055776892431,0.20999999999999996,1915.632
4873,2026-03-08,04:00:00,749.0,7.53,112.0,7.72,2.458,2.260193472561251,2026-03-08 04:00:00,2.1837875611460515,2.1837875611460515,2.1466597973553148,85.04672897196261,0.1899999999999995,1841.0420000000001
4874,2026-03-08,05:00:00,753.0,7.66,115.0,7.76,2.458,2.260193472561251,2026-03-08 05:00:00,2.260193472561251,2.1837875611460515,2.1837875611460515,84.72775564409031,0.09999999999999964,1850.8740000000003
4875,2026-03-08,06:00:00,762.0,7.62,118.0,7.82,2.415,2.3004370830457788,2026-03-08 06:00:00,2.260193472561251,2.260193472561251,2.1837875611460515,84.51443569553805,0.20000000000000018,1840.23
4852,2026-03-08,07:00:00,916.0,7.57,125.0,7.58,2.373,3.511729175445989,2026-03-08 07:00:00,2.3004370830457788,2.260193472561251,2.260193472561251,86.35371179039302,0.009999999999999787,2173.668
4853,2026-03-08,08:00:00,912.0,7.6,121.0,7.71,2.373,3.511729175445989,2026-03-08 08:00:00,3.511729175445989,2.3004370830457788,2.260193472561251,86.73245614035088,0.11000000000000032,2164.1760000000004
4854,2026-03-08,09:00:00,910.0,7.71,118.0,7.68,2.373,3.511729175445989,2026-03-08 09:00:00,3.511729175445989,3.511729175445989,2.3004370830457788,87.03296703296704,-0.03000000000000025,2159.4300000000003
4855,2026-03-08,10:00:00,872.0,7.68,124.0,7.66,2.331,2.979169645836312,2026-03-08 10:00:00,3.511729175445989,3.511729175445989,3.511729175445989,85.77981651376146,-0.019999999999999574,2032.632
4856,2026-03-08,11:00:00,850.0,7.63,115.0,7.73,2.331,2.979169645836312,2026-03-08 11:00:00,2.979169645836312,3.511729175445989,3.511729175445989,86.47058823529412,0.10000000000000053,1981.35
4857,2026-03-08,12:00:00,768.0,7.58,100.0,7.75,2.289,3.0338333090626666,2026-03-08 12:00:00,2.979169645836312,2.979169645836312,3.511729175445989,86.97916666666666,0.16999999999999993,1757.9520000000002
4858,2026-03-08,13:00:00,785.0,7.61,103.0,7.72,2.289,3.0338333090626666,2026-03-08 13:00:00,3.0338333090626666,2.979169645836312,2.979169645836312,86.87898089171975,0.10999999999999943,1796.865
4859,2026-03-08,14:00:00,792.0,7.64,104.0,7.77,2.248,3.089165678133649,2026-03-08 14:00:00,3.0338333090626666,3.0338333090626666,2.979169645836312,86.86868686868688,0.1299999999999999,1780.4160000000002
4860,2026-03-08,15:00:00,788.0,7.67,107.0,7.75,2.248,2.4713325425069192,2026-03-08 15:00:00,3.089165678133649,3.0338333090626666,3.0338333090626666,86.42131979695431,0.08000000000000007,1771.4240000000002
4861,2026-03-08,16:00:00,886.0,7.58,108.0,7.68,2.289,2.427066647250133,2026-03-08 16:00:00,2.4713325425069192,3.089165678133649,3.0338333090626666,87.81038374717834,0.09999999999999964,2028.054
4862,2026-03-08,17:00:00,926.0,7.57,105.0,7.69,2.289,2.427066647250133,2026-03-08 17:00:00,2.427066647250133,2.4713325425069192,3.089165678133649,88.66090712742981,0.1200000000000001,2119.614
4863,2026-03-08,18:00:00,928.0,7.54,103.0,7.64,2.373,2.34115278363066,2026-03-08 18:00:00,2.427066647250133,2.427066647250133,2.4713325425069192,88.90086206896551,0.09999999999999964,2202.1440000000002
4864,2026-03-08,19:00:00,735.0,7.74,112.0,7.54,2.721,2.0417330229899138,2026-03-08 19:00:00,2.34115278363066,2.427066647250133,2.427066647250133,84.76190476190476,-0.20000000000000018,1999.9350000000002
4865,2026-03-08,20:00:00,768.0,7.79,119.0,7.58,2.721,2.0417330229899138,2026-03-08 20:00:00,2.0417330229899138,2.34115278363066,2.427066647250133,84.50520833333334,-0.20999999999999996,2089.728
4866,2026-03-08,21:00:00,773.0,7.64,126.0,7.62,2.766,2.0085161082991885,2026-03-08 21:00:00,2.0417330229899138,2.0417330229899138,2.34115278363066,83.69987063389392,-0.019999999999999574,2138.118
4867,2026-03-08,22:00:00,769.0,7.61,121.0,7.67,2.721,2.0417330229899138,2026-03-08 22:00:00,2.0085161082991885,2.0417330229899138,2.0417330229899138,84.26527958387517,0.05999999999999961,2092.449
4868,2026-03-08,23:00:00,751.0,7.53,118.0,7.74,2.676,2.076067098488623,2026-03-08 23:00:00,2.0417330229899138,2.0085161082991885,2.0417330229899138,84.28761651131825,0.20999999999999996,2009.6760000000002
4894,2026-03-09,00:00:00,563.0,7.74,108.0,7.68,2.331,2.1450021450021453,2026-03-09 00:00:00,2.076067098488623,2.0417330229899138,2.0085161082991885,80.81705150976909,-0.0600000000000005,1312.353
4895,2026-03-09,01:00:00,560.0,7.71,110.0,7.65,2.331,2.1450021450021453,2026-03-09 01:00:00,2.1450021450021453,2.076067098488623,2.0417330229899138,80.35714285714286,-0.05999999999999961,1305.36
4896,2026-03-09,02:00:00,574.0,7.68,113.0,7.61,2.373,2.1070375052675936,2026-03-09 02:00:00,2.1450021450021453,2.1450021450021453,2.076067098488623,80.31358885017421,-0.0699999999999994,1362.102
4897,2026-03-09,03:00:00,566.0,7.64,109.0,7.69,2.458,2.034174125305126,2026-03-09 03:00:00,2.1070375052675936,2.1450021450021453,2.1450021450021453,80.74204946996466,0.05000000000000071,1391.228
4898,2026-03-09,04:00:00,553.0,7.58,114.0,7.73,2.588,1.9319938176197835,2026-03-09 04:00:00,2.034174125305126,2.1070375052675936,2.1450021450021453,79.38517179023508,0.15000000000000036,1431.164
4899,2026-03-09,05:00:00,562.0,7.68,109.0,7.76,2.588,1.9319938176197835,2026-03-09 05:00:00,1.9319938176197835,2.034174125305126,2.1070375052675936,80.6049822064057,0.08000000000000007,1454.4560000000001
4900,2026-03-09,06:00:00,551.0,7.76,105.0,7.71,2.588,1.9319938176197835,2026-03-09 06:00:00,1.9319938176197835,1.9319938176197835,2.034174125305126,80.94373865698729,-0.04999999999999982,1425.988
4877,2026-03-09,07:00:00,779.0,7.64,123.0,7.62,2.373,2.34115278363066,2026-03-09 07:00:00,1.9319938176197835,1.9319938176197835,1.9319938176197835,84.21052631578947,-0.019999999999999574,1848.5670000000002
4878,2026-03-09,08:00:00,765.0,7.68,120.0,7.64,2.373,2.34115278363066,2026-03-09 08:00:00,2.34115278363066,1.9319938176197835,1.9319938176197835,84.31372549019608,-0.040000000000000036,1815.3450000000003
4879,2026-03-09,09:00:00,770.0,7.71,119.0,7.69,2.373,2.34115278363066,2026-03-09 09:00:00,2.34115278363066,2.34115278363066,1.9319938176197835,84.54545454545455,-0.019999999999999574,1827.2100000000003
4880,2026-03-09,10:00:00,768.0,7.73,121.0,7.71,2.373,2.34115278363066,2026-03-09 10:00:00,2.34115278363066,2.34115278363066,2.34115278363066,84.24479166666666,-0.020000000000000462,1822.4640000000002
4881,2026-03-09,11:00:00,762.0,7.7,124.0,7.73,2.373,2.34115278363066,2026-03-09 11:00:00,2.34115278363066,2.34115278363066,2.34115278363066,83.72703412073491,0.03000000000000025,1808.226
4882,2026-03-09,12:00:00,645.0,7.66,125.0,7.71,2.373,2.1070375052675936,2026-03-09 12:00:00,2.34115278363066,2.34115278363066,2.34115278363066,80.62015503875969,0.04999999999999982,1530.585
4883,2026-03-09,13:00:00,636.0,7.69,122.0,7.73,2.373,2.1070375052675936,2026-03-09 13:00:00,2.1070375052675936,2.34115278363066,2.34115278363066,80.81761006289308,0.040000000000000036,1509.228
4884,2026-03-09,14:00:00,648.0,7.71,120.0,7.74,2.373,2.1070375052675936,2026-03-09 14:00:00,2.1070375052675936,2.1070375052675936,2.34115278363066,81.48148148148148,0.03000000000000025,1537.7040000000002
4885,2026-03-09,15:00:00,666.0,7.64,118.0,7.68,2.373,2.1070375052675936,2026-03-09 15:00:00,2.1070375052675936,2.1070375052675936,2.1070375052675936,82.28228228228228,0.040000000000000036,1580.4180000000001
4886,2026-03-09,16:00:00,650.0,7.66,115.0,7.7,2.373,2.1070375052675936,2026-03-09 16:00:00,2.1070375052675936,2.1070375052675936,2.1070375052675936,82.3076923076923,0.040000000000000036,1542.45
4887,2026-03-09,17:00:00,639.0,7.67,116.0,7.73,2.373,2.1070375052675936,2026-03-09 17:00:00,2.1070375052675936,2.1070375052675936,2.1070375052675936,81.84663536776213,0.0600000000000005,1516.3470000000002
4888,2026-03-09,18:00:00,632.0,7.72,119.0,7.74,2.373,2.1070375052675936,2026-03-09 18:00:00,2.1070375052675936,2.1070375052675936,2.1070375052675936,81.17088607594937,0.020000000000000462,1499.736
4889,2026-03-09,19:00:00,573.0,7.58,113.0,7.78,2.331,2.1450021450021453,2026-03-09 19:00:00,2.1070375052675936,2.1070375052675936,2.1070375052675936,80.27923211169285,0.20000000000000018,1335.663
4890,2026-03-09,20:00:00,586.0,7.62,116.0,7.8,2.331,2.1450021450021453,2026-03-09 20:00:00,2.1450021450021453,2.1070375052675936,2.1070375052675936,80.2047781569966,0.17999999999999972,1365.966
4891,2026-03-09,21:00:00,565.0,7.6,111.0,7.77,2.331,2.1450021450021453,2026-03-09 21:00:00,2.1450021450021453,2.1450021450021453,2.1070375052675936,80.35398230088495,0.16999999999999993,1317.0149999999999
4892,2026-03-09,22:00:00,568.0,7.66,107.0,7.74,2.331,2.1450021450021453,2026-03-09 22:00:00,2.1450021450021453,2.1450021450021453,2.1450021450021453,81.16197183098592,0.08000000000000007,1324.008
4893,2026-03-09,23:00:00,564.0,7.7,112.0,7.71,2.331,2.1450021450021453,2026-03-09 23:00:00,2.1450021450021453,2.1450021450021453,2.1450021450021453,80.1418439716312,0.009999999999999787,1314.684
4919,2026-03-10,00:00:00,530.0,7.95,73.0,7.89,2.331,1.6683350016683351,2026-03-10 00:00:00,2.1450021450021453,2.1450021450021453,2.1450021450021453,86.22641509433963,-0.0600000000000005,1235.43
4920,2026-03-10,01:00:00,523.0,7.87,77.0,7.96,2.331,1.6683350016683351,2026-03-10 01:00:00,1.6683350016683351,2.1450021450021453,2.1450021450021453,85.27724665391969,0.08999999999999986,1219.113
4921,2026-03-10,02:00:00,507.0,7.99,80.0,7.92,2.331,1.6683350016683351,2026-03-10 02:00:00,1.6683350016683351,1.6683350016683351,2.1450021450021453,84.22090729783037,-0.07000000000000028,1181.817
4922,2026-03-10,03:00:00,504.0,7.88,76.0,7.9,2.331,1.6683350016683351,2026-03-10 03:00:00,1.6683350016683351,1.6683350016683351,1.6683350016683351,84.92063492063492,0.020000000000000462,1174.824
4923,2026-03-10,04:00:00,509.0,7.83,79.0,7.87,2.289,1.6989466530750934,2026-03-10 04:00:00,1.6683350016683351,1.6683350016683351,1.6683350016683351,84.47937131630648,0.040000000000000036,1165.101
4924,2026-03-10,05:00:00,496.0,7.72,82.0,7.9,2.207,1.762070180738056,2026-03-10 05:00:00,1.6989466530750934,1.6683350016683351,1.6683350016683351,83.46774193548387,0.1800000000000006,1094.672
4925,2026-03-10,06:00:00,475.0,7.79,88.0,7.95,2.126,1.829204557332497,2026-03-10 06:00:00,1.762070180738056,1.6989466530750934,1.6683350016683351,81.47368421052632,0.16000000000000014,1009.8499999999999
4902,2026-03-10,07:00:00,519.0,7.71,108.0,7.74,2.588,1.609994848016486,2026-03-10 07:00:00,1.829204557332497,1.762070180738056,1.6989466530750934,79.1907514450867,0.03000000000000025,1343.172
4903,2026-03-10,08:00:00,526.0,7.73,105.0,7.72,2.588,1.609994848016486,2026-03-10 08:00:00,1.609994848016486,1.829204557332497,1.762070180738056,80.03802281368822,-0.010000000000000675,1361.288
4904,2026-03-10,09:00:00,520.0,7.75,100.0,7.74,2.588,1.609994848016486,2026-03-10 09:00:00,1.609994848016486,1.609994848016486,1.829204557332497,80.76923076923077,-0.009999999999999787,1345.76
4905,2026-03-10,10:00:00,516.0,7.72,98.0,7.77,2.544,1.5286512928022362,2026-03-10 10:00:00,1.609994848016486,1.609994848016486,1.609994848016486,81.0077519379845,0.04999999999999982,1312.704
4906,2026-03-10,11:00:00,518.0,7.7,95.0,7.8,2.544,1.5286512928022362,2026-03-10 11:00:00,1.5286512928022362,1.609994848016486,1.609994848016486,81.66023166023166,0.09999999999999964,1317.792
4907,2026-03-10,12:00:00,515.0,7.68,91.0,7.79,2.501,1.5549335821227066,2026-03-10 12:00:00,1.5286512928022362,1.5286512928022362,1.609994848016486,82.33009708737865,0.11000000000000032,1288.0149999999999
4908,2026-03-10,13:00:00,523.0,7.74,96.0,7.75,2.501,1.5549335821227066,2026-03-10 13:00:00,1.5549335821227066,1.5286512928022362,1.5286512928022362,81.64435946462714,0.009999999999999787,1308.023
4909,2026-03-10,14:00:00,517.0,7.7,92.0,7.77,2.501,1.5549335821227066,2026-03-10 14:00:00,1.5549335821227066,1.5549335821227066,1.5286512928022362,82.20502901353966,0.0699999999999994,1293.017
4910,2026-03-10,15:00:00,522.0,7.69,102.0,7.79,2.501,1.5549335821227066,2026-03-10 15:00:00,1.5549335821227066,1.5549335821227066,1.5549335821227066,80.45977011494253,0.09999999999999964,1305.522
4911,2026-03-10,16:00:00,512.0,7.73,99.0,7.76,2.458,1.5821354307928757,2026-03-10 16:00:00,1.5549335821227066,1.5549335821227066,1.5549335821227066,80.6640625,0.02999999999999936,1258.496
4912,2026-03-10,17:00:00,506.0,7.75,97.0,7.78,2.415,1.6103059581320451,2026-03-10 17:00:00,1.5821354307928757,1.5549335821227066,1.5549335821227066,80.8300395256917,0.03000000000000025,1221.99
4913,2026-03-10,18:00:00,511.0,7.76,94.0,7.77,2.415,1.6103059581320451,2026-03-10 18:00:00,1.6103059581320451,1.5821354307928757,1.5549335821227066,81.60469667318982,0.009999999999999787,1234.065
4914,2026-03-10,19:00:00,501.0,7.74,87.0,7.92,2.373,1.6388069485414616,2026-03-10 19:00:00,1.6103059581320451,1.6103059581320451,1.5821354307928757,82.63473053892216,0.17999999999999972,1188.873
4915,2026-03-10,20:00:00,505.0,7.69,90.0,7.89,2.373,1.6388069485414616,2026-03-10 20:00:00,1.6388069485414616,1.6103059581320451,1.6103059581320451,82.17821782178217,0.1999999999999993,1198.365
4916,2026-03-10,21:00:00,511.0,7.77,88.0,7.79,2.373,1.6388069485414616,2026-03-10 21:00:00,1.6388069485414616,1.6388069485414616,1.6103059581320451,82.7788649706458,0.020000000000000462,1212.603
4917,2026-03-10,22:00:00,526.0,7.64,81.0,7.85,2.373,1.6388069485414616,2026-03-10 22:00:00,1.6388069485414616,1.6388069485414616,1.6388069485414616,84.60076045627376,0.20999999999999996,1248.198
4918,2026-03-10,23:00:00,515.0,7.81,84.0,7.93,2.331,1.6683350016683351,2026-03-10 23:00:00,1.6388069485414616,1.6388069485414616,1.6388069485414616,83.68932038834951,0.1200000000000001,1200.465
4944,2026-03-11,00:00:00,368.0,7.83,82.0,7.93,1.667,0.8331666999933346,2026-03-11 00:00:00,1.6683350016683351,1.6388069485414616,1.6388069485414616,77.71739130434783,0.09999999999999964,613.456
4945,2026-03-11,01:00:00,366.0,7.89,81.0,7.95,1.667,0.8331666999933346,2026-03-11 01:00:00,0.8331666999933346,1.6683350016683351,1.6388069485414616,77.8688524590164,0.0600000000000005,610.122
4946,2026-03-11,02:00:00,367.0,7.94,84.0,7.91,1.631,0.8515566455480619,2026-03-11 02:00:00,0.8331666999933346,0.8331666999933346,1.6683350016683351,77.11171662125341,-0.03000000000000025,598.577
4947,2026-03-11,03:00:00,361.0,7.96,86.0,7.96,1.631,0.8515566455480619,2026-03-11 03:00:00,0.8515566455480619,0.8331666999933346,0.8331666999933346,76.17728531855957,0.0,588.791
4948,2026-03-11,04:00:00,354.0,7.91,92.0,7.92,1.631,0.8515566455480619,2026-03-11 04:00:00,0.8515566455480619,0.8515566455480619,0.8331666999933346,74.01129943502825,0.009999999999999787,577.374
4949,2026-03-11,05:00:00,339.0,7.87,95.0,7.91,1.595,0.8707767328456983,2026-03-11 05:00:00,0.8515566455480619,0.8515566455480619,0.8515566455480619,71.976401179941,0.040000000000000036,540.705
4950,2026-03-11,06:00:00,369.0,7.92,91.0,7.92,1.595,0.8707767328456983,2026-03-11 06:00:00,0.8707767328456983,0.8515566455480619,0.8515566455480619,75.33875338753387,0.0,588.555
4927,2026-03-11,07:00:00,460.0,7.77,110.0,7.9,2.046,1.3576626479852287,2026-03-11 07:00:00,0.8707767328456983,0.8707767328456983,0.8515566455480619,76.08695652173914,0.13000000000000078,941.16
4928,2026-03-11,08:00:00,467.0,7.7,95.0,7.75,2.046,1.3576626479852287,2026-03-11 08:00:00,1.3576626479852287,0.8707767328456983,0.8707767328456983,79.65738758029978,0.04999999999999982,955.482
4929,2026-03-11,09:00:00,458.0,7.74,97.0,7.88,2.046,1.3576626479852287,2026-03-11 09:00:00,1.3576626479852287,1.3576626479852287,0.8707767328456983,78.82096069868996,0.13999999999999968,937.0679999999999
4930,2026-03-11,10:00:00,450.0,7.71,94.0,7.8,2.046,1.3576626479852287,2026-03-11 10:00:00,1.3576626479852287,1.3576626479852287,1.3576626479852287,79.11111111111111,0.08999999999999986,920.6999999999999
4931,2026-03-11,11:00:00,413.0,7.58,92.0,7.85,2.006,1.3847346848343858,2026-03-11 11:00:00,1.3576626479852287,1.3576626479852287,1.3576626479852287,77.72397094430993,0.2699999999999996,828.478
4932,2026-03-11,12:00:00,401.0,7.77,91.0,7.72,2.006,1.3847346848343858,2026-03-11 12:00:00,1.3847346848343858,1.3576626479852287,1.3576626479852287,77.3067331670823,-0.04999999999999982,804.406
4933,2026-03-11,13:00:00,397.0,7.69,87.0,7.7,2.006,1.3847346848343858,2026-03-11 13:00:00,1.3847346848343858,1.3847346848343858,1.3576626479852287,78.08564231738035,0.009999999999999787,796.382
4934,2026-03-11,14:00:00,400.0,7.72,82.0,7.65,2.006,1.3847346848343858,2026-03-11 14:00:00,1.3847346848343858,1.3847346848343858,1.3847346848343858,79.5,-0.0699999999999994,802.3999999999999
4935,2026-03-11,15:00:00,394.0,7.7,88.0,7.69,1.967,0.9885330170027676,2026-03-11 15:00:00,1.3847346848343858,1.3847346848343858,1.3847346848343858,77.66497461928934,-0.009999999999999787,774.998
4936,2026-03-11,16:00:00,378.0,7.78,80.0,7.72,1.929,1.0080064512412878,2026-03-11 16:00:00,0.9885330170027676,1.3847346848343858,1.3847346848343858,78.83597883597884,-0.0600000000000005,729.162
4937,2026-03-11,17:00:00,365.0,7.73,78.0,7.77,1.852,1.0499160067194624,2026-03-11 17:00:00,1.0080064512412878,0.9885330170027676,1.3847346848343858,78.63013698630137,0.03999999999999915,675.98
4938,2026-03-11,18:00:00,342.0,7.69,75.0,7.7,1.814,1.0719098370697049,2026-03-11 18:00:00,1.0499160067194624,1.0080064512412878,0.9885330170027676,78.0701754385965,0.009999999999999787,620.388
4939,2026-03-11,19:00:00,341.0,7.92,74.0,8.1,1.777,1.094228725067217,2026-03-11 19:00:00,1.0719098370697049,1.0499160067194624,1.0080064512412878,78.2991202346041,0.17999999999999972,605.957
4940,2026-03-11,20:00:00,347.0,7.96,72.0,8.05,1.74,0.7982120051085567,2026-03-11 20:00:00,1.094228725067217,1.0719098370697049,1.0499160067194624,79.2507204610951,0.09000000000000075,603.78
4941,2026-03-11,21:00:00,343.0,7.98,76.0,8.08,1.703,0.8155542506687544,2026-03-11 21:00:00,0.7982120051085567,1.094228725067217,1.0719098370697049,77.84256559766763,0.09999999999999964,584.129
4942,2026-03-11,22:00:00,351.0,7.95,78.0,8.02,1.703,0.8155542506687544,2026-03-11 22:00:00,0.8155542506687544,0.7982120051085567,1.094228725067217,77.77777777777779,0.0699999999999994,597.753
4943,2026-03-11,23:00:00,358.0,7.9,80.0,7.98,1.703,0.8155542506687544,2026-03-11 23:00:00,0.8155542506687544,0.8155542506687544,0.7982120051085567,77.6536312849162,0.08000000000000007,609.674
4952,2026-03-12,07:00:00,358.0,7.77,100.0,8.01,1.595,0.8707767328456983,2026-03-12 07:00:00,0.8155542506687544,0.8155542506687544,0.8155542506687544,72.06703910614524,0.2400000000000002,571.01
4953,2026-03-12,08:00:00,342.0,7.72,96.0,7.51,1.595,0.8707767328456983,2026-03-12 08:00:00,0.8707767328456983,0.8155542506687544,0.8155542506687544,71.9298245614035,-0.20999999999999996,545.49
4954,2026-03-12,09:00:00,347.0,7.75,98.0,7.58,1.595,0.8707767328456983,2026-03-12 09:00:00,0.8707767328456983,0.8707767328456983,0.8155542506687544,71.75792507204612,-0.16999999999999993,553.465
4955,2026-03-12,10:00:00,330.0,7.7,90.0,7.69,1.56,0.8903133903133902,2026-03-12 10:00:00,0.8707767328456983,0.8707767328456983,0.8707767328456983,72.72727272727273,-0.009999999999999787,514.8000000000001
4956,2026-03-12,11:00:00,307.0,7.74,84.0,7.74,1.56,0.8903133903133902,2026-03-12 11:00:00,0.8903133903133902,0.8707767328456983,0.8707767328456983,72.63843648208469,0.0,478.92
4994,2026-03-17,00:00:00,360.0,7.9,227.0,8.08,1.89,0.7348618459729571,2026-03-17 00:00:00,0.8903133903133902,0.8903133903133902,0.8707767328456983,36.94444444444444,0.17999999999999972,680.4
4995,2026-03-17,01:00:00,363.0,7.96,219.0,8.12,1.852,0.7499400047996159,2026-03-17 01:00:00,0.7348618459729571,0.8903133903133902,0.8903133903133902,39.66942148760331,0.15999999999999925,672.2760000000001
4996,2026-03-17,02:00:00,359.0,8.02,225.0,8.16,1.814,0.7656498836212177,2026-03-17 02:00:00,0.7499400047996159,0.7348618459729571,0.8903133903133902,37.32590529247911,0.14000000000000057,651.226
4997,2026-03-17,03:00:00,351.0,8.05,210.0,8.11,1.777,0.7815919464765835,2026-03-17 03:00:00,0.7656498836212177,0.7499400047996159,0.7348618459729571,40.17094017094017,0.05999999999999872,623.727
4998,2026-03-17,04:00:00,355.0,7.97,206.0,8.09,1.777,0.7815919464765835,2026-03-17 04:00:00,0.7815919464765835,0.7656498836212177,0.7499400047996159,41.971830985915496,0.1200000000000001,630.8349999999999
4999,2026-03-17,05:00:00,364.0,7.94,218.0,8.12,1.777,0.7815919464765835,2026-03-17 05:00:00,0.7815919464765835,0.7815919464765835,0.7656498836212177,40.10989010989011,0.17999999999999883,646.828
5000,2026-03-17,06:00:00,372.0,8.01,233.0,8.14,1.777,0.7815919464765835,2026-03-17 06:00:00,0.7815919464765835,0.7815919464765835,0.7815919464765835,37.365591397849464,0.13000000000000078,661.044
4977,2026-03-17,07:00:00,310.0,7.89,198.0,8.01,1.967,0.7060950121448342,2026-03-17 07:00:00,0.7815919464765835,0.7815919464765835,0.7815919464765835,36.12903225806451,0.1200000000000001,609.77
4978,2026-03-17,08:00:00,318.0,7.74,139.0,7.73,1.967,0.7060950121448342,2026-03-17 08:00:00,0.7060950121448342,0.7815919464765835,0.7815919464765835,56.289308176100626,-0.009999999999999787,625.506
4979,2026-03-17,09:00:00,321.0,7.83,144.0,7.8,2.086,0.665814424203686,2026-03-17 09:00:00,0.7060950121448342,0.7060950121448342,0.7815919464765835,55.140186915887845,-0.03000000000000025,669.606
4980,2026-03-17,10:00:00,324.0,7.86,142.0,7.84,2.248,0.6178331356267298,2026-03-17 10:00:00,0.665814424203686,0.7060950121448342,0.7060950121448342,56.17283950617284,-0.020000000000000462,728.3520000000001
4981,2026-03-17,11:00:00,233.0,7.87,157.0,7.93,2.289,0.6067666618125334,2026-03-17 11:00:00,0.6178331356267298,0.665814424203686,0.7060950121448342,32.61802575107296,0.05999999999999961,533.337
4984,2026-03-17,14:00:00,318.0,7.84,172.0,8.0,2.289,0.6067666618125334,2026-03-17 14:00:00,0.6067666618125334,0.6178331356267298,0.665814424203686,45.911949685534594,0.16000000000000014,727.902
4985,2026-03-17,15:00:00,324.0,7.88,174.0,7.98,2.289,0.6067666618125334,2026-03-17 15:00:00,0.6067666618125334,0.6067666618125334,0.6178331356267298,46.2962962962963,0.10000000000000053,741.6360000000001
4986,2026-03-17,16:00:00,318.0,7.86,195.0,8.03,2.248,0.6178331356267298,2026-03-17 16:00:00,0.6067666618125334,0.6067666618125334,0.6067666618125334,38.67924528301887,0.16999999999999904,714.864
4987,2026-03-17,17:00:00,313.0,7.89,204.0,8.07,2.207,0.6293107788350198,2026-03-17 17:00:00,0.6178331356267298,0.6067666618125334,0.6067666618125334,34.82428115015975,0.1800000000000006,690.7909999999999
4988,2026-03-17,18:00:00,308.0,7.9,201.0,8.02,2.166,0.6412229403919155,2026-03-17 18:00:00,0.6293107788350198,0.6178331356267298,0.6067666618125334,34.74025974025974,0.11999999999999922,667.1279999999999
4989,2026-03-17,19:00:00,344.0,7.97,196.0,8.1,2.126,0.6532873419044632,2026-03-17 19:00:00,0.6412229403919155,0.6293107788350198,0.6178331356267298,43.02325581395349,0.1299999999999999,731.3439999999999
4990,2026-03-17,20:00:00,350.0,7.99,191.0,8.06,2.086,0.665814424203686,2026-03-17 20:00:00,0.6532873419044632,0.6412229403919155,0.6293107788350198,45.42857142857143,0.07000000000000028,730.0999999999999
4991,2026-03-17,21:00:00,347.0,7.95,185.0,8.03,2.006,0.6923673424171929,2026-03-17 21:00:00,0.665814424203686,0.6532873419044632,0.6412229403919155,46.68587896253602,0.07999999999999918,696.0819999999999
4992,2026-03-17,22:00:00,356.0,7.9,189.0,8.07,1.967,0.7060950121448342,2026-03-17 22:00:00,0.6923673424171929,0.665814424203686,0.6532873419044632,46.91011235955056,0.16999999999999993,700.2520000000001
4993,2026-03-17,23:00:00,341.0,7.89,192.0,8.1,1.929,0.7200046080294913,2026-03-17 23:00:00,0.7060950121448342,0.6923673424171929,0.665814424203686,43.6950146627566,0.20999999999999996,657.789
5021,2026-03-18,02:00:00,872.0,7.78,231.0,7.48,3.233,5.155170636148057,2026-03-18 02:00:00,0.7200046080294913,0.7060950121448342,0.6923673424171929,73.5091743119266,-0.2999999999999998,2819.176
5022,2026-03-18,03:00:00,878.0,7.62,215.0,7.45,3.233,5.155170636148057,2026-03-18 03:00:00,5.155170636148057,0.7200046080294913,0.7060950121448342,75.5125284738041,-0.16999999999999993,2838.574
5023,2026-03-18,04:00:00,892.0,7.71,219.0,7.41,3.185,5.232862375719519,2026-03-18 04:00:00,5.155170636148057,5.155170636148057,0.7200046080294913,75.44843049327355,-0.2999999999999998,2841.02
5024,2026-03-18,05:00:00,805.0,7.68,211.0,7.28,3.137,5.312931675698651,2026-03-18 05:00:00,5.232862375719519,5.155170636148057,5.155170636148057,73.7888198757764,-0.39999999999999947,2525.285
5025,2026-03-18,06:00:00,762.0,7.73,202.0,7.02,3.09,5.393743257820928,2026-03-18 06:00:00,5.312931675698651,5.232862375719519,5.155170636148057,73.49081364829397,-0.7100000000000009,2354.58
5002,2026-03-18,07:00:00,383.0,8.01,185.0,8.03,1.777,0.7815919464765835,2026-03-18 07:00:00,5.393743257820928,5.312931675698651,5.232862375719519,51.697127937336816,0.019999999999999574,680.591
5003,2026-03-18,08:00:00,376.0,7.98,180.0,7.8,1.74,0.7982120051085567,2026-03-18 08:00:00,0.7815919464765835,5.393743257820928,5.312931675698651,52.12765957446809,-0.1800000000000006,654.24
5004,2026-03-18,09:00:00,372.0,7.94,204.0,8.09,1.74,0.7982120051085567,2026-03-18 09:00:00,0.7982120051085567,0.7815919464765835,5.393743257820928,45.16129032258064,0.14999999999999947,647.28
5005,2026-03-18,10:00:00,365.0,7.99,202.0,8.06,1.74,0.7982120051085567,2026-03-18 10:00:00,0.7982120051085567,0.7982120051085567,0.7815919464765835,44.657534246575345,0.07000000000000028,635.1
5006,2026-03-18,11:00:00,351.0,7.97,199.0,8.04,1.74,0.7982120051085567,2026-03-18 11:00:00,0.7982120051085567,0.7982120051085567,0.7982120051085567,43.3048433048433,0.0699999999999994,610.74
5007,2026-03-18,12:00:00,335.0,7.99,197.0,8.06,1.703,0.8155542506687544,2026-03-18 12:00:00,0.7982120051085567,0.7982120051085567,0.7982120051085567,41.19402985074627,0.07000000000000028,570.505
5008,2026-03-18,13:00:00,332.0,8.0,195.0,8.02,1.703,0.8155542506687544,2026-03-18 13:00:00,0.8155542506687544,0.7982120051085567,0.7982120051085567,41.265060240963855,0.019999999999999574,565.3960000000001
5009,2026-03-18,14:00:00,338.0,8.02,188.0,8.08,1.703,0.8155542506687544,2026-03-18 14:00:00,0.8155542506687544,0.8155542506687544,0.7982120051085567,44.37869822485207,0.0600000000000005,575.614
5010,2026-03-18,15:00:00,820.0,7.83,125.0,7.9,2.857,2.9168125072920312,2026-03-18 15:00:00,0.8155542506687544,0.8155542506687544,0.8155542506687544,84.7560975609756,0.07000000000000028,2342.7400000000002
5044,2026-03-19,00:00:00,812.0,7.61,99.0,7.54,2.588,3.0053237162974407,2026-03-19 00:00:00,2.9168125072920312,0.8155542506687544,0.8155542506687544,87.807881773399,-0.07000000000000028,2101.456
5045,2026-03-19,01:00:00,819.0,7.66,102.0,7.51,2.588,3.0053237162974407,2026-03-19 01:00:00,3.0053237162974407,2.9168125072920312,0.8155542506687544,87.54578754578755,-0.15000000000000036,2119.572
5046,2026-03-19,02:00:00,827.0,7.6,100.0,7.47,2.588,3.0053237162974407,2026-03-19 02:00:00,3.0053237162974407,3.0053237162974407,2.9168125072920312,87.9081015719468,-0.1299999999999999,2140.276
5047,2026-03-19,03:00:00,833.0,7.64,98.0,7.42,2.588,3.0053237162974407,2026-03-19 03:00:00,3.0053237162974407,3.0053237162974407,3.0053237162974407,88.23529411764706,-0.21999999999999975,2155.804
5048,2026-03-19,04:00:00,864.0,7.59,101.0,7.48,2.588,3.0053237162974407,2026-03-19 04:00:00,3.0053237162974407,3.0053237162974407,3.0053237162974407,88.31018518518519,-0.10999999999999943,2236.032
5049,2026-03-19,05:00:00,812.0,7.63,106.0,7.58,2.588,3.0053237162974407,2026-03-19 05:00:00,3.0053237162974407,3.0053237162974407,3.0053237162974407,86.94581280788178,-0.04999999999999982,2101.456
5050,2026-03-19,06:00:00,792.0,7.66,109.0,7.52,2.588,3.0053237162974407,2026-03-19 06:00:00,3.0053237162974407,3.0053237162974407,3.0053237162974407,86.23737373737373,-0.14000000000000057,2049.696
5027,2026-03-19,07:00:00,734.0,7.6,122.0,6.77,2.995,5.379335930254127,2026-03-19 07:00:00,3.0053237162974407,3.0053237162974407,3.0053237162974407,83.37874659400545,-0.8300000000000001,2198.33
5028,2026-03-19,08:00:00,728.0,7.58,96.0,6.32,2.949,4.709694435025056,2026-03-19 08:00:00,5.379335930254127,3.0053237162974407,3.0053237162974407,86.81318681318682,-1.2599999999999998,2146.872
5029,2026-03-19,09:00:00,723.0,7.61,98.0,6.68,2.903,3.8274581850193288,2026-03-19 09:00:00,4.709694435025056,5.379335930254127,3.0053237162974407,86.44536652835409,-0.9300000000000006,2098.869
5030,2026-03-19,10:00:00,718.0,7.7,87.0,6.74,2.857,3.889083343056041,2026-03-19 10:00:00,3.8274581850193288,4.709694435025056,5.379335930254127,87.88300835654597,-0.96,2051.326
5031,2026-03-19,11:00:00,712.0,7.64,90.0,7.03,2.857,3.402947925174036,2026-03-19 11:00:00,3.889083343056041,3.8274581850193288,4.709694435025056,87.35955056179775,-0.6099999999999994,2034.1840000000002
5032,2026-03-19,12:00:00,702.0,7.5,91.0,7.16,2.811,3.458634728645401,2026-03-19 12:00:00,3.402947925174036,3.889083343056041,3.8274581850193288,87.03703703703704,-0.33999999999999986,1973.322
5033,2026-03-19,13:00:00,698.0,7.67,89.0,7.08,2.811,3.063362188228784,2026-03-19 13:00:00,3.458634728645401,3.402947925174036,3.889083343056041,87.24928366762178,-0.5899999999999999,1962.078
5034,2026-03-19,14:00:00,675.0,7.63,92.0,7.1,2.811,3.063362188228784,2026-03-19 14:00:00,3.063362188228784,3.458634728645401,3.402947925174036,86.37037037037038,-0.5300000000000002,1897.425
5035,2026-03-19,15:00:00,680.0,7.61,120.0,7.14,2.811,3.063362188228784,2026-03-19 15:00:00,3.063362188228784,3.063362188228784,3.458634728645401,82.35294117647058,-0.47000000000000064,1911.48
5036,2026-03-19,16:00:00,712.0,7.62,112.0,7.12,2.766,2.811922551618864,2026-03-19 16:00:00,3.063362188228784,3.063362188228784,3.063362188228784,84.26966292134831,-0.5,1969.392
5037,2026-03-19,17:00:00,723.0,7.6,104.0,7.15,2.766,2.811922551618864,2026-03-19 17:00:00,2.811922551618864,3.063362188228784,3.063362188228784,85.61549100968188,-0.4499999999999993,1999.818
5038,2026-03-19,18:00:00,730.0,7.63,106.0,7.17,2.721,2.8584262321858795,2026-03-19 18:00:00,2.811922551618864,2.811922551618864,3.063362188228784,85.47945205479452,-0.45999999999999996,1986.3300000000002
5039,2026-03-19,19:00:00,730.0,7.5,103.0,7.35,2.721,2.8584262321858795,2026-03-19 19:00:00,2.8584262321858795,2.811922551618864,2.811922551618864,85.89041095890411,-0.15000000000000036,1986.3300000000002
5040,2026-03-19,20:00:00,726.0,7.57,110.0,7.3,2.676,2.9064939378840724,2026-03-19 20:00:00,2.8584262321858795,2.8584262321858795,2.811922551618864,84.84848484848484,-0.27000000000000046,1942.776
5041,2026-03-19,21:00:00,722.0,7.55,107.0,7.28,2.676,2.9064939378840724,2026-03-19 21:00:00,2.9064939378840724,2.8584262321858795,2.8584262321858795,85.18005540166205,-0.2699999999999996,1932.0720000000001
5042,2026-03-19,22:00:00,759.0,7.63,104.0,7.36,2.632,2.955082742316785,2026-03-19 22:00:00,2.9064939378840724,2.9064939378840724,2.8584262321858795,86.29776021080369,-0.2699999999999996,1997.688
5043,2026-03-19,23:00:00,820.0,7.68,110.0,7.48,2.632,2.955082742316785,2026-03-19 23:00:00,2.955082742316785,2.9064939378840724,2.9064939378840724,86.58536585365853,-0.1999999999999993,2158.2400000000002
5052,2026-03-26,07:00:00,342.0,7.7,117.0,7.65,1.631,1.0218679746576742,2026-03-26 07:00:00,2.955082742316785,2.955082742316785,2.9064939378840724,65.78947368421053,-0.04999999999999982,557.802
5053,2026-03-26,08:00:00,325.0,7.67,123.0,7.04,1.631,1.0218679746576742,2026-03-26 08:00:00,1.0218679746576742,2.955082742316785,2.955082742316785,62.153846153846146,-0.6299999999999999,530.075
5054,2026-03-26,09:00:00,322.0,7.71,127.0,7.64,1.631,1.0218679746576742,2026-03-26 09:00:00,1.0218679746576742,1.0218679746576742,2.955082742316785,60.55900621118012,-0.07000000000000028,525.182
5055,2026-03-26,10:00:00,330.0,7.75,132.0,7.66,1.631,1.0218679746576742,2026-03-26 10:00:00,1.0218679746576742,1.0218679746576742,1.0218679746576742,60.0,-0.08999999999999986,538.23
5056,2026-03-26,11:00:00,323.0,7.79,115.0,7.7,1.631,1.0218679746576742,2026-03-26 11:00:00,1.0218679746576742,1.0218679746576742,1.0218679746576742,64.39628482972137,-0.08999999999999986,526.813
5057,2026-03-26,12:00:00,316.0,7.88,106.0,7.73,1.631,1.0218679746576742,2026-03-26 12:00:00,1.0218679746576742,1.0218679746576742,1.0218679746576742,66.45569620253164,-0.14999999999999947,515.396
5058,2026-03-26,13:00:00,308.0,7.87,111.0,7.76,1.631,0.8515566455480619,2026-03-26 13:00:00,1.0218679746576742,1.0218679746576742,1.0218679746576742,63.961038961038966,-0.11000000000000032,502.348
5059,2026-03-26,14:00:00,303.0,7.77,115.0,7.7,1.631,0.8515566455480619,2026-03-26 14:00:00,0.8515566455480619,1.0218679746576742,1.0218679746576742,62.04620462046204,-0.0699999999999994,494.193
5060,2026-03-26,15:00:00,307.0,7.79,105.0,7.73,1.631,0.8515566455480619,2026-03-26 15:00:00,0.8515566455480619,0.8515566455480619,1.0218679746576742,65.79804560260585,-0.05999999999999961,500.717
5061,2026-03-26,16:00:00,305.0,7.84,108.0,7.86,1.631,0.8515566455480619,2026-03-26 16:00:00,0.8515566455480619,0.8515566455480619,0.8515566455480619,64.59016393442623,0.020000000000000462,497.455
5062,2026-03-26,17:00:00,308.0,7.89,110.0,7.93,1.595,0.8707767328456983,2026-03-26 17:00:00,0.8515566455480619,0.8515566455480619,0.8515566455480619,64.28571428571429,0.040000000000000036,491.26
5063,2026-03-26,18:00:00,302.0,7.85,106.0,7.9,1.595,0.8707767328456983,2026-03-26 18:00:00,0.8707767328456983,0.8515566455480619,0.8515566455480619,64.90066225165563,0.05000000000000071,481.69
5119,2026-03-30,00:00:00,504.0,8.03,127.0,8.17,2.166,2.564891761567662,2026-03-30 00:00:00,0.8707767328456983,0.8707767328456983,0.8515566455480619,74.8015873015873,0.14000000000000057,1091.664
5120,2026-03-30,01:00:00,514.0,8.07,131.0,8.22,2.166,2.8213809377244283,2026-03-30 01:00:00,2.564891761567662,0.8707767328456983,0.8707767328456983,74.5136186770428,0.15000000000000036,1113.324
5121,2026-03-30,02:00:00,522.0,8.13,135.0,8.3,2.166,2.8213809377244283,2026-03-30 02:00:00,2.8213809377244283,2.564891761567662,0.8707767328456983,74.13793103448276,0.16999999999999993,1130.652
5122,2026-03-30,03:00:00,566.0,8.16,132.0,8.28,2.166,2.564891761567662,2026-03-30 03:00:00,2.8213809377244283,2.8213809377244283,2.564891761567662,76.67844522968198,0.11999999999999922,1225.956
5123,2026-03-30,04:00:00,630.0,8.11,121.0,8.16,2.126,2.613149367617853,2026-03-30 04:00:00,2.564891761567662,2.8213809377244283,2.8213809377244283,80.7936507936508,0.05000000000000071,1339.3799999999999
5124,2026-03-30,05:00:00,651.0,8.04,97.0,8.0,2.126,2.613149367617853,2026-03-30 05:00:00,2.613149367617853,2.564891761567662,2.8213809377244283,85.09984639016898,-0.03999999999999915,1384.0259999999998
5125,2026-03-30,06:00:00,660.0,8.07,99.0,8.08,2.086,3.994886545222116,2026-03-30 06:00:00,2.613149367617853,2.613149367617853,2.564891761567662,85.0,0.009999999999999787,1376.76
5117,2026-03-30,22:00:00,328.0,8.11,120.0,8.13,2.207,0.6293107788350198,2026-03-30 22:00:00,3.994886545222116,2.613149367617853,2.613149367617853,63.41463414634146,0.02000000000000135,723.896
5118,2026-03-30,23:00:00,494.0,8.17,125.0,8.15,2.207,1.8879323365050595,2026-03-30 23:00:00,0.6293107788350198,3.994886545222116,2.613149367617853,74.69635627530364,-0.019999999999999574,1090.258
5127,2026-03-31,07:00:00,567.0,7.62,99.0,8.04,2.086,2.663257696814744,2026-03-31 07:00:00,1.8879323365050595,0.6293107788350198,3.994886545222116,82.53968253968253,0.41999999999999904,1182.762
5128,2026-03-31,08:00:00,513.0,7.67,102.0,8.0,2.006,2.769469369668772,2026-03-31 08:00:00,2.663257696814744,1.8879323365050595,0.6293107788350198,80.11695906432749,0.33000000000000007,1029.078
5129,2026-03-31,09:00:00,488.0,7.72,107.0,7.72,1.967,2.8243800485793367,2026-03-31 09:00:00,2.769469369668772,2.663257696814744,1.8879323365050595,78.07377049180327,0.0,959.8960000000001
5130,2026-03-31,10:00:00,457.0,7.7,116.0,7.76,1.967,2.8243800485793367,2026-03-31 10:00:00,2.8243800485793367,2.769469369668772,2.663257696814744,74.61706783369803,0.05999999999999961,898.919
5131,2026-03-31,11:00:00,425.0,7.63,124.0,7.74,1.929,2.880018432117965,2026-03-31 11:00:00,2.8243800485793367,2.8243800485793367,2.769469369668772,70.82352941176471,0.11000000000000032,819.825
5132,2026-03-31,12:00:00,408.0,7.59,130.0,7.8,1.929,2.880018432117965,2026-03-31 12:00:00,2.880018432117965,2.8243800485793367,2.8243800485793367,68.13725490196079,0.20999999999999996,787.032
5133,2026-03-31,13:00:00,392.0,7.65,135.0,7.83,1.929,2.880018432117965,2026-03-31 13:00:00,2.880018432117965,2.880018432117965,2.8243800485793367,65.56122448979592,0.17999999999999972,756.168
5134,2026-03-31,14:00:00,386.0,7.68,139.0,7.79,1.929,2.880018432117965,2026-03-31 14:00:00,2.880018432117965,2.880018432117965,2.880018432117965,63.98963730569949,0.11000000000000032,744.594
5135,2026-03-31,15:00:00,377.0,7.72,133.0,7.81,1.929,2.160013824088474,2026-03-31 15:00:00,2.880018432117965,2.880018432117965,2.880018432117965,64.72148541114059,0.08999999999999986,727.2330000000001
5136,2026-03-31,16:00:00,352.0,7.7,119.0,7.95,1.89,2.2045855379188715,2026-03-31 16:00:00,2.160013824088474,2.880018432117965,2.880018432117965,66.19318181818183,0.25,665.28
5137,2026-03-31,17:00:00,339.0,7.74,105.0,8.0,1.852,1.4998800095992315,2026-03-31 17:00:00,2.2045855379188715,2.160013824088474,2.880018432117965,69.02654867256636,0.2599999999999998,627.828
5138,2026-03-31,18:00:00,346.0,7.78,110.0,8.02,1.852,1.4998800095992315,2026-03-31 18:00:00,1.4998800095992315,2.2045855379188715,2.160013824088474,68.20809248554913,0.23999999999999932,640.792
5139,2026-03-31,19:00:00,325.0,7.93,86.0,7.93,1.852,1.4998800095992315,2026-03-31 19:00:00,1.4998800095992315,1.4998800095992315,2.2045855379188715,73.53846153846155,0.0,601.9
5140,2026-03-31,20:00:00,344.0,7.96,88.0,7.95,1.814,1.2250398137939482,2026-03-31 20:00:00,1.4998800095992315,1.4998800095992315,1.4998800095992315,74.4186046511628,-0.009999999999999787,624.0160000000001
5141,2026-03-31,21:00:00,358.0,7.98,96.0,7.98,1.967,2.1182850364345027,2026-03-31 21:00:00,1.2250398137939482,1.4998800095992315,1.4998800095992315,73.18435754189943,0.0,704.186
5142,2026-03-31,22:00:00,341.0,7.94,84.0,7.97,2.995,1.854943424225561,2026-03-31 22:00:00,2.1182850364345027,1.2250398137939482,1.4998800095992315,75.366568914956,0.02999999999999936,1021.2950000000001
5169,2026-04-01,00:00:00,442.0,7.73,55.0,7.21,2.544,2.7297344514325643,2026-04-01 00:00:00,1.854943424225561,2.1182850364345027,1.2250398137939482,87.55656108597285,-0.5200000000000005,1124.448
5170,2026-04-01,01:00:00,438.0,7.78,58.0,7.16,2.544,2.7297344514325643,2026-04-01 01:00:00,2.7297344514325643,1.854943424225561,2.1182850364345027,86.7579908675799,-0.6200000000000001,1114.272
5171,2026-04-01,02:00:00,452.0,7.73,52.0,7.14,2.544,2.7297344514325643,2026-04-01 02:00:00,2.7297344514325643,2.7297344514325643,1.854943424225561,88.49557522123894,-0.5900000000000007,1149.888
5172,2026-04-01,03:00:00,448.0,7.7,47.0,7.2,2.544,2.7297344514325643,2026-04-01 03:00:00,2.7297344514325643,2.7297344514325643,2.7297344514325643,89.50892857142857,-0.5,1139.712
5173,2026-04-01,04:00:00,445.0,7.67,45.0,7.25,2.544,2.7297344514325643,2026-04-01 04:00:00,2.7297344514325643,2.7297344514325643,2.7297344514325643,89.8876404494382,-0.41999999999999993,1132.08
5174,2026-04-01,05:00:00,440.0,7.61,48.0,7.3,2.544,2.7297344514325643,2026-04-01 05:00:00,2.7297344514325643,2.7297344514325643,2.7297344514325643,89.0909090909091,-0.3100000000000005,1119.3600000000001
5175,2026-04-01,06:00:00,436.0,7.69,49.0,7.28,2.544,2.7297344514325643,2026-04-01 06:00:00,2.7297344514325643,2.7297344514325643,2.7297344514325643,88.76146788990825,-0.41000000000000014,1109.184
5152,2026-04-01,07:00:00,810.0,7.88,315.0,7.64,3.233,5.155170636148057,2026-04-01 07:00:00,2.7297344514325643,2.7297344514325643,2.7297344514325643,61.111111111111114,-0.2400000000000002,2618.73
5153,2026-04-01,08:00:00,789.0,7.86,308.0,7.4,3.233,5.155170636148057,2026-04-01 08:00:00,5.155170636148057,2.7297344514325643,2.7297344514325643,60.96324461343473,-0.45999999999999996,2550.837
5154,2026-04-01,09:00:00,775.0,7.92,295.0,7.21,3.185,5.232862375719519,2026-04-01 09:00:00,5.155170636148057,5.155170636148057,2.7297344514325643,61.935483870967744,-0.71,2468.375
5155,2026-04-01,10:00:00,636.0,7.85,256.0,7.09,3.09,5.393743257820928,2026-04-01 10:00:00,5.232862375719519,5.155170636148057,5.155170636148057,59.74842767295597,-0.7599999999999998,1965.24
5156,2026-04-01,11:00:00,545.0,7.81,183.0,6.99,2.995,5.564830272676683,2026-04-01 11:00:00,5.393743257820928,5.232862375719519,5.155170636148057,66.42201834862385,-0.8199999999999994,1632.275
5157,2026-04-01,12:00:00,555.0,7.45,186.0,7.34,2.949,5.651633322030067,2026-04-01 12:00:00,5.564830272676683,5.393743257820928,5.232862375719519,66.48648648648648,-0.11000000000000032,1636.695
5158,2026-04-01,13:00:00,537.0,7.57,118.0,7.29,2.857,5.833625014584063,2026-04-01 13:00:00,5.651633322030067,5.564830272676683,5.393743257820928,78.02607076350093,-0.28000000000000025,1534.209
5159,2026-04-01,14:00:00,560.0,7.51,59.0,7.21,2.766,4.519161243673174,2026-04-01 14:00:00,5.833625014584063,5.651633322030067,5.564830272676683,89.46428571428572,-0.2999999999999998,1548.96
5160,2026-04-01,15:00:00,551.0,7.43,62.0,7.16,2.721,4.593899301727306,2026-04-01 15:00:00,4.519161243673174,5.833625014584063,5.651633322030067,88.74773139745916,-0.2699999999999996,1499.271
5161,2026-04-01,16:00:00,544.0,7.36,67.0,7.07,2.676,4.671150971599402,2026-04-01 16:00:00,4.593899301727306,4.519161243673174,5.833625014584063,87.68382352941177,-0.29000000000000004,1455.7440000000001
5162,2026-04-01,17:00:00,578.0,7.42,70.0,7.05,2.721,3.0625995344848707,2026-04-01 17:00:00,4.671150971599402,4.593899301727306,4.519161243673174,87.88927335640139,-0.3700000000000001,1572.738
5163,2026-04-01,18:00:00,474.0,7.59,68.0,7.04,2.766,3.0127741624487827,2026-04-01 18:00:00,3.0625995344848707,4.671150971599402,4.593899301727306,85.65400843881856,-0.5499999999999998,1311.084
5164,2026-04-01,19:00:00,498.0,7.56,71.0,7.01,2.721,3.0625995344848707,2026-04-01 19:00:00,3.0127741624487827,3.0625995344848707,4.671150971599402,85.7429718875502,-0.5499999999999998,1355.058
5165,2026-04-01,20:00:00,469.0,7.5,69.0,6.97,2.632,3.1661600810536976,2026-04-01 20:00:00,3.0625995344848707,3.0127741624487827,3.0625995344848707,85.28784648187633,-0.5300000000000002,1234.4080000000001
5166,2026-04-01,21:00:00,478.0,7.54,73.0,7.0,2.544,3.275681341719077,2026-04-01 21:00:00,3.1661600810536976,3.0625995344848707,3.0127741624487827,84.72803347280335,-0.54,1216.032
5167,2026-04-01,22:00:00,463.0,7.63,68.0,7.08,2.544,3.275681341719077,2026-04-01 22:00:00,3.275681341719077,3.1661600810536976,3.0625995344848707,85.31317494600432,-0.5499999999999998,1177.872
5168,2026-04-01,23:00:00,457.0,7.71,62.0,7.17,2.544,2.7297344514325643,2026-04-01 23:00:00,3.275681341719077,3.275681341719077,3.1661600810536976,86.43326039387308,-0.54,1162.608
5194,2026-04-02,00:00:00,407.0,7.8,66.0,7.49,1.814,1.531299767242435,2026-04-02 00:00:00,2.7297344514325643,3.275681341719077,3.275681341719077,83.78378378378379,-0.3099999999999996,738.298
5195,2026-04-02,01:00:00,391.0,7.76,60.0,7.45,1.777,1.563183892953167,2026-04-02 01:00:00,1.531299767242435,2.7297344514325643,3.275681341719077,84.65473145780051,-0.3099999999999996,694.807
5196,2026-04-02,02:00:00,377.0,7.78,68.0,7.53,1.777,1.563183892953167,2026-04-02 02:00:00,1.563183892953167,1.531299767242435,2.7297344514325643,81.9628647214854,-0.25,669.929
5197,2026-04-02,03:00:00,362.0,7.83,73.0,7.66,1.777,1.563183892953167,2026-04-02 03:00:00,1.563183892953167,1.563183892953167,1.531299767242435,79.8342541436464,-0.16999999999999993,643.274
5198,2026-04-02,04:00:00,355.0,7.8,82.0,7.72,1.814,1.531299767242435,2026-04-02 04:00:00,1.563183892953167,1.563183892953167,1.563183892953167,76.90140845070422,-0.08000000000000007,643.97
5199,2026-04-02,05:00:00,348.0,7.89,89.0,7.85,1.89,2.2045855379188715,2026-04-02 05:00:00,1.531299767242435,1.563183892953167,1.563183892953167,74.42528735632183,-0.040000000000000036,657.7199999999999
5200,2026-04-02,06:00:00,372.0,7.97,86.0,7.81,2.544,2.7297344514325643,2026-04-02 06:00:00,2.2045855379188715,1.531299767242435,1.563183892953167,76.88172043010752,-0.16000000000000014,946.368
5177,2026-04-02,07:00:00,328.0,7.61,57.0,7.09,2.501,2.776667110933405,2026-04-02 07:00:00,2.7297344514325643,2.2045855379188715,1.531299767242435,82.6219512195122,-0.5200000000000005,820.328
5178,2026-04-02,08:00:00,431.0,7.58,63.0,7.03,2.501,2.776667110933405,2026-04-02 08:00:00,2.776667110933405,2.7297344514325643,2.2045855379188715,85.38283062645012,-0.5499999999999998,1077.931
5179,2026-04-02,09:00:00,426.0,7.51,68.0,7.11,2.415,2.8755463538072235,2026-04-02 09:00:00,2.776667110933405,2.776667110933405,2.7297344514325643,84.03755868544602,-0.39999999999999947,1028.79
5180,2026-04-02,10:00:00,421.0,7.6,62.0,7.08,2.331,2.979169645836312,2026-04-02 10:00:00,2.8755463538072235,2.776667110933405,2.776667110933405,85.2731591448931,-0.5199999999999996,981.351
5181,2026-04-02,11:00:00,428.0,7.58,53.0,7.1,2.289,3.0338333090626666,2026-04-02 11:00:00,2.979169645836312,2.8755463538072235,2.776667110933405,87.61682242990653,-0.4800000000000004,979.692
5182,2026-04-02,12:00:00,385.0,7.55,58.0,7.39,2.248,2.4713325425069192,2026-04-02 12:00:00,3.0338333090626666,2.979169645836312,2.8755463538072235,84.93506493506493,-0.16000000000000014,865.4800000000001
5183,2026-04-02,13:00:00,371.0,7.42,51.0,7.34,2.207,2.5172431153400794,2026-04-02 13:00:00,2.4713325425069192,3.0338333090626666,2.979169645836312,86.25336927223721,-0.08000000000000007,818.7969999999999
5184,2026-04-02,14:00:00,384.0,7.36,67.0,7.28,2.166,1.9236688211757464,2026-04-02 14:00:00,2.5172431153400794,2.4713325425069192,3.0338333090626666,82.55208333333334,-0.08000000000000007,831.7439999999999
5185,2026-04-02,15:00:00,381.0,7.44,55.0,7.19,2.126,1.9598620257133896,2026-04-02 15:00:00,1.9236688211757464,2.5172431153400794,2.4713325425069192,85.56430446194226,-0.25,810.006
5186,2026-04-02,16:00:00,376.0,7.39,60.0,7.22,2.086,1.9974432726110576,2026-04-02 16:00:00,1.9598620257133896,1.9236688211757464,2.5172431153400794,84.04255319148936,-0.16999999999999993,784.3359999999999
5187,2026-04-02,17:00:00,388.0,7.68,53.0,7.38,2.006,2.0771020272515788,2026-04-02 17:00:00,1.9974432726110576,1.9598620257133896,1.9236688211757464,86.34020618556701,-0.2999999999999998,778.3279999999999
5188,2026-04-02,18:00:00,386.0,7.73,49.0,7.4,1.967,2.1182850364345027,2026-04-02 18:00:00,2.0771020272515788,1.9974432726110576,1.9598620257133896,87.30569948186529,-0.33000000000000007,759.2620000000001
5189,2026-04-02,19:00:00,373.0,7.77,50.0,7.42,1.929,2.160013824088474,2026-04-02 19:00:00,2.1182850364345027,2.0771020272515788,1.9974432726110576,86.59517426273459,-0.34999999999999964,719.517
5190,2026-04-02,20:00:00,368.0,7.72,47.0,7.45,1.929,2.160013824088474,2026-04-02 20:00:00,2.160013824088474,2.1182850364345027,2.0771020272515788,87.22826086956522,-0.2699999999999996,709.8720000000001
5191,2026-04-02,21:00:00,370.0,7.75,51.0,7.41,1.929,2.160013824088474,2026-04-02 21:00:00,2.160013824088474,2.160013824088474,2.1182850364345027,86.21621621621621,-0.33999999999999986,713.73
5192,2026-04-02,22:00:00,381.0,7.78,58.0,7.52,1.89,1.4697236919459142,2026-04-02 22:00:00,2.160013824088474,2.160013824088474,2.160013824088474,84.7769028871391,-0.2600000000000007,720.0899999999999
5193,2026-04-02,23:00:00,372.0,7.72,61.0,7.5,1.89,1.4697236919459142,2026-04-02 23:00:00,1.4697236919459142,2.160013824088474,2.160013824088474,83.60215053763442,-0.21999999999999975,703.0799999999999
5219,2026-04-03,00:00:00,610.0,7.5,88.0,7.08,2.766,5.021290270747971,2026-04-03 00:00:00,1.4697236919459142,1.4697236919459142,2.160013824088474,85.57377049180329,-0.41999999999999993,1687.26
5220,2026-04-03,01:00:00,625.0,7.55,90.0,7.02,2.766,5.021290270747971,2026-04-03 01:00:00,5.021290270747971,1.4697236919459142,1.4697236919459142,85.6,-0.5300000000000002,1728.75
5221,2026-04-03,02:00:00,620.0,7.52,86.0,6.97,2.721,4.593899301727306,2026-04-03 02:00:00,5.021290270747971,5.021290270747971,1.4697236919459142,86.12903225806451,-0.5499999999999998,1687.02
5222,2026-04-03,03:00:00,616.0,7.57,89.0,7.0,2.721,4.593899301727306,2026-04-03 03:00:00,4.593899301727306,5.021290270747971,5.021290270747971,85.55194805194806,-0.5700000000000003,1676.136
5223,2026-04-03,04:00:00,575.0,7.53,86.0,7.08,2.721,4.083466045979828,2026-04-03 04:00:00,4.593899301727306,4.593899301727306,5.021290270747971,85.04347826086956,-0.4500000000000002,1564.575
5224,2026-04-03,05:00:00,565.0,7.49,82.0,7.05,2.676,4.152134196977246,2026-04-03 05:00:00,4.083466045979828,4.593899301727306,4.593899301727306,85.48672566371681,-0.4400000000000004,1511.94
5225,2026-04-03,06:00:00,517.0,7.51,84.0,7.01,2.676,4.152134196977246,2026-04-03 06:00:00,4.152134196977246,4.083466045979828,4.593899301727306,83.752417794971,-0.5,1383.4920000000002
5202,2026-04-03,07:00:00,357.0,7.9,34.0,7.38,3.137,2.6564658378493253,2026-04-03 07:00:00,4.152134196977246,4.152134196977246,4.083466045979828,90.47619047619048,-0.5200000000000005,1119.909
5203,2026-04-03,08:00:00,388.0,7.96,29.0,7.15,3.185,2.6164311878597597,2026-04-03 08:00:00,2.6564658378493253,4.152134196977246,4.152134196977246,92.5257731958763,-0.8099999999999996,1235.78
5210,2026-04-03,15:00:00,938.0,7.7,134.0,7.76,3.233,5.155170636148057,2026-04-03 15:00:00,2.6164311878597597,2.6564658378493253,4.152134196977246,85.71428571428571,0.05999999999999961,3032.554
5211,2026-04-03,16:00:00,952.0,7.86,128.0,7.71,3.185,5.232862375719519,2026-04-03 16:00:00,5.155170636148057,2.6164311878597597,2.6564658378493253,86.5546218487395,-0.15000000000000036,3032.12
5212,2026-04-03,17:00:00,863.0,7.84,122.0,7.76,3.137,5.312931675698651,2026-04-03 17:00:00,5.232862375719519,5.155170636148057,2.6164311878597597,85.8632676709154,-0.08000000000000007,2707.231
5213,2026-04-03,18:00:00,744.0,7.82,112.0,7.79,3.09,5.393743257820928,2026-04-03 18:00:00,5.312931675698651,5.232862375719519,5.155170636148057,84.94623655913979,-0.03000000000000025,2298.96
5214,2026-04-03,19:00:00,720.0,7.5,110.0,7.23,2.995,5.564830272676683,2026-04-03 19:00:00,5.393743257820928,5.312931675698651,5.232862375719519,84.72222222222221,-0.2699999999999996,2156.4
5215,2026-04-03,20:00:00,711.0,7.46,107.0,7.16,2.949,5.180663878527562,2026-04-03 20:00:00,5.564830272676683,5.393743257820928,5.312931675698651,84.9507735583685,-0.2999999999999998,2096.739
5216,2026-04-03,21:00:00,701.0,7.53,114.0,7.19,2.903,5.262755004401577,2026-04-03 21:00:00,5.180663878527562,5.564830272676683,5.393743257820928,83.73751783166904,-0.33999999999999986,2035.003
5217,2026-04-03,22:00:00,683.0,7.51,103.0,7.13,2.857,5.347489596702057,2026-04-03 22:00:00,5.262755004401577,5.180663878527562,5.564830272676683,84.9194729136164,-0.3799999999999999,1951.3310000000001
5218,2026-04-03,23:00:00,647.0,7.56,94.0,7.1,2.811,4.940906755207716,2026-04-03 23:00:00,5.347489596702057,5.262755004401577,5.180663878527562,85.47140649149922,-0.45999999999999996,1818.7169999999999
5244,2026-04-04,00:00:00,510.0,7.57,71.0,7.69,2.458,1.9211644516770632,2026-04-04 00:00:00,4.940906755207716,5.347489596702057,5.262755004401577,86.07843137254902,0.1200000000000001,1253.5800000000002
5245,2026-04-04,01:00:00,508.0,7.42,66.0,7.53,2.458,1.9211644516770632,2026-04-04 01:00:00,1.9211644516770632,4.940906755207716,5.347489596702057,87.00787401574803,0.11000000000000032,1248.664
5246,2026-04-04,02:00:00,503.0,7.51,62.0,7.61,2.458,1.9211644516770632,2026-04-04 02:00:00,1.9211644516770632,1.9211644516770632,4.940906755207716,87.67395626242545,0.10000000000000053,1236.374
5247,2026-04-04,03:00:00,507.0,7.64,68.0,7.55,2.458,1.9211644516770632,2026-04-04 03:00:00,1.9211644516770632,1.9211644516770632,1.9211644516770632,86.58777120315581,-0.08999999999999986,1246.2060000000001
5248,2026-04-04,04:00:00,512.0,7.62,53.0,7.46,2.458,1.9211644516770632,2026-04-04 04:00:00,1.9211644516770632,1.9211644516770632,1.9211644516770632,89.6484375,-0.16000000000000014,1258.496
5249,2026-04-04,05:00:00,504.0,7.6,57.0,7.48,2.415,1.955371520588912,2026-04-04 05:00:00,1.9211644516770632,1.9211644516770632,1.9211644516770632,88.69047619047619,-0.11999999999999922,1217.16
5250,2026-04-04,06:00:00,502.0,7.65,69.0,7.5,2.415,1.955371520588912,2026-04-04 06:00:00,1.955371520588912,1.9211644516770632,1.9211644516770632,86.25498007968127,-0.15000000000000036,1212.33
5227,2026-04-04,07:00:00,509.0,7.6,75.0,7.03,2.676,3.1141006477329345,2026-04-04 07:00:00,1.955371520588912,1.955371520588912,1.9211644516770632,85.26522593320236,-0.5699999999999994,1362.084
5228,2026-04-04,08:00:00,518.0,7.62,59.0,7.14,2.632,3.1661600810536976,2026-04-04 08:00:00,3.1141006477329345,1.955371520588912,1.955371520588912,88.61003861003861,-0.4800000000000004,1363.376
5229,2026-04-04,09:00:00,510.0,7.59,62.0,7.1,2.632,3.1661600810536976,2026-04-04 09:00:00,3.1661600810536976,3.1141006477329345,1.955371520588912,87.84313725490196,-0.4900000000000002,1342.3200000000002
5230,2026-04-04,10:00:00,470.0,7.66,58.0,7.18,2.588,3.219989696032972,2026-04-04 10:00:00,3.1661600810536976,3.1661600810536976,3.1141006477329345,87.65957446808511,-0.4800000000000004,1216.3600000000001
5231,2026-04-04,11:00:00,488.0,7.63,68.0,7.13,2.588,2.683324746694144,2026-04-04 11:00:00,3.219989696032972,3.1661600810536976,3.1661600810536976,86.0655737704918,-0.5,1262.944
5232,2026-04-04,12:00:00,428.0,7.54,60.0,7.18,2.588,2.683324746694144,2026-04-04 12:00:00,2.683324746694144,3.219989696032972,3.1661600810536976,85.98130841121495,-0.3600000000000003,1107.664
5233,2026-04-04,13:00:00,420.0,7.56,63.0,7.22,2.588,2.1466597973553148,2026-04-04 13:00:00,2.683324746694144,2.683324746694144,3.219989696032972,85.0,-0.33999999999999986,1086.96
5234,2026-04-04,14:00:00,427.0,7.6,67.0,7.18,2.588,2.1466597973553148,2026-04-04 14:00:00,2.1466597973553148,2.683324746694144,2.683324746694144,84.30913348946136,-0.41999999999999993,1105.076
5235,2026-04-04,15:00:00,419.0,7.58,70.0,7.24,2.544,2.1837875611460515,2026-04-04 15:00:00,2.1466597973553148,2.1466597973553148,2.683324746694144,83.29355608591885,-0.33999999999999986,1065.936
5236,2026-04-04,16:00:00,450.0,7.65,69.0,7.26,2.544,1.856219426974144,2026-04-04 16:00:00,2.1837875611460515,2.1466597973553148,2.1466597973553148,84.66666666666667,-0.39000000000000057,1144.8
5237,2026-04-04,17:00:00,483.0,7.72,46.0,7.27,2.544,1.856219426974144,2026-04-04 17:00:00,1.856219426974144,2.1837875611460515,2.1466597973553148,90.47619047619048,-0.4500000000000002,1228.752
5238,2026-04-04,18:00:00,467.0,7.74,58.0,7.33,2.544,1.856219426974144,2026-04-04 18:00:00,1.856219426974144,1.856219426974144,2.1837875611460515,87.58029978586723,-0.41000000000000014,1188.048
5239,2026-04-04,19:00:00,497.0,7.65,51.0,7.26,2.544,1.856219426974144,2026-04-04 19:00:00,1.856219426974144,1.856219426974144,1.856219426974144,89.738430583501,-0.39000000000000057,1264.368
5240,2026-04-04,20:00:00,488.0,7.67,53.0,7.29,2.501,1.8881336354347151,2026-04-04 20:00:00,1.856219426974144,1.856219426974144,1.856219426974144,89.13934426229508,-0.3799999999999999,1220.488
5241,2026-04-04,21:00:00,493.0,7.7,64.0,7.31,2.501,1.8881336354347151,2026-04-04 21:00:00,1.8881336354347151,1.856219426974144,1.856219426974144,87.0182555780933,-0.39000000000000057,1232.993
5242,2026-04-04,22:00:00,498.0,7.66,67.0,7.45,2.501,1.8881336354347151,2026-04-04 22:00:00,1.8881336354347151,1.8881336354347151,1.856219426974144,86.54618473895582,-0.20999999999999996,1245.498
5243,2026-04-04,23:00:00,502.0,7.61,69.0,7.52,2.458,1.9211644516770632,2026-04-04 23:00:00,1.8881336354347151,1.8881336354347151,1.8881336354347151,86.25498007968127,-0.09000000000000075,1233.9160000000002
5269,2026-04-05,00:00:00,367.0,7.82,64.0,7.83,1.74,1.2771392081736908,2026-04-05 00:00:00,1.9211644516770632,1.8881336354347151,1.8881336354347151,82.56130790190736,0.009999999999999787,638.58
5270,2026-04-05,01:00:00,374.0,7.78,68.0,7.76,1.74,1.2771392081736908,2026-04-05 01:00:00,1.2771392081736908,1.9211644516770632,1.8881336354347151,81.81818181818183,-0.020000000000000462,650.76
5271,2026-04-05,02:00:00,369.0,7.86,57.0,7.81,1.74,1.2771392081736908,2026-04-05 02:00:00,1.2771392081736908,1.2771392081736908,1.9211644516770632,84.5528455284553,-0.05000000000000071,642.06
5272,2026-04-05,03:00:00,364.0,7.88,66.0,7.84,1.74,1.2771392081736908,2026-04-05 03:00:00,1.2771392081736908,1.2771392081736908,1.2771392081736908,81.86813186813187,-0.040000000000000036,633.36
5273,2026-04-05,04:00:00,361.0,7.92,64.0,7.88,1.74,1.2771392081736908,2026-04-05 04:00:00,1.2771392081736908,1.2771392081736908,1.2771392081736908,82.27146814404432,-0.040000000000000036,628.14
5274,2026-04-05,05:00:00,372.0,7.94,62.0,7.79,1.74,1.2771392081736908,2026-04-05 05:00:00,1.2771392081736908,1.2771392081736908,1.2771392081736908,83.33333333333334,-0.15000000000000036,647.28
5275,2026-04-05,06:00:00,359.0,7.98,67.0,7.86,1.74,1.2771392081736908,2026-04-05 06:00:00,1.2771392081736908,1.2771392081736908,1.2771392081736908,81.33704735376045,-0.1200000000000001,624.66
5252,2026-04-05,07:00:00,460.0,7.72,75.0,7.52,2.289,1.8202999854376,2026-04-05 07:00:00,1.2771392081736908,1.2771392081736908,1.2771392081736908,83.69565217391305,-0.20000000000000018,1052.94
5253,2026-04-05,08:00:00,428.0,7.77,77.0,7.5,2.248,1.8534994068801895,2026-04-05 08:00:00,1.8202999854376,1.2771392081736908,1.2771392081736908,82.00934579439252,-0.2699999999999996,962.1440000000001
5254,2026-04-05,09:00:00,420.0,7.79,79.0,7.49,2.207,1.510345869204048,2026-04-05 09:00:00,1.8534994068801895,1.8202999854376,1.2771392081736908,81.19047619047619,-0.2999999999999998,926.9399999999999
5255,2026-04-05,10:00:00,415.0,7.8,76.0,7.51,2.166,1.538935056940597,2026-04-05 10:00:00,1.510345869204048,1.8534994068801895,1.8202999854376,81.6867469879518,-0.29000000000000004,898.89
5256,2026-04-05,11:00:00,408.0,7.85,73.0,7.6,2.126,1.5678896205707118,2026-04-05 11:00:00,1.538935056940597,1.510345869204048,1.8534994068801895,82.1078431372549,-0.25,867.4079999999999
5257,2026-04-05,12:00:00,404.0,7.9,61.0,7.66,2.086,1.331628848407372,2026-04-05 12:00:00,1.5678896205707118,1.538935056940597,1.510345869204048,84.9009900990099,-0.2400000000000002,842.7439999999999
5258,2026-04-05,13:00:00,389.0,7.88,72.0,7.58,2.086,1.331628848407372,2026-04-05 13:00:00,1.331628848407372,1.5678896205707118,1.538935056940597,81.49100257069408,-0.2999999999999998,811.454
5259,2026-04-05,14:00:00,388.0,7.94,74.0,7.67,2.046,1.3576626479852287,2026-04-05 14:00:00,1.331628848407372,1.331628848407372,1.5678896205707118,80.9278350515464,-0.27000000000000046,793.848
5260,2026-04-05,15:00:00,392.0,7.89,70.0,7.71,2.006,1.1077877478675089,2026-04-05 15:00:00,1.3576626479852287,1.331628848407372,1.331628848407372,82.14285714285714,-0.17999999999999972,786.3519999999999
5261,2026-04-05,16:00:00,390.0,7.85,63.0,7.87,1.929,1.1520073728471862,2026-04-05 16:00:00,1.1077877478675089,1.3576626479852287,1.331628848407372,83.84615384615385,0.020000000000000462,752.3100000000001
5262,2026-04-05,17:00:00,388.0,7.83,56.0,7.95,1.89,1.1757789535567316,2026-04-05 17:00:00,1.1520073728471862,1.1077877478675089,1.3576626479852287,85.56701030927834,0.1200000000000001,733.3199999999999
5263,2026-04-05,18:00:00,392.0,7.8,72.0,7.9,1.89,1.1757789535567316,2026-04-05 18:00:00,1.1757789535567316,1.1520073728471862,1.1077877478675089,81.63265306122449,0.10000000000000053,740.88
5264,2026-04-05,19:00:00,372.0,7.68,53.0,7.41,1.777,1.2505471143625335,2026-04-05 19:00:00,1.1757789535567316,1.1757789535567316,1.1520073728471862,85.75268817204301,-0.2699999999999996,661.044
5265,2026-04-05,20:00:00,368.0,7.72,57.0,7.49,1.74,1.2771392081736908,2026-04-05 20:00:00,1.2505471143625335,1.1757789535567316,1.1757789535567316,84.51086956521739,-0.22999999999999954,640.32
5266,2026-04-05,21:00:00,379.0,7.7,61.0,7.54,1.74,1.2771392081736908,2026-04-05 21:00:00,1.2771392081736908,1.2505471143625335,1.1757789535567316,83.90501319261213,-0.16000000000000014,659.46
5267,2026-04-05,22:00:00,372.0,7.76,66.0,7.63,1.74,1.2771392081736908,2026-04-05 22:00:00,1.2771392081736908,1.2771392081736908,1.2505471143625335,82.25806451612904,-0.1299999999999999,647.28
5268,2026-04-05,23:00:00,369.0,7.8,62.0,7.81,1.74,1.2771392081736908,2026-04-05 23:00:00,1.2771392081736908,1.2771392081736908,1.2771392081736908,83.19783197831978,0.009999999999999787,642.06
5277,2026-04-06,07:00:00,348.0,7.7,62.0,7.73,1.74,1.2771392081736908,2026-04-06 07:00:00,1.2771392081736908,1.2771392081736908,1.2771392081736908,82.18390804597702,0.03000000000000025,605.52
5278,2026-04-06,08:00:00,344.0,7.75,64.0,7.8,1.74,1.2771392081736908,2026-04-06 08:00:00,1.2771392081736908,1.2771392081736908,1.2771392081736908,81.3953488372093,0.04999999999999982,598.56
5279,2026-04-06,09:00:00,346.0,7.76,65.0,7.85,1.74,1.1174968071519795,2026-04-06 09:00:00,1.2771392081736908,1.2771392081736908,1.2771392081736908,81.21387283236994,0.08999999999999986,602.04
5280,2026-04-06,10:00:00,332.0,7.77,72.0,7.78,1.74,1.1174968071519795,2026-04-06 10:00:00,1.1174968071519795,1.2771392081736908,1.2771392081736908,78.3132530120482,0.010000000000000675,577.68
5281,2026-04-06,11:00:00,335.0,7.85,66.0,7.87,1.74,0.7982120051085567,2026-04-06 11:00:00,1.1174968071519795,1.1174968071519795,1.2771392081736908,80.29850746268656,0.020000000000000462,582.9
5282,2026-04-06,12:00:00,330.0,7.93,60.0,7.9,1.74,0.7982120051085567,2026-04-06 12:00:00,0.7982120051085567,1.1174968071519795,1.1174968071519795,81.81818181818183,-0.02999999999999936,574.2
5283,2026-04-06,13:00:00,327.0,7.9,63.0,7.92,1.703,0.8155542506687544,2026-04-06 13:00:00,0.7982120051085567,0.7982120051085567,1.1174968071519795,80.73394495412845,0.019999999999999574,556.881
5284,2026-04-06,14:00:00,322.0,7.88,61.0,7.95,1.703,0.8155542506687544,2026-04-06 14:00:00,0.8155542506687544,0.7982120051085567,0.7982120051085567,81.05590062111801,0.07000000000000028,548.366
5285,2026-04-06,15:00:00,319.0,7.91,58.0,8.0,1.667,0.8331666999933346,2026-04-06 15:00:00,0.8155542506687544,0.8155542506687544,0.7982120051085567,81.81818181818183,0.08999999999999986,531.773
5286,2026-04-06,16:00:00,323.0,7.89,60.0,7.91,1.703,0.8155542506687544,2026-04-06 16:00:00,0.8331666999933346,0.8155542506687544,0.8155542506687544,81.42414860681114,0.020000000000000462,550.0690000000001
5287,2026-04-06,17:00:00,326.0,7.86,59.0,7.74,1.703,0.8155542506687544,2026-04-06 17:00:00,0.8155542506687544,0.8331666999933346,0.8155542506687544,81.90184049079755,-0.1200000000000001,555.178
5288,2026-04-06,18:00:00,331.0,7.81,57.0,7.79,1.703,0.8155542506687544,2026-04-06 18:00:00,0.8155542506687544,0.8155542506687544,0.8331666999933346,82.77945619335347,-0.019999999999999574,563.693
5321,2026-04-07,02:00:00,1320.0,7.86,285.0,8.02,3.233,5.155170636148057,2026-04-07 02:00:00,0.8155542506687544,0.8155542506687544,0.8155542506687544,78.4090909090909,0.15999999999999925,4267.56
5322,2026-04-07,03:00:00,1314.0,7.82,241.0,7.89,3.137,5.312931675698651,2026-04-07 03:00:00,5.155170636148057,0.8155542506687544,0.8155542506687544,81.65905631659056,0.0699999999999994,4122.018
5323,2026-04-07,04:00:00,1266.0,7.77,187.0,7.4,3.042,5.478851632697787,2026-04-07 04:00:00,5.312931675698651,5.155170636148057,0.8155542506687544,85.22906793048973,-0.3699999999999992,3851.1719999999996
5324,2026-04-07,05:00:00,1178.0,7.61,114.0,7.0,2.995,5.564830272676683,2026-04-07 05:00:00,5.478851632697787,5.312931675698651,5.155170636148057,90.32258064516128,-0.6100000000000003,3528.11
5325,2026-04-07,06:00:00,1160.0,7.65,116.0,7.14,2.949,5.651633322030067,2026-04-07 06:00:00,5.564830272676683,5.478851632697787,5.312931675698651,90.0,-0.5100000000000007,3420.8399999999997
5344,2026-04-08,00:00:00,978.0,7.65,96.0,7.2,2.588,5.903314442727116,2026-04-08 00:00:00,5.651633322030067,5.564830272676683,5.478851632697787,90.1840490797546,-0.4500000000000002,2531.064
5345,2026-04-08,01:00:00,986.0,7.68,102.0,7.24,2.588,5.903314442727116,2026-04-08 01:00:00,5.903314442727116,5.651633322030067,5.564830272676683,89.65517241379311,-0.4399999999999995,2551.768
5346,2026-04-08,02:00:00,980.0,7.7,100.0,7.22,2.544,6.005415793151641,2026-04-08 02:00:00,5.903314442727116,5.903314442727116,5.651633322030067,89.79591836734694,-0.4800000000000004,2493.12
5347,2026-04-08,03:00:00,966.0,7.73,105.0,7.26,2.544,6.005415793151641,2026-04-08 03:00:00,6.005415793151641,5.903314442727116,5.903314442727116,89.13043478260869,-0.47000000000000064,2457.504
5348,2026-04-08,04:00:00,924.0,7.71,109.0,7.3,2.544,4.913522012578617,2026-04-08 04:00:00,6.005415793151641,6.005415793151641,5.903314442727116,88.2034632034632,-0.41000000000000014,2350.656
5349,2026-04-08,05:00:00,878.0,7.69,114.0,7.28,2.501,4.998000799680129,2026-04-08 05:00:00,4.913522012578617,6.005415793151641,6.005415793151641,87.01594533029613,-0.41000000000000014,2195.8779999999997
5350,2026-04-08,06:00:00,896.0,7.7,102.0,7.25,2.501,4.442667377493447,2026-04-08 06:00:00,4.998000799680129,4.913522012578617,6.005415793151641,88.61607142857143,-0.4500000000000002,2240.8959999999997
5336,2026-04-08,16:00:00,1040.0,7.75,117.0,6.81,2.995,5.564830272676683,2026-04-08 16:00:00,4.442667377493447,4.998000799680129,4.913522012578617,88.75,-0.9400000000000004,3114.8
5337,2026-04-08,17:00:00,1026.0,7.72,105.0,6.85,2.995,5.564830272676683,2026-04-08 17:00:00,5.564830272676683,4.442667377493447,4.998000799680129,89.76608187134502,-0.8700000000000001,3072.87
5338,2026-04-08,18:00:00,1012.0,7.68,106.0,6.82,2.995,5.564830272676683,2026-04-08 18:00:00,5.564830272676683,5.564830272676683,4.442667377493447,89.52569169960475,-0.8599999999999994,3030.94
5339,2026-04-08,19:00:00,918.0,7.77,83.0,6.9,2.766,6.025548324897565,2026-04-08 19:00:00,5.564830272676683,5.564830272676683,5.564830272676683,90.95860566448802,-0.8699999999999992,2539.188
5340,2026-04-08,20:00:00,922.0,7.79,88.0,7.02,2.721,6.125199068969741,2026-04-08 20:00:00,6.025548324897565,5.564830272676683,5.564830272676683,90.45553145336225,-0.7700000000000005,2508.762
5341,2026-04-08,21:00:00,914.0,7.81,78.0,7.18,2.721,5.716852464371759,2026-04-08 21:00:00,6.125199068969741,6.025548324897565,5.564830272676683,91.46608315098467,-0.6299999999999999,2486.994
5342,2026-04-08,22:00:00,920.0,7.76,75.0,7.16,2.676,5.812987875768145,2026-04-08 22:00:00,5.716852464371759,6.125199068969741,6.025548324897565,91.84782608695652,-0.5999999999999996,2461.92
5343,2026-04-08,23:00:00,956.0,7.72,88.0,7.19,2.632,5.804626815265113,2026-04-08 23:00:00,5.812987875768145,5.716852464371759,6.125199068969741,90.7949790794979,-0.5299999999999994,2516.192
5369,2026-04-09,00:00:00,826.0,7.78,94.0,7.56,2.289,3.8833066356002135,2026-04-09 00:00:00,5.804626815265113,5.812987875768145,5.716852464371759,88.61985472154964,-0.22000000000000064,1890.7140000000002
5370,2026-04-09,01:00:00,822.0,7.77,104.0,7.48,2.289,3.8833066356002135,2026-04-09 01:00:00,3.8833066356002135,5.804626815265113,5.812987875768145,87.34793187347933,-0.28999999999999915,1881.5580000000002
5371,2026-04-09,02:00:00,818.0,7.69,108.0,7.52,2.289,3.8833066356002135,2026-04-09 02:00:00,3.8833066356002135,3.8833066356002135,5.804626815265113,86.79706601466992,-0.17000000000000082,1872.402
5372,2026-04-09,03:00:00,823.0,7.81,111.0,7.58,2.289,3.8833066356002135,2026-04-09 03:00:00,3.8833066356002135,3.8833066356002135,3.8833066356002135,86.51275820170109,-0.22999999999999954,1883.8470000000002
5373,2026-04-09,04:00:00,796.0,8.11,103.0,7.78,2.289,3.8833066356002135,2026-04-09 04:00:00,3.8833066356002135,3.8833066356002135,3.8833066356002135,87.06030150753769,-0.3299999999999992,1822.044
5374,2026-04-09,05:00:00,742.0,8.2,92.0,7.93,2.289,3.6405999708752,2026-04-09 05:00:00,3.8833066356002135,3.8833066356002135,3.8833066356002135,87.6010781671159,-0.2699999999999996,1698.438
5375,2026-04-09,06:00:00,740.0,8.17,88.0,7.95,2.289,3.6405999708752,2026-04-09 06:00:00,3.6405999708752,3.8833066356002135,3.8833066356002135,88.10810810810811,-0.21999999999999975,1693.8600000000001
5352,2026-04-09,07:00:00,886.0,7.73,110.0,7.24,2.501,4.442667377493447,2026-04-09 07:00:00,3.6405999708752,3.6405999708752,3.8833066356002135,87.58465011286681,-0.4900000000000002,2215.886
5353,2026-04-09,08:00:00,882.0,7.68,112.0,7.34,2.501,4.442667377493447,2026-04-09 08:00:00,4.442667377493447,3.6405999708752,3.6405999708752,87.3015873015873,-0.33999999999999986,2205.882
5354,2026-04-09,09:00:00,876.0,7.71,109.0,7.29,2.501,4.442667377493447,2026-04-09 09:00:00,4.442667377493447,4.442667377493447,3.6405999708752,87.55707762557078,-0.41999999999999993,2190.8759999999997
5355,2026-04-09,10:00:00,823.0,7.65,112.0,7.37,2.458,4.520386945122502,2026-04-09 10:00:00,4.442667377493447,4.442667377493447,4.442667377493447,86.39125151883353,-0.28000000000000025,2022.9340000000002
5356,2026-04-09,11:00:00,767.0,7.72,108.0,7.4,2.458,4.520386945122502,2026-04-09 11:00:00,4.520386945122502,4.442667377493447,4.442667377493447,85.91916558018254,-0.3199999999999994,1885.286
5357,2026-04-09,12:00:00,722.0,7.68,110.0,7.49,2.458,4.520386945122502,2026-04-09 12:00:00,4.520386945122502,4.520386945122502,4.442667377493447,84.7645429362881,-0.1899999999999995,1774.6760000000002
5358,2026-04-09,13:00:00,739.0,7.74,107.0,7.52,2.415,4.025764895330113,2026-04-09 13:00:00,4.520386945122502,4.520386945122502,4.520386945122502,85.52097428958051,-0.22000000000000064,1784.685
5359,2026-04-09,14:00:00,712.0,7.69,116.0,7.46,2.415,4.025764895330113,2026-04-09 14:00:00,4.025764895330113,4.520386945122502,4.520386945122502,83.70786516853933,-0.23000000000000043,1719.48
5360,2026-04-09,15:00:00,724.0,7.71,103.0,7.78,2.373,4.097017371353655,2026-04-09 15:00:00,4.025764895330113,4.025764895330113,4.520386945122502,85.77348066298343,0.07000000000000028,1718.0520000000001
5361,2026-04-09,16:00:00,729.0,7.74,116.0,7.42,2.373,4.097017371353655,2026-04-09 16:00:00,4.097017371353655,4.025764895330113,4.025764895330113,84.0877914951989,-0.3200000000000003,1729.9170000000001
5362,2026-04-09,17:00:00,734.0,7.69,120.0,7.38,2.373,4.097017371353655,2026-04-09 17:00:00,4.097017371353655,4.097017371353655,4.025764895330113,83.65122615803816,-0.3100000000000005,1741.7820000000002
5363,2026-04-09,18:00:00,722.0,7.71,124.0,7.46,2.373,4.097017371353655,2026-04-09 18:00:00,4.097017371353655,4.097017371353655,4.097017371353655,82.82548476454294,-0.25,1713.3060000000003
5364,2026-04-09,19:00:00,846.0,7.88,110.0,7.68,2.373,4.097017371353655,2026-04-09 19:00:00,4.097017371353655,4.097017371353655,4.097017371353655,86.99763593380615,-0.20000000000000018,2007.5580000000002
5365,2026-04-09,20:00:00,842.0,7.85,108.0,7.7,2.373,4.097017371353655,2026-04-09 20:00:00,4.097017371353655,4.097017371353655,4.097017371353655,87.17339667458432,-0.14999999999999947,1998.0660000000003
5366,2026-04-09,21:00:00,838.0,7.82,97.0,7.61,2.331,4.170837504170837,2026-04-09 21:00:00,4.097017371353655,4.097017371353655,4.097017371353655,88.42482100238664,-0.20999999999999996,1953.378
5367,2026-04-09,22:00:00,830.0,7.8,95.0,7.66,2.331,4.170837504170837,2026-04-09 22:00:00,4.170837504170837,4.097017371353655,4.097017371353655,88.55421686746988,-0.13999999999999968,1934.73
5368,2026-04-09,23:00:00,828.0,7.81,92.0,7.62,2.331,3.81333714667048,2026-04-09 23:00:00,4.170837504170837,4.170837504170837,4.097017371353655,88.88888888888889,-0.1899999999999995,1930.068
5394,2026-04-10,00:00:00,607.0,7.97,99.0,7.52,1.74,3.192848020434227,2026-04-10 00:00:00,3.81333714667048,4.170837504170837,4.170837504170837,83.69028006589787,-0.4500000000000002,1056.18
5395,2026-04-10,01:00:00,593.0,7.95,96.0,7.6,1.74,3.192848020434227,2026-04-10 01:00:00,3.192848020434227,3.81333714667048,4.170837504170837,83.81112984822934,-0.35000000000000053,1031.82
5396,2026-04-10,02:00:00,590.0,7.98,100.0,7.53,1.74,3.192848020434227,2026-04-10 02:00:00,3.192848020434227,3.192848020434227,3.81333714667048,83.05084745762711,-0.4500000000000002,1026.6
5397,2026-04-10,03:00:00,587.0,7.92,97.0,7.5,1.74,3.192848020434227,2026-04-10 03:00:00,3.192848020434227,3.192848020434227,3.192848020434227,83.47529812606473,-0.41999999999999993,1021.38
5398,2026-04-10,04:00:00,582.0,7.87,91.0,7.55,1.74,2.3946360153256707,2026-04-10 04:00:00,3.192848020434227,3.192848020434227,3.192848020434227,84.36426116838489,-0.3200000000000003,1012.68
5399,2026-04-10,05:00:00,570.0,7.8,88.0,7.51,1.74,2.3946360153256707,2026-04-10 05:00:00,2.3946360153256707,3.192848020434227,3.192848020434227,84.56140350877193,-0.29000000000000004,991.8
5400,2026-04-10,06:00:00,579.0,7.83,93.0,7.57,1.74,2.3946360153256707,2026-04-10 06:00:00,2.3946360153256707,2.3946360153256707,3.192848020434227,83.93782383419689,-0.2599999999999998,1007.46
5377,2026-04-10,07:00:00,714.0,7.65,87.0,7.9,2.248,3.70699881376038,2026-04-10 07:00:00,2.3946360153256707,2.3946360153256707,2.3946360153256707,87.81512605042016,0.25,1605.0720000000001
5378,2026-04-10,08:00:00,710.0,7.72,84.0,7.05,2.248,3.70699881376038,2026-04-10 08:00:00,3.70699881376038,2.3946360153256707,2.3946360153256707,88.16901408450704,-0.6699999999999999,1596.0800000000002
5379,2026-04-10,09:00:00,708.0,7.7,79.0,7.11,2.248,3.089165678133649,2026-04-10 09:00:00,3.70699881376038,3.70699881376038,2.3946360153256707,88.84180790960453,-0.5899999999999999,1591.584
5380,2026-04-10,10:00:00,682.0,7.66,75.0,7.18,2.248,3.089165678133649,2026-04-10 10:00:00,3.089165678133649,3.70699881376038,3.70699881376038,89.00293255131965,-0.4800000000000004,1533.1360000000002
5381,2026-04-10,11:00:00,627.0,7.74,79.0,7.48,2.207,3.1465538941751,2026-04-10 11:00:00,3.089165678133649,3.089165678133649,3.70699881376038,87.40031897926634,-0.2599999999999998,1383.789
5382,2026-04-10,12:00:00,535.0,7.71,82.0,7.66,2.207,3.1465538941751,2026-04-10 12:00:00,3.1465538941751,3.089165678133649,3.089165678133649,84.67289719626169,-0.04999999999999982,1180.745
5383,2026-04-10,13:00:00,568.0,7.82,77.0,7.6,2.207,3.1465538941751,2026-04-10 13:00:00,3.1465538941751,3.1465538941751,3.089165678133649,86.44366197183099,-0.22000000000000064,1253.576
5384,2026-04-10,14:00:00,552.0,7.68,86.0,7.53,2.207,3.1465538941751,2026-04-10 14:00:00,3.1465538941751,3.1465538941751,3.1465538941751,84.42028985507247,-0.14999999999999947,1218.264
5385,2026-04-10,15:00:00,571.0,7.74,82.0,7.57,2.166,3.206114701959577,2026-04-10 15:00:00,3.1465538941751,3.1465538941751,3.1465538941751,85.63922942206655,-0.16999999999999993,1236.786
5386,2026-04-10,16:00:00,563.0,7.67,80.0,7.51,2.126,3.266436709522316,2026-04-10 16:00:00,3.206114701959577,3.1465538941751,3.1465538941751,85.79040852575488,-0.16000000000000014,1196.9379999999999
5387,2026-04-10,17:00:00,550.0,7.78,83.0,7.42,2.086,3.32907212101843,2026-04-10 17:00:00,3.266436709522316,3.206114701959577,3.1465538941751,84.9090909090909,-0.3600000000000003,1147.3
5388,2026-04-10,18:00:00,546.0,8.08,86.0,7.43,2.046,3.394156619963072,2026-04-10 18:00:00,3.32907212101843,3.266436709522316,3.206114701959577,84.24908424908425,-0.6500000000000004,1117.116
5389,2026-04-10,19:00:00,525.0,8.12,87.0,7.48,2.006,3.4618367120859643,2026-04-10 19:00:00,3.394156619963072,3.32907212101843,3.266436709522316,83.42857142857143,-0.6399999999999988,1053.1499999999999
5390,2026-04-10,20:00:00,596.0,8.1,93.0,7.42,1.929,3.6000230401474567,2026-04-10 20:00:00,3.4618367120859643,3.394156619963072,3.32907212101843,84.39597315436241,-0.6799999999999997,1149.684
5391,2026-04-10,21:00:00,582.0,8.15,86.0,7.45,1.852,3.74970002399808,2026-04-10 21:00:00,3.6000230401474567,3.4618367120859643,3.394156619963072,85.2233676975945,-0.7000000000000002,1077.864
5392,2026-04-10,22:00:00,596.0,8.09,93.0,7.48,1.814,3.0625995344848707,2026-04-10 22:00:00,3.74970002399808,3.6000230401474567,3.4618367120859643,84.39597315436241,-0.6099999999999994,1081.144
5393,2026-04-10,23:00:00,590.0,8.03,97.0,7.55,1.777,3.126367785906334,2026-04-10 23:00:00,3.0625995344848707,3.74970002399808,3.6000230401474567,83.55932203389831,-0.47999999999999954,1048.4299999999998
5419,2026-04-11,00:00:00,458.0,7.84,96.0,7.87,1.667,2.16623341998267,2026-04-11 00:00:00,3.126367785906334,3.0625995344848707,3.74970002399808,79.03930131004367,0.03000000000000025,763.486
5420,2026-04-11,01:00:00,437.0,7.8,90.0,7.8,1.667,2.16623341998267,2026-04-11 01:00:00,2.16623341998267,3.126367785906334,3.0625995344848707,79.40503432494279,0.0,728.479
5421,2026-04-11,02:00:00,442.0,7.77,97.0,7.82,1.667,2.16623341998267,2026-04-11 02:00:00,2.16623341998267,2.16623341998267,3.126367785906334,78.05429864253394,0.05000000000000071,736.814
5422,2026-04-11,03:00:00,440.0,7.82,95.0,7.79,1.667,2.16623341998267,2026-04-11 03:00:00,2.16623341998267,2.16623341998267,2.16623341998267,78.4090909090909,-0.03000000000000025,733.48
5423,2026-04-11,04:00:00,449.0,7.73,94.0,7.76,1.667,2.16623341998267,2026-04-11 04:00:00,2.16623341998267,2.16623341998267,2.16623341998267,79.06458797327394,0.02999999999999936,748.4830000000001
5424,2026-04-11,05:00:00,457.0,7.65,91.0,7.8,1.667,2.16623341998267,2026-04-11 05:00:00,2.16623341998267,2.16623341998267,2.16623341998267,80.0875273522976,0.14999999999999947,761.8190000000001
5425,2026-04-11,06:00:00,452.0,7.6,90.0,7.73,1.667,2.16623341998267,2026-04-11 06:00:00,2.16623341998267,2.16623341998267,2.16623341998267,80.08849557522124,0.13000000000000078,753.484
5402,2026-04-11,07:00:00,587.0,7.73,83.0,7.6,1.74,2.3946360153256707,2026-04-11 07:00:00,2.16623341998267,2.16623341998267,2.16623341998267,85.8603066439523,-0.13000000000000078,1021.38
5403,2026-04-11,08:00:00,581.0,7.82,87.0,7.51,1.74,2.3946360153256707,2026-04-11 08:00:00,2.3946360153256707,2.16623341998267,2.16623341998267,85.02581755593803,-0.3100000000000005,1010.9399999999999
5404,2026-04-11,09:00:00,577.0,7.8,79.0,7.53,1.74,2.3946360153256707,2026-04-11 09:00:00,2.3946360153256707,2.3946360153256707,2.16623341998267,86.30849220103987,-0.2699999999999996,1003.98
5405,2026-04-11,10:00:00,562.0,7.84,86.0,7.47,1.703,2.446662752006264,2026-04-11 10:00:00,2.3946360153256707,2.3946360153256707,2.3946360153256707,84.69750889679716,-0.3700000000000001,957.086
5406,2026-04-11,11:00:00,546.0,7.82,84.0,7.51,1.703,2.446662752006264,2026-04-11 11:00:00,2.446662752006264,2.3946360153256707,2.3946360153256707,84.61538461538461,-0.3100000000000005,929.8380000000001
5407,2026-04-11,12:00:00,533.0,7.71,82.0,7.35,1.703,2.446662752006264,2026-04-11 12:00:00,2.446662752006264,2.446662752006264,2.3946360153256707,84.61538461538461,-0.3600000000000003,907.6990000000001
5408,2026-04-11,13:00:00,538.0,7.76,78.0,7.55,1.703,2.446662752006264,2026-04-11 13:00:00,2.446662752006264,2.446662752006264,2.446662752006264,85.50185873605948,-0.20999999999999996,916.214
5409,2026-04-11,14:00:00,526.0,7.74,84.0,7.48,1.703,2.446662752006264,2026-04-11 14:00:00,2.446662752006264,2.446662752006264,2.446662752006264,84.03041825095056,-0.2599999999999998,895.778
5410,2026-04-11,15:00:00,501.0,7.8,81.0,7.33,1.703,2.446662752006264,2026-04-11 15:00:00,2.446662752006264,2.446662752006264,2.446662752006264,83.8323353293413,-0.46999999999999975,853.2030000000001
5411,2026-04-11,16:00:00,510.0,7.86,77.0,7.41,1.703,2.446662752006264,2026-04-11 16:00:00,2.446662752006264,2.446662752006264,2.446662752006264,84.90196078431373,-0.4500000000000002,868.5300000000001
5412,2026-04-11,17:00:00,489.0,7.83,90.0,7.42,1.703,2.446662752006264,2026-04-11 17:00:00,2.446662752006264,2.446662752006264,2.446662752006264,81.59509202453987,-0.41000000000000014,832.767
5413,2026-04-11,18:00:00,474.0,7.76,93.0,7.46,1.703,2.446662752006264,2026-04-11 18:00:00,2.446662752006264,2.446662752006264,2.446662752006264,80.37974683544303,-0.2999999999999998,807.222
5414,2026-04-11,19:00:00,484.0,7.83,87.0,7.55,1.703,2.446662752006264,2026-04-11 19:00:00,2.446662752006264,2.446662752006264,2.446662752006264,82.02479338842976,-0.28000000000000025,824.2520000000001
5415,2026-04-11,20:00:00,479.0,7.85,90.0,7.58,1.703,2.446662752006264,2026-04-11 20:00:00,2.446662752006264,2.446662752006264,2.446662752006264,81.21085594989562,-0.2699999999999996,815.7370000000001
5416,2026-04-11,21:00:00,481.0,7.8,96.0,7.61,1.703,2.446662752006264,2026-04-11 21:00:00,2.446662752006264,2.446662752006264,2.446662752006264,80.04158004158003,-0.1899999999999995,819.143
5417,2026-04-11,22:00:00,473.0,7.86,94.0,7.72,1.703,2.446662752006264,2026-04-11 22:00:00,2.446662752006264,2.446662752006264,2.446662752006264,80.12684989429175,-0.14000000000000057,805.519
5418,2026-04-11,23:00:00,465.0,7.81,98.0,7.81,1.703,2.446662752006264,2026-04-11 23:00:00,2.446662752006264,2.446662752006264,2.446662752006264,78.92473118279571,0.0,791.895
5444,2026-04-12,00:00:00,358.0,7.86,84.0,7.87,2.006,2.0771020272515788,2026-04-12 00:00:00,2.446662752006264,2.446662752006264,2.446662752006264,76.53631284916202,0.009999999999999787,718.1479999999999
5445,2026-04-12,01:00:00,347.0,7.83,90.0,7.92,2.086,1.9974432726110576,2026-04-12 01:00:00,2.0771020272515788,2.446662752006264,2.446662752006264,74.06340057636888,0.08999999999999986,723.842
5446,2026-04-12,02:00:00,355.0,7.88,86.0,7.89,2.126,1.9598620257133896,2026-04-12 02:00:00,1.9974432726110576,2.0771020272515788,2.446662752006264,75.77464788732394,0.009999999999999787,754.7299999999999
5447,2026-04-12,03:00:00,362.0,7.82,89.0,7.86,2.126,1.9598620257133896,2026-04-12 03:00:00,1.9598620257133896,1.9974432726110576,2.0771020272515788,75.41436464088397,0.040000000000000036,769.612
5448,2026-04-12,04:00:00,360.0,7.87,87.0,7.92,2.126,1.9598620257133896,2026-04-12 04:00:00,1.9598620257133896,1.9598620257133896,1.9974432726110576,75.83333333333333,0.04999999999999982,765.36
5449,2026-04-12,05:00:00,363.0,7.84,81.0,7.99,2.126,1.9598620257133896,2026-04-12 05:00:00,1.9598620257133896,1.9598620257133896,1.9598620257133896,77.68595041322314,0.15000000000000036,771.7379999999999
5450,2026-04-12,06:00:00,369.0,7.88,92.0,7.93,2.126,1.9598620257133896,2026-04-12 06:00:00,1.9598620257133896,1.9598620257133896,1.9598620257133896,75.06775067750678,0.04999999999999982,784.4939999999999
5427,2026-04-12,07:00:00,437.0,7.72,94.0,7.55,1.667,2.16623341998267,2026-04-12 07:00:00,1.9598620257133896,1.9598620257133896,1.9598620257133896,78.48970251716247,-0.16999999999999993,728.479
5428,2026-04-12,08:00:00,431.0,7.68,89.0,7.52,1.667,2.16623341998267,2026-04-12 08:00:00,2.16623341998267,1.9598620257133896,1.9598620257133896,79.35034802784223,-0.16000000000000014,718.477
5429,2026-04-12,09:00:00,426.0,7.74,85.0,7.61,1.631,2.2140472784249607,2026-04-12 09:00:00,2.16623341998267,2.16623341998267,1.9598620257133896,80.04694835680752,-0.1299999999999999,694.806
5430,2026-04-12,10:00:00,438.0,7.65,81.0,7.58,1.631,2.2140472784249607,2026-04-12 10:00:00,2.2140472784249607,2.16623341998267,2.16623341998267,81.5068493150685,-0.07000000000000028,714.378
5431,2026-04-12,11:00:00,433.0,7.59,86.0,7.64,1.631,2.2140472784249607,2026-04-12 11:00:00,2.2140472784249607,2.2140472784249607,2.16623341998267,80.13856812933025,0.04999999999999982,706.223
5432,2026-04-12,12:00:00,426.0,7.54,88.0,7.65,1.631,2.2140472784249607,2026-04-12 12:00:00,2.2140472784249607,2.2140472784249607,2.2140472784249607,79.34272300469483,0.11000000000000032,694.806
5433,2026-04-12,13:00:00,451.0,7.62,92.0,7.61,1.631,2.2140472784249607,2026-04-12 13:00:00,2.2140472784249607,2.2140472784249607,2.2140472784249607,79.6008869179601,-0.009999999999999787,735.581
5434,2026-04-12,14:00:00,448.0,7.68,86.0,7.58,1.631,2.2140472784249607,2026-04-12 14:00:00,2.2140472784249607,2.2140472784249607,2.2140472784249607,80.80357142857143,-0.09999999999999964,730.688
5435,2026-04-12,15:00:00,436.0,7.65,89.0,7.63,1.631,2.2140472784249607,2026-04-12 15:00:00,2.2140472784249607,2.2140472784249607,2.2140472784249607,79.58715596330275,-0.020000000000000462,711.116
5436,2026-04-12,16:00:00,441.0,7.7,84.0,7.59,1.595,2.264019505398816,2026-04-12 16:00:00,2.2140472784249607,2.2140472784249607,2.2140472784249607,80.95238095238095,-0.11000000000000032,703.395
5437,2026-04-12,17:00:00,397.0,7.81,87.0,7.66,1.595,2.264019505398816,2026-04-12 17:00:00,2.264019505398816,2.2140472784249607,2.2140472784249607,78.08564231738035,-0.14999999999999947,633.215
5438,2026-04-12,18:00:00,332.0,7.84,95.0,7.73,1.595,2.264019505398816,2026-04-12 18:00:00,2.264019505398816,2.264019505398816,2.2140472784249607,71.3855421686747,-0.10999999999999943,529.54
5439,2026-04-12,19:00:00,368.0,7.92,88.0,7.79,1.595,1.741553465691397,2026-04-12 19:00:00,2.264019505398816,2.264019505398816,2.264019505398816,76.08695652173914,-0.1299999999999999,586.96
5440,2026-04-12,20:00:00,373.0,7.96,94.0,7.83,1.595,1.741553465691397,2026-04-12 20:00:00,1.741553465691397,2.264019505398816,2.264019505398816,74.79892761394102,-0.1299999999999999,594.935
5441,2026-04-12,21:00:00,418.0,7.91,83.0,7.76,1.74,2.3946360153256707,2026-04-12 21:00:00,1.741553465691397,1.741553465691397,2.264019505398816,80.14354066985646,-0.15000000000000036,727.32
5442,2026-04-12,22:00:00,392.0,7.88,87.0,7.82,1.814,2.296949650863653,2026-04-12 22:00:00,2.3946360153256707,1.741553465691397,1.741553465691397,77.8061224489796,-0.05999999999999961,711.088
5443,2026-04-12,23:00:00,377.0,7.92,81.0,7.85,1.929,2.160013824088474,2026-04-12 23:00:00,2.296949650863653,2.3946360153256707,1.741553465691397,78.51458885941645,-0.07000000000000028,727.2330000000001
5469,2026-04-13,00:00:00,475.0,7.83,98.0,8.12,1.89,1.9106407995296888,2026-04-13 00:00:00,2.160013824088474,2.296949650863653,2.3946360153256707,79.36842105263158,0.28999999999999915,897.75
5470,2026-04-13,01:00:00,471.0,7.88,93.0,8.09,1.89,1.9106407995296888,2026-04-13 01:00:00,1.9106407995296888,2.160013824088474,2.296949650863653,80.2547770700637,0.20999999999999996,890.1899999999999
5471,2026-04-13,02:00:00,466.0,7.91,88.0,8.16,1.852,1.9498440124790013,2026-04-13 02:00:00,1.9106407995296888,1.9106407995296888,2.160013824088474,81.11587982832617,0.25,863.032
5472,2026-04-13,03:00:00,451.0,7.86,97.0,8.12,1.852,1.9498440124790013,2026-04-13 03:00:00,1.9498440124790013,1.9106407995296888,1.9106407995296888,78.49223946784922,0.2599999999999989,835.2520000000001
5473,2026-04-13,04:00:00,458.0,7.92,96.0,8.09,1.814,1.9906896974151655,2026-04-13 04:00:00,1.9498440124790013,1.9498440124790013,1.9106407995296888,79.03930131004367,0.16999999999999993,830.812
5474,2026-04-13,05:00:00,450.0,7.81,89.0,8.13,1.814,1.9906896974151655,2026-04-13 05:00:00,1.9906896974151655,1.9498440124790013,1.9498440124790013,80.22222222222221,0.3200000000000012,816.3000000000001
5475,2026-04-13,06:00:00,449.0,7.99,90.0,8.11,1.777,2.032139060839117,2026-04-13 06:00:00,1.9906896974151655,1.9906896974151655,1.9498440124790013,79.9554565701559,0.11999999999999922,797.8729999999999
5452,2026-04-13,07:00:00,560.0,7.98,90.0,7.98,2.166,2.564891761567662,2026-04-13 07:00:00,2.032139060839117,1.9906896974151655,1.9906896974151655,83.92857142857143,0.0,1212.96
5453,2026-04-13,08:00:00,544.0,7.96,93.0,8.02,2.166,2.564891761567662,2026-04-13 08:00:00,2.564891761567662,2.032139060839117,1.9906896974151655,82.90441176470588,0.05999999999999961,1178.3039999999999
5454,2026-04-13,09:00:00,538.0,8.01,86.0,8.36,2.166,1.9236688211757464,2026-04-13 09:00:00,2.564891761567662,2.564891761567662,2.032139060839117,84.01486988847584,0.34999999999999964,1165.308
5455,2026-04-13,10:00:00,533.0,8.05,95.0,8.2,2.126,1.9598620257133896,2026-04-13 10:00:00,1.9236688211757464,2.564891761567662,2.564891761567662,82.17636022514071,0.14999999999999858,1133.158
5456,2026-04-13,11:00:00,490.0,7.88,86.0,8.13,2.126,1.9598620257133896,2026-04-13 11:00:00,1.9598620257133896,1.9236688211757464,2.564891761567662,82.44897959183673,0.2500000000000009,1041.74
5457,2026-04-13,12:00:00,447.0,7.68,80.0,8.04,2.126,1.9598620257133896,2026-04-13 12:00:00,1.9598620257133896,1.9598620257133896,1.9236688211757464,82.10290827740492,0.35999999999999943,950.322
5458,2026-04-13,13:00:00,438.0,7.72,84.0,8.13,2.126,1.9598620257133896,2026-04-13 13:00:00,1.9598620257133896,1.9598620257133896,1.9598620257133896,80.82191780821918,0.41000000000000103,931.188
5459,2026-04-13,14:00:00,422.0,7.76,87.0,8.09,2.086,1.9974432726110576,2026-04-13 14:00:00,1.9598620257133896,1.9598620257133896,1.9598620257133896,79.38388625592417,0.33000000000000007,880.2919999999999
5460,2026-04-13,15:00:00,414.0,7.74,85.0,8.08,2.046,2.036493971977843,2026-04-13 15:00:00,1.9974432726110576,1.9598620257133896,1.9598620257133896,79.46859903381642,0.33999999999999986,847.0439999999999
5461,2026-04-13,16:00:00,406.0,7.76,77.0,8.12,2.046,1.764961442380797,2026-04-13 16:00:00,2.036493971977843,1.9974432726110576,1.9598620257133896,81.03448275862068,0.35999999999999943,830.6759999999999
5462,2026-04-13,17:00:00,393.0,7.79,72.0,8.1,2.006,1.8001550902847017,2026-04-13 17:00:00,1.764961442380797,2.036493971977843,1.9974432726110576,81.67938931297711,0.3099999999999996,788.358
5463,2026-04-13,18:00:00,388.0,7.84,75.0,8.14,2.006,1.8001550902847017,2026-04-13 18:00:00,1.8001550902847017,1.764961442380797,2.036493971977843,80.6701030927835,0.3000000000000007,778.3279999999999
5464,2026-04-13,19:00:00,469.0,7.71,82.0,8.15,2.006,1.8001550902847017,2026-04-13 19:00:00,1.8001550902847017,1.8001550902847017,1.764961442380797,82.51599147121536,0.4400000000000004,940.8139999999999
5465,2026-04-13,20:00:00,454.0,7.74,85.0,8.13,2.006,1.8001550902847017,2026-04-13 20:00:00,1.8001550902847017,1.8001550902847017,1.8001550902847017,81.27753303964758,0.39000000000000057,910.7239999999999
5466,2026-04-13,21:00:00,451.0,7.8,91.0,8.11,2.006,1.8001550902847017,2026-04-13 21:00:00,1.8001550902847017,1.8001550902847017,1.8001550902847017,79.82261640798227,0.3099999999999996,904.7059999999999
5467,2026-04-13,22:00:00,460.0,7.77,95.0,8.07,1.967,1.8358470315765687,2026-04-13 22:00:00,1.8001550902847017,1.8001550902847017,1.8001550902847017,79.34782608695652,0.3000000000000007,904.82
5468,2026-04-13,23:00:00,468.0,7.81,92.0,8.1,1.929,1.8720119808766773,2026-04-13 23:00:00,1.8358470315765687,1.8001550902847017,1.8001550902847017,80.34188034188034,0.29000000000000004,902.772
5494,2026-04-14,00:00:00,333.0,7.89,122.0,8.09,1.89,1.4697236919459142,2026-04-14 00:00:00,1.8720119808766773,1.8358470315765687,1.8001550902847017,63.36336336336337,0.20000000000000018,629.37
5495,2026-04-14,01:00:00,327.0,7.96,128.0,8.02,1.852,1.4998800095992315,2026-04-14 01:00:00,1.4697236919459142,1.8720119808766773,1.8358470315765687,60.85626911314985,0.05999999999999961,605.604
5496,2026-04-14,02:00:00,342.0,7.94,136.0,8.06,1.852,1.4998800095992315,2026-04-14 02:00:00,1.4998800095992315,1.4697236919459142,1.8720119808766773,60.23391812865497,0.1200000000000001,633.384
5497,2026-04-14,03:00:00,338.0,7.91,142.0,8.1,1.852,1.4998800095992315,2026-04-14 03:00:00,1.4998800095992315,1.4998800095992315,1.4697236919459142,57.98816568047337,0.1899999999999995,625.976
5498,2026-04-14,04:00:00,346.0,7.98,139.0,8.14,1.852,1.4998800095992315,2026-04-14 04:00:00,1.4998800095992315,1.4998800095992315,1.4998800095992315,59.82658959537572,0.16000000000000014,640.792
5499,2026-04-14,05:00:00,372.0,7.96,148.0,7.82,1.814,1.531299767242435,2026-04-14 05:00:00,1.4998800095992315,1.4998800095992315,1.4998800095992315,60.215053763440864,-0.13999999999999968,674.808
5500,2026-04-14,06:00:00,434.0,8.0,164.0,7.79,1.814,1.9906896974151655,2026-04-14 06:00:00,1.531299767242435,1.4998800095992315,1.4998800095992315,62.21198156682027,-0.20999999999999996,787.2760000000001
5477,2026-04-14,07:00:00,418.0,7.95,76.0,8.11,1.777,2.032139060839117,2026-04-14 07:00:00,1.9906896974151655,1.531299767242435,1.4998800095992315,81.81818181818183,0.15999999999999925,742.786
5478,2026-04-14,08:00:00,410.0,7.98,105.0,7.51,1.777,2.032139060839117,2026-04-14 08:00:00,2.032139060839117,1.9906896974151655,1.531299767242435,74.39024390243902,-0.47000000000000064,728.5699999999999
5479,2026-04-14,09:00:00,408.0,7.94,97.0,8.04,1.74,1.5964240102171134,2026-04-14 09:00:00,2.032139060839117,2.032139060839117,1.9906896974151655,76.22549019607843,0.09999999999999876,709.92
5480,2026-04-14,10:00:00,402.0,8.0,89.0,8.01,1.703,1.6311085013375088,2026-04-14 10:00:00,1.5964240102171134,2.032139060839117,2.032139060839117,77.86069651741293,0.009999999999999787,684.606
5481,2026-04-14,11:00:00,396.0,8.02,82.0,8.02,1.667,1.6663333999866692,2026-04-14 11:00:00,1.6311085013375088,1.5964240102171134,2.032139060839117,79.29292929292929,0.0,660.1320000000001
5482,2026-04-14,12:00:00,355.0,8.05,76.0,8.09,1.631,1.7031132910961235,2026-04-14 12:00:00,1.6663333999866692,1.6311085013375088,1.5964240102171134,78.59154929577464,0.03999999999999915,579.005
5483,2026-04-14,13:00:00,346.0,8.03,78.0,8.05,1.631,1.7031132910961235,2026-04-14 13:00:00,1.7031132910961235,1.6663333999866692,1.6311085013375088,77.45664739884393,0.02000000000000135,564.326
5484,2026-04-14,14:00:00,340.0,8.04,86.0,8.03,1.631,1.7031132910961235,2026-04-14 14:00:00,1.7031132910961235,1.7031132910961235,1.6663333999866692,74.70588235294117,-0.009999999999999787,554.54
5485,2026-04-14,15:00:00,334.0,8.08,90.0,8.07,1.631,1.7031132910961235,2026-04-14 15:00:00,1.7031132910961235,1.7031132910961235,1.7031132910961235,73.05389221556887,-0.009999999999999787,544.754
5486,2026-04-14,16:00:00,330.0,7.95,96.0,8.0,1.703,1.6311085013375088,2026-04-14 16:00:00,1.7031132910961235,1.7031132910961235,1.7031132910961235,70.9090909090909,0.04999999999999982,561.99
5487,2026-04-14,17:00:00,316.0,7.77,101.0,7.97,1.777,1.563183892953167,2026-04-14 17:00:00,1.6311085013375088,1.7031132910961235,1.7031132910961235,68.0379746835443,0.20000000000000018,561.5319999999999
5488,2026-04-14,18:00:00,322.0,7.8,110.0,7.95,1.967,1.4121900242896683,2026-04-14 18:00:00,1.563183892953167,1.6311085013375088,1.7031132910961235,65.83850931677019,0.15000000000000036,633.374
5519,2026-04-15,00:00:00,368.0,7.99,150.0,8.07,1.89,1.9106407995296888,2026-04-15 00:00:00,1.4121900242896683,1.563183892953167,1.6311085013375088,59.2391304347826,0.08000000000000007,695.52
5520,2026-04-15,01:00:00,364.0,7.92,153.0,8.11,1.89,1.9106407995296888,2026-04-15 01:00:00,1.9106407995296888,1.4121900242896683,1.563183892953167,57.96703296703297,0.1899999999999995,687.9599999999999
5521,2026-04-15,02:00:00,358.0,7.88,157.0,8.08,1.89,1.9106407995296888,2026-04-15 02:00:00,1.9106407995296888,1.9106407995296888,1.4121900242896683,56.14525139664804,0.20000000000000018,676.62
5522,2026-04-15,03:00:00,354.0,7.9,164.0,8.04,1.89,1.9106407995296888,2026-04-15 03:00:00,1.9106407995296888,1.9106407995296888,1.9106407995296888,53.672316384180796,0.1399999999999988,669.06
5523,2026-04-15,04:00:00,346.0,7.98,139.0,8.14,1.852,1.9498440124790013,2026-04-15 04:00:00,1.9106407995296888,1.9106407995296888,1.9106407995296888,59.82658959537572,0.16000000000000014,640.792
5524,2026-04-15,05:00:00,351.0,7.93,141.0,7.97,1.852,1.9498440124790013,2026-04-15 05:00:00,1.9498440124790013,1.9106407995296888,1.9106407995296888,59.82905982905983,0.040000000000000036,650.052
5525,2026-04-15,06:00:00,360.0,8.0,152.0,7.8,1.814,1.9906896974151655,2026-04-15 06:00:00,1.9498440124790013,1.9498440124790013,1.9106407995296888,57.77777777777777,-0.20000000000000018,653.04
5502,2026-04-15,07:00:00,372.0,7.98,133.0,8.03,1.814,1.9906896974151655,2026-04-15 07:00:00,1.9906896974151655,1.9498440124790013,1.9498440124790013,64.24731182795699,0.049999999999998934,674.808
5503,2026-04-15,08:00:00,368.0,7.96,170.0,7.67,1.814,1.9906896974151655,2026-04-15 08:00:00,1.9906896974151655,1.9906896974151655,1.9498440124790013,53.80434782608695,-0.29000000000000004,667.552
5504,2026-04-15,09:00:00,360.0,8.0,173.0,7.72,1.777,2.032139060839117,2026-04-15 09:00:00,1.9906896974151655,1.9906896974151655,1.9906896974151655,51.94444444444445,-0.28000000000000025,639.7199999999999
5505,2026-04-15,10:00:00,358.0,8.02,166.0,7.92,1.777,2.032139060839117,2026-04-15 10:00:00,2.032139060839117,1.9906896974151655,1.9906896974151655,53.63128491620112,-0.09999999999999964,636.1659999999999
5506,2026-04-15,11:00:00,361.0,8.04,177.0,8.05,1.777,2.032139060839117,2026-04-15 11:00:00,2.032139060839117,2.032139060839117,1.9906896974151655,50.96952908587258,0.010000000000001563,641.497
5507,2026-04-15,12:00:00,359.0,7.95,183.0,8.14,1.777,2.032139060839117,2026-04-15 12:00:00,2.032139060839117,2.032139060839117,2.032139060839117,49.02506963788301,0.1900000000000004,637.943
5508,2026-04-15,13:00:00,363.0,8.01,185.0,8.1,1.852,1.9498440124790013,2026-04-15 13:00:00,2.032139060839117,2.032139060839117,2.032139060839117,49.03581267217631,0.08999999999999986,672.2760000000001
5509,2026-04-15,14:00:00,366.0,7.99,182.0,8.06,1.89,1.9106407995296888,2026-04-15 14:00:00,1.9498440124790013,2.032139060839117,2.032139060839117,50.27322404371585,0.07000000000000028,691.74
5510,2026-04-15,15:00:00,372.0,7.94,178.0,8.08,1.89,1.9106407995296888,2026-04-15 15:00:00,1.9106407995296888,1.9498440124790013,2.032139060839117,52.1505376344086,0.13999999999999968,703.0799999999999
5511,2026-04-15,16:00:00,383.0,8.0,182.0,8.07,1.929,1.8720119808766773,2026-04-15 16:00:00,1.9106407995296888,1.9106407995296888,1.9498440124790013,52.48041775456919,0.07000000000000028,738.807
5512,2026-04-15,17:00:00,386.0,8.02,186.0,8.05,1.967,1.8358470315765687,2026-04-15 17:00:00,1.8720119808766773,1.9106407995296888,1.9106407995296888,51.813471502590666,0.030000000000001137,759.2620000000001
5513,2026-04-15,18:00:00,390.0,8.05,184.0,8.03,1.967,1.8358470315765687,2026-04-15 18:00:00,1.8358470315765687,1.8720119808766773,1.9106407995296888,52.820512820512825,-0.02000000000000135,767.13
5514,2026-04-15,19:00:00,364.0,7.9,186.0,8.1,1.967,1.8358470315765687,2026-04-15 19:00:00,1.8358470315765687,1.8358470315765687,1.8720119808766773,48.9010989010989,0.1999999999999993,715.988
5515,2026-04-15,20:00:00,371.0,7.97,179.0,8.03,1.967,1.8358470315765687,2026-04-15 20:00:00,1.8358470315765687,1.8358470315765687,1.8358470315765687,51.75202156334232,0.05999999999999961,729.7570000000001
5516,2026-04-15,21:00:00,379.0,7.95,177.0,8.01,1.967,1.8358470315765687,2026-04-15 21:00:00,1.8358470315765687,1.8358470315765687,1.8358470315765687,53.29815303430079,0.05999999999999961,745.493
5517,2026-04-15,22:00:00,366.0,7.99,180.0,8.06,1.929,1.8720119808766773,2026-04-15 22:00:00,1.8358470315765687,1.8358470315765687,1.8358470315765687,50.81967213114754,0.07000000000000028,706.014
5518,2026-04-15,23:00:00,362.0,7.95,168.0,8.03,1.929,1.8720119808766773,2026-04-15 23:00:00,1.8720119808766773,1.8358470315765687,1.8358470315765687,53.591160220994475,0.07999999999999918,698.298
5527,2026-04-16,07:00:00,320.0,7.91,150.0,7.93,1.777,1.563183892953167,2026-04-16 07:00:00,1.8720119808766773,1.8720119808766773,1.8358470315765687,53.125,0.019999999999999574,568.64
5528,2026-04-16,08:00:00,310.0,7.93,143.0,7.98,1.74,1.5964240102171134,2026-04-16 08:00:00,1.563183892953167,1.8720119808766773,1.8720119808766773,53.87096774193548,0.05000000000000071,539.4
5529,2026-04-16,09:00:00,335.0,7.98,151.0,7.37,1.74,1.5964240102171134,2026-04-16 09:00:00,1.5964240102171134,1.563183892953167,1.8720119808766773,54.92537313432836,-0.6100000000000003,582.9
5530,2026-04-16,10:00:00,319.0,7.86,127.0,7.65,1.74,0.9578544061302684,2026-04-16 10:00:00,1.5964240102171134,1.5964240102171134,1.563183892953167,60.18808777429467,-0.20999999999999996,555.06
5531,2026-04-16,11:00:00,309.0,7.73,108.0,7.78,1.74,0.9578544061302684,2026-04-16 11:00:00,0.9578544061302684,1.5964240102171134,1.5964240102171134,65.0485436893204,0.04999999999999982,537.66
5569,2026-04-19,00:00:00,445.0,8.06,161.0,8.1,1.967,1.4121900242896683,2026-04-19 00:00:00,0.9578544061302684,0.9578544061302684,1.5964240102171134,63.82022471910113,0.03999999999999915,875.315
5570,2026-04-19,01:00:00,440.0,8.02,173.0,8.03,1.967,1.4121900242896683,2026-04-19 01:00:00,1.4121900242896683,0.9578544061302684,0.9578544061302684,60.68181818181818,0.009999999999999787,865.48
5571,2026-04-19,02:00:00,431.0,7.96,169.0,8.08,1.967,1.4121900242896683,2026-04-19 02:00:00,1.4121900242896683,1.4121900242896683,0.9578544061302684,60.78886310904872,0.1200000000000001,847.777
5572,2026-04-19,03:00:00,437.0,8.03,175.0,8.01,1.967,1.4121900242896683,2026-04-19 03:00:00,1.4121900242896683,1.4121900242896683,1.4121900242896683,59.95423340961098,-0.019999999999999574,859.5790000000001
5573,2026-04-19,04:00:00,439.0,8.05,164.0,8.05,1.967,1.4121900242896683,2026-04-19 04:00:00,1.4121900242896683,1.4121900242896683,1.4121900242896683,62.64236902050114,0.0,863.513
5574,2026-04-19,05:00:00,433.0,8.08,159.0,8.03,1.967,1.4121900242896683,2026-04-19 05:00:00,1.4121900242896683,1.4121900242896683,1.4121900242896683,63.279445727482674,-0.05000000000000071,851.711
5575,2026-04-19,06:00:00,441.0,8.0,152.0,8.06,1.967,1.4121900242896683,2026-04-19 06:00:00,1.4121900242896683,1.4121900242896683,1.4121900242896683,65.5328798185941,0.0600000000000005,867.447
5553,2026-04-19,08:00:00,303.0,7.95,181.0,7.86,1.595,1.044932079414838,2026-04-19 08:00:00,1.4121900242896683,1.4121900242896683,1.4121900242896683,40.26402640264026,-0.08999999999999986,483.28499999999997
5554,2026-04-19,09:00:00,310.0,7.91,177.0,7.9,1.595,1.044932079414838,2026-04-19 09:00:00,1.044932079414838,1.4121900242896683,1.4121900242896683,42.90322580645161,-0.009999999999999787,494.45
5555,2026-04-19,10:00:00,307.0,7.87,183.0,7.81,1.595,1.044932079414838,2026-04-19 10:00:00,1.044932079414838,1.044932079414838,1.4121900242896683,40.390879478827365,-0.0600000000000005,489.66499999999996
5556,2026-04-19,11:00:00,296.0,8.09,185.0,7.94,1.595,1.044932079414838,2026-04-19 11:00:00,1.044932079414838,1.044932079414838,1.044932079414838,37.5,-0.14999999999999947,472.12
5557,2026-04-19,12:00:00,281.0,8.3,188.0,8.08,1.595,1.044932079414838,2026-04-19 12:00:00,1.044932079414838,1.044932079414838,1.044932079414838,33.096085409252666,-0.22000000000000064,448.195
5558,2026-04-19,13:00:00,292.0,7.91,192.0,7.93,1.667,0.9998000399920016,2026-04-19 13:00:00,1.044932079414838,1.044932079414838,1.044932079414838,34.24657534246575,0.019999999999999574,486.764
5559,2026-04-19,14:00:00,318.0,8.2,195.0,7.99,1.777,0.9379103357719002,2026-04-19 14:00:00,0.9998000399920016,1.044932079414838,1.044932079414838,38.67924528301887,-0.20999999999999908,565.086
5560,2026-04-19,15:00:00,330.0,8.15,213.0,7.97,1.852,0.8999280057595392,2026-04-19 15:00:00,0.9379103357719002,0.9998000399920016,1.044932079414838,35.45454545454545,-0.1800000000000006,611.1600000000001
5561,2026-04-19,16:00:00,327.0,8.12,210.0,8.09,1.89,0.8818342151675486,2026-04-19 16:00:00,0.8999280057595392,0.9379103357719002,0.9998000399920016,35.77981651376147,-0.02999999999999936,618.03
5562,2026-04-19,17:00:00,344.0,8.08,207.0,8.21,1.929,0.8640055296353897,2026-04-19 17:00:00,0.8818342151675486,0.8999280057595392,0.9379103357719002,39.825581395348834,0.13000000000000078,663.576
5563,2026-04-19,18:00:00,358.0,8.1,210.0,8.3,1.967,0.8473140145738011,2026-04-19 18:00:00,0.8640055296353897,0.8818342151675486,0.8999280057595392,41.340782122905026,0.20000000000000107,704.186
5564,2026-04-19,19:00:00,356.0,8.15,217.0,8.2,1.967,0.8473140145738011,2026-04-19 19:00:00,0.8473140145738011,0.8640055296353897,0.8818342151675486,39.04494382022472,0.049999999999998934,700.2520000000001
5565,2026-04-19,20:00:00,393.0,8.18,206.0,8.13,1.967,1.4121900242896683,2026-04-19 20:00:00,0.8473140145738011,0.8473140145738011,0.8640055296353897,47.58269720101781,-0.049999999999998934,773.0310000000001
5566,2026-04-19,21:00:00,430.0,8.11,212.0,8.16,1.967,1.4121900242896683,2026-04-19 21:00:00,1.4121900242896683,0.8473140145738011,0.8473140145738011,50.697674418604656,0.05000000000000071,845.8100000000001
5567,2026-04-19,22:00:00,439.0,8.09,203.0,8.13,1.967,1.4121900242896683,2026-04-19 22:00:00,1.4121900242896683,1.4121900242896683,0.8473140145738011,53.75854214123007,0.040000000000000924,863.513
5568,2026-04-19,23:00:00,450.0,8.04,189.0,8.15,1.967,1.4121900242896683,2026-04-19 23:00:00,1.4121900242896683,1.4121900242896683,1.4121900242896683,57.99999999999999,0.11000000000000121,885.1500000000001
5594,2026-04-20,00:00:00,372.0,8.1,124.0,8.27,1.74,1.2771392081736908,2026-04-20 00:00:00,1.4121900242896683,1.4121900242896683,1.4121900242896683,66.66666666666666,0.16999999999999993,647.28
5595,2026-04-20,01:00:00,366.0,8.07,129.0,8.21,1.74,1.2771392081736908,2026-04-20 01:00:00,1.2771392081736908,1.4121900242896683,1.4121900242896683,64.75409836065575,0.14000000000000057,636.84
5596,2026-04-20,02:00:00,363.0,8.12,127.0,8.19,1.74,1.2771392081736908,2026-04-20 02:00:00,1.2771392081736908,1.2771392081736908,1.4121900242896683,65.0137741046832,0.07000000000000028,631.62
5597,2026-04-20,03:00:00,357.0,8.15,130.0,8.23,1.74,1.2771392081736908,2026-04-20 03:00:00,1.2771392081736908,1.2771392081736908,1.2771392081736908,63.58543417366946,0.08000000000000007,621.18
5598,2026-04-20,04:00:00,346.0,8.18,142.0,8.22,1.74,1.2771392081736908,2026-04-20 04:00:00,1.2771392081736908,1.2771392081736908,1.2771392081736908,58.95953757225434,0.040000000000000924,602.04
5599,2026-04-20,05:00:00,340.0,8.12,157.0,8.24,1.74,1.2771392081736908,2026-04-20 05:00:00,1.2771392081736908,1.2771392081736908,1.2771392081736908,53.8235294117647,0.120000000000001,591.6
5600,2026-04-20,06:00:00,351.0,8.14,151.0,8.2,1.74,1.2771392081736908,2026-04-20 06:00:00,1.2771392081736908,1.2771392081736908,1.2771392081736908,56.98005698005698,0.05999999999999872,610.74
5577,2026-04-20,07:00:00,468.0,7.9,167.0,8.05,2.046,1.3576626479852287,2026-04-20 07:00:00,1.2771392081736908,1.2771392081736908,1.2771392081736908,64.31623931623932,0.15000000000000036,957.5279999999999
5578,2026-04-20,08:00:00,471.0,7.95,177.0,8.09,2.046,1.3576626479852287,2026-04-20 08:00:00,1.3576626479852287,1.2771392081736908,1.2771392081736908,62.42038216560509,0.13999999999999968,963.6659999999999
5579,2026-04-20,09:00:00,458.0,8.0,154.0,7.76,2.046,1.3576626479852287,2026-04-20 09:00:00,1.3576626479852287,1.3576626479852287,1.2771392081736908,66.37554585152839,-0.2400000000000002,937.0679999999999
5580,2026-04-20,10:00:00,455.0,7.93,158.0,7.84,2.046,1.3576626479852287,2026-04-20 10:00:00,1.3576626479852287,1.3576626479852287,1.3576626479852287,65.27472527472527,-0.08999999999999986,930.93
5581,2026-04-20,11:00:00,450.0,7.99,176.0,7.98,2.046,1.3576626479852287,2026-04-20 11:00:00,1.3576626479852287,1.3576626479852287,1.3576626479852287,60.88888888888889,-0.009999999999999787,920.6999999999999
5582,2026-04-20,12:00:00,415.0,7.95,191.0,8.22,2.046,1.3576626479852287,2026-04-20 12:00:00,1.3576626479852287,1.3576626479852287,1.3576626479852287,53.975903614457835,0.27000000000000046,849.0899999999999
5583,2026-04-20,13:00:00,417.0,8.01,186.0,8.2,2.046,1.3576626479852287,2026-04-20 13:00:00,1.3576626479852287,1.3576626479852287,1.3576626479852287,55.39568345323741,0.1899999999999995,853.1819999999999
5584,2026-04-20,14:00:00,423.0,7.96,188.0,8.17,2.046,1.3576626479852287,2026-04-20 14:00:00,1.3576626479852287,1.3576626479852287,1.3576626479852287,55.55555555555556,0.20999999999999996,865.458
5585,2026-04-20,15:00:00,414.0,7.89,175.0,8.11,2.046,1.3576626479852287,2026-04-20 15:00:00,1.3576626479852287,1.3576626479852287,1.3576626479852287,57.729468599033815,0.21999999999999975,847.0439999999999
5586,2026-04-20,16:00:00,403.0,8.04,180.0,8.15,2.046,1.3576626479852287,2026-04-20 16:00:00,1.3576626479852287,1.3576626479852287,1.3576626479852287,55.33498759305211,0.11000000000000121,824.5379999999999
5587,2026-04-20,17:00:00,410.0,8.08,169.0,8.21,2.006,1.3847346848343858,2026-04-20 17:00:00,1.3576626479852287,1.3576626479852287,1.3576626479852287,58.78048780487804,0.13000000000000078,822.4599999999999
5588,2026-04-20,18:00:00,407.0,8.13,145.0,8.28,2.006,1.3847346848343858,2026-04-20 18:00:00,1.3847346848343858,1.3576626479852287,1.3576626479852287,64.37346437346437,0.14999999999999858,816.4419999999999
5589,2026-04-20,19:00:00,377.0,8.11,163.0,8.21,1.967,1.4121900242896683,2026-04-20 19:00:00,1.3847346848343858,1.3847346848343858,1.3576626479852287,56.76392572944297,0.10000000000000142,741.5590000000001
5590,2026-04-20,20:00:00,370.0,8.15,156.0,8.19,1.89,1.4697236919459142,2026-04-20 20:00:00,1.4121900242896683,1.3847346848343858,1.3847346848343858,57.83783783783784,0.03999999999999915,699.3
5591,2026-04-20,21:00:00,365.0,8.18,151.0,8.23,1.814,1.2250398137939482,2026-04-20 21:00:00,1.4697236919459142,1.4121900242896683,1.3847346848343858,58.63013698630137,0.05000000000000071,662.11
5592,2026-04-20,22:00:00,355.0,8.16,142.0,8.2,1.74,1.2771392081736908,2026-04-20 22:00:00,1.2250398137939482,1.4697236919459142,1.4121900242896683,60.0,0.03999999999999915,617.7
5593,2026-04-20,23:00:00,364.0,8.18,137.0,8.24,1.74,1.2771392081736908,2026-04-20 23:00:00,1.2771392081736908,1.2250398137939482,1.4697236919459142,62.362637362637365,0.0600000000000005,633.36
5602,2026-04-21,07:00:00,354.0,8.09,164.0,8.17,1.667,1.3330667199893351,2026-04-21 07:00:00,1.2771392081736908,1.2771392081736908,1.2250398137939482,53.672316384180796,0.08000000000000007,590.118
5603,2026-04-21,08:00:00,350.0,8.06,163.0,7.68,1.667,0.8331666999933346,2026-04-21 08:00:00,1.3330667199893351,1.2771392081736908,1.2771392081736908,53.42857142857142,-0.3800000000000008,583.45
5604,2026-04-21,09:00:00,348.0,8.12,160.0,7.74,1.667,0.8331666999933346,2026-04-21 09:00:00,0.8331666999933346,1.3330667199893351,1.2771392081736908,54.02298850574713,-0.379999999999999,580.116
5605,2026-04-21,10:00:00,342.0,8.07,157.0,7.83,1.667,0.8331666999933346,2026-04-21 10:00:00,0.8331666999933346,0.8331666999933346,1.3330667199893351,54.09356725146199,-0.2400000000000002,570.114
5606,2026-04-21,11:00:00,337.0,8.1,152.0,8.15,1.631,0.8515566455480619,2026-04-21 11:00:00,0.8331666999933346,0.8331666999933346,0.8331666999933346,54.89614243323442,0.05000000000000071,549.647
5607,2026-04-21,12:00:00,313.0,8.07,148.0,8.19,1.631,0.8515566455480619,2026-04-21 12:00:00,0.8515566455480619,0.8331666999933346,0.8331666999933346,52.715654952076676,0.11999999999999922,510.503
5608,2026-04-21,13:00:00,328.0,8.09,136.0,8.12,1.595,0.8707767328456983,2026-04-21 13:00:00,0.8515566455480619,0.8515566455480619,0.8331666999933346,58.536585365853654,0.02999999999999936,523.16
5609,2026-04-21,14:00:00,321.0,8.06,140.0,8.15,1.595,0.8707767328456983,2026-04-21 14:00:00,0.8707767328456983,0.8515566455480619,0.8515566455480619,56.38629283489096,0.08999999999999986,511.995
5610,2026-04-21,15:00:00,324.0,8.02,133.0,8.11,1.595,0.8707767328456983,2026-04-21 15:00:00,0.8707767328456983,0.8707767328456983,0.8515566455480619,58.95061728395061,0.08999999999999986,516.78
5611,2026-04-21,16:00:00,319.0,8.1,136.0,8.16,1.595,0.8707767328456983,2026-04-21 16:00:00,0.8707767328456983,0.8707767328456983,0.8707767328456983,57.36677115987461,0.0600000000000005,508.805
5612,2026-04-21,17:00:00,305.0,8.16,148.0,8.26,1.595,0.8707767328456983,2026-04-21 17:00:00,0.8707767328456983,0.8707767328456983,0.8707767328456983,51.47540983606558,0.09999999999999964,486.47499999999997
5613,2026-04-21,18:00:00,300.0,8.21,143.0,8.32,1.595,0.8707767328456983,2026-04-21 18:00:00,0.8707767328456983,0.8707767328456983,0.8707767328456983,52.33333333333333,0.10999999999999943,478.5
5644,2026-04-22,00:00:00,574.0,8.15,234.0,8.01,2.046,2.036493971977843,2026-04-22 00:00:00,0.8707767328456983,0.8707767328456983,0.8707767328456983,59.23344947735192,-0.14000000000000057,1174.404
5645,2026-04-22,01:00:00,617.0,8.05,225.0,8.09,2.006,2.492522432701895,2026-04-22 01:00:00,2.036493971977843,0.8707767328456983,0.8707767328456983,63.533225283630465,0.03999999999999915,1237.7019999999998
5646,2026-04-22,02:00:00,610.0,8.01,219.0,8.11,1.967,2.541942043721403,2026-04-22 02:00:00,2.492522432701895,2.036493971977843,0.8707767328456983,64.09836065573771,0.09999999999999964,1199.8700000000001
5647,2026-04-22,03:00:00,604.0,8.04,213.0,8.06,1.929,2.592016588906169,2026-04-22 03:00:00,2.541942043721403,2.492522432701895,2.036493971977843,64.73509933774835,0.02000000000000135,1165.116
5648,2026-04-22,04:00:00,610.0,7.93,172.0,7.9,1.929,2.592016588906169,2026-04-22 04:00:00,2.592016588906169,2.541942043721403,2.492522432701895,71.80327868852459,-0.02999999999999936,1176.69
5649,2026-04-22,05:00:00,615.0,7.87,168.0,7.85,1.89,2.6455026455026456,2026-04-22 05:00:00,2.592016588906169,2.592016588906169,2.541942043721403,72.6829268292683,-0.020000000000000462,1162.35
5650,2026-04-22,06:00:00,618.0,7.8,154.0,7.83,1.89,2.6455026455026456,2026-04-22 06:00:00,2.6455026455026456,2.592016588906169,2.592016588906169,75.08090614886731,0.03000000000000025,1168.02
5634,2026-04-22,14:00:00,315.0,8.14,192.0,8.02,1.525,1.4571948998178508,2026-04-22 14:00:00,2.6455026455026456,2.6455026455026456,2.592016588906169,39.04761904761905,-0.120000000000001,480.375
5635,2026-04-22,15:00:00,322.0,8.12,220.0,8.06,1.703,1.304886801070007,2026-04-22 15:00:00,1.4571948998178508,2.6455026455026456,2.6455026455026456,31.67701863354037,-0.05999999999999872,548.366
5636,2026-04-22,16:00:00,316.0,8.09,193.0,8.17,1.967,1.1297520194317343,2026-04-22 16:00:00,1.304886801070007,1.4571948998178508,2.6455026455026456,38.924050632911396,0.08000000000000007,621.572
5637,2026-04-22,17:00:00,318.0,8.06,184.0,8.21,2.331,0.95333428666762,2026-04-22 17:00:00,1.1297520194317343,1.304886801070007,1.4571948998178508,42.138364779874216,0.15000000000000036,741.258
5638,2026-04-22,18:00:00,310.0,8.14,191.0,8.18,2.373,0.9364611134522638,2026-04-22 18:00:00,0.95333428666762,1.1297520194317343,1.304886801070007,38.387096774193544,0.03999999999999915,735.6300000000001
5639,2026-04-22,19:00:00,305.0,8.09,199.0,8.26,2.373,0.9364611134522638,2026-04-22 19:00:00,0.9364611134522638,0.95333428666762,1.1297520194317343,34.75409836065574,0.16999999999999993,723.7650000000001
5640,2026-04-22,20:00:00,312.0,8.11,224.0,8.22,2.458,0.9040773890245004,2026-04-22 20:00:00,0.9364611134522638,0.9364611134522638,0.95333428666762,28.205128205128204,0.11000000000000121,766.8960000000001
5641,2026-04-22,21:00:00,396.0,8.07,238.0,8.24,2.248,0.9885330170027676,2026-04-22 21:00:00,0.9040773890245004,0.9364611134522638,0.9364611134522638,39.8989898989899,0.16999999999999993,890.2080000000001
5642,2026-04-22,22:00:00,458.0,8.12,231.0,8.19,2.166,1.282445880783831,2026-04-22 22:00:00,0.9885330170027676,0.9040773890245004,0.9364611134522638,49.56331877729257,0.07000000000000028,992.028
5643,2026-04-22,23:00:00,519.0,8.08,227.0,8.13,2.086,1.9974432726110576,2026-04-22 23:00:00,1.282445880783831,0.9885330170027676,0.9040773890245004,56.26204238921002,0.05000000000000071,1082.634
5669,2026-04-23,00:00:00,329.0,7.95,153.0,8.16,1.631,2.5546699366441854,2026-04-23 00:00:00,1.9974432726110576,1.282445880783831,0.9885330170027676,53.49544072948328,0.20999999999999996,536.599
5670,2026-04-23,01:00:00,332.0,7.9,142.0,8.13,1.631,2.5546699366441854,2026-04-23 01:00:00,2.5546699366441854,1.9974432726110576,1.282445880783831,57.22891566265061,0.23000000000000043,541.492
5671,2026-04-23,02:00:00,324.0,7.96,136.0,8.06,1.631,2.5546699366441854,2026-04-23 02:00:00,2.5546699366441854,2.5546699366441854,1.9974432726110576,58.0246913580247,0.10000000000000053,528.444
5672,2026-04-23,03:00:00,326.0,7.88,120.0,8.09,1.631,2.5546699366441854,2026-04-23 03:00:00,2.5546699366441854,2.5546699366441854,2.5546699366441854,63.190184049079754,0.20999999999999996,531.706
5673,2026-04-23,04:00:00,328.0,7.91,115.0,8.12,1.595,2.6123301985370952,2026-04-23 04:00:00,2.5546699366441854,2.5546699366441854,2.5546699366441854,64.9390243902439,0.20999999999999908,523.16
5674,2026-04-23,05:00:00,332.0,7.8,119.0,8.05,1.595,2.6123301985370952,2026-04-23 05:00:00,2.6123301985370952,2.5546699366441854,2.5546699366441854,64.1566265060241,0.2500000000000009,529.54
5675,2026-04-23,06:00:00,338.0,7.66,121.0,7.92,1.595,2.6123301985370952,2026-04-23 06:00:00,2.6123301985370952,2.6123301985370952,2.5546699366441854,64.20118343195266,0.2599999999999998,539.11
5652,2026-04-23,07:00:00,597.0,7.88,157.0,7.84,1.814,3.0625995344848707,2026-04-23 07:00:00,2.6123301985370952,2.6123301985370952,2.6123301985370952,73.70184254606366,-0.040000000000000036,1082.958
5653,2026-04-23,08:00:00,438.0,7.84,122.0,7.36,1.814,3.0625995344848707,2026-04-23 08:00:00,3.0625995344848707,2.6123301985370952,2.6123301985370952,72.14611872146118,-0.47999999999999954,794.532
5654,2026-04-23,09:00:00,425.0,7.92,114.0,7.9,1.814,2.7563395810363835,2026-04-23 09:00:00,3.0625995344848707,3.0625995344848707,2.6123301985370952,73.1764705882353,-0.019999999999999574,770.95
5655,2026-04-23,10:00:00,420.0,7.89,123.0,7.98,1.814,2.7563395810363835,2026-04-23 10:00:00,2.7563395810363835,3.0625995344848707,3.0625995344848707,70.71428571428572,0.09000000000000075,761.88
5656,2026-04-23,11:00:00,358.0,7.82,120.0,8.0,1.777,2.8137310073157007,2026-04-23 11:00:00,2.7563395810363835,2.7563395810363835,3.0625995344848707,66.4804469273743,0.17999999999999972,636.1659999999999
5657,2026-04-23,12:00:00,425.0,7.81,126.0,8.02,1.777,2.3447758394297504,2026-04-23 12:00:00,2.8137310073157007,2.7563395810363835,2.7563395810363835,70.35294117647058,0.20999999999999996,755.2249999999999
5658,2026-04-23,13:00:00,431.0,7.88,121.0,8.04,1.777,2.3447758394297504,2026-04-23 13:00:00,2.3447758394297504,2.8137310073157007,2.7563395810363835,71.92575406032483,0.15999999999999925,765.887
5659,2026-04-23,14:00:00,397.0,7.96,117.0,8.03,1.74,2.3946360153256707,2026-04-23 14:00:00,2.3447758394297504,2.3447758394297504,2.8137310073157007,70.52896725440806,0.0699999999999994,690.78
5660,2026-04-23,15:00:00,384.0,7.87,128.0,7.97,1.74,2.3946360153256707,2026-04-23 15:00:00,2.3946360153256707,2.3447758394297504,2.3447758394297504,66.66666666666666,0.09999999999999964,668.16
5661,2026-04-23,16:00:00,350.0,7.99,130.0,8.01,1.703,2.446662752006264,2026-04-23 16:00:00,2.3946360153256707,2.3946360153256707,2.3447758394297504,62.857142857142854,0.019999999999999574,596.0500000000001
5662,2026-04-23,17:00:00,318.0,8.05,140.0,8.17,1.703,2.446662752006264,2026-04-23 17:00:00,2.446662752006264,2.3946360153256707,2.3946360153256707,55.9748427672956,0.11999999999999922,541.554
5663,2026-04-23,18:00:00,322.0,8.02,137.0,8.15,1.667,2.499500099980004,2026-04-23 18:00:00,2.446662752006264,2.446662752006264,2.3946360153256707,57.453416149068325,0.13000000000000078,536.774
5664,2026-04-23,19:00:00,333.0,7.94,159.0,8.1,1.667,2.499500099980004,2026-04-23 19:00:00,2.499500099980004,2.446662752006264,2.446662752006264,52.25225225225225,0.15999999999999925,555.111
5665,2026-04-23,20:00:00,337.0,7.98,162.0,8.12,1.667,2.499500099980004,2026-04-23 20:00:00,2.499500099980004,2.499500099980004,2.446662752006264,51.92878338278932,0.1399999999999988,561.779
5666,2026-04-23,21:00:00,341.0,7.87,165.0,8.08,1.667,2.499500099980004,2026-04-23 21:00:00,2.499500099980004,2.499500099980004,2.499500099980004,51.61290322580645,0.20999999999999996,568.447
5667,2026-04-23,22:00:00,332.0,7.9,158.0,8.14,1.667,2.499500099980004,2026-04-23 22:00:00,2.499500099980004,2.499500099980004,2.499500099980004,52.40963855421686,0.2400000000000002,553.444
5668,2026-04-23,23:00:00,330.0,7.99,147.0,8.11,1.631,2.5546699366441854,2026-04-23 23:00:00,2.499500099980004,2.499500099980004,2.499500099980004,55.45454545454545,0.11999999999999922,538.23
5677,2026-04-24,07:00:00,310.0,8.04,108.0,8.04,1.56,2.1367521367521367,2026-04-24 07:00:00,2.5546699366441854,2.499500099980004,2.499500099980004,65.16129032258064,0.0,483.6
5678,2026-04-24,08:00:00,312.0,8.02,100.0,7.81,1.56,1.4245014245014245,2026-04-24 08:00:00,2.1367521367521367,2.5546699366441854,2.499500099980004,67.94871794871796,-0.20999999999999996,486.72
5679,2026-04-24,09:00:00,308.0,8.0,99.0,7.92,1.56,1.4245014245014245,2026-04-24 09:00:00,1.4245014245014245,2.1367521367521367,2.5546699366441854,67.85714285714286,-0.08000000000000007,480.48
5680,2026-04-24,10:00:00,305.0,8.05,97.0,8.02,1.525,1.4571948998178508,2026-04-24 10:00:00,1.4245014245014245,1.4245014245014245,2.1367521367521367,68.1967213114754,-0.030000000000001137,465.125
5681,2026-04-24,11:00:00,311.0,8.07,95.0,8.0,1.525,1.4571948998178508,2026-04-24 11:00:00,1.4571948998178508,1.4245014245014245,1.4245014245014245,69.45337620578779,-0.07000000000000028,474.275
5682,2026-04-24,12:00:00,307.0,8.11,98.0,8.09,1.525,1.4571948998178508,2026-04-24 12:00:00,1.4571948998178508,1.4571948998178508,1.4245014245014245,68.07817589576547,-0.019999999999999574,468.17499999999995
5683,2026-04-24,13:00:00,303.0,8.1,94.0,8.06,1.525,1.4571948998178508,2026-04-24 13:00:00,1.4571948998178508,1.4571948998178508,1.4571948998178508,68.97689768976898,-0.03999999999999915,462.075
5684,2026-04-24,14:00:00,304.0,8.08,101.0,8.03,1.525,1.4571948998178508,2026-04-24 14:00:00,1.4571948998178508,1.4571948998178508,1.4571948998178508,66.77631578947368,-0.05000000000000071,463.59999999999997
5685,2026-04-24,15:00:00,302.0,8.11,111.0,8.07,1.525,1.092896174863388,2026-04-24 15:00:00,1.4571948998178508,1.4571948998178508,1.4571948998178508,63.24503311258278,-0.03999999999999915,460.54999999999995
5686,2026-04-24,16:00:00,297.0,8.17,107.0,8.11,1.525,1.092896174863388,2026-04-24 16:00:00,1.092896174863388,1.4571948998178508,1.4571948998178508,63.97306397306397,-0.0600000000000005,452.92499999999995
5687,2026-04-24,17:00:00,294.0,8.22,83.0,8.1,1.525,1.092896174863388,2026-04-24 17:00:00,1.092896174863388,1.092896174863388,1.4571948998178508,71.7687074829932,-0.120000000000001,448.34999999999997
5688,2026-04-24,18:00:00,282.0,8.2,86.0,8.12,1.525,1.092896174863388,2026-04-24 18:00:00,1.092896174863388,1.092896174863388,1.092896174863388,69.50354609929079,-0.08000000000000007,430.04999999999995
