Inlet TSS (mg/L),Inlet pH,Outlet TSS (mg/L),Outlet pH,Inlet Disch (m3/s),Kolom T1,Kolom T2,Kolom T3,Efisiensi_TSS,Delta_pH,Beban_TSS
0.24211112999498874,-0.639426160732271,-1.520418651875686,-0.4063671708314878,0.5976659180420594,-0.03614363477182446,-0.03679531215496421,-0.03745166399936434,1.274826884348389,0.05372524883316963,0.3015454792230004
0.2349460482520556,-0.5570107700565116,-1.477339041449256,-0.29029012074992433,0.5976659180420594,-0.03614363477182446,-0.03679531215496421,-0.03745166399936434,1.250231905314799,0.1464505633937481,0.295671401315354
0.20270318040885643,-0.4333876840428689,-1.498878846662471,-0.3483286457907074,0.5976659180420594,-0.03614363477182446,-0.03679531215496421,-0.03745166399936434,1.2521212402236759,-0.08536272300769604,0.26923805073094487
0.20986826215178958,-0.35097229336710595,-1.563498262302116,-0.4644056958722709,0.5976659180420594,-0.03614363477182446,-0.03679531215496421,-0.03745166399936434,1.2884367409554203,-0.3635386666894274,0.27511212863859125
1.1305812661186991,0.8852585667693098,2.033649208304791,0.5802877548618006,0.7016037755980473,-0.03614363477182446,-0.03679531215496421,-0.03745166399936434,0.09194636568196143,-0.08536272300769604,1.0781550108033666
1.1198336435042993,0.7616354807556671,1.9044103770255005,-0.11617454562758035,0.5976659180420594,1.2068498130583638,-0.03679531215496421,-0.03745166399936434,0.13579206125231927,-1.0589785258937476,1.02112002290969
1.062512989560834,0.9264662621071895,1.6459327144669205,-0.058136020586797316,0.5976659180420594,1.2587183921034386,1.206735749190306,-0.03745166399936434,0.2053493723912684,-1.1517038404543218,0.9741273996485186
0.8905510277304386,0.8028431760935468,1.2797560258422653,-9.749554601685544e-05,0.5976659180420594,0.827097716478351,1.2586267621823588,1.2066246532331675,0.25983085947356993,-0.9198905540528819,0.8331495298650038
0.83681291465844,0.6792200900799078,0.8704997267911802,0.20303734209671992,0.7016037755980473,0.827097716478351,0.8268194040699178,1.2585384190789364,0.4023394948955996,-0.4562639812500018,0.833111053372159
0.618277921498979,0.22593544136322044,0.590482259019385,0.4351914422598469,0.8055416331540352,-0.06578282279758131,0.8268194040699178,0.8265417247195028,0.40918379687767,0.42462650707547533,0.6917099421673509
0.5036366136120486,0.3907662227147428,0.26738518082115986,0.6963648049433642,0.9354639550990194,-0.09442153190263755,-0.06644731957899425,0.8265417247195028,0.4964847655740932,0.6564397934769154,0.643498896632759
0.43915087792565033,0.5968046994041448,-0.07725170259028032,0.5802877548618006,0.9354639550990194,-0.12888857333589238,-0.0950984153600191,-0.06711667305408915,0.6277182168826889,0.23917587795432246,0.5876310290220432
0.3710826013677854,0.3083508320389798,-0.3357293651488604,0.40617217973945413,1.0394018126550073,-0.12888857333589238,-0.12958036431135597,-0.09578033159219881,0.7209855153469182,0.28553853523460965,0.5660072400432398
0.36033497875338566,0.22593544136322044,-0.4865080016413655,0.4932299673006274,1.0394018126550073,-0.1554534150259134,-0.12958036431135597,-0.13027739997742394,0.790996652418332,0.5173518216360496,0.5565420228034078
0.48214136838324917,0.2671431367011001,-0.7234458589867306,0.057941029494766184,1.0394018126550073,-0.1554534150259134,-0.15615669569824026,-0.13027739997742394,0.9567883623623107,-0.22445069484855762,0.6638144848548375
0.5358794814552478,0.5968046994041448,-0.8096050798395906,-9.749554601685544e-05,1.0394018126550073,-0.1554534150259134,-0.15615669569824026,-0.15686538439140255,1.0167194377715103,-0.6880772676514418,0.7111405710539979
0.39257784659658485,-1.628410848841405,-0.5511274172810106,-0.23225159570914386,0.8055416331540352,-0.1554534150259134,-0.15615669569824026,-0.15686538439140255,0.8373136018959071,1.4446049672418142,0.5002124372785539
0.41765563269685085,-1.7932416301929273,-0.6372866381338705,-0.08715528310719013,0.8055416331540352,-0.09442153190263755,-0.15615669569824026,-0.15686538439140255,0.8900758782902715,1.861868882764407,0.5214899378217535
0.40690801008245114,-1.6696185441792846,-0.5942070277074406,-0.1742130706683608,0.8055416331540352,-0.09442153190263755,-0.0950984153600191,-0.15686538439140255,0.8645711138734886,1.5836929390826797,0.5123710090175252
0.3567524378819191,-1.4635800674898827,-0.9388439111188808,-0.11617454562758035,0.7016037755980473,-0.09442153190263755,-0.0950984153600191,-0.09578033159219881,1.0152463567350172,1.4446049672418142,0.4326733668382346
0.31376194742432023,-1.2987492861383603,-1.2834807945303208,-0.2612708582295341,0.7016037755980473,-0.06578282279758131,-0.0950984153600191,-0.09578033159219881,1.174112853172521,1.0273410517192212,0.39681327550683837
-0.6499415470001881,1.338543215485997,-1.1327021580378158,0.8704803800657082,0.3897902029300837,-0.06578282279758131,-0.06644731957899425,-0.09578033159219881,0.5662266751369548,-0.13172538028798736,-0.47523078382636
-0.6248637608999221,1.503373996837516,-1.0034633267585258,0.9575381676268788,0.3897902029300837,-0.8681364303206356,-0.06644731957899425,-0.06711667305408915,0.48426901627471364,-0.17808803756827454,-0.4553897390160346
-0.6033685156711227,1.7918278642026808,-1.0680827423981707,1.0445959551880546,0.3897902029300837,-0.8681364303206356,-0.8691479572042845,-0.06711667305408915,0.5550855366100435,-0.3635386666894233,-0.4383831291786128
-0.6535240878716547,1.5445816921753956,-1.1111623528246009,1.102634480228835,0.3897902029300837,-0.8681364303206356,-0.8691479572042845,-0.8701692739410775,0.5454260688568644,0.007362591552882442,-0.4780652187992637
-0.667854251357521,1.338543215485997,-0.9819235215453107,0.8994996425860984,0.18191448781810796,-0.8681364303206356,-0.8691479572042845,-0.8701692739410775,0.42571430016958234,-0.08536272300770016,-0.534343502333658
-0.6857669557148539,1.2561278248102306,-0.9388439111188808,0.9865574301472743,0.2858523453740958,-0.8345405652708124,-0.8691479572042845,-0.8701692739410775,0.3718822419276122,0.1464505633937522,-0.5257888954244873
-0.6750193331004541,1.4209586061617565,-0.8526846902660207,1.0445959551880546,0.2858523453740958,-0.8516481371049389,-0.8355375614333758,-0.8701692739410775,0.31145071894262705,0.05372524883316963,-0.5174394964771558
0.31376194742432023,0.14352005068745746,-1.1757817684642458,0.4932299673006274,0.5976659180420594,-0.8516481371049389,-0.8526525325517417,-0.8365441408895836,1.1194250710211548,0.6100771361966282,0.3602862582994648
-0.02299689449353772,-0.22734920735346692,-1.2404011841038909,-0.08715528310719013,0.5976659180420594,-0.03614363477182446,-0.8526525325517417,-0.853666616475713,1.0274646451122562,0.10008790611345682,0.08420459664008183
-0.012249271879138,-0.1449338166777039,-1.1327021580378158,-0.4934249583926611,0.5976659180420594,-0.03614363477182446,-0.03679531215496421,-0.853666616475713,0.9693286847107074,-0.6417146103711546,0.09301571350155136
-0.03732705797940402,-0.021310730664061233,-1.1542419632510308,-0.3483286457907074,0.5976659180420594,-0.03614363477182446,-0.03679531215496421,-0.03745166399936434,0.9705745473544412,-0.5489892958105803,0.07245644082478883
-0.06598738495113661,-0.18614151201558357,-1.477339041449256,-0.29029012074992433,0.5976659180420594,-0.46776431039691185,-0.03679531215496421,-0.03745166399936434,1.150107985099479,-0.27081335212884894,0.048960129194203124
-0.4385716355836603,0.5143893087283855,-1.9512147561399862,0.3771529172190639,0.5976659180420594,-0.46776431039691185,-0.46860267026740493,-0.03745166399936434,1.3210072863456317,0.007362591552878325,-0.2564919220034122
-0.4529017990695266,0.2671431367011001,-1.606577872728546,-0.4063671708314878,0.5976659180420594,-0.7267367157719643,-0.46860267026740493,-0.4694483583587976,1.0655718815291277,-0.966253211333169,-0.2682400778187049
-0.5388827799847243,0.6380123947420245,-1.4127196258096109,-9.749554601685544e-05,0.49372806048607154,-0.8993849860219997,-0.7276870851348695,-0.4694483583587976,0.8717840254310878,-0.734439924931729,-0.36304615618840486
-0.5138049938844583,0.22593544136322044,-0.9603837163320957,0.4642107047802372,0.49372806048607154,-0.8840384731108852,-0.9004100283798461,-0.7286463749744576,0.5478069971246752,0.4709891643557625,-0.34284599744486083
-0.5567954843420573,0.8440508714314302,-0.9173041059056657,0.7544033299841446,0.49372806048607154,-0.8840384731108852,-0.8850568778691813,-0.9014450527182314,0.47814377737584246,0.23917587795431836,-0.377474841005222
-0.5317176982417912,0.9264662621071895,-0.7880652746263757,0.8124418550249277,0.49372806048607154,-0.8840384731108852,-0.8850568778691813,-0.8860851702521179,0.40195813409079895,0.23917587795432246,-0.35727468226167797
-0.5030573712700587,1.0088816527829525,-0.9603837163320957,0.667345542422974,0.49372806048607154,-0.8840384731108852,-0.8850568778691813,-0.8860851702521179,0.5566380765180089,-0.08536272300769604,-0.3341887865547706
-0.5173875347559249,2.203904817581485,-0.8096050798395906,0.6963648049433642,0.3897902029300837,-0.8840384731108852,-0.8850568778691813,-0.8860851702521179,0.4312704789498021,-1.3835171268557618,-0.3703566898289256
-0.6248637608999221,2.080281731567846,-0.8526846902660207,0.5802877548618006,0.3897902029300837,-0.8681364303206356,-0.8850568778691813,-0.8860851702521179,0.3631295023891991,-1.429879784136053,-0.4553897390160346
-0.5926208930567229,1.8742432548784402,-0.7665254694131607,0.7253840674637544,0.3897902029300837,-0.8681364303206356,-0.8691479572042845,-0.8860851702521179,0.32682158086048857,-0.966253211333169,-0.4298798242599019
-0.6212812200284555,1.5445816921753956,-0.8742244954792356,0.8124418550249277,0.3897902029300837,-0.8681364303206356,-0.8691479572042845,-0.8701692739410775,0.38396534529063636,-0.4562639812499977,-0.4525553040431309
-0.5675431069564569,1.091297043458712,-0.9603837163320957,0.9865574301472743,0.3897902029300837,-0.8681364303206356,-0.8691479572042845,-0.8701692739410775,0.5019460268846166,0.33190119251490097,-0.41003877944957656
-0.9257971941031143,1.5857893875132751,-0.18495072865635537,0.5802877548618006,0.07797663026212008,-0.8681364303206356,-0.8691479572042845,-0.8701692739410775,-0.6658471178982965,-0.8735278967725906,-0.7498118622647941
-0.8935543262599152,1.7094124735269216,-0.2711099495092154,0.8994996425860984,0.07797663026212008,-1.0059477939753703,-0.8691479572042845,-0.8701692739410775,-0.519458384490977,-0.5026266385302931,-0.7256871012510757
-0.9186321123601812,1.6269970828511622,-0.24957014429600038,0.7834225925045374,0.07797663026212008,-1.0059477939753703,-1.0070189263635871,-0.8701692739410775,-0.5880225969308367,-0.5953519530908674,-0.7444508042617457
-0.9257971941031143,1.7918278642026808,-0.12033131301671034,0.6093070173821908,-0.025961227293867784,-1.0059477939753703,-1.0070189263635871,-1.0081006959189331,-0.7296794144421859,-1.0589785258937476,-0.7685883907730788
-0.9401273575889806,1.668204778189042,-0.18495072865635537,0.8414611175453179,-0.025961227293867784,-0.9911833345939691,-1.0070189263635871,-1.0081006959189331,-0.6950007266328901,-0.5489892958105803,-0.7791052988173367
-0.9078844897457815,1.5857893875132751,-0.14187111822992535,0.7544033299841446,-0.025961227293867784,-0.9911833345939691,-0.9922480811296136,-1.0081006959189331,-0.6722704936511409,-0.5953519530908633,-0.7554422557177565
-0.8792241627740489,1.7506201688648013,-0.0557118973770653,0.6963648049433642,-0.025961227293867784,-0.9911833345939691,-0.9922480811296136,-0.9933233740551641,-0.6986334513913757,-0.8735278967725947,-0.7344084396292409
-0.6965145783292536,0.2671431367011001,-0.7449856641999456,0.5512684923414104,0.2858523453740958,-0.9911833345939691,-0.9922480811296136,-0.9933233740551641,0.19771973425980896,0.563714478916341,-0.5341382943718188
-0.7144272826865865,0.061104660011698106,-0.14187111822992535,-0.43538643335188065,0.2858523453740958,-0.8516481371049389,-0.9922480811296136,-0.9933233740551641,-0.3362221450002836,-0.7808025822120203,-0.548053959284038
-0.7072622009436533,0.18472774602534078,-0.2711099495092154,-0.31930938327031716,0.2858523453740958,-0.8516481371049389,-0.8526525325517417,-0.9933233740551641,-0.21598140892231424,-0.7344399249317332,-0.5424876933191505
-0.7108447418151199,0.5143893087283855,-0.3357293651488604,-0.20323233318875364,0.2858523453740958,-0.8516481371049389,-0.8526525325517417,-0.853666616475713,-0.16627698485292805,-0.919890554052886,-0.5452708263015942
-0.7395050687868525,0.6792200900799078,-0.6588264433470856,-0.029116758066407088,0.2858523453740958,-1.0338437771383862,-0.8526525325517417,-0.853666616475713,0.0722456252327993,-0.8271652394923075,-0.5675358901611449
-0.7323399870439193,0.47318161339050213,-1.2834807945303208,0.4642107047802372,0.2858523453740958,-1.0338437771383862,-1.0349269749623389,-0.853666616475713,0.619005822535133,0.19281322067403528,-0.5619696241962573
-0.6750193331004541,0.3083508320389798,-1.0465429371849557,0.3771529172190639,0.2858523453740958,-1.0338437771383862,-1.0349269749623389,-1.0360209814679902,0.47220269510132107,0.23917587795432246,-0.5174394964771558
-0.7395050687868525,0.22593544136322044,-0.8957643006924507,0.08696029201515641,0.2858523453740958,-1.0338437771383862,-1.0349269749623389,-1.0360209814679902,0.2771808930842349,-0.13172538028798322,-0.5675358901611449
-0.7645828548871185,-0.021310730664061233,-0.8311448850528057,-0.1451938081479706,0.18191448781810796,-1.0338437771383862,-1.0349269749623389,-1.0360209814679902,0.19146255831160344,-0.22445069484856173,-0.6081029391172273
-0.7896606409873845,0.061104660011698106,-0.9388439111188808,-0.2612708582295341,0.18191448781810796,-1.020157719671085,-1.0349269749623389,-1.0360209814679902,0.2569825025984274,-0.502626638530289,-0.6272257560611156
-0.8147384270876505,-0.1449338166777039,-1.0680827423981707,-0.4063671708314878,0.18191448781810796,-1.020157719671085,-1.021234998067646,-1.0360209814679902,0.3444289441103629,-0.502626638530289,-0.6463485730050038
-0.8219035088305837,-0.10372612133982424,-1.0250031319717408,-0.31930938327031716,0.18191448781810796,-1.020157719671085,-1.021234998067646,-1.0223230009990865,0.2967546873669369,-0.40990132396971457,-0.6518122349889721
-1.0655162880903106,1.7094124735269216,-1.3050205997435358,-0.4934249583926611,0.07797663026212008,-1.020157719671085,-1.021234998067646,-1.0223230009990865,0.25786672688972867,-2.2875889438213823,-0.8543524933242399
-1.0476035837329778,1.5445816921753956,-1.1757817684642458,-0.29029012074992433,0.07797663026212008,-1.0059477939753703,-1.021234998067646,-1.0223230009990865,0.14295165959556247,-2.218044957900948,-0.8409498483166186
-0.8720590810311157,1.0500893481208322,-1.0680827423981707,0.028921766974373375,0.07797663026212008,-1.0059477939753703,-1.0070189263635871,-1.0223230009990865,0.27605621850523643,-1.151703840454326,-0.7096039272419303
-0.886389244516982,1.4209586061617565,-0.7665254694131607,0.7834225925045374,0.07797663026212008,-1.0059477939753703,-1.0070189263635871,-1.0081006959189331,-0.03113623643712958,-0.3635386666894233,-0.7203260432480273
-0.9150495714887146,1.503373996837516,-0.29264975472243043,0.6383262799025812,0.07797663026212008,-1.0059477939753703,-1.0070189263635871,-1.0081006959189331,-0.5388744738245431,-0.6880772676514418,-0.7417702752602213
-1.1085067785479097,2.1214894269057254,-0.3788089755752905,1.4218463679531328,-0.12989908484985566,-1.0059477939753703,-1.0070189263635871,-1.0081006959189331,-0.8705157512612437,-0.13172538028798736,-0.9188390953322013
-1.1371671055196422,1.91545095021632,-0.4649681964281505,1.102634480228835,-0.12989908484985566,-1.1725300105966816,-1.0070189263635871,-1.0081006959189331,-0.8431359502102068,-0.40990132396971046,-0.9394624954970386
-1.1479147281340418,1.7506201688648013,-0.5726672224942255,1.1606730052696157,-0.12989908484985566,-1.1725300105966816,-1.1736731923196593,-1.0081006959189331,-0.74283782644904,-0.13172538028798736,-0.9471962705588526
-1.0690988289617773,2.0390740362299664,-0.5080478068545805,1.0155766926676644,-0.12989908484985566,-1.1725300105966816,-1.1736731923196593,-1.1748280354173353,-0.6312549735544711,-0.6880772676514418,-0.8904819201055502
-1.0834289924476437,2.162697122243605,-0.4434283912149355,1.2767500553511817,-0.12989908484985566,-1.1725300105966816,-1.1736731923196593,-1.1748280354173353,-0.7361551546712759,-0.40990132396971046,-0.9007936201879687
-1.0977591559335098,1.9978663408920865,-0.5295876120677955,1.189692267790006,-0.12989908484985566,-1.1725300105966816,-1.1736731923196593,-1.1748280354173353,-0.6722704936511409,-0.3635386666894315,-0.9111053202703874
-1.0905940741905766,2.2451125129193645,-0.7665254694131607,1.2477307928307915,-0.12989908484985566,-1.1725300105966816,-1.1736731923196593,-1.1748280354173353,-0.38804364398124486,-0.548989295810572,-0.905949470229178
-0.8971368671313817,0.6792200900799078,-0.7665254694131607,0.5802877548618006,0.07797663026212008,-1.1725300105966816,-1.1736731923196593,-1.1748280354173353,-0.04720862180359738,0.146450563393744,-0.7283676302526001
-0.9902829297895127,-1.4635800674898827,-0.7449856641999456,-0.4063671708314878,0.07797663026212008,-1.0059477939753703,-1.1736731923196593,-1.1748280354173353,-0.2204884512070226,0.9809783944389339,-0.7980613842922306
-0.9759527663036464,1.668204778189042,-0.4434283912149355,0.5222492298210176,0.07797663026212008,-1.0059477939753703,-1.0070189263635871,-1.1748280354173353,-0.5052992205303332,-1.0589785258937516,-0.7873392682861337
-1.0081956341468454,1.503373996837516,-0.3141895599356454,0.5802877548618006,0.07797663026212008,-1.0059477939753703,-1.0070189263635871,-1.0081006959189331,-0.7065409823616503,-0.7808025822120161,-0.8114640292998518
-1.0619337472188441,1.8330355595405605,-0.5511274172810106,0.5512684923414104,-0.025961227293867784,-1.0059477939753703,-1.0070189263635871,-1.0081006959189331,-0.5678930856002552,-1.198066497734609,-0.8684990171935282
-1.104924237676443,1.956658645554207,-0.7665254694131607,0.4642107047802372,-0.025961227293867784,-1.1840440852635206,-1.0070189263635871,-1.0081006959189331,-0.41792463279850683,-1.4762424414163444,-0.9000497413263017
-1.1156718602908426,2.2863202082572442,-0.9173041059056657,0.3771529172190639,-0.025961227293867784,-1.1840440852635206,-1.1851922469983922,-1.0081006959189331,-0.2666743326951879,-1.9862316714995076,-0.907937422359495
-1.0977591559335098,2.203904817581485,-0.9819235215453107,0.8124418550249277,-0.025961227293867784,-1.1840440852635206,-1.1851922469983922,-1.1863521409006477,-0.1579989724390519,-1.198066497734609,-0.8947912873041727
-1.0905940741905766,1.5445816921753956,-0.8742244954792356,0.8414611175453179,-0.025961227293867784,-1.1840440852635206,-1.1851922469983922,-1.1863521409006477,-0.2663633286944558,-0.40990132396971046,-0.8895328332820438
-1.0619337472188441,1.0088816527829525,-0.9173041059056657,0.7253840674637544,-0.025961227293867784,-1.1840440852635206,-1.1851922469983922,-1.1863521409006477,-0.16427057635627174,0.007362591552878325,-0.8684990171935282
-1.0690988289617773,0.6792200900799078,-0.9388439111188808,0.08696029201515641,-0.025961227293867784,-1.1840440852635206,-1.1851922469983922,-1.1863521409006477,-0.153491772428428,-0.6417146103711546,-0.8737574712156571
-1.0834289924476437,0.7616354807556671,-0.9819235215453107,0.4932299673006274,-0.025961227293867784,-1.1840440852635206,-1.1851922469983922,-1.1863521409006477,-0.13153247001642412,-0.08536272300769604,-0.8842743792599149
-1.1013416968049765,2.0390740362299664,0.00890751826257973,1.5959619430754795,-0.12989908484985566,-1.1840440852635206,-1.1851922469983922,-1.1863521409006477,-1.294773110134093,0.23917587795431836,-0.913683245290992
-1.1120893194193762,1.7918278642026808,-0.0557118973770653,1.6830197306366501,-0.12989908484985566,-1.1725300105966816,-1.1851922469983922,-1.1863521409006477,-1.2515863655897823,0.6564397934769113,-0.9214170203528059
-1.1264194829052425,1.5445816921753956,-0.12033131301671034,1.5669426805550892,-0.12989908484985566,-1.1725300105966816,-1.1736731923196593,-1.1863521409006477,-1.2178248908079288,0.7491651080374938,-0.9317287204352247
-1.1085067785479097,1.4621663014996362,-0.18495072865635537,1.5089041555143088,-0.12989908484985566,-1.1725300105966816,-1.1736731923196593,-1.1748280354173353,-1.093016899214229,0.7491651080374938,-0.9188390953322013
-1.130002023776709,1.668204778189042,-0.2711099495092154,1.3638078429123524,-0.12989908484985566,-1.1725300105966816,-1.1736731923196593,-1.1748280354173353,-1.0517329753221973,0.28553853523460554,-0.9343066454558293
-1.0834289924476437,1.8330355595405605,-0.7880652746263757,1.3347885803919621,-0.3377747999618308,-1.1725300105966816,-1.1736731923196593,-1.1748280354173353,-0.3491966364921711,0.05372524883316963,-0.9338321020440761
-1.0941766150620433,2.080281731567846,-1.0250031319717408,1.102634480228835,-0.3377747999618308,-1.3529221519119878,-1.1736731923196593,-1.1748280354173353,-0.10249541820165138,-0.5953519530908674,-0.9412580651631314
-1.079846451576177,1.956658645554207,-0.9603837163320957,1.2187115303104012,-0.3377747999618308,-1.3529221519119878,-1.3541433559715712,-1.1748280354173353,-0.14912830046767964,-0.27081335212884894,-0.9313567810043911
-1.0977591559335098,1.7918278642026808,-0.9173041059056657,1.2767500553511817,-0.3377747999618308,-1.3529221519119878,-1.3541433559715712,-1.3553773305218222,-0.23146633261220714,0.007362591552882442,-0.9437333862028164
-1.1085067785479097,1.668204778189042,-0.8096050798395906,1.3638078429123524,-0.3377747999618308,-1.3529221519119878,-1.3541433559715712,-1.3553773305218222,-0.3760687558101645,0.28553853523460554,-0.9511593493218717
-1.1264194829052425,1.503373996837516,-0.7665254694131607,1.4508656304735281,-0.4417126575178187,-1.3529221519119878,-1.3541433559715712,-1.3553773305218222,-0.46419197032200893,0.6100771361966323,-0.9794395715628333
-1.1156718602908426,1.7094124735269216,-0.7234458589867306,1.5089041555143088,-0.4417126575178187,-1.3442511638620367,-1.3541433559715712,-1.3553773305218222,-0.49059721322295385,0.4709891643557625,-0.9721675144151575
-1.1264194829052425,-1.5872031535035254,-0.3141895599356454,0.20303734209671992,-0.23383694240584293,-1.3442511638620367,-1.3454686175878008,-1.3553773305218222,-0.9917350146621529,2.0936821691658514,-0.9476323374777608
-1.1873226777201742,-1.422372372152003,-0.4865080016413655,0.20303734209671992,-0.23383694240584293,-1.160548359293626,-1.3454686175878008,-1.3466987884918693,-0.9510954237281002,1.9082315400446983,-0.9905849289902235
-1.1514972690055085,-1.5047877628277624,-0.5511274172810106,0.26107586713750036,-0.23383694240584293,-1.160548359293626,-1.1616863587707238,-1.3466987884918693,-0.7775009699387633,2.093682169165847,-0.965318698688775
-1.130002023776709,-1.5047877628277624,-0.4434283912149355,0.23205660461711014,-0.23383694240584293,-1.160548359293626,-1.1616863587707238,-1.162835945955005,-0.8501138121285533,2.04731951188556,-0.9501589605079056
-1.2124004638204402,-1.4635800674898827,-0.35726917036207545,-1.8573302968510303,-0.3377747999618308,-1.160548359293626,-1.1616863587707238,-1.162835945955005,-1.1860282570997815,-1.3371544695754747,-1.0229436594727388
-1.230313168177773,-0.5570107700565116,-0.7449856641999456,0.667345542422974,-0.3377747999618308,-1.1480700592318944,-1.1616863587707238,-1.162835945955005,-0.7433848067013127,1.6764182536432584,-1.0353202646711643
-1.2446433316636394,-0.721841551408034,-0.6372866381338705,0.8994996425860984,-0.3377747999618308,-1.1480700592318944,-1.149202661654993,-1.162835945955005,-0.923173463773181,2.232770141006713,-1.0452215488299046
-1.2267306273063066,-0.4745953793807486,-0.7880652746263757,0.7834225925045374,-0.3377747999618308,-1.1480700592318944,-1.149202661654993,-1.1503467750641843,-0.6785230349424731,1.7691435682038326,-1.032844943631479
-1.2374782499207062,-0.22734920735346692,-0.7019060537735156,1.0155766926676644,-0.3377747999618308,-1.1480700592318944,-1.149202661654993,-1.1503467750641843,-0.8186785662542757,1.8618688827644112,-1.0402709067505342
-1.2625560360209722,-0.1449338166777039,-0.6372866381338705,1.102634480228835,-0.23383694240584293,-1.1480700592318944,-1.149202661654993,-1.1503467750641843,-0.9764037567208953,1.908231540044694,-1.0436440126232658
-1.248225872535106,0.10231235534957778,-0.5080478068545805,1.2187115303104012,-0.12989908484985566,-1.160548359293626,-1.149202661654993,-1.1503467750641843,-1.1029595833618866,1.8155062254841239,-1.0193781711357832
-1.266138576892439,-0.021310730664061233,-0.5511274172810106,1.0736152177084448,-0.025961227293867784,-1.1725300105966816,-1.1616863587707238,-1.1503467750641843,-1.1022307638896087,1.7227809109235412,-1.0183649568242024
-1.2124004638204402,0.019896964673818438,-0.4865080016413655,0.8704803800657082,-0.025961227293867784,-1.1840440852635206,-1.1736731923196593,-1.162835945955005,-1.0226532883231136,1.3518796526812356,-0.9789265516582354
-1.2267306273063066,0.3083508320389798,-0.6157468329206556,0.9575381676268788,-0.12989908484985566,-1.1840440852635206,-1.1851922469983922,-1.1748280354173353,-0.8994461605695506,1.1664290235600827,-1.0039106210121553
-1.1694099733628414,1.4209586061617565,-0.4649681964281505,1.0155766926676644,-0.12989908484985566,-1.1725300105966816,-1.1851922469983922,-1.1863521409006477,-0.9281735804287765,0.007362591552882442,-0.9626638206824807
-1.1264194829052425,1.338543215485997,-0.6803662485603006,1.1606730052696157,-0.23383694240584293,-1.3692287861551793,-1.1736731923196593,-1.1863521409006477,-0.564676359720132,0.3319011925148927,-0.9476323374777608
-1.1335845646481757,1.9978663408920865,-0.9603837163320957,1.2767500553511817,-0.23383694240584293,-1.361241018619809,-1.3704570430813485,-1.1748280354173353,-0.25245700694739404,-0.22445069484856173,-0.9526855835380506
-1.1873226777201742,1.91545095021632,-0.6372866381338705,1.4218463679531328,-0.4417126575178187,-1.361241018619809,-1.362465820715392,-1.371698170757256,-0.7650449757810645,0.10008790611345682,-1.0206478953996632
-1.1980703003345738,1.8330355595405605,-0.7234458589867306,1.5959619430754795,-0.4417126575178187,-1.3442511638620367,-1.362465820715392,-1.3637034444490361,-0.685950622786832,0.4709891643557625,-1.0279199525473388
-1.215983004691907,1.9978663408920865,-0.7019060537735156,1.3347885803919621,-0.4417126575178187,-1.3442511638620367,-1.3454686175878008,-1.3637034444490361,-0.75991576543666,-0.13172538028798736,-1.0400400477934653
-1.1694099733628414,1.8742432548784402,-0.6588264433470856,1.4508656304735281,-0.4417126575178187,-1.3442511638620367,-1.3454686175878008,-1.3466987884918693,-0.6929794139684057,0.1928132206740394,-1.0085278001535365
-1.2267306273063066,1.503373996837516,-0.7449856641999456,1.3347885803919621,-0.5456505150738059,-1.3442511638620367,-1.3454686175878008,-1.3466987884918693,-0.7337538163492417,0.42462650707547533,-1.061779266250803
-1.2374782499207062,1.2973355201481176,-0.7019060537735156,1.4508656304735281,-0.5456505150738059,-1.3352052141666826,-1.3454686175878008,-1.3466987884918693,-0.8186785662542757,0.8418904225980682,-1.0688974174270995
-1.2124004638204402,1.338543215485997,-0.7449856641999456,1.305769317871572,-0.6495883726297939,-1.3352052141666826,-1.3364187553820295,-1.3466987884918693,-0.6959033507697783,0.5637144789163369,-1.0669607672872423
-1.2446433316636394,1.4209586061617565,-0.7880652746263757,0.667345542422974,-0.7275417657967848,-1.325759443490318,-1.3364187553820295,-1.3376449581579186,-0.7263764195548373,-0.5489892958105761,-1.0985114914200158
-1.2840512812497717,1.338543215485997,-0.6588264433470856,1.189692267790006,-0.8314796233527726,-1.3183965183142192,-1.3269688992666107,-1.3376449581579186,-1.0136451446812929,0.3782638497951799,-1.1372701452123906
1.560486170694688,1.4209586061617565,2.0551890135180058,1.2187115303104012,1.9488580662699004,-1.3081843385680594,-1.319602789513721,-1.3281909585274394,0.29749866063451463,0.33190119251490097,2.0893172427659117
1.3670289636354929,1.2973355201481176,1.5813132988272756,1.0736152177084448,1.8449202087139127,2.4583473873461203,-1.3093861928449624,-1.3208216189278383,0.37788918755162076,0.23917587795431836,1.843093339554129
1.1126685617613663,1.4621663014996362,0.8704997267911802,1.1316537427492255,1.8449202087139127,2.5193000765102824,2.458774615156795,-1.3106005425483152,0.5316513165874592,0.146450563393744,1.5908542779609354
0.8511430781443063,1.503373996837516,0.504323038166525,0.9865574301472743,1.7149978867689284,2.5193000765102824,2.519753667283314,2.4592125055370064,0.5632084542259637,-0.13172538028797912,1.2762319959686326
0.5717048901699135,1.5857893875132751,0.09506673911543977,1.3347885803919621,1.6110600292129404,2.598011959116578,2.519753667283314,2.520218295385007,0.6117215587628622,0.33190119251490097,0.9639054780494049
-0.03016197623647087,1.8330355595405605,-0.24957014429600038,1.0155766926676644,1.481137707267955,2.663096112794022,2.598499593972433,2.520218295385007,0.44285908040568633,-0.4562639812499977,0.3469477407799182
-0.2522795102673985,1.668204778189042,-0.3357293651488604,0.9575381676268788,1.247277527766983,1.2439481028234929,2.663611897533286,2.598998750106002,0.3278934601862957,-0.3635386666894315,0.07386724556243335
-1.248225872535106,2.0390740362299664,-0.09879150780349533,0.4351914422598469,2.0787803882148848,1.350480268023733,1.2438500845283214,2.664139603711123,-1.6390583637558551,-1.615330413257206,-0.7184919970890896
-0.7036796600721867,1.956658645554207,-0.16341092344314034,0.5802877548618006,2.2983491123019095,-1.07142959099144,1.3504283265054764,1.2437552622377392,-0.301843943993033,-1.2907918122951916,-0.007241201354501441
0.2492762117379219,1.8742432548784402,-0.07725170259028032,1.5959619430754795,2.2983491123019095,-0.5035036020091804,-1.0725290452498397,1.3503802359899972,0.525014583522332,0.42462650707547533,1.4111305798826608
1.2953781462061615,1.2973355201481176,0.48278323295330994,1.4798848929939186,2.2983491123019095,0.47739937871978166,-0.5043574196652505,-1.0736395392810822,0.7483468380541177,0.8882530798783554,2.525482757687079
2.140857791872273,1.091297043458712,1.2582162206290504,1.2477307928307915,2.2983491123019095,2.826771413570339,0.4769698164774022,-0.5052187852802795,0.7553530208101967,0.7491651080374938,2.525482757687079
2.191013364072805,0.9676739574450691,1.7967113509594257,1.305769317871572,2.2983491123019095,2.826771413570339,2.8273579903591797,0.4765387372214918,0.6116251210253655,0.9809783944389339,2.525482757687079
2.24833401801627,0.8852585667693098,2.0551890135180058,1.189692267790006,2.2983491123019095,2.826771413570339,2.8273579903591797,2.8279574949213955,0.5543762292399497,0.8882530798783513,2.525482757687079
2.155187955358139,1.0088816527829525,2.292126870863371,1.1316537427492255,2.1827182457708725,2.826771413570339,2.8273579903591797,2.8279574949213955,0.45442877712836355,0.6564397934769113,2.525482757687079
-0.9150495714887146,1.668204778189042,-1.3911798205963959,1.2477307928307915,-0.5456505150738059,2.826771413570339,2.8273579903591797,2.8279574949213955,0.5374522174927446,0.10008790611345682,-0.8553528821382058
-0.9580400619463135,1.4209586061617565,-1.498878846662471,1.189692267790006,-0.5456505150738059,-0.8009288102848174,2.8273579903591797,2.8279574949213955,0.5982826764022562,0.28553853523460554,-0.8838254868433916
-1.0117781750183121,1.5857893875132751,-1.5419584570889011,1.0736152177084448,-0.5456505150738059,-0.8009288102848174,-0.8019112688536567,2.8279574949213955,0.5835487682560757,-0.08536272300769193,-0.9194162427248739
-1.0261083385041785,1.503373996837516,-1.369640015383181,1.1606730052696157,-0.5456505150738059,-0.8009288102848174,-0.8019112688536567,-0.8029031040589442,0.3827903533325794,0.146450563393744,-0.9289071109599358
-1.0655162880903106,1.4621663014996362,-1.434259431022826,1.102634480228835,-0.6495883726297939,-0.8009288102848174,-0.8019112688536567,-0.8029031040589442,0.40075737236412323,0.10008790611345682,-0.971782749486709
-1.1156718602908426,1.5445816921753956,-1.477339041449256,1.0155766926676644,-0.6495883726297939,-0.7796758262629971,-0.8019112688536567,-0.8029031040589442,0.38021398882946633,-0.13172538028797912,-1.0042825604429888
-1.1335845646481757,1.7506201688648013,-1.4127196258096109,1.189692267790006,-0.6495883726297939,-0.7796758262629971,-0.7806490925939644,-0.8029031040589442,0.2785116415767759,-0.08536272300770016,-1.015889635784517
-0.38841606338312823,1.8742432548784402,-0.7449856641999456,1.5669426805550892,1.143339670210995,-0.7796758262629971,-0.7806490925939644,-0.781631604890366,0.4935255239802514,0.3782638497951881,-0.07639628449430425
-0.4314065538407271,1.5445816921753956,-0.9173041059056657,1.4508656304735281,1.0394018126550073,-0.5765327206544341,-0.7806490925939644,-0.781631604890366,0.5819222978763017,0.5637144789163451,-0.1407289805308864
-0.4529017990695266,1.4621663014996362,-0.9819235215453107,1.3928271054327426,0.9354639550990194,-0.5572466455874787,-0.5774181245117402,-0.781631604890366,0.6120805860024597,0.5637144789163369,-0.18520780625952812
-0.4887272077841923,1.2561278248102306,-0.7880652746263757,1.305769317871572,0.8055416331540352,-0.5373230143199631,-0.5581237079248621,-0.5783115253373751,0.44057935552911875,0.6564397934769195,-0.24753972466817806
-0.5317176982417912,1.091297043458712,-0.8957643006924507,1.1316537427492255,0.7016037755980473,-0.5114727332450218,-0.538191459384699,-0.5590086486528264,0.48376002672057367,0.5637144789163369,-0.3084351873439539
-0.6965145783292536,1.0500893481208322,-1.0465429371849557,1.1606730052696157,0.5976659180420594,-0.4899937014162297,-0.5123299976711964,-0.5390676603423427,0.451267554020189,0.6564397934769113,-0.4679587266786841
-0.7395050687868525,0.8440508714314302,-1.1327021580378158,-0.11617454562758035,0.3897902029300837,-0.46776431039691185,-0.4908416758354277,-0.5131948590534237,0.4821161609356682,-1.151703840454326,-0.5460916581489509
-0.7896606409873845,1.2149201294723508,-1.218861378890676,0.5802877548618006,0.07797663026212008,-0.42089147684486605,-0.46860267026740493,-0.49169711514984143,0.507571666753399,-0.4562639812499977,-0.6479517602068726
-0.8039908044732508,1.091297043458712,-1.1542419632510308,0.667345542422974,-0.12989908484985566,-0.3438540685906665,-0.42170956350406286,-0.4694483583587976,0.43451528735744904,-0.17808803756827044,-0.699715468580805
-0.8254860497020503,0.5143893087283855,-1.757356509221051,1.0155766926676644,-0.23383694240584293,-0.7791324594796863,-0.3446388354025892,-0.4225346901930672,0.9645226220847988,1.0273410517192212,-0.7353960029455919
-0.8398162131879165,0.7204277854177875,-1.8004361196474812,0.7544033299841446,-0.3377747999618308,-0.7591630406412602,-0.7801054907962801,-0.34543016859053904,0.9941199373533072,0.378263849795184,-0.7655102713454912
-0.8004082636017843,1.9978663408920865,-1.7788963144342662,1.189692267790006,-0.3377747999618308,-0.7383658738717078,-0.7601274348813878,-0.7810877647374932,1.0015394877502304,-0.3635386666894315,-0.7382817399089553
-0.8433987540593831,1.5857893875132751,-1.2404011841038909,1.4508656304735281,-0.4417126575178187,-0.7383658738717078,-0.7393212730218369,-0.7611009489669429,0.4711007106889212,0.517351821636058,-0.7879420666740362
-0.9043019488743149,1.4209586061617565,-1.348100210169966,1.3638078429123524,-0.4417126575178187,-0.71668840374683,-0.7393212730218369,-0.7402856641489088,0.5071571271931744,0.5637144789163369,-0.829150390510866
-0.9186321123601812,1.668204778189042,-1.434259431022826,1.305769317871572,-0.4417126575178187,-0.71668840374683,-0.7176344270624104,-0.7402856641489088,0.5758760710297532,0.19281322067403117,-0.8388464667077671
-0.9401273575889806,1.6269970828511622,-1.498878846662471,1.189692267790006,-0.4417126575178187,-0.71668840374683,-0.7176344270624104,-0.7185893090740263,0.6172643310456295,0.05372524883316139,-0.8533905810031187
-0.9222146532316478,1.7094124735269216,-1.434259431022826,1.2767500553511817,-0.4417126575178187,-0.71668840374683,-0.7176344270624104,-0.7185893090740263,0.5720704078102644,0.10008790611345682,-0.8412704857569923
-0.7072622009436533,1.7918278642026808,-0.8526846902660207,0.8994996425860984,-0.4417126575178187,-0.71668840374683,-0.7176344270624104,-0.7185893090740263,0.2764391644162602,-0.5953519530908674,-0.6958293428034755
0.04507138206432718,1.668204778189042,-0.8957643006924507,0.6383262799025812,-0.23383694240584293,-0.71668840374683,-0.7176344270624104,-0.7185893090740263,0.8600487328175337,-0.8735278967725988,-0.12142660662038884
0.0020808916067282957,1.503373996837516,-0.7880652746263757,0.7544033299841446,-0.23383694240584293,-0.25743139232580303,-0.7176344270624104,-0.7185893090740263,0.7763883011872116,-0.502626638530289,-0.1517460829821271
0.12030474036512523,1.7506201688648013,-0.8526846902660207,1.0736152177084448,-0.23383694240584293,-0.25743139232580303,-0.25817878001971784,-0.7185893090740263,0.8718839002618418,-0.27081335212884894,-0.06836752298734644
0.17404285343712383,1.4209586061617565,-0.8311448850528057,1.189692267790006,-0.12989908484985566,-0.25743139232580303,-0.25817878001971784,-0.2589322027318654,0.8848445516830235,0.28553853523460554,0.00405806204426789
0.22419842563765588,1.2149201294723508,-0.7665254694131607,1.305769317871572,-0.12989908484985566,-0.28738552058344224,-0.25817878001971784,-0.2589322027318654,0.8730036759297896,0.7028024507572067,0.040149012332733304
0.19912063953738987,1.2973355201481176,-0.8742244954792356,1.1316537427492255,-0.12989908484985566,-0.28738552058344224,-0.2881458638920563,-0.2589322027318654,0.9189460955109714,0.3319011925148927,0.022103537188500742
-0.5173875347559249,1.668204778189042,-0.14187111822992535,-9.749554601685544e-05,-0.5456505150738059,-0.28738552058344224,-0.2881458638920563,-0.2889124263876909,-0.07167482423559335,-1.8935063569389372,-0.5919812886152369
-0.5281351573703247,1.5445816921753956,-0.20649053386957036,0.14499881705593687,-0.5456505150738059,-0.8009288102848174,-0.2881458638920563,-0.2889124263876909,-0.03555337215045908,-1.5226050986966275,-0.5990994397915332
-0.5424653208561909,1.7094124735269216,-0.29264975472243043,-0.029116758066407088,-0.5456505150738059,-0.8009288102848174,-0.8019112688536567,-0.2889124263876909,0.013321319888624908,-1.9862316714995116,-0.6085903080265952
-0.5209700756273915,1.7918278642026808,-0.24957014429600038,0.14499881705593687,-0.6495883726297939,-0.8009288102848174,-0.8019112688536567,-0.8029031040589442,0.005347037131744186,-1.8007810423783588,-0.6189276591042439
-0.5102224530129917,1.5857893875132751,-0.14187111822992535,0.34813365469867363,-0.6495883726297939,-0.7796758262629971,-0.8019112688536567,-0.8029031040589442,-0.06319254499568382,-1.244429155014896,-0.6119634138993266
-0.5245526164988581,1.5445816921753956,-0.2280303390827854,0.5802877548618006,-0.6495883726297939,-0.7796758262629971,-0.7806490925939644,-0.8029031040589442,-0.015060384654460654,-0.8271652394923034,-0.6212490741725495
-0.5317176982417912,1.7094124735269216,-0.07725170259028032,0.34813365469867363,-0.6495883726297939,-0.7796758262629971,-0.7806490925939644,-0.781631604890366,-0.13793435726571038,-1.383517126855766,-0.6258919043091609
0.17762539430859042,1.1737124341344711,-0.4434283912149355,1.189692267790006,-0.12989908484985566,-0.7796758262629971,-0.7806490925939644,-0.781631604890366,0.6784825141615368,0.5637144789163369,0.006635987064872542
0.20270318040885643,1.2973355201481176,-0.6588264433470856,0.6093070173821908,-0.12989908484985566,-0.28738552058344224,-0.7806490925939644,-0.781631604890366,0.8061387630491895,-0.5026266385302931,0.024681462209105394
-0.0946477119228692,1.1325047387965914,-0.4434283912149355,1.0736152177084448,-0.12989908484985566,-0.28738552058344224,-0.2881458638920563,-0.781631604890366,0.5140185194458344,0.42462650707547533,-0.18928631450108185
-0.3096001642108636,1.4209586061617565,-0.9603837163320957,0.7544033299841446,-0.12989908484985566,-0.28738552058344224,-0.2881458638920563,-0.2889124263876909,0.698756079096969,-0.40990132396971457,-0.3439618157373615
-0.2451144285244653,1.2561278248102306,-1.218861378890676,0.667345542422974,-0.12989908484985566,-0.7791324594796863,-0.2881458638920563,-0.2889124263876909,0.9080705633109845,-0.36353866668941914,-0.29755916536647753
-0.2881049189820642,1.5445816921753956,-1.628117677941761,0.5222492298210176,-0.12989908484985566,-0.7791324594796863,-0.7801054907962801,-0.2889124263876909,1.156580593600466,-0.9198905540528819,-0.3284942656137336
-0.399163685997528,1.5857893875132751,-1.2834807945303208,0.4932299673006274,-0.12989908484985566,-0.7791324594796863,-0.7801054907962801,-0.7810877647374932,0.8643859871635957,-1.0126158686134563,-0.4084099412524781
-0.3525906546684625,1.7506201688648013,-0.9819235215453107,0.6383262799025812,-0.12989908484985566,-0.7791324594796863,-0.7801054907962801,-0.7810877647374932,0.6845012491664141,-0.9662532113331732,-0.37489691598461733
-0.6320288426428553,1.503373996837516,-0.7880652746263757,0.7544033299841446,-0.12989908484985566,-0.7791324594796863,-0.7801054907962801,-0.7810877647374932,0.3037958629350698,-0.502626638530289,-0.5759750675917812
-0.9365448167175141,1.2149201294723508,-0.5295876120677955,0.8704803800657082,-0.23383694240584293,-0.7791324594796863,-0.7801054907962801,-0.7810877647374932,-0.3443996300684624,0.007362591552882442,-0.8137213168800828
-1.155079809876975,0.8852585667693098,-0.4649681964281505,0.9285189051064886,-0.23383694240584293,-0.8595093703043515,-0.7801054907962801,-0.7810877647374932,-0.8897533413160452,0.4709891643557584,-0.9678453217189198
-1.1264194829052425,1.1325047387965914,-0.35726917036207545,0.9865574301472743,-0.23383694240584293,-0.8595093703043515,-0.8605171658537216,-0.7810877647374932,-0.9414928199630913,0.28553853523461376,-0.9476323374777608
-0.3705033590257954,0.4319739180526225,-0.2280303390827854,1.3928271054327426,-0.3377747999618308,-0.8595093703043515,-0.8605171658537216,-0.8615346982139583,0.1489846035627915,1.7227809109235412,-0.44124321514674636
-0.3597557364113957,1.0088816527829525,-0.14187111822992535,1.2477307928307915,-0.3377747999618308,-0.32866168851152067,-0.8605171658537216,-0.8615346982139583,0.09997801748195358,0.8418904225980682,-0.43381725202769117
-0.374085899897262,1.668204778189042,0.030447323475794742,0.6383262799025812,-0.3377747999618308,-0.32866168851152067,-0.32943988438868016,-0.8615346982139583,-0.03423472722427399,-0.8735278967725988,-0.44371853618643137
-0.3812509816401951,1.5857893875132751,-0.03417209216385029,0.5512684923414104,-0.4417126575178187,-0.32866168851152067,-0.32943988438868016,-0.33022455323363276,0.0031186359715752936,-0.9198905540528778,-0.47524360932397497
-0.4063287677404611,1.7918278642026808,-0.09879150780349533,0.40617217973945413,-0.4417126575178187,-0.2983132303366922,-0.32943988438868016,-0.33022455323363276,0.021859476830259465,-1.383517126855766,-0.492211742668552
-0.7215923644295196,0.9264662621071895,-0.4434283912149355,1.0736152177084448,-0.7275417657967848,-0.2983132303366922,-0.2990783000454836,-0.33022455323363276,-0.0893946999369321,0.6564397934769154,-0.7652024594027322
-0.9222146532316478,0.5968046994041448,-0.3788089755752905,0.7834225925045374,-0.7275417657967848,-0.763109244616775,-0.2990783000454836,-0.2998496561287977,-0.46768291300545856,0.563714478916341,-0.8930470196285397
-0.8828067036455155,0.9264662621071895,-0.4865080016413655,0.11597955453554665,-0.7275417657967848,-0.763109244616775,-0.7640753456499627,-0.2998496561287977,-0.2936609232349842,-0.8735278967725947,-0.8679346952984703
-0.8541463766737829,0.8440508714314302,-0.4434283912149355,0.667345542422974,-0.9354174809087604,-0.8741666993562637,-0.7640753456499627,-0.7650505907912637,-0.2870426776136617,0.10008790611345682,-0.8892763233297449
-1.0010305524039125,0.9676739574450691,-0.5080478068545805,0.8414611175453179,-1.0133708740757514,-1.2974915856573743,-0.8751808344227141,-0.7650505907912637,-0.48785677217301743,0.23917587795432246,-0.9919444317374082
-1.0834289924476437,0.6792200900799078,-0.6157468329206556,0.8994996425860984,-1.1173087316317392,-1.2891358715565095,-1.2986888151564973,-0.8762047964185784,-0.542675895581724,0.6564397934769113,-1.0577264090044793
-1.0905940741905766,0.9264662621071895,-0.5726672224942255,0.9865574301472743,-1.1952621247987296,-1.277516473624837,-1.290329487082577,-1.2998984743391675,-0.6070682114974651,0.5173518216360539,-1.0742199989373031
-1.0977591559335098,1.0500893481208322,-0.6803662485603006,0.8704803800657082,-1.2991999823547173,-1.2684206636814492,-1.278705063585101,-1.2915354809182464,-0.5008466532471115,0.19281322067403117,-1.0946381911403014
-1.1228369420337758,1.1737124341344711,-0.8096050798395906,0.7834225925045374,-1.4031378399107053,-1.2557487233329692,-1.2696053195659829,-1.2799059604147165,-0.40627612852260864,-0.08536272300769193,-1.1245985535688212
-1.1371671055196422,1.2973355201481176,-1.0034633267585258,0.8414611175453179,-1.4810912330776962,-1.2424098387556217,-1.2569278984111432,-1.2708022263955467,-0.20897144057221742,-0.13172538028798736,-1.1442087394220775
-1.1479147281340418,1.4209586061617565,-1.1542419632510308,0.6383262799025812,-1.4810912330776962,-1.231935681067369,-1.2435832445639436,-1.2581192465226865,-0.05118129745044935,-0.5953519530908674,-1.1499417368559595
-1.1622448916199082,1.503373996837516,-1.0680827423981707,0.8994996425860984,-1.559044626244687,-1.231935681067369,-1.2331045566436594,-1.24476874139336,-0.18199831009561468,-0.27081335212884894,-1.1691286812879227
2.426117608762799,1.0088816527829525,0.7412608955118901,0.9285189051064886,1.6110600292129404,-1.2210310785426126,-1.2331045566436594,-1.2342854588421435,1.026033941443306,0.3319011925148927,2.525482757687079
2.198178445815738,1.2973355201481176,0.633561869445815,1.0736152177084448,1.481137707267955,2.663096112794022,-1.2221952377129526,-1.2342854588421435,0.9535064040094182,0.23917587795431836,2.4450195936188956
1.8255941951832144,1.1737124341344711,0.590482259019385,0.9865574301472743,1.3771998497119673,1.9955917128474094,2.663611897533286,-1.2233713564600555,0.8737833715800645,0.2391758779543266,2.0360401256734155
1.7754386229826824,0.7616354807556671,0.52586284337974,0.8414611175453179,1.247277527766983,2.0536336904554346,1.9958187918115833,2.664139603711123,0.8809082154381268,0.4709891643557625,1.9177120846779
1.6751274785816184,0.3495585273768631,0.43970362252687994,0.9285189051064886,1.143339670210995,2.12875691934771,2.053885873455079,1.9960536881564483,0.88144307396686,1.073703708999504,1.7704753720582902
1.5174956802370891,-0.4745953793807486,0.3535444016740199,1.0155766926676644,1.0394018126550073,1.4002899737084675,2.1290415942830276,2.0541462306984344,0.8653564892095419,2.1400448264461382,1.5756304122919915
1.6034766611522868,-0.1449338166777039,0.48278323295330994,0.8994996425860984,1.0394018126550073,1.451719507220348,1.4002595756432399,2.129334905346771,0.8465575251524746,1.5836929390826757,1.6513521502106479
-0.7896606409873845,2.327527903595131,-0.3141895599356454,1.3638078429123524,1.7149978867689284,1.451719507220348,1.4517113532082473,1.4002333348288307,-0.30202409436266325,-0.4562639812500059,-0.32151719491120123
2.1695181188440054,2.162697122243605,-0.16341092344314034,1.537923418034699,1.9488580662699004,-0.4544348483555488,1.4517113532082473,1.451707672654293,1.181137787790338,0.007362591552882442,2.525482757687079
2.097867301414674,2.0390740362299664,-0.01263228695063528,1.4218463679531328,1.9488580662699004,2.4583473873461203,-0.4552674430315795,1.451707672654293,1.12300463494379,-0.03900006572741298,2.525482757687079
1.8900799308696128,2.080281731567846,0.11660654432865478,1.4798848929939186,1.8449202087139127,2.4583473873461203,2.458774615156795,-0.456107283974168,1.0396720553837473,0.007362591552882442,2.3617821140978794
2.266246722373603,1.4209586061617565,0.4181638173136649,1.189692267790006,1.7149978867689284,2.5193000765102824,2.458774615156795,2.4592125055370064,1.0308630588116725,0.28553853523460554,2.525482757687079
0.2206158847661893,1.091297043458712,0.1381463495418698,0.9285189051064886,0.49372806048607154,2.598011959116578,2.519753667283314,2.4592125055370064,0.39461265801792195,0.23917587795431836,0.2487300800446421
0.21345080302325614,0.9676739574450691,0.24584537560794484,0.8704803800657082,0.49372806048607154,0.43384332313104934,2.598499593972433,2.520218295385007,0.333072329770989,0.28553853523460965,0.24295860611791523
0.19912063953738987,0.8440508714314302,0.1381463495418698,0.7253840674637544,0.3897902029300837,0.43384332313104934,0.4333949222341388,2.598998750106002,0.3806896420070568,0.19281322067403117,0.19653030475180133
0.16687777169419069,0.3907662227147428,0.3320045964608049,0.5802877548618006,0.3897902029300837,0.47359843010667296,0.4333949222341388,0.43294473652535276,0.25488540194689496,0.4709891643557625,0.1710203899956688
0.12030474036512523,-0.4745953793807486,0.2889249860343749,0.8994996425860984,0.3897902029300837,0.47359843010667296,0.4731672238963804,0.43294473652535276,0.24462002571353095,1.9545941973249814,0.1341727353479215
0.11313965862219208,-0.22734920735346692,0.65510167465903,0.3191143921782834,0.2858523453740958,0.47359843010667296,0.4731672238963804,0.4727344773029533,0.0375406782657189,0.7491651080374938,0.09484975966048909
0.10239203600779237,-0.4745953793807486,1.0643579737101152,-0.058136020586797316,0.2858523453740958,0.5148191631459145,0.4731672238963804,0.4727344773029533,-0.19793911464650907,0.42462650707547533,0.08650036071315757
1.0875907756611,0.061104660011698106,-0.5942070277074406,0.5222492298210176,1.143339670210995,0.5148191631459145,0.5144057855277373,0.4727344773029533,1.091421154988473,0.7491651080374897,1.2446299698453989
0.9407065999309706,0.3495585273768631,-0.3788089755752905,0.17401807957632712,1.0394018126550073,0.21419635709072662,0.5144057855277373,0.5139911209663645,0.9628959376210564,-0.13172538028798736,1.0676637537543383
0.8941335686019052,0.14352005068745746,-0.3141895599356454,0.26107586713750036,0.9354639550990194,0.24633981553565207,0.21365295555025182,0.5139911209663645,0.9211474462142352,0.23917587795432246,0.9818098727198725
0.5358794814552478,0.3083508320389798,-0.4865080016413655,0.5512684923414104,0.9354639550990194,0.27954586764817807,0.24581031652838178,0.21310641872910735,0.8657981164855704,0.5173518216360539,0.6714328304381171
0.543044563198181,0.22593544136322044,-0.9388439111188808,0.5222492298210176,0.9354639550990194,0.27954586764817807,0.2790307307619868,0.2452778798700215,1.0793958696526291,0.5637144789163369,0.6776403712837521
0.5609572675555138,0.14352005068745746,-1.218861378890676,0.4932299673006274,0.9354639550990194,0.27954586764817807,0.2790307307619868,0.27851286038749445,1.214740063421206,0.6100771361966282,0.69315922339784
0.5358794814552478,0.3495585273768631,-0.8311448850528057,0.3771529172190639,0.9354639550990194,0.27954586764817807,0.2790307307619868,0.27851286038749445,1.0267808591905716,0.19281322067403117,0.6714328304381171
0.5537921858125807,0.2671431367011001,-0.9173041059056657,0.4351914422598469,0.9354639550990194,0.27954586764817807,0.2790307307619868,0.27851286038749445,1.0728386625029958,0.3782638497951881,0.6869516825522047
0.6111128397560458,0.3495585273768631,-0.9819235215453107,0.34813365469867363,0.9354639550990194,0.27954586764817807,0.2790307307619868,0.27851286038749445,1.1203330945738574,0.146450563393744,0.7366120093172857
0.6791811163139108,0.47318161339050213,-1.0250031319717408,0.29009512965789064,0.9354639550990194,0.27954586764817807,0.2790307307619868,0.27851286038749445,1.159359245113012,-0.08536272300769604,0.7955836473508192
0.7651620972291086,0.3907662227147428,-1.0896225476113859,0.26107586713750036,0.8055416331540352,0.27954586764817807,0.2790307307619868,0.27851286038749445,1.2105278680179412,-0.03900006572740886,0.8163353024918064
0.7329192293859094,0.5968046994041448,-0.8957643006924507,0.4642107047802372,0.8055416331540352,0.32262966943974647,0.2790307307619868,0.27851286038749445,1.11770989329385,0.05372524883316963,0.7889785160791208
0.37466514223925196,1.338543215485997,-1.1542419632510308,0.5512684923414104,0.7016037755980473,0.32262966943974647,0.32213316695115785,0.27851286038749445,1.1286372241736757,-0.6417146103711546,0.4476150715596498
0.38183022398218514,1.1737124341344711,-1.0896225476113859,0.7253840674637544,0.7016037755980473,0.3584280558210666,0.32213316695115785,0.32163419586902575,1.0989863540803166,-0.17808803756827044,0.4535917534482157
0.30659686568138705,-0.8866723327595563,-1.0250031319717408,0.4642107047802372,0.5976659180420594,0.3584280558210666,0.3579470366774387,0.32163419586902575,1.0402433244696003,1.7227809109235455,0.35441218039181843
0.28510162045258763,-0.2685569026913466,-0.8096050798395906,0.7253840674637544,0.5976659180420594,0.3954770408532636,0.3579470366774387,0.35746376904166266,0.9216790223783761,1.4446049672418142,0.33678994666887907
0.24569367086645533,0.2671431367011001,-0.18495072865635537,0.8124418550249277,0.49372806048607154,0.3954770408532636,0.39501204595747713,0.35746376904166266,0.5791129399476026,0.9809783944389339,0.2689302387881861
-0.5317176982417912,0.8852585667693098,-0.4434283912149355,0.5222492298210176,-0.025961227293867784,0.43384332313104934,0.39501204595747713,0.39454503036006955,0.14019207767552155,-0.17808803756827454,-0.47937341955598844
-0.5639605660849903,0.5968046994041448,-0.5080478068545805,0.3191143921782834,-0.025961227293867784,-0.6054618332548664,0.4333949222341388,0.39454503036006955,0.1549059084697428,-0.17808803756827044,-0.5030364626555687
-0.5424653208561909,0.7616354807556671,-0.3788089755752905,0.5802877548618006,-0.025961227293867784,-0.6054618332548664,-0.6063597493920566,0.43294473652535276,0.07917789644976223,0.05372524883316963,-0.48726110058918193
-0.5317176982417912,0.6792200900799078,-0.4434283912149355,0.4351914422598469,-0.025961227293867784,-0.6054618332548664,-0.6063597493920566,-0.6072658403641972,0.14019207767552155,-0.08536272300769604,-0.47937341955598844
-0.5102224530129917,0.9676739574450691,-0.3141895599356454,0.6093070173821908,-0.025961227293867784,-0.6054618332548664,-0.6063597493920566,-0.6072658403641972,0.06606123389816632,-0.13172538028798322,-0.46359805748960176
-0.5424653208561909,0.5143893087283855,-0.40034878078850544,0.6963648049433642,-0.025961227293867784,-0.6054618332548664,-0.6063597493920566,-0.6072658403641972,0.09564204059004656,0.5173518216360496,-0.48726110058918193
-0.5209700756273915,0.9264662621071895,-0.3788089755752905,0.5512684923414104,-0.025961227293867784,-0.6054618332548664,-0.6063597493920566,-0.6072658403641972,0.10289451326979612,-0.17808803756827044,-0.47148573852279513
-0.04807468059380374,-0.22734920735346692,0.3320045964608049,0.3771529172190639,0.2858523453740958,-0.6054618332548664,-0.6063597493920566,-0.6072658403641972,0.08621086145895059,0.8418904225980682,-0.03039122454948385
0.14179998559392468,-0.06251842600194457,0.52586284337974,-0.7545983210761783,0.2858523453740958,0.05933006306229672,-0.6063597493920566,-0.6072658403641972,0.1312234364353891,-1.1517038404543218,0.11711482352003968
0.2600238343523216,0.2671431367011001,0.48278323295330994,-0.5224442209130513,0.2858523453740958,0.05933006306229672,0.05871967950124434,-0.6072658403641972,0.2407485505667565,-1.1517038404543218,0.20895821194068656
-0.13047312063753494,0.22593544136322044,0.3320045964608049,-9.749554601685544e-05,0.18191448781810796,0.05933006306229672,0.05871967950124434,0.05810520848567206,0.012425312044256197,-0.27081335212884894,-0.12456885353605131
-0.3597557364113957,0.3083508320389798,0.18122595996829982,-0.20323233318875364,0.18191448781810796,0.09354520673055007,0.05871967950124434,0.05810520848567206,-0.1229477509823924,-0.6880772676514418,-0.29940603702303015
-0.3346779503111296,-0.1449338166777039,0.11660654432865478,-0.08715528310719013,0.18191448781810796,-0.37049767927013144,0.09294962173797658,0.05810520848567206,-0.05132602574695514,0.007362591552878325,-0.28028322007914175
-0.399163685997528,-0.22734920735346692,0.030447323475794742,-0.029116758066407088,0.18191448781810796,-0.37049767927013144,-0.3712939698476998,0.09235015965793102,-0.06161781572066213,0.19281322067403528,-0.3294561779348545
-0.4385716355836603,-0.10372612133982424,-0.16341092344314034,0.11597955453554665,0.18191448781810796,-0.37049767927013144,-0.3712939698476998,-0.3720969906158266,0.03342594211570456,0.28553853523460965,-0.35950631884667905
-0.4529017990695266,-0.021310730664061233,-0.3141895599356454,0.057941029494766184,0.18191448781810796,-0.37049767927013144,-0.3712939698476998,-0.3720969906158266,0.12731402871533318,0.10008790611345682,-0.3704336428146152
-0.49947483039859203,-0.18614151201558357,-0.5726672224942255,-9.749554601685544e-05,0.18191448781810796,-0.37049767927013144,-0.3712939698476998,-0.3720969906158266,0.27053538205550043,0.19281322067403117,-0.40594744571040786
-0.5532129434705907,-0.2685569026913466,-0.6803662485603006,0.08696029201515641,0.07797663026212008,-0.64892341087054,-0.3712939698476998,-0.3720969906158266,0.2990617959573463,0.42462650707547533,-0.4710368461062719
-0.5317176982417912,-0.06251842600194457,-0.7449856641999456,0.26107586713750036,0.07797663026212008,-0.6276085223269681,-0.6498401247991054,-0.3720969906158266,0.36923737703888887,0.4709891643557625,-0.45495367209712645
-0.4923097486556589,1.4621663014996362,-0.3357293651488604,0.7544033299841446,0.07797663026212008,-0.6276085223269681,-0.628516017243017,-0.6507652807800808,0.10162592870674202,-0.4562639812500018,-0.42546785308035967
-0.5066399121415252,1.338543215485997,-0.4865080016413655,0.6963648049433642,0.07797663026212008,-0.6276085223269681,-0.628516017243017,-0.6294318231598508,0.1989945975948955,-0.40990132396971457,-0.4361899690864567
-0.5245526164988581,1.0088816527829525,-0.6157468329206556,0.40617217973945413,-0.025961227293867784,-0.6276085223269681,-0.628516017243017,-0.6294318231598508,0.27819426641328326,-0.5026266385302931,-0.4741149655338597
-0.5281351573703247,0.9264662621071895,-0.5080478068545805,0.26107586713750036,-0.025961227293867784,-0.6054618332548664,-0.628516017243017,-0.6294318231598508,0.1930117483882481,-0.6417146103711546,-0.47674419254492406
-1.0619337472188441,1.2561278248102306,0.31046479124758986,-0.29029012074992433,-0.9354174809087604,-0.6054618332548664,-0.6063597493920566,-0.6294318231598508,-1.517593107350803,-1.893506356938929,-1.0157357298131378
-1.0511861246044445,0.8440508714314302,-0.03417209216385029,0.7544033299841446,-0.9354174809087604,-0.8323568340425741,-0.6063597493920566,-0.6072658403641972,-1.1095233623554208,0.23917587795431836,-1.009194726029514
-1.0690988289617773,1.1325047387965914,0.07352693390222476,0.667345542422974,-1.0133708740757514,-0.8323568340425741,-0.8333528857082669,-0.6072658403641972,-1.276235295074629,-0.22445069484855762,-1.03263973566964
-1.0476035837329778,0.9264662621071895,0.3320045964608049,0.7834225925045374,-1.1173087316317392,-0.8156454058408446,-0.8333528857082669,-0.8343585072412368,-1.498999582828579,0.19281322067403528,-1.0368208478921133
-1.0225257976327118,0.5143893087283855,0.20276576518151482,0.6383262799025812,-1.1952621247987296,-0.7924066099774991,-0.8166342295604261,-0.8343585072412368,-1.2894830062562954,0.4246265070754712,-1.0352304861878596
-1.0332734202471117,0.5968046994041448,0.11660654432865478,0.8704803800657082,-1.2991999823547173,-0.774214990090724,-0.793385382565474,-0.8176325203993947,-1.2258995292417063,0.7028024507572026,-1.0586241938375258
-1.029690879375645,0.3083508320389798,-0.03417209216385029,0.9575381676268788,-1.4031378399107053,-0.7488711093937637,-0.775185894527238,-0.7943734793923346,-1.0546495730093455,1.1664290235600827,-1.0739121869945445
-0.8004082636017843,0.2671431367011001,-0.7665254694131607,0.057941029494766184,-0.12989908484985566,-0.7221933402390687,-0.7498310522175587,-0.7761660113539953,0.0887854020079332,-0.22445069484855762,-0.6971375435602004
-0.8541463766737829,0.5968046994041448,-0.7449856641999456,-0.6385212709946149,-0.23383694240584293,-0.7791324594796863,-0.7231417445231595,-0.7508000516082748,-0.004593033839146306,-1.7080557278177804,-0.7556089871867508
-0.886389244516982,0.5143893087283855,-0.8311448850528057,-0.058136020586797316,-0.3377747999618308,-0.7591630406412602,-0.7801054907962801,-0.7240990413496214,0.030833579305744114,-0.6880772676514418,-0.797689444861397
-0.8469812949308497,0.3495585273768631,-0.7234458589867306,-9.749554601685544e-05,-0.3377747999618308,-0.7383658738717078,-0.7601274348813878,-0.7810877647374932,-0.014472531688402212,-0.40990132396971457,-0.7704609134248612
-0.7789130183729848,0.061104660011698106,-0.7880652746263757,-0.08715528310719013,-0.3377747999618308,-0.7383658738717078,-0.7393212730218369,-0.7611009489669429,0.13568995876911727,-0.22445069484856173,-0.7234298136708448
-0.7574177731441853,-0.22734920735346692,-0.7449856641999456,-0.1742130706683608,-0.3377747999618308,-0.9432179665518009,-0.7393212730218369,-0.7402856641489088,0.1246635828034289,-0.03900006572740474,-0.7085778874327344
-0.7860781001159179,-0.06251842600194457,-0.6588264433470856,-0.29029012074992433,-0.3377747999618308,-0.9432179665518009,-0.9442619673384148,-0.7402856641489088,0.011248057293180992,-0.40990132396971046,-0.7283804557502149
-0.811155886216184,-0.10372612133982424,-0.9388439111188808,0.08696029201515641,-0.3377747999618308,-0.9432179665518009,-0.9442619673384148,-0.9453162196065464,0.2311196085785665,0.23917587795432246,-0.7457077030280105
-0.886389244516982,0.2671431367011001,-0.9819235215453107,0.14499881705593687,-0.4417126575178187,-0.9432179665518009,-0.9442619673384148,-0.9453162196065464,0.17542981603911753,-0.08536272300769604,-0.8170302952647396
-0.9508749802033803,0.5968046994041448,-1.0680827423981707,0.20303734209671992,-0.4417126575178187,-0.9258759904518987,-0.9442619673384148,-0.9453162196065464,0.17209253719688242,-0.3635386666894233,-0.8606626381507946
-1.0153607158897786,0.8852585667693098,-1.0250031319717408,0.08696029201515641,-0.5456505150738059,-0.9258759904518987,-0.9269124905708738,-0.9453162196065464,0.03137876830054973,-0.8735278967725947,-0.9217889597836394
-1.0332734202471117,0.7616354807556671,-1.0896225476113859,0.11597955453554665,-0.5456505150738059,-0.9077840910611904,-0.9269124905708738,-0.9279591355466406,0.07202383381737598,-0.6880772676514418,-0.9336525450774669
-1.0261083385041785,1.2561278248102306,0.00890751826257973,0.7834225925045374,-0.5456505150738059,-0.9077840910611904,-0.9088127661593313,-0.9279591355466406,-1.091773467420935,-0.1780880375682663,-0.9289071109599358
-1.0440210428615113,1.338543215485997,0.11660654432865478,0.6383262799025812,-0.5456505150738059,-0.9077840910611904,-0.9088127661593313,-0.9098514748787391,-1.2547144301590414,-0.5026266385302931,-0.9407706962537632
-1.0619337472188441,1.4209586061617565,0.24584537560794484,0.40617217973945413,-0.5456505150738059,-0.9077840910611904,-0.9088127661593313,-0.9098514748787391,-1.446365605719512,-0.9662532113331732,-0.9526342815475907
-1.054768665475911,1.503373996837516,0.18122595996829982,0.34813365469867363,-0.6495883726297939,-0.9077840910611904,-0.9088127661593313,-0.9098514748787391,-1.354849058169005,-1.1517038404543218,-0.9648185042817918
-1.0726813698332438,1.1737124341344711,0.11660654432865478,0.14499881705593687,-0.8314796233527726,-0.8888925497084613,-0.9088127661593313,-0.9098514748787391,-1.3341548954572937,-1.1053411831740347,-1.0056035866973283
-1.1980703003345738,0.18472774602534078,-0.4434283912149355,0.4932299673006274,-1.740935876967666,-0.8537423398639443,-0.8899130539284936,-0.9098514748787391,-1.0350472514716884,0.5637144789163369,-1.2138896679640934
-1.2088179229489737,0.2671431367011001,-0.7449856641999456,0.6093070173821908,-1.8448737345236532,-0.6248866570633104,-0.854747641085197,-0.8909434756177808,-0.6866055883190731,0.6564397934769154,-1.2339615717314876
-1.2016528412060405,0.47318161339050213,-0.6588264433470856,0.5512684923414104,-1.9228271276906441,-0.5911758517237887,-0.625792974731358,-0.8557626436595325,-0.7759891197779489,0.33190119251490097,-1.241618393807612
-1.230313168177773,0.9676739574450691,-0.5942070277074406,0.6963648049433642,-2.000780520857635,-0.5645519770522345,-0.5920675889573325,-0.6267075866651811,-0.9373804695072969,0.007362591552882442,-1.2659740137783992
-1.255390954278039,1.1737124341344711,-0.5295876120677955,0.7544033299841446,-2.078733914024626,-0.536689782628515,-0.5654321990562553,-0.5929674131904579,-1.0969869115864634,-0.13172538028798322,-1.2880979971641857
-1.2947989038641714,1.4621663014996362,-0.4434283912149355,0.8414611175453179,-2.1826717715806137,-0.5075008170417612,-0.5375579538109421,-0.5663203443666706,-1.3438124474772475,-0.3171760094091361,-1.31936656034943
-1.3342068534503038,1.0088816527829525,-0.7234458589867306,1.189692267790006,-2.2437352628947567,-0.46634916064076426,-0.5083563635539471,-0.5384338769929398,-1.0868363117710909,0.7491651080374856,-1.4141469877239001
-1.241060790792173,1.091297043458712,-0.5295876120677955,1.305769317871572,-2.1826717715806137,-0.5523267284785617,-0.46718690843752836,-0.5092194826014121,-1.0528208485048967,0.8418904225980682,-1.2958958997140744
-1.0655162880903106,0.9264662621071895,-0.4865080016413655,1.2477307928307915,-1.559044626244687,-0.46634916064076426,-0.5532016628771893,-0.4680319757543407,-0.6471073611147689,0.9346157371586468,-1.1185705696897954
-0.9616226028177801,1.0088816527829525,-0.4434283912149355,1.2187115303104012,-0.9354174809087604,-0.4086381904482696,-0.46718690843752836,-0.5540844454169723,-0.4774581677987282,0.795527765317781,-0.9546863611659826
-0.8792241627740489,0.7616354807556671,-0.35726917036207545,1.3638078429123524,-0.23383694240584293,-0.5997894582351738,-0.4094509773752896,-0.4680319757543407,-0.4109670595788091,1.3055169954009485,-0.7732953483977648
-0.8469812949308497,0.6792200900799078,-0.4649681964281505,1.305769317871572,-0.23383694240584293,-0.25743139232580303,-0.6006849209841515,-0.4102707289944916,-0.25532428978183946,1.3055169954009485,-0.7505557411264611
-0.15913344760926754,0.22593544136322044,-0.24957014429600038,1.4508656304735281,0.18191448781810796,-0.25743139232580303,-0.25817878001971784,-0.6015885236922713,0.34791246985678287,2.047319511885564,-0.14642350147192362
-0.2773572963676645,0.3907662227147428,-0.09879150780349533,1.305769317871572,0.18191448781810796,0.09354520673055007,-0.25817878001971784,-0.2589322027318654,0.1502415972088319,1.630055596362967,-0.2365739242073971
-0.3633382772828622,0.47318161339050213,-0.01263228695063528,1.4798848929939186,0.18191448781810796,-0.37049767927013144,0.09294962173797658,-0.2589322027318654,0.007056760263544852,1.8155062254841239,-0.3021378680150141
-0.45648433994099313,0.4319739180526225,0.07352693390222476,1.3638078429123524,0.18191448781810796,-0.37049767927013144,-0.3712939698476998,0.09235015965793102,-0.15844243738979447,1.6764182536432541,-0.3731654738065994
-0.4278240129692606,0.5968046994041448,0.1596861547550848,1.1606730052696157,0.07797663026212008,-0.37049767927013144,-0.3712939698476998,-0.3720969906158266,-0.18636755706036845,1.1664290235600827,-0.37721833105292324
-0.4779795851697926,0.7204277854177875,0.22430557039472984,1.2477307928307915,0.07797663026212008,-0.3438540685906665,-0.3712939698476998,-0.3720969906158266,-0.2955071272234303,1.166429023560087,-0.41474573707426277
-0.5102224530129917,0.8440508714314302,0.18122595996829982,1.305769317871572,0.07797663026212008,-0.3438540685906665,-0.3446388354025892,-0.3720969906158266,-0.30554338042165446,1.1200663662797954,-0.43887049808798095
-1.029690879375645,1.8742432548784402,-0.18495072865635537,1.7700775181978259,-0.23383694240584293,-0.3438540685906665,-0.3446388354025892,-0.34543016859053904,-0.8928905782067301,0.7028024507572067,-0.8794135156638494
-1.0153607158897786,1.503373996837516,-0.18495072865635537,2.0892894059221234,-0.12989908484985566,-0.25743139232580303,-0.3446388354025892,-0.34543016859053904,-0.8592783195464463,1.630055596362967,-0.85181304479648
-1.0081956341468454,1.091297043458712,-0.20649053386957036,1.4218463679531328,-0.12989908484985566,-0.975831235038184,-0.25817878001971784,-0.34543016859053904,-0.8200619762152144,1.027341051719217,-0.8466571947552708
-0.8541463766737829,1.4209586061617565,-0.2711099495092154,1.5959619430754795,-0.025961227293867784,-0.975831235038184,-0.9768893415579696,-0.2589322027318654,-0.44844247405624144,0.9346157371586425,-0.7160038505517896
-0.8469812949308497,1.2149201294723508,-0.3357293651488604,1.5089041555143088,-0.025961227293867784,-0.9911833345939691,-0.9768893415579696,-0.9779579000774142,-0.3757501688285597,1.0273410517192252,-0.7107453965296607
-0.8398162131879165,0.7616354807556671,-0.40034878078850544,1.4218463679531328,0.07797663026212008,-0.9911833345939691,-0.9922480811296136,-0.9779579000774142,-0.3038034257057752,1.3982423099615229,-0.6854791662282121
-0.7753304775015183,1.0500893481208322,-0.29264975472243043,1.537923418034699,0.07797663026212008,-1.0059477939753703,-0.9922480811296136,-0.9933233740551641,-0.29881141277093215,1.2591543381206614,-0.6372296442007755
-0.7466701505297857,0.9264662621071895,-0.5942070277074406,1.189692267790006,0.18191448781810796,-1.0059477939753703,-1.0070189263635871,-0.9933233740551641,0.006949379488178199,0.8418904225980641,-0.5944437841573071
0.0056634324781948695,-0.845464637421673,-0.5295876120677955,1.102634480228835,0.18191448781810796,-1.020157719671085,-1.0070189263635871,-1.0081006959189331,0.6290171894158714,2.3486767842074348,-0.020759275840657482
0.2600238343523216,-1.0102954187731954,-0.4434283912149355,0.9865574301472743,0.18191448781810796,-0.37049767927013144,-1.021234998067646,-1.0081006959189331,0.7211850321582106,2.3486767842074348,0.1732007245902098
0.12030474036512523,-0.39217998870498927,-0.5511274172810106,1.0736152177084448,0.2858523453740958,-0.37049767927013144,-0.3712939698476998,-1.0223230009990865,0.7061915560415335,2.1400448264461382,0.10041602562537666
-0.1913763154524667,0.3907662227147428,-0.7449856641999456,0.9575381676268788,0.2858523453740958,-0.39615903702132105,-0.3712939698476998,-0.3720969906158266,0.6359889078210959,1.073703708999504,-0.1417165438472374
-0.15913344760926754,-0.6806338560701506,-0.5295876120677955,1.102634480228835,0.49372806048607154,-0.39615903702132105,-0.3969664265252486,-0.3720969906158266,0.5224607841992112,2.3486767842074348,-0.057158038071881384
-0.16629852935220069,-0.5570107700565116,-0.4865080016413655,0.8994996425860984,0.3897902029300837,-0.005450608949595456,-0.3969664265252486,-0.39778070399502036,0.490496653172437,2.04731951188556,-0.0925820624843695
-0.14480328412340124,-0.5982184653943913,-0.42188858600172047,0.9865574301472743,0.2858523453740958,0.02635347663090346,-0.006089011133634525,-0.39778070399502036,0.4657187873871568,2.232770141006717,-0.10553581507546743
-0.1483858249948678,-0.35097229336710595,-0.3357293651488604,1.189692267790006,0.2858523453740958,0.05933006306229672,0.02572883019615876,-0.006731899067137407,0.40970335617169734,2.2791327982869958,-0.10831894805791137
-0.1376382023804681,-0.06251842600194457,-0.29264975472243043,1.3638078429123524,0.18191448781810796,0.05933006306229672,0.05871967950124434,0.02509989355494307,0.39112566503265767,2.232770141006713,-0.13003251552001938
-0.9867003889180461,2.719001009304992,-0.12033131301671034,1.189692267790006,-1.662982483800675,0.09354520673055007,0.05871967950124434,0.05810520848567206,-0.8613068530651636,-1.8007810423783588,-1.095279466021049
-1.0511861246044445,2.719001009304992,-0.24957014429600038,1.5089041555143088,-1.559044626244687,-0.788136276670744,0.09294962173797658,0.05810520848567206,-0.8742502451845894,-0.9662532113331732,-1.1110804790826654
-0.9222146532316478,2.4099432942708905,-0.3788089755752905,1.3928271054327426,-1.559044626244687,-0.6794358198130507,-0.7891132022748079,0.09235015965793102,-0.46768291300545856,-0.5026266385302931,-1.043669663618496
-0.979535307175113,2.2863202082572442,-0.5080478068545805,1.3347885803919621,-1.559044626244687,-0.6794358198130507,-0.6803657308211774,-0.7900994258622077,-0.4457984602968542,-0.4562639812499977,-1.0736300260470155
-1.0117781750183121,2.162697122243605,-0.5942070277074406,1.2187115303104012,-1.559044626244687,-0.6794358198130507,-0.6803657308211774,-0.6813042714830129,-0.4183569856842688,-0.5026266385302849,-1.0904827299130582
-0.8147384270876505,1.956658645554207,-0.4865080016413655,1.2767500553511817,-1.559044626244687,-0.6794358198130507,-0.6803657308211774,-0.6813042714830129,-0.18520225189863299,-0.17808803756827454,-0.987493984065021
-0.5138049938844583,1.7918278642026808,-0.3141895599356454,1.102634480228835,-1.559044626244687,-0.6794358198130507,-0.6803657308211774,-0.6813042714830129,0.06209763049133813,-0.27081335212884894,-0.8302020813152917
-1.3019639856071046,2.203904817581485,-0.40034878078850544,1.9441930933201725,-1.740935876967666,-0.6794358198130507,-0.6803657308211774,-0.6813042714830129,-1.4288998581930656,0.6100771361966323,-1.265589248849951
-1.0977591559335098,2.3687355989330108,-0.3357293651488604,2.060270143401733,-1.740935876967666,-0.9093215771155265,-0.6803657308211774,-0.6813042714830129,-0.8926725741706076,0.6100771361966241,-1.1639728312467135
-1.0726813698332438,2.615981770960289,-0.2711099495092154,1.799096780718216,-1.662982483800675,-0.7671041170894184,-0.9103509171997005,-0.6813042714830129,-0.902844977886891,-0.08536272300769193,-1.1389887618927934
-1.0081956341468454,2.719001009304992,-0.18495072865635537,1.5669426805550892,-1.662982483800675,-0.788136276670744,-0.7680719459655292,-0.9113903003581604,-0.8427661749859274,-0.7808025822120161,-1.1062067899889851
-1.0440210428615113,2.49235868494665,-0.6372866381338705,1.6249812055958697,-1.6577855909228756,-0.788136276670744,-0.7891132022748079,-0.7690489435116706,-0.4362042012028625,-0.22445069484856173,-1.1235648184610565
-1.0511861246044445,2.657189466298176,-0.5942070277074406,1.4508656304735281,-1.7461327698454652,-1.0675410017015343,-0.7891132022748079,-0.7900994258622077,-0.49781325771126106,-0.6880772676514418,-1.141646204998611
-1.0332734202471117,2.49235868494665,-0.5511274172810106,1.8281160432386063,-1.7461327698454652,-1.050514415671706,-1.0686387740860992,-0.7900994258622077,-0.5074062389768563,0.10008790611345682,-1.1327453096538367
-1.0619337472188441,2.3687355989330108,-0.6157468329206556,1.65400046811626,-1.7461327698454652,-1.050514415671706,-1.0516048237996198,-1.0697475623350567,-0.49666558396896354,-0.03900006572741298,-1.1469867422054756
-1.0332734202471117,2.2863202082572442,-0.5726672224942255,1.7410582556774357,-1.7461327698454652,-1.050514415671706,-1.0516048237996198,-1.0527061431063325,-0.4842290360650879,0.1928132206740394,-1.1327453096538367
-1.0404385019900446,2.5747740756224093,-0.6372866381338705,1.6249812055958697,-1.7461327698454652,-1.050514415671706,-1.0516048237996198,-1.0527061431063325,-0.42899234888614074,-0.3171760094091361,-1.1363056677917462
-1.054768665475911,2.45115098960877,-0.7019060537735156,1.799096780718216,-1.7461327698454652,-1.050514415671706,-1.0516048237996198,-1.0527061431063325,-0.3873061875249608,0.10008790611345682,-1.1434263840675658
-0.7036796600721867,1.668204778189042,-0.09879150780349533,1.0736152177084448,-1.4810912330776962,-1.050514415671706,-1.0516048237996198,-1.0527061431063325,-0.3564295059908457,-0.17808803756827454,-0.9129778429221698
-0.7215923644295196,1.503373996837516,-0.5511274172810106,0.7253840674637544,-1.5694384120002858,-0.7012450248625633,-1.0516048237996198,-1.0527061431063325,0.0026566024076838833,-0.5489892958105761,-0.9409784693151254
-0.7144272826865865,1.3797509108238768,-0.9173041059056657,0.20303734209671992,-1.5694384120002858,-0.676460021688163,-0.7021843686825912,-1.0527061431063325,0.32342831716621606,-1.2444291550149003,-0.9372436844096526
-0.7538352322727188,1.503373996837516,-0.6803662485603006,0.3771529172190639,-1.5694384120002858,-0.676460021688163,-0.6773886456184752,-0.7031324762471892,0.07269563680032667,-1.1053411831740347,-0.9577850013897541
-0.7753304775015183,1.6269970828511622,-0.40034878078850544,0.5222492298210176,-1.5694384120002858,-0.676460021688163,-0.6773886456184752,-0.6783258809062159,-0.20337587136952945,-1.0126158686134645,-0.9689893561061732
-0.8720590810311157,1.4209586061617565,-0.7449856641999456,0.8704803800657082,-1.5694384120002858,-0.676460021688163,-0.6773886456184752,-0.6783258809062159,-0.030539851508721336,-0.22445069484856173,-1.0194089523300591
-0.9723702254321798,2.1214894269057254,-0.3357293651488604,1.5669426805550892,-1.5694384120002858,-0.676460021688163,-0.6773886456184752,-0.6783258809062159,-0.6085849066455152,0.10008790611345682,-1.0716959410066813
-1.0261083385041785,1.8330355595405605,-0.4865080016413655,1.7410582556774357,-1.5694384120002858,-0.8122308111361645,-0.6773886456184752,-0.6783258809062159,-0.5618520943376402,0.7028024507572067,-1.099706827797729
-1.0655162880903106,1.5445816921753956,-0.5295876120677955,1.6249812055958697,-1.5694384120002858,-0.8122308111361645,-0.8132181579917568,-0.6783258809062159,-0.5994771459566377,0.8418904225980682,-1.1202481447778307
-1.0905940741905766,1.8742432548784402,-0.3141895599356454,1.537923418034699,-1.5694384120002858,-0.8122308111361645,-0.8132181579917568,-0.8142149509725762,-0.8991009681857588,0.33190119251490097,-1.1333198919469862
-1.1622448916199082,2.080281731567846,-0.0557118973770653,1.189692267790006,-1.5694384120002858,-0.9480016005841657,-0.8132181579917568,-0.8142149509725762,-1.4020462713711537,-0.4562639812500059,-1.1706677410017166
-1.1514972690055085,1.9978663408920865,-0.09879150780349533,1.1316537427492255,-1.5694384120002858,-0.9480016005841657,-0.9490476703650382,-0.8142149509725762,-1.3172314773494709,-0.4562639812500059,-1.165065563643507
-1.2088179229489737,2.2451125129193645,-0.18495072865635537,1.915173830799777,-1.6577855909228756,-0.9480016005841657,-0.9490476703650382,-0.9501040210389363,-1.3920970330480529,0.5173518216360496,-1.207458963459958
-1.2195655455633734,2.1214894269057254,-0.24957014429600038,1.799096780718216,-1.6577855909228756,-0.9285239345874061,-0.9490476703650382,-0.9501040210389363,-1.345376378054489,0.4709891643557625,-1.212930320742495
-1.1443321872625754,1.956658645554207,-0.3357293651488604,1.7120389931570454,-1.6577855909228756,-0.9285239345874061,-0.9295615799823734,-0.9501040210389363,-1.014797005671558,0.5173518216360496,-1.1746308197647355
-1.1264194829052425,2.162697122243605,-0.4434283912149355,1.9732123558405628,-1.6577855909228756,-0.9285239345874061,-0.9295615799823734,-0.9306093865146484,-0.8410084305649694,0.7028024507572067,-1.1655118909605073
-1.1371671055196422,2.2863202082572442,-0.5295876120677955,1.4798848929939186,-1.6577855909228756,-0.9285239345874061,-0.9295615799823734,-0.9306093865146484,-0.7670362090536483,-0.2244506948485535,-1.1709832482430442
-1.2016528412060405,1.4621663014996362,-1.1327021580378158,0.8704803800657082,0.9224717229045212,-1.0675410017015343,-0.9295615799823734,-0.9306093865146484,-0.1831659920139383,-0.27081335212884894,-0.8357491090337569
-0.8398162131879165,1.338543215485997,-0.6803662485603006,0.9865574301472743,1.3720029568341685,-0.9440662153827745,-1.0686387740860992,-0.9306093865146484,-0.04421875309395893,0.05372524883316963,-0.4363823515506807
2.1838482823298717,0.7204277854177875,0.09506673911543977,0.6383262799025812,0.48853116760827275,-0.998784492464253,-0.9451105830498707,-1.0697475623350567,1.1079734317116632,0.19281322067403117,1.826948603156432
2.0190514022424093,0.5555970040662651,0.00890751826257973,0.5802877548618006,0.48853116760827275,0.8754822406142598,-0.9998525266159413,-0.9461652074138245,1.100717062042776,0.28553853523460965,1.694322697419772
1.847089440412014,0.47318161339050213,-0.0557118973770653,0.4642107047802372,0.3819948636133843,0.8754822406142598,0.875224855246224,-1.0009311538921966,1.084501645226248,0.19281322067403528,1.495984072103161
1.8327592769261476,0.2671431367011001,-0.12033131301671034,0.5222492298210176,0.3819948636133843,0.9244910542496666,0.875224855246224,0.8749684004217173,1.1019403857417744,0.5173518216360496,1.4846617228086845
1.811264031697348,0.18472774602534078,-0.20649053386957036,0.4351914422598469,0.3819948636133843,0.4766381556626937,0.9242548659367034,0.8749684004217173,1.1248841699828134,0.4709891643557625,1.4676781988669692
1.8255941951832144,0.061104660011698106,-0.2711099495092154,0.3771529172190639,0.275458559618497,0.4766381556626937,0.47620826417979883,0.9240199094911375,1.1484761468306637,0.5173518216360496,1.4193696795505044
1.8040989499544149,-0.06251842600194457,-0.4649681964281505,0.4932299673006274,0.275458559618497,0.5190249720109523,0.47620826417979883,0.47577685100309897,1.206227380563535,0.8418904225980682,1.402701662850117
0.43915087792565033,1.338543215485997,-0.2711099495092154,1.7120389931570454,1.6006662434573418,0.5190249720109523,0.5186134134688866,0.47577685100309897,0.7215440021640691,1.212791680840374,0.832895585012228
1.3204559323064275,1.091297043458712,-0.35726917036207545,0.9865574301472743,1.717596333207828,-1.0239033573159335,0.5186134134688866,0.5182005938424556,1.0628317528552498,0.33190119251490097,1.7345036988976439
1.7145354281677505,0.8852585667693098,-0.07725170259028032,1.4508656304735281,1.8345264229583138,1.1433974692150017,-1.0249822557575754,0.5182005938424556,1.0617723483687442,1.3055169954009525,2.182043025422467
2.0118863204994764,0.7616354807556671,-0.01263228695063528,1.3347885803919621,1.8345264229583138,1.0961194246409147,1.143255961246033,-1.0260719017636282,1.105813069932552,1.2591543381206614,2.4764882345669337
2.426117608762799,0.5143893087283855,0.07352693390222476,1.5669426805550892,1.914038883988645,1.0961194246409147,1.095957468200738,1.1431170310600807,1.1622212941155823,1.908231540044694,2.525482757687079
2.426117608762799,0.3907662227147428,0.1381463495418698,1.305769317871572,1.8345264229583138,1.0648394345405994,1.095957468200738,1.095797798861102,1.2166410055494492,1.630055596362967,2.525482757687079
2.426117608762799,0.3083508320389798,0.05198712868900975,1.2477307928307915,1.717596333207828,1.0961194246409147,1.0646639490303709,1.095797798861102,1.239928741517754,1.630055596362971,2.525482757687079
2.426117608762799,0.22593544136322044,0.31046479124758986,1.102634480228835,1.3189946494806148,1.1433974692150017,1.095957468200738,1.0644905583000186,1.2021854239834637,1.4909676245221013,2.525482757687079
2.426117608762799,0.10231235534957778,-0.07725170259028032,1.2767500553511817,1.4863346001457551,1.3170164331950338,1.143255961246033,1.095797798861102,1.2503454984575664,1.9082315400446983,2.525482757687079
2.426117608762799,0.4319739180526225,0.4181638173136649,1.5669426805550892,1.2576713135225819,1.2416634717899853,1.3169500180607643,1.1431170310600807,1.097679301030442,2.0009568546052727,2.525482757687079
2.426117608762799,0.8028431760935468,0.9997385580704702,1.4508656304735281,1.148536563088794,1.3455854463172927,1.241564465357247,1.3168872481815421,0.9212952780685444,1.398242309961531,2.524168304500266
2.426117608762799,1.2149201294723508,1.4089948571215554,1.3928271054327426,1.0342049197772085,1.3977616633080032,1.3455313877144224,1.241468640882363,0.793706647418708,0.8418904225980682,2.392594089568032
2.426117608762799,0.14352005068745746,1.7320919353197806,0.8704803800657082,0.7042022220369467,1.4543349228790072,1.3977301717101875,1.3454811500191997,0.7600208044614768,1.212791680840374,2.358919463030223
2.377305489389067,0.22593544136322044,1.1720569997761903,0.9575381676268788,0.7042022220369467,1.6296047984856998,1.4543279000738394,1.3977028218182264,0.8419100522778882,1.2591543381206571,2.1197495835066618
2.276994344988003,0.4319739180526225,0.8704997267911802,0.8994996425860984,0.59506747160316,1.6296047984856998,1.6296735825595445,1.454325366807337,0.9033128449195043,0.9346157371586425,1.968167592295108
2.25908164063067,0.5968046994041448,0.6766414798722451,0.7544033299841446,0.59506747160316,1.6918475716188717,1.6296735825595445,1.6297479337944858,0.9548998197935079,0.5173518216360496,1.9534888102747991
2.208926068430138,0.8028431760935468,0.3966240121004499,0.6963648049433642,0.59506747160316,1.6918475716188717,1.691943276635953,1.6297479337944858,1.0249972067230506,0.19281322067403528,1.9123882206179352
1.123416184375766,-0.5158030747186283,-0.5295876120677955,0.26107586713750036,-0.03635501304946657,1.6918475716188717,1.691943276635953,1.692044931505157,1.0759080554584903,0.9809783944389298,0.7305173328506621
1.0947558574040333,-0.35097229336710595,-0.6157468329206556,0.14499881705593687,-0.03635501304946657,0.6528461631712537,1.691943276635953,1.692044931505157,1.1016897644654,0.6100771361966241,0.7095245583545141
0.9980272538744358,-0.4333876840428689,-0.4865080016413655,0.08696029201515641,-0.03635501304946657,0.6528461631712537,0.6524924843236446,1.692044931505157,1.0239061673565544,0.6100771361966282,0.6386739444300152
0.886968486858972,-0.30976459802922623,-0.6588264433470856,0.17401807957632712,-0.03635501304946657,0.6528461631712537,0.6524924843236446,0.6521383671726353,1.0616266076831977,0.6100771361966241,0.5573269432574425
0.7938224242008411,-0.39217998870498927,-0.7234458589867306,0.057941029494766184,-0.03635501304946657,0.6528461631712537,0.6524924843236446,0.6521383671726353,1.0612465793707655,0.5173518216360539,0.4891004261449622
0.693511279799777,-0.4745953793807486,-0.7665254694131607,-9.749554601685544e-05,0.275458559618497,0.6528461631712537,0.6524924843236446,0.6521383671726353,1.0490931066895697,0.5173518216360496,0.54152079999678
0.7221716067715096,-0.35097229336710595,-0.6372866381338705,0.08696029201515641,0.275458559618497,0.5190249720109523,0.6524924843236446,0.6521383671726353,1.0014689539740933,0.5173518216360496,0.5637448222639629
0.955036763416837,0.6792200900799078,-0.7880652746263757,0.6383262799025812,0.275458559618497,0.5190249720109523,0.5186134134688866,0.6521383671726353,1.1334929045442679,0.23917587795431836,0.7443150031848239
0.9227938955736378,0.5143893087283855,-0.7234458589867306,-0.8416561086373516,0.275458559618497,0.5190249720109523,0.5186134134688866,0.5182005938424556,1.0984428199100182,-1.9398690142192245,0.7193129781342432
0.8941335686019052,0.3083508320389798,-0.6372866381338705,0.4932299673006274,0.17152070206250916,0.5190249720109523,0.5186134134688866,0.5182005938424556,1.0548008817695176,0.42462650707547533,0.6522510162051998
0.7651620972291086,-0.021310730664061233,-0.9173041059056657,0.6963648049433642,0.17152070206250916,-0.367878434382075,0.5186134134688866,0.5182005938424556,1.1361838090360363,1.1200663662797954,0.5540897876594296
0.8045700468152408,-0.1449338166777039,-1.197321573677461,0.26107586713750036,0.17152070206250916,-0.367878434382075,-0.3686735920965108,0.5182005938424556,1.2662640205997817,0.5637144789163369,0.5840834963817483
0.8654732416301726,-0.2685569026913466,-1.7788963144342662,0.40617217973945413,0.0675828445065213,-0.8327944020121082,-0.3686735920965108,-0.36947546389744235,1.522927441499639,0.9346157371586425,0.5860098861235136
0.7723271789720417,-0.18614151201558357,-1.714276898794621,0.3191143921782834,0.0675828445065213,-0.8149644511921644,-0.8337906429325831,-0.36947546389744235,1.4811977708529525,0.7028024507572026,0.5164495172590783
0.8977161094733718,-0.10372612133982424,-1.757356509221051,0.20303734209671992,0.0675828445065213,-0.8149644511921644,-0.8159529803885343,-0.8347964564106608,1.5186521307583722,0.42462650707547533,0.6100884753458179
0.9263764364451044,0.019896964673818438,-1.8219759248606961,0.26107586713750036,0.0675828445065213,-0.8149644511921644,-0.8159529803885343,-0.8169509725175365,1.5492227301577566,0.378263849795184,0.6314916657656442
0.9657843860312366,0.10231235534957778,-1.7788963144342662,0.29009512965789064,0.0675828445065213,-0.8149644511921644,-0.8159529803885343,-0.8169509725175365,1.537009719878072,0.33190119251489686,0.660921052592905
1.0983383982755,-0.22734920735346692,-1.735816704007836,0.23205660461711014,0.0675828445065213,-0.43589969676016016,-0.8159529803885343,-0.8169509725175365,1.5375898224488065,0.6100771361966282,0.7599108082846011
1.1879019200621643,-0.30976459802922623,-1.6927370935814061,0.34813365469867363,0.0675828445065213,-0.43589969676016016,-0.43672427470205666,-0.8169509725175365,1.5326724959808493,0.8882530798783554,0.826795778346558
0.9227938955736378,-0.39217998870498927,-1.520418651875686,0.20303734209671992,-0.03635501304946657,-0.43589969676016016,-0.43672427470205666,-0.43755598494971165,1.4251310133330537,0.7491651080374938,0.5835679113776273
0.9012986503448384,-0.22734920735346692,-1.585038067515331,0.26107586713750036,-0.03635501304946657,-0.40996173702385474,-0.43672427470205666,-0.43755598494971165,1.448051195729819,0.6564397934769154,0.5678233305055164
1.0446002852035012,-0.06251842600194457,-0.9388439111188808,0.14499881705593687,-0.03635501304946657,0.16975166308256745,-0.41077509640483917,-0.43755598494971165,1.2159048264322991,0.28553853523460965,0.6727872029862554
1.0660955304323008,-0.30976459802922623,-0.8742244954792356,0.3191143921782834,-0.03635501304946657,0.6528461631712537,0.16918903853796965,-0.4115954286156473,1.1954897259353763,0.8418904225980682,0.6885317838583663
1.0947558574040333,-0.39217998870498927,-0.7449856641999456,0.23205660461711014,-0.03635501304946657,0.6528461631712537,0.6524924843236446,0.16862300545068817,1.151931959164462,0.795527765317781,0.7095245583545141
0.2636063752237882,-0.35097229336710595,0.24584537560794484,-9.749554601685544e-05,-0.14029287060545442,0.6528461631712537,0.6524924843236446,0.6521383671726353,0.36595592575861113,0.378263849795184,0.06492530862529093
0.25285875260938845,-0.4745953793807486,0.31046479124758986,0.057941029494766184,-0.14029287060545442,0.7010111183146914,0.6524924843236446,0.6521383671726353,0.3254056866571231,0.6100771361966282,0.05720692416061485
0.23852858912352218,-0.30976459802922623,0.4181638173136649,0.11597955453554665,-0.14029287060545442,0.2082836271973186,0.700678271540561,0.6521383671726353,0.25952103248132885,0.5173518216360496,0.04691574487438026
0.2206158847661893,-0.5982184653943913,0.43970362252687994,0.028921766974373375,-0.14029287060545442,0.2082836271973186,0.20773766831150356,0.7003452825985519,0.2356832666229318,0.7028024507572026,0.03405177076658658
0.20628572128032302,-0.4745953793807486,0.3966240121004499,-9.749554601685544e-05,-0.14029287060545442,0.2082836271973186,0.20773766831150356,0.20718853779142224,0.24833369995558674,0.5173518216360496,0.023760591480351992
0.17404285343712383,-0.6806338560701506,0.547402648592955,0.14499881705593687,-0.14029287060545442,-0.2844438639200549,0.20773766831150356,0.20718853779142224,0.14427609490042556,0.9809783944389298,0.0006054380863237247
0.16329523082272412,-0.5570107700565116,0.504323038166525,0.08696029201515641,-0.14029287060545442,-0.2844438639200549,-0.28520293491755444,0.20718853779142224,0.1593361623984299,0.7491651080374938,-0.007112946378352364
0.7293366885144428,-0.2685569026913466,0.590482259019385,0.34813365469867363,0.17152070206250916,-0.2844438639200549,-0.28520293491755444,-0.28596820701570796,0.4677157907748299,0.8418904225980682,0.526822779730049
0.7472493928717756,-0.06251842600194457,0.52586284337974,0.6093070173821908,0.17152070206250916,0.09703753324795829,-0.28520293491755444,-0.28596820701570796,0.5047947991110863,1.0273410517192212,0.5404562836947392
0.6863461980568439,0.22593544136322044,0.48278323295330994,0.6963648049433642,0.17152070206250916,0.09703753324795829,0.09644345873956162,-0.28596820701570796,0.493303580860713,0.8418904225980682,0.494102370214792
0.6791811163139108,0.10231235534957778,-0.2711099495092154,0.8124418550249277,0.17152070206250916,0.09703753324795829,0.09644345873956162,0.0958455286157763,0.8245141514491209,1.166429023560087,0.4886489686289159
0.46064612315444975,-0.18614151201558357,0.09506673911543977,0.4351914422598469,0.17152070206250916,0.09703753324795829,0.09644345873956162,0.0958455286157763,0.5556978929880848,0.8882530798783554,0.3223202202596939
0.3316746517816531,0.019896964673818438,0.3750842068872349,0.6093070173821908,0.17152070206250916,0.09703753324795829,0.09644345873956162,0.0958455286157763,0.3433619666505587,0.9346157371586425,0.22415899171392345
0.34600481526751936,-0.06251842600194457,0.4181638173136649,-0.7255790585557881,0.17152070206250916,0.09703753324795829,0.09644345873956162,0.0958455286157763,0.33079842943421833,-1.1053411831740347,0.2350657948856759
0.399742928339518,-0.30976459802922623,0.7412608955118901,0.34813365469867363,0.17152070206250916,0.09703753324795829,0.09644345873956162,0.0958455286157763,0.20554467667865675,0.8882530798783554,0.2759663067797467
0.3854127648536517,-0.8866723327595563,0.05198712868900975,0.26107586713750036,0.0675828445065213,0.09703753324795829,0.09644345873956162,0.0958455286157763,0.5363278003449516,1.3982423099615269,0.2275064465914252
0.41407309182538427,-1.0102954187731954,-0.20649053386957036,0.14499881705593687,0.0675828445065213,0.13269743488784588,0.09644345873956162,0.0958455286157763,0.6781390105046208,1.3518796526812356,0.2489096370112512
0.36033497875338566,-0.4333876840428689,-0.09879150780349533,-9.749554601685544e-05,0.0675828445065213,0.6065283779278511,0.13211878382765932,0.0958455286157763,0.5976508273005643,0.4709891643557625,0.20877865497407716
0.31376194742432023,0.3495585273768631,0.1381463495418698,-0.11617454562758035,0.0675828445065213,0.6065283779278511,0.6061546659357562,0.1315364964020252,0.45223412877449165,-0.5953519530908674,0.1739984705418597
0.30659686568138705,-0.9690877234353156,0.43970362252687994,0.028921766974373375,-0.03635501304946657,0.6065283779278511,0.6061546659357562,0.6057802308618061,0.29439440597930994,1.1200663662797954,0.13222325971044907
0.32092702916725335,-0.6806338560701506,0.3966240121004499,-0.029116758066407088,-0.03635501304946657,0.6528461631712537,0.6061546659357562,0.6057802308618061,0.3256097009696762,0.7028024507572026,0.14271964695852293
0.29943178393845393,-0.4745953793807486,0.24584537560794484,-0.08715528310719013,-0.03635501304946657,0.6528461631712537,0.6524924843236446,0.6057802308618061,0.388647995629005,0.378263849795184,0.12697506608641226
0.31376194742432023,-0.2685569026913466,0.2889249860343749,0.057941029494766184,-0.03635501304946657,0.6528461631712537,0.6524924843236446,0.6521383671726353,0.3756712337625794,0.3782638497951881,0.13747145333448615
0.28151907958112105,-0.5158030747186283,0.18122595996829982,-0.058136020586797316,-0.03635501304946657,0.6528461631712537,0.6524924843236446,0.6521383671726353,0.41061540409315367,0.4709891643557625,0.11385458202631986
0.02357613683552774,0.8852585667693098,-0.8096050798395906,0.8124418550249277,0.0675828445065213,0.6528461631712537,0.6524924843236446,0.6521383671726353,0.8001038910552402,0.28553853523460965,-0.04270883245888051
-0.019414353622071147,0.5143893087283855,-0.7880652746263757,0.667345542422974,0.0675828445065213,-0.3411335081521595,0.6524924843236446,0.6521383671726353,0.7647937987181136,0.4709891643557625,-0.07481361808861968
0.012828514221128018,0.6792200900799078,-0.5295876120677955,0.6093070173821908,0.0675828445065213,-0.3411335081521595,-0.3419170982804377,0.6521383671726353,0.6332959705724536,0.19281322067403117,-0.050735028866315375
0.059401545550193474,0.5968046994041448,-0.6588264433470856,0.7253840674637544,-0.03635501304946657,-0.3411335081521595,-0.3419170982804377,-0.3427072380577558,0.733351511284242,0.4709891643557625,-0.0488394203188259
0.030741218578460888,0.7204277854177875,-0.7234458589867306,0.4642107047802372,-0.03635501304946657,-0.31334283700611776,-0.3419170982804377,-0.3427072380577558,0.7545979517971622,-0.08536272300769604,-0.06983219481497364
0.2492762117379219,0.9264662621071895,-0.6157468329206556,0.8124418550249277,-0.03635501304946657,-0.31334283700611776,-0.31411440724770434,-0.3427072380577558,0.8055455697742953,0.23917587795432246,0.09023771071815358
0.39616038746805143,0.2671431367011001,-0.7449856641999456,0.4932299673006274,-0.03635501304946657,-0.31334283700611776,-0.31411440724770434,-0.31489235627125806,0.9342157821351964,0.4709891643557625,0.19782568001091114
0.1238872812365918,0.3083508320389798,0.18122595996829982,0.26107586713750036,-0.14029287060545442,-0.31334283700611776,-0.31411440724770434,-0.31489235627125806,0.3063281218267964,0.05372524883316963,-0.035413689415497634
0.11672219949365865,0.18472774602534078,0.1596861547550848,0.3191143921782834,-0.24163228172254175,-0.2844438639200549,-0.31411440724770434,-0.31489235627125806,0.31310907689048456,0.28553853523460965,-0.07342205159739772
0.02357613683552774,0.10231235534957778,0.1381463495418698,0.29009512965789064,-0.24163228172254175,-0.35563509573274316,-0.28520293491755444,-0.31489235627125806,0.25707414803210554,0.33190119251489686,-0.13901421149976748
0.012828514221128018,0.052863120944122904,0.07352693390222476,0.3771529172190639,-0.24163228172254175,-0.35563509573274316,-0.3564249580175537,-0.28596820701570796,0.2860808033846738,0.5266243530921063,-0.14658253764234871
0.0020808916067282957,0.3907662227147428,0.11660654432865478,0.40617217973945413,-0.24163228172254175,-0.35563509573274316,-0.3564249580175537,-0.35722145911239667,0.25306560120178934,0.19281322067403117,-0.15415086378492995
-0.1627159884807341,0.8440508714314302,-0.20649053386957036,0.4932299673006274,-0.24163228172254175,-0.25513572133706935,-0.3564249580175537,-0.35722145911239667,0.3182065590460143,-0.17808803756827454,-0.2701985313045076
-0.11256041628020207,0.2671431367011001,-0.4649681964281505,0.4642107047802372,-0.24163228172254175,-0.25513572133706935,-0.2558821161184697,-0.35722145911239667,0.5148530226712489,0.42462650707547533,-0.2348796759724622
-0.11972549802313522,0.5555970040662651,-0.7665254694131607,0.5222492298210176,-0.24163228172254175,-0.25513572133706935,-0.2558821161184697,-0.25663453180348933,0.694396439925294,0.19281322067403117,-0.23992522673418293
-0.19854139719539984,-0.35097229336710595,-0.8311448850528057,0.5802877548618006,-0.24163228172254175,-0.35563509573274316,-0.2558821161184697,-0.25663453180348933,0.6860364114834762,1.3055169954009485,-0.29542628511311153
-0.1770461519666004,0.3907662227147428,-0.7880652746263757,0.7253840674637544,-0.24163228172254175,-0.35563509573274316,-0.3564249580175537,-0.25663453180348933,0.6723738515006678,0.7028024507572026,-0.28028963282794905
-0.1376382023804681,0.8440508714314302,-0.7449856641999456,0.6383262799025812,-0.24163228172254175,-0.35563509573274316,-0.3564249580175537,-0.35722145911239667,0.6702013369532113,0.05372524883316551,-0.2525391036384849
-0.1519683658663344,0.9264662621071895,-0.6803662485603006,0.5802877548618006,-0.24163228172254175,-0.35563509573274316,-0.3564249580175537,-0.35722145911239667,0.6211084966137264,-0.13172538028798322,-0.26263020516192637
-0.19495885632393326,0.6792200900799078,-0.12033131301671034,0.4642107047802372,-0.03635501304946657,-0.35563509573274316,-0.3564249580175537,-0.35722145911239667,0.23743587144031922,-0.03900006572740886,-0.23515029397213794
-0.2021239380668664,0.5968046994041448,-0.18495072865635537,0.34813365469867363,-0.03635501304946657,-0.40996173702385474,-0.3564249580175537,-0.35722145911239667,0.2724576730825366,-0.13172538028798322,-0.24039848759617471
-0.18779377458100013,0.5143893087283855,-0.24957014429600038,0.20303734209671992,-0.03635501304946657,-0.40996173702385474,-0.41077509640483917,-0.35722145911239667,0.325190204084395,-0.27081335212884894,-0.22990210034810085
-0.16629852935220069,0.3495585273768631,-0.29264975472243043,0.11597955453554665,0.0675828445065213,-0.40996173702385474,-0.41077509640483917,-0.4115954286156473,0.36923737703888887,-0.22445069484856173,-0.18450496899022895
-0.06956992582260318,0.7204277854177875,-0.6157468329206556,0.4351914422598469,0.0675828445065213,-0.3411335081521595,-0.41077509640483917,-0.4115954286156473,0.6338698799397052,-0.13172538028798322,-0.11226920132331543
0.33525719265311965,0.4319739180526225,0.65510167465903,0.7544033299841446,-0.03635501304946657,-0.3411335081521595,-0.3419170982804377,-0.4115954286156473,0.20463100590866912,0.7028024507572026,0.1532160342065968
0.25644129348085504,0.5555970040662651,0.31046479124758986,0.5222492298210176,-0.03635501304946657,-0.31334283700611776,-0.3419170982804377,-0.3427072380577558,0.32777227974034867,0.19281322067403117,0.09548590434219036
0.22419842563765588,-0.021310730664061233,0.1596861547550848,0.7253840674637544,-0.03635501304946657,-0.31334283700611776,-0.31411440724770434,-0.3427072380577558,0.38557394133118233,1.1664290235600827,0.07186903303402407
0.34600481526751936,0.5143893087283855,0.43970362252687994,0.8124418550249277,-0.03635501304946657,-0.31334283700611776,-0.31411440724770434,-0.31489235627125806,0.3199974028345587,0.7028024507572026,0.16108832464265244
0.39616038746805143,-0.10372612133982424,0.7412608955118901,0.8994996425860984,-0.03635501304946657,-0.31334283700611776,-0.31411440724770434,-0.31489235627125806,0.2031405817182437,1.5373302818023884,0.19782568001091114
0.2636063752237882,0.3495585273768631,0.633561869445815,0.7834225925045374,-0.03635501304946657,-0.31334283700611776,-0.31411440724770434,-0.31489235627125806,0.16513110740563042,0.8418904225980682,0.10073409796622744
0.40332546921098456,0.18472774602534078,0.6981812850854601,0.9575381676268788,-0.03635501304946657,-0.31334283700611776,-0.31411440724770434,-0.31489235627125806,0.22907532817473897,1.3055169954009442,0.20307387363494792
0.26718891609525475,0.8440508714314302,-0.0557118973770653,0.23205660461711014,-0.03635501304946657,-0.31334283700611776,-0.31411440724770434,-0.31489235627125806,0.5242279730315543,-0.5953519530908674,0.10335819477824569
0.25285875260938845,0.6792200900799078,0.00890751826257973,-0.08715528310719013,-0.03635501304946657,-0.31334283700611776,-0.31411440724770434,-0.31489235627125806,0.4822769996023931,-0.919890554052886,0.09286180753017183
0.2600238343523216,0.6380123947420245,-0.03417209216385029,-0.029116758066407088,-0.03635501304946657,-0.31334283700611776,-0.31411440724770434,-0.31489235627125806,0.5088991449433815,-0.7808025822120161,0.0981100011542089
0.35316989701045254,0.18472774602534078,-0.07725170259028032,0.028921766974373375,-0.03635501304946657,-0.31334283700611776,-0.31411440724770434,-0.31489235627125806,0.583076349473568,-0.17808803756827454,0.16633651826668922
0.28151907958112105,0.2671431367011001,-0.12033131301671034,0.11597955453554665,-0.03635501304946657,-0.31334283700611776,-0.31411440724770434,-0.31489235627125806,0.565701552737482,-0.13172538028798322,0.11385458202631986
0.03790630032139403,0.8028431760935468,0.26738518082115986,0.20303734209671992,-0.03635501304946657,-0.31334283700611776,-0.31411440724770434,-0.31489235627125806,0.1942972665015133,-0.5953519530908633,-0.06458400119093685
0.05223646380726033,0.3907662227147428,0.590482259019385,0.26107586713750036,-0.03635501304946657,-0.31334283700611776,-0.31411440724770434,-0.31489235627125806,0.022622659535953337,-0.03900006572740886,-0.054087613942862975
0.07373170903605977,0.5968046994041448,0.9997385580704702,0.40617217973945413,-0.03635501304946657,-0.31334283700611776,-0.31411440724770434,-0.31489235627125806,-0.18863884823219673,-0.03900006572740886,-0.03834303307075202
0.11313965862219208,0.9264662621071895,0.4181638173136649,0.4932299673006274,-0.03635501304946657,-0.31334283700611776,-0.31411440724770434,-0.31489235627125806,0.16812443125642007,-0.27081335212884894,-0.009477968138548655
0.15613014907979098,-0.17789997294800838,0.00890751826257973,0.5512684923414104,-0.03635501304946657,-0.31334283700611776,-0.31411440724770434,-0.31489235627125806,0.42204123347894673,1.0644311775434516,0.02201119360567296
0.17762539430859042,0.47318161339050213,-0.4865080016413655,0.6383262799025812,-0.03635501304946657,-0.31334283700611776,-0.31411440724770434,-0.31489235627125806,0.7015909419904821,0.4709891643557625,0.037755774477783915
0.2349460482520556,0.5968046994041448,-0.35726917036207545,0.7253840674637544,-0.03635501304946657,-0.31334283700611776,-0.31411440724770434,-0.31489235627125806,0.6633448194098224,0.4709891643557625,0.07974132347007941
0.08806187252192607,0.3907662227147428,0.9351191424308252,0.028921766974373375,-0.03635501304946657,-0.31334283700611776,-0.31411440724770434,-0.31489235627125806,-0.13932083002214715,-0.40990132396971457,-0.02784664582267815
0.10239203600779237,0.5143893087283855,0.8489599215779652,0.17401807957632712,-0.03635501304946657,-0.31334283700611776,-0.31411440724770434,-0.31489235627125806,-0.0786812252383241,-0.3171760094091402,-0.017350258574604278
0.34600481526751936,-0.5982184653943913,0.65510167465903,0.4642107047802372,-0.03635501304946657,-0.31334283700611776,-0.31411440724770434,-0.31489235627125806,0.21198713683796458,1.3982423099615269,0.16108832464265244
0.33883973352458624,-0.4333876840428689,0.52586284337974,0.5512684923414104,-0.03635501304946657,-0.31334283700611776,-0.31411440724770434,-0.31489235627125806,0.2720762973367653,1.3518796526812398,0.15584013101861535
0.36033497875338566,0.22593544136322044,0.56894245380617,0.667345542422974,-0.03635501304946657,-0.31334283700611776,-0.31411440724770434,-0.31489235627125806,0.26466635070885536,0.795527765317781,0.1715847118907263
-0.3418430320540628,-0.06251842600194457,1.1505171945629753,1.1316537427492255,-0.5404536221960066,-0.31334283700611776,-0.31411440724770434,-0.31489235627125806,-0.765597650619686,1.861868882764407,-0.4743612150880664
-0.3669208181543288,0.2671431367011001,1.2151366102026202,1.0445959551880546,-0.5404536221960066,-0.16152804270179022,-0.31411440724770434,-0.31489235627125806,-0.847072143718304,1.3518796526812398,-0.4909881901960858
-0.3525906546684625,-0.10372612133982424,0.8489599215779652,0.7834225925045374,-0.6391945868741951,-0.16152804270179022,-0.16223395074270325,-0.31489235627125806,-0.57394155532053,1.3518796526812398,-0.5071226661956911
-0.3597557364113957,0.5968046994041448,0.9351191424308252,0.8704803800657082,-0.6391945868741951,-0.12798794612313838,-0.16223395074270325,-0.16294530415345435,-0.6431078773992012,0.7028024507572026,-0.5117757567303944
-0.3346779503111296,0.10231235534957778,0.9781987528572552,0.6093070173821908,-0.7353371051134842,-0.12798794612313838,-0.12867934756367527,-0.16294530415345435,-0.6379580542482356,0.8418904225980682,-0.5206881950230222
-0.3490081137969959,0.4319739180526225,0.8274201163647501,0.7253840674637544,-0.7353371051134842,-0.09395214394389557,-0.12867934756367527,-0.12937598815743545,-0.5543323784585611,0.6564397934769154,-0.5298045587277278
-0.3633382772828622,0.22593544136322044,0.8920395320043951,0.6383262799025812,-0.7353371051134842,-0.09395214394389557,-0.09462882438386712,-0.12937598815743545,-0.6183288754742925,0.7491651080374897,-0.5389209224324332
0.17404285343712383,-0.1449338166777039,0.547402648592955,-9.749554601685544e-05,-0.03635501304946657,-0.09395214394389557,-0.09462882438386712,-0.0953105347126703,0.14427609490042556,0.146450563393744,0.03513167766576537
0.18120793518005698,-0.06251842600194457,0.7628007007251051,-0.1451938081479706,-0.03635501304946657,-0.31334283700611776,-0.09462882438386712,-0.0953105347126703,0.034322250414230905,-0.17808803756827044,0.04037987128980246
0.16329523082272412,-0.10372612133982424,0.8274201163647501,-0.058136020586797316,-0.03635501304946657,-0.31334283700611776,-0.31411440724770434,-0.0953105347126703,-0.015011752042342782,0.007362591552882442,0.027259387229710046
0.15613014907979098,-0.22734920735346692,0.9135793372176102,0.028921766974373375,-0.03635501304946657,-0.31334283700611776,-0.31411440724770434,-0.31489235627125806,-0.06759452623795263,0.28553853523460965,0.02201119360567296
0.13105236297952497,-0.4333876840428689,0.9566589476440401,-0.1451938081479706,-0.03635501304946657,-0.31334283700611776,-0.31411440724770434,-0.31489235627125806,-0.11276264022955865,0.23917587795432246,0.003642515921543759
0.0988094951363258,-0.7630492467459136,1.0428181684969002,-0.31930938327031716,-0.03635501304946657,-0.31334283700611776,-0.31411440724770434,-0.31489235627125806,-0.1893240125128812,0.33190119251489686,-0.01997435538662253
0.09164441339339265,-0.639426160732271,0.9781987528572552,-0.23225159570914386,-0.14029287060545442,-0.31334283700611776,-0.31411440724770434,-0.31489235627125806,-0.16003345318230802,0.33190119251489686,-0.0585688428095259
0.04865392293579376,-0.5158030747186283,1.1935968049894052,-0.1742130706683608,-0.14029287060545442,-0.2844438639200549,-0.31411440724770434,-0.31489235627125806,-0.32220658310820516,0.28553853523460965,-0.08944238066822996
0.0020808916067282957,-0.22734920735346692,1.0858977789233302,-0.08715528310719013,-0.24163228172254175,-0.2844438639200549,-0.28520293491755444,-0.31489235627125806,-0.30763729163973474,0.10008790611345682,-0.15415086378492995
-0.019414353622071147,-0.06251842600194457,1.2366764154158354,0.08696029201515641,-0.24163228172254175,-0.25513572133706935,-0.28520293491755444,-0.28596820701570796,-0.4178051944407278,0.19281322067403528,-0.16928751607009215
-0.04090959885087059,0.019896964673818438,1.1720569997761903,0.17401807957632712,-0.3403732464007302,-0.25513572133706935,-0.2558821161184697,-0.28596820701570796,-0.40308992114068776,0.23917587795431836,-0.21429988249951568
-0.08031754843700291,0.3907662227147428,1.2797560258422653,0.20303734209671992,-0.3403732464007302,-0.22543917213772577,-0.2558821161184697,-0.25663453180348933,-0.5111792720090051,-0.13172538028798322,-0.24151430588867512
-0.374085899897262,0.6792200900799078,1.5166938831876304,0.23205660461711014,-0.3403732464007302,-0.3279183164800221,-0.22617272271127553,-0.25663453180348933,-1.067581404736697,-0.40990132396971457,-0.44438546206240864
-0.38841606338312823,0.5143893087283855,1.6890123248933506,0.34813365469867363,-0.3403732464007302,-0.22543917213772577,-0.32869619083750545,-0.2269121116033458,-1.2118854065508688,-0.03900006572740886,-0.454281616022103
-0.3561731955399291,0.3907662227147428,1.8613307665990706,0.5222492298210176,-0.3403732464007302,-0.22543917213772577,-0.22617272271127553,-0.32948053359226237,-1.2759622875311283,0.378263849795184,-0.4320152696127908
-0.3382604911825962,0.22593544136322044,1.9905695978783606,0.26107586713750036,-0.4417126575178187,-0.22543917213772577,-0.22617272271127553,-0.2269121116033458,-1.3334767352095414,0.146450563393744,-0.4461553807332717
-0.3525906546684625,0.061104660011698106,1.5166938831876304,0.7253840674637544,-0.4417126575178187,-0.19371943698415756,-0.22617272271127553,-0.2269121116033458,-1.03290304872165,1.0737037089995083,-0.45585145693017276
-0.9222146532316478,0.14352005068745746,-0.5942070277074406,0.26107586713750036,-2.2437352628947567,-0.19371943698415756,-0.1944392682912517,-0.2269121116033458,-0.25548835773694484,0.23917587795432246,-1.1839370008341423
-0.9437098984604472,0.3083508320389798,-0.5295876120677955,0.23205660461711014,-2.2437352628947567,-0.5717692924752462,-0.1944392682912517,-0.1951647428924904,-0.3572359408864735,0.007362591552882442,-1.1928789377712845
-0.9652051436892467,0.22593544136322044,-0.5726672224942255,0.17401807957632712,-2.2437352628947567,-0.5717692924752462,-0.5726526360776316,-0.1951647428924904,-0.3527392144755009,0.007362591552878325,-1.2018208747084267
-0.9723702254321798,0.061104660011698106,-0.42188858600172047,0.23205660461711014,-2.2437352628947567,-0.5717692924752462,-0.5726526360776316,-0.5735439473610707,-0.5203408253043883,0.28553853523460965,-1.218836462394179
-0.9831178480465795,-0.18614151201558357,-0.40034878078850544,0.29009512965789064,-2.2437352628947567,-0.5391286484534028,-0.5726526360776316,-0.5735439473610707,-0.563958614081574,0.6564397934769113,-1.223188153734931
-0.9902829297895127,-0.10372612133982424,-0.4865080016413655,0.34813365469867363,-2.2437352628947567,-0.5391286484534028,-0.5399978744822823,-0.5735439473610707,-0.48902431942614344,0.6564397934769154,-1.2260892812954323
-1.0010305524039125,0.019896964673818438,-0.4434283912149355,0.26107586713750036,-2.2437352628947567,-0.5391286484534028,-0.5399978744822823,-0.5408748675057595,-0.5555745128543603,0.378263849795184,-1.2441578423353719
-0.4063287677404611,-0.39217998870498927,1.1935968049894052,-0.08715528310719013,-0.8314796233527726,-0.5046482590412376,-0.5399978744822823,-0.5408748675057595,-0.8925288024285858,0.28553853523460965,-0.5905191818871327
-0.424241472097794,-0.30976459802922623,1.0858977789233302,0.4932299673006274,-0.8314796233527726,-0.0584688421317423,-0.5055025717788317,-0.5408748675057595,-0.84388792393705,1.1200663662797954,-0.6016773648121381
-0.399163685997528,-0.22734920735346692,1.2151366102026202,0.057941029494766184,-0.8314796233527726,-0.0584688421317423,-0.05913017550560722,-0.5063644395131492,-0.8965392773376161,0.33190119251490097,-0.5860559087171306
-0.5066399121415252,-0.06251842600194457,0.8489599215779652,0.14499881705593687,-0.8314796233527726,-0.0584688421317423,-0.05913017550560722,-0.05979632060416214,-0.8006482410344606,0.28553853523460965,-0.6530050062671623
-0.6356113835143219,-0.2685569026913466,0.46124342774009497,0.11597955453554665,-0.8314796233527726,-0.0584688421317423,-0.05913017550560722,-0.05979632060416214,-0.7104012040765818,0.4709891643557625,-0.7333439233272001
-0.7968257227303177,-0.1449338166777039,0.05198712868900975,0.20303734209671992,-0.9276221415920611,-0.0584688421317423,-0.05913017550560722,-0.05979632060416214,-0.6426642440291223,0.4709891643557625,-0.852844214804722
-0.8433987540593831,0.061104660011698106,-0.0557118973770653,0.34813365469867363,-0.9276221415920611,-0.6018379084037653,-0.05913017550560722,-0.05979632060416214,-0.629965381366341,0.4709891643557625,-0.8812385839744565
-0.9043019488743149,-0.10372612133982424,-0.18495072865635537,0.3771529172190639,-1.0211662133924502,-0.6018379084037653,-0.6027342571385037,-0.05979632060416214,-0.6232922535357044,0.7028024507572026,-0.9355455885254332
-0.9329622758460475,0.10231235534957778,-0.3788089755752905,0.4351914422598469,-1.0211662133924502,-0.8139411810092348,-0.6027342571385037,-0.6036387584269951,-0.4877947595899756,0.563714478916341,-0.9526496721447287
-0.9616226028177801,-0.021310730664061233,-0.4434283912149355,0.4932299673006274,-1.1147102851928392,-0.8139411810092348,-0.8149292676257336,-0.6036387584269951,-0.4774581677987282,0.7955277653177769,-0.9861909135073422
-1.0117781750183121,0.061104660011698106,-0.5726672224942255,0.6093070173821908,-1.1147102851928392,-0.7930014718581213,-0.8149292676257336,-0.8159268108834303,-0.44112757100109545,0.8882530798783554,-1.0154766547613157
-1.0010305524039125,0.18472774602534078,-0.5295876120677955,0.5512684923414104,-1.1147102851928392,-0.7930014718581213,-0.79398050173288,-0.8159268108834303,-0.465284191945902,0.6564397934769154,-1.0092011387783213
-1.0440210428615113,0.7204277854177875,-0.5511274172810106,0.5512684923414104,-1.1147102851928392,-0.7930014718581213,-0.79398050173288,-0.7949688595039501,-0.529748227369283,0.05372524883316963,-1.0343032027102987
-1.0619337472188441,0.5968046994041448,-0.5942070277074406,0.5222492298210176,-1.7461327698454652,-0.7930014718581213,-0.79398050173288,-0.7949688595039501,-0.5204080845127267,0.146450563393744,-1.1469867422054756
-1.0762639107047105,0.6792200900799078,-0.3357293651488604,0.40617217973945413,-2.003378967296535,-0.7656696470315185,-0.79398050173288,-0.7949688595039501,-0.8396128140455511,-0.13172538028798736,-1.195246524631004
-1.0225257976327118,0.5143893087283855,-0.42188858600172047,0.3191143921782834,-2.169679539386115,-0.6890996607368519,-0.7666368554775769,-0.7949688595039501,-0.6232922535357044,-0.08536272300769604,-1.1982746246178932
-0.9831178480465795,0.3495585273768631,-0.4865080016413655,0.20303734209671992,-2.2437352628947567,-0.6330133690648027,-0.6900337515027217,-0.7676132237740263,-0.47495815490038,-0.08536272300769604,-1.1953568239104926
-1.0905940741905766,0.019896964673818438,-0.4865080016413655,0.26107586713750036,-2.2437352628947567,-0.6027136079729032,-0.6339232016590253,-0.6909765313390811,-0.7044124637268964,0.378263849795184,-1.291740438486831
-1.0977591559335098,-0.22734920735346692,-0.7665254694131607,0.5222492298210176,-2.2437352628947567,-0.6541276301527907,-0.6036103354609846,-0.6348413784849809,-0.40289017301623753,1.0737037089995083,-1.29448509497643
-1.1228369420337758,-0.10372612133982424,-0.7019060537735156,0.5802877548618006,-2.2437352628947567,-0.6541276301527907,-0.6550465949851131,-0.6045152208869357,-0.531477739107087,1.0273410517192212,-1.3040913926900266
-1.1479147281340418,0.019896964673818438,-0.8526846902660207,0.667345542422974,-2.2437352628947567,-0.6541276301527907,-0.6550465949851131,-0.6559740338672633,-0.4098180161904605,1.0273410517192212,-1.325394544228456
-1.1873226777201742,0.10231235534957778,-0.6372866381338705,0.6093070173821908,-2.2437352628947567,-0.6221517059089624,-0.6550465949851131,-0.6559740338672633,-0.7650449757810645,0.8418904225980682,-1.3400669134999572
-1.2338957090492397,-1.7932416301929273,-0.7019060537735156,0.7544033299841446,-2.2437352628947567,-1.0023099163633664,-0.6230568406691627,-0.6559740338672633,-0.8087098768298578,2.3486767842074348,-1.3678212903387061
-1.266138576892439,-0.1449338166777039,-0.7880652746263757,0.26107586713750036,-2.2437352628947567,-0.9805006421731038,-1.003379475314351,-0.6239702528796719,-0.7861313470560316,0.5637144789163369,-1.3794912106185477
-1.273303658635372,0.061104660011698106,-0.7234458589867306,0.23205660461711014,-1.6577855909228756,-0.9805006421731038,-0.9815607682822828,-1.0044596490654805,-0.8934919127598988,0.28553853523460965,-1.2402871071551802
-1.3127116082215042,-0.2685569026913466,-0.6588264433470856,0.29009512965789064,-0.5404536221960066,-0.37245566613089404,-0.9815607682822828,-0.9826313751003204,-1.1062404816507119,0.7491651080374897,-1.1180626799842435
0.937124059059504,-0.06251842600194457,-0.7665254694131607,0.20303734209671992,2.2983491123019095,0.37217138882167117,-0.37325280356747087,-0.9826313751003204,1.1199682453811233,0.3782638497951881,2.279255167144731
1.5031655167512228,0.5143893087283855,-0.8526846902660207,-9.749554601685544e-05,2.2983491123019095,1.5983643587259575,0.3716963138779715,-0.37405668323301566,1.2788368130164005,-0.5953519530908674,2.525482757687079
2.426117608762799,0.3083508320389798,-0.6588264433470856,0.26107586713750036,2.2983491123019095,2.826771413570339,1.5984196308358725,0.37121907494109346,1.5459545272590696,0.05372524883316963,2.525482757687079
2.426117608762799,-0.721841551408034,1.1505171945629753,-0.8996946336781321,0.48853116760827275,2.826771413570339,2.8273579903591797,1.598480278029389,1.129923598135728,-0.6417146103711505,2.525482757687079
2.426117608762799,-0.5982184653943913,1.2151366102026202,-0.5804827459538344,0.59506747160316,0.8754822406142598,2.8273579903591797,2.8279574949213955,1.1217769617680113,-0.27081335212884894,2.525482757687079
2.426117608762799,-0.7630492467459136,1.1720569997761903,-0.5514634834334441,0.59506747160316,0.8282290943961101,0.875224855246224,2.8279574949213955,1.1234174385578024,-0.03900006572740886,2.525482757687079
2.426117608762799,-0.845464637421673,1.1289773893497603,-0.6095020084742246,0.59506747160316,0.8282290943961101,0.8279512713257828,0.8749684004217173,1.1260827140656686,-0.03900006572740886,2.525482757687079
2.426117608762799,-1.0515031141110749,1.1505171945629753,-0.6675405335150051,0.48853116760827275,0.8282290943961101,0.8279512713257828,0.8276740882695932,1.117992541506394,0.10008790611345682,2.525482757687079
2.426117608762799,-1.2163338954625973,1.0858977789233302,-0.6965597960353979,0.48853116760827275,0.8754822406142598,0.8279512713257828,0.8276740882695932,1.127287656070675,0.23917587795431836,2.525482757687079
2.426117608762799,-1.1339185047868379,1.0212783632836853,-0.7545983210761783,0.48853116760827275,0.8754822406142598,0.875224855246224,0.8276740882695932,1.1431123234086107,0.05372524883316963,2.525482757687079
2.426117608762799,0.061104660011698106,0.6120220642326,-0.2612708582295341,0.7042022220369467,0.8754822406142598,0.875224855246224,0.8749684004217173,1.2991957353563217,-0.502626638530289,2.525482757687079
2.426117608762799,-0.1449338166777039,0.31046479124758986,0.11597955453554665,0.7042022220369467,1.6296047984856998,0.875224855246224,0.8749684004217173,1.335155582706009,0.33190119251489686,2.525482757687079
2.426117608762799,-0.39217998870498927,-0.01263228695063528,-0.1451938081479706,0.7042022220369467,1.6296047984856998,1.6296735825595445,0.8749684004217173,1.3960231750262129,0.19281322067403528,2.525482757687079
2.426117608762799,-0.927880028097436,-0.12033131301671034,-0.4934249583926611,0.7042022220369467,1.6296047984856998,1.6296735825595445,1.6297479337944858,1.4125218549997782,0.23917587795432246,2.525482757687079
2.426117608762799,-1.2163338954625973,-0.29264975472243043,-0.7836175835965685,0.7042022220369467,1.6296047984856998,1.6296735825595445,1.6297479337944858,1.4368797435511407,0.10008790611345682,2.525482757687079
2.426117608762799,-1.4635800674898827,-0.6588264433470856,-1.0157716837596955,0.7042022220369467,1.6296047984856998,1.6296735825595445,1.6297479337944858,1.5080345321192117,0.007362591552882442,2.525482757687079
2.426117608762799,-1.2575415908004806,-0.3788089755752905,-0.8416561086373516,0.7042022220369467,1.6296047984856998,1.6296735825595445,1.6297479337944858,1.4637095177467994,0.05372524883316963,2.525482757687079
2.426117608762799,-1.1751262001247176,-0.07725170259028032,-0.7255790585557881,0.7042022220369467,0.781547014546231,1.6296735825595445,1.6297479337944858,1.39453796912577,0.146450563393744,2.525482757687079
2.426117608762799,-1.33995698147624,-0.01263228695063528,-0.8126368461169614,0.59506747160316,0.781547014546231,0.7812490007684761,1.6297479337944858,1.3838057305762803,0.19281322067403117,2.525482757687079
2.426117608762799,-1.4635800674898827,0.1381463495418698,-0.6965597960353979,0.5976659180420594,0.8282290943961101,0.7812490007684761,0.7809513399865896,1.3582139023263469,0.5173518216360496,2.525482757687079
2.426117608762799,-1.5872031535035254,0.46124342774009497,-0.6095020084742246,0.48853116760827275,0.827097716478351,0.8279512713257828,0.7809513399865896,1.2984222705214206,0.795527765317781,2.525482757687079
2.426117608762799,-1.5047877628277624,0.78434050593832,-0.5514634834334441,0.48853116760827275,0.8754822406142598,0.8268194040699178,0.8276740882695932,1.214435641855555,0.7955277653177769,2.525482757687079
2.426117608762799,-0.7630492467459136,1.0858977789233302,-0.5804827459538344,0.48853116760827275,0.8754822406142598,0.875224855246224,0.8265417247195028,1.149261663432334,-0.08536272300769604,2.525482757687079
2.426117608762799,-0.6806338560701506,1.1935968049894052,-0.4934249583926611,0.48853116760827275,0.8754822406142598,0.875224855246224,0.8749684004217173,1.1213582205297614,-0.03900006572740886,2.525482757687079
2.426117608762799,-0.5570107700565116,1.2582162206290504,-0.4063671708314878,0.48853116760827275,0.8754822406142598,0.875224855246224,0.8749684004217173,1.1117789088870285,-0.03900006572740474,2.525482757687079
2.426117608762799,-0.5067373817442974,1.2366764154158354,-0.5224442209130513,0.48853116760827275,0.8754822406142598,0.875224855246224,0.8749684004217173,1.114796423952112,-0.28101313673050915,2.525482757687079
2.426117608762799,-0.639426160732271,1.1935968049894052,-0.6095020084742246,0.48853116760827275,0.8754822406142598,0.875224855246224,0.8749684004217173,1.1223468340629241,-0.27081335212884894,2.525482757687079
1.811264031697348,-1.0515031141110749,-1.1757817684642458,-0.8996946336781321,0.17152070206250916,0.8754822406142598,0.875224855246224,0.8749684004217173,1.435007451421709,-0.27081335212884894,1.3502864191973447
2.0118863204994764,-0.8866723327595563,-1.3050205997435358,-0.9867524212393054,0.17152070206250916,0.09703753324795829,0.875224855246224,0.8749684004217173,1.49978643477342,-0.5953519530908633,1.5029816636018765
2.1193625466434733,-1.0927108094489584,-1.369640015383181,-1.0447909462800884,0.17152070206250916,-0.08892885380405516,0.09644345873956162,0.8749684004217173,1.530662801277808,-0.4562639812500018,1.5847826873900188
2.0405466474712086,-1.1751262001247176,-1.455799236236041,-1.131848733841259,0.17152070206250916,-0.08892885380405516,-0.08960336159486748,0.0958455286157763,1.5486096555028623,-0.502626638530289,1.5247952699453813
2.1121974649005404,-1.0102954187731954,-1.714276898794621,-1.0157716837596955,0.17152070206250916,-0.08892885380405516,-0.08960336159486748,-0.09028286838951129,1.6325712522753875,-0.502626638530289,1.5793292858041426
2.1766832005869388,-1.2575415908004806,-1.8219759248606961,-1.160867996361652,0.17152070206250916,-0.08892885380405516,-0.08960336159486748,-0.09028286838951129,1.6691438162829366,-0.4562639812500018,1.6284099000770278
1.9903910752706768,-1.1751262001247176,-1.8865953405003413,-1.1028294713208688,0.17152070206250916,-0.08892885380405516,-0.08960336159486748,-0.09028286838951129,1.6755720081536893,-0.4562639812500018,1.4866214588442483
2.426117608762799,-0.721841551408034,1.9044103770255005,-1.0738102088004786,0.3819948636133843,-0.08892885380405516,-0.08960336159486748,-0.09028286838951129,0.8948798455215088,-0.9198905540528819,2.525482757687079
2.426117608762799,-1.0515031141110749,0.9997385580704702,-0.3773479083110976,0.3819948636133843,1.8201968514236138,-0.08960336159486748,-0.09028286838951129,1.0650221210684934,0.5637144789163369,2.525482757687079
2.426117608762799,-1.7932416301929273,0.2889249860343749,0.40617217973945413,0.3819948636133843,1.8201968514236138,1.8203480694505136,-0.09028286838951129,1.2084544282009055,2.3486767842074348,2.4810284607226247
2.426117608762799,-1.628410848841405,-0.09879150780349533,-0.7545983210761783,0.3819948636133843,0.9244910542496666,1.8203480694505136,1.8205060264672162,1.278883531156314,0.6100771361966282,2.3366685072180484
2.3343149989314678,-1.7932416301929273,-0.5295876120677955,-0.5224442209130513,0.3819948636133843,0.9244910542496666,0.9242548659367034,1.8205060264672162,1.3134209778628032,1.166429023560087,1.880943948115365
2.0190514022424093,-1.6696185441792846,-0.7880652746263757,-0.7255790585557881,0.3819948636133843,0.9244910542496666,0.9242548659367034,0.9240199094911375,1.343258296553816,0.7028024507572026,1.6318522636368797
2.25908164063067,-1.2987492861383603,-0.8957643006924507,-0.3483286457907074,0.3819948636133843,0.4766381556626937,0.9242548659367034,0.9240199094911375,1.407880244510543,0.8882530798783554,1.821501614319363
2.4238785207181324,-1.0515031141110749,-0.9388439111188808,-0.4644056958722709,0.3819948636133843,0.4766381556626937,0.47620826417979883,0.9240199094911375,1.4398172889748146,0.4246265070754712,1.9517086312058438
2.426117608762799,-1.422372372152003,-1.0034633267585258,-0.5514634834334441,0.3819948636133843,0.4766381556626937,0.47620826417979883,0.47577685100309897,1.4636422724772291,0.7028024507572026,1.994167441060131
2.426117608762799,-1.7108262395171643,-1.0680827423981707,-0.6675405335150051,0.3819948636133843,0.4766381556626937,0.47620826417979883,0.47577685100309897,1.5010987214494034,0.8418904225980682,2.149849743859184
2.426117608762799,-1.9580724115444497,-0.7665254694131607,-0.8416561086373516,0.3819948636133843,0.4766381556626937,0.47620826417979883,0.47577685100309897,1.407141750052233,0.8418904225980682,2.050779187532514
2.191013364072805,-1.7108262395171643,-0.5942070277074406,-1.0447909462800884,0.3819948636133843,0.4766381556626937,0.47620826417979883,0.47577685100309897,1.3109915933533185,0.23917587795431836,1.7677204551705992
2.426117608762799,-0.5158030747186283,-0.7665254694131607,-0.9287138961985248,0.275458559618497,0.4766381556626937,0.47620826417979883,0.47577685100309897,1.4020171634431982,-0.919890554052886,1.947190208396098
2.426117608762799,-0.6806338560701506,-0.7019060537735156,-0.8706753711577419,0.275458559618497,0.5190249720109523,0.47620826417979883,0.47577685100309897,1.378085756677539,-0.6417146103711546,1.9082981694285277
2.426117608762799,-0.7630492467459136,-0.8742244954792356,-0.9867524212393054,0.275458559618497,0.5190249720109523,0.5186134134688866,0.47577685100309897,1.4556326137017879,-0.734439924931729,2.119426380966765
2.426117608762799,-0.845464637421673,-0.8096050798395906,-1.0157716837596955,0.275458559618497,0.06269471015432722,0.5186134134688866,0.5182005938424556,1.4500853221985093,-0.6880772676514418,2.202766464468701
2.191013364072805,-0.927880028097436,-0.9819235215453107,-0.9577331587189151,0.275458559618497,0.06269471015432722,0.06208578185416404,0.5182005938424556,1.424402372649743,-0.502626638530289,1.702725963457086
1.660797315095752,-0.8866723327595563,-1.2619409893171059,-0.4644056958722709,0.17152070206250916,0.06269471015432722,0.06208578185416404,0.06147278678654521,1.4428872178046752,0.23917587795432246,1.235764985893946
1.710952887296284,-0.9690877234353156,-1.197321573677461,-0.4063671708314878,0.17152070206250916,-0.08892885380405516,0.06208578185416404,0.06147278678654521,1.4284160027700337,0.42462650707547533,1.273938796995079
1.6787100194530848,-1.1339185047868379,-1.1542419632510308,-0.4934249583926611,0.17152070206250916,-0.08892885380405516,-0.08960336159486748,0.06147278678654521,1.4096856033326857,0.4709891643557625,1.2493984898586366
1.6572147742242853,-0.927880028097436,-1.1111623528246009,-0.3773479083110976,0.17152070206250916,-0.08892885380405516,-0.08960336159486748,-0.09028286838951129,1.3922501906627618,0.42462650707547533,1.2330382851010082
1.467340108036557,-1.0102954187731954,-1.1757817684642458,-0.4934249583926611,0.17152070206250916,-0.08892885380405516,-0.08960336159486748,-0.09028286838951129,1.3850997976195505,0.33190119251489686,1.0885231430752909
1.560486170694688,-1.2163338954625973,-1.0896225476113859,-0.43538643335188065,0.17152070206250916,-0.08892885380405516,-0.08960336159486748,-0.09028286838951129,1.3701221191625865,0.6564397934769113,1.1594173636916805
1.549738548080288,-1.0927108094489584,-0.9603837163320957,-0.3483286457907074,0.17152070206250916,-0.08892885380405516,-0.08960336159486748,-0.09028286838951129,1.3242067566929685,0.6564397934769154,1.151237261312866
1.8005164090829484,-0.721841551408034,-1.8435157300739111,-0.6095020084742246,0.0675828445065213,-0.08892885380405516,-0.08960336159486748,-0.09028286838951129,1.6477857162535707,-0.17808803756827044,1.2842889735703429
1.8005164090829484,-0.4333876840428689,-1.8435157300739111,-1.0157716837596955,0.0675828445065213,-0.05683494232815607,-0.08960336159486748,-0.09028286838951129,1.6477857162535707,-1.1517038404543218,1.2842889735703429
1.911575176098412,-0.30976459802922623,-1.9512147561399862,-1.1898872588820422,0.0675828445065213,-0.05683494232815607,-0.0574955690155793,-0.09028286838951129,1.690104828807947,-1.5689677559769188,1.3672263364471688
1.8506719812834804,-0.845464637421673,-2.0373739769928463,-0.9577331587189151,0.0675828445065213,-0.05683494232815607,-0.0574955690155793,-0.05816099738188703,1.7131973062568966,-0.5953519530908674,1.3217445568050383
1.8399243586690808,-1.0927108094489584,-1.9942943665664163,-0.8126368461169614,0.0675828445065213,-0.05683494232815607,-0.0574955690155793,-0.05816099738188703,1.6988272255401253,-0.08536272300769604,1.3137183603976037
1.8255941951832144,-1.834449325530807,-2.0589137822060612,-0.6965597960353979,0.0675828445065213,-0.05683494232815607,-0.0574955690155793,-0.05816099738188703,1.7184636554756583,0.9346157371586425,1.3030167651876905
1.8435068995405473,-1.545995458165642,-1.9512147561399862,-0.5514634834334441,0.0675828445065213,-0.05683494232815607,-0.0574955690155793,-0.05816099738188703,1.685393201738837,0.8418904225980641,1.3163937592000816
1.7682735412397492,-1.6696185441792846,-1.9081351457135562,-0.6095020084742246,0.0675828445065213,-0.05683494232815607,-0.0574955690155793,-0.05816099738188703,1.6660680970479385,0.8882530798783554,1.260210384348038
1.7539433777538829,-1.7932416301929273,-1.865055535287126,-0.5224442209130513,0.0675828445065213,-0.05683494232815607,-0.0574955690155793,-0.05816099738188703,1.6509863862231202,1.166429023560087,1.2495087891381247
1.786186245597082,-1.628410848841405,-1.8004361196474812,-0.6675405335150051,0.17152070206250916,-0.05683494232815607,-0.0574955690155793,-0.05816099738188703,1.6327597542036816,0.7491651080374938,1.3311995136467787
2.00830377962801,-1.422372372152003,-1.649657483154976,-0.4644056958722709,0.17152070206250916,-0.08892885380405516,-0.0574955690155793,-0.05816099738188703,1.6045356962214066,0.8418904225980682,1.5002549628089388
2.0835371379288077,-1.545995458165642,-1.3911798205963959,-0.2612708582295341,0.17152070206250916,-0.08892885380405516,-0.08960336159486748,-0.05816099738188703,1.5334560213982957,1.3055169954009485,1.5575156794606377
2.3701404076461334,-0.5570107700565116,-1.455799236236041,-0.8706753711577419,0.17152070206250916,-0.08892885380405516,-0.08960336159486748,-0.09028286838951129,1.5789385226656332,-0.7808025822120161,1.7756517428956835
2.1838482823298717,-0.8042569420837933,-1.2834807945303208,-0.4063671708314878,0.17152070206250916,-0.08892885380405516,-0.08960336159486748,-0.09028286838951129,1.51186530481919,0.23917587795432246,1.633863301662904
2.0763720561858747,-0.6806338560701506,-1.326560404956751,-0.4934249583926611,0.17152070206250916,-0.08892885380405516,-0.08960336159486748,-0.09028286838951129,1.5133224520981017,-0.03900006572740886,1.5520622778747617
1.99755615701361,-0.927880028097436,-1.218861378890676,-0.43538643335188065,0.17152070206250916,-0.08892885380405516,-0.08960336159486748,-0.09028286838951129,1.4718327690672837,0.33190119251489686,1.4920748604301244
1.7969338682114817,-0.7630492467459136,-1.3050205997435358,-0.5224442209130513,0.17152070206250916,-0.08892885380405516,-0.08960336159486748,-0.09028286838951129,1.4745945322258687,0.007362591552882442,1.3393796160255926
0.31017940655285364,-0.639426160732271,-0.9388439111188808,-0.6095020084742246,0.17152070206250916,-0.08892885380405516,-0.08960336159486748,-0.09028286838951129,0.9977428328165688,-0.27081335212884894,0.20779878695629522
0.34958735613898595,-0.4333876840428689,-1.0465429371849557,-0.6965597960353979,0.17152070206250916,-0.367878434382075,-0.08960336159486748,-0.09028286838951129,1.0665248673445429,-0.6417146103711546,0.2377924956786139
0.33883973352458624,-0.39217998870498927,-0.9819235215453107,-0.6385212709946149,0.17152070206250916,-0.367878434382075,-0.3686735920965108,-0.09028286838951129,1.0302512799303878,-0.5953519530908633,0.22961239329979952
0.34958735613898595,-0.5158030747186283,-1.0680827423981707,-0.8126368461169614,0.17152070206250916,-0.367878434382075,-0.3686735920965108,-0.36947546389744235,1.0773109340735654,-0.7344399249317332,0.2377924956786139
0.36750006049631884,-0.4333876840428689,-1.1111623528246009,-0.7545983210761783,0.17152070206250916,-0.367878434382075,-0.3686735920965108,-0.36947546389744235,1.1048918117204072,-0.734439924931729,0.2514259996433041
0.3567524378819191,-0.5982184653943913,-1.0034633267585258,-0.7255790585557881,0.17152070206250916,-0.367878434382075,-0.3686735920965108,-0.36947546389744235,1.047515169628752,-0.502626638530289,0.24324589726449
0.399742928339518,-0.4745953793807486,-1.0896225476113859,-0.6675405335150051,0.17152070206250916,-0.367878434382075,-0.3686735920965108,-0.36947546389744235,1.1049209201027488,-0.5489892958105761,0.2759663067797467
1.6715449377101517,-0.5570107700565116,-1.5419584570889011,-0.4063671708314878,0.17152070206250916,-0.367878434382075,-0.3686735920965108,-0.36947546389744235,1.537137469026436,-0.03900006572740474,1.2439450882727603
1.7467782960109497,-0.639426160732271,-1.6711972883681911,-0.31930938327031716,0.17152070206250916,-0.08892885380405516,-0.3686735920965108,-0.36947546389744235,1.5873793738329143,0.19281322067403117,1.3012058049244601
1.7252830507821504,-0.845464637421673,-1.628117677941761,-0.7545983210761783,0.17152070206250916,-0.08892885380405516,-0.08960336159486748,-0.36947546389744235,1.5712074651989132,-0.27081335212884894,1.2848456001668311
1.7252830507821504,-1.0102954187731954,-1.735816704007836,-0.8126368461169614,0.17152070206250916,-0.08892885380405516,-0.08960336159486748,-0.09028286838951129,1.6064133430395744,-0.17808803756827454,1.2848456001668311
1.7575259186253496,-1.33995698147624,-1.649657483154976,-0.6385212709946149,0.0675828445065213,-0.08892885380405516,-0.08960336159486748,-0.09028286838951129,1.5814313784229534,0.4709891643557625,1.2521841879406033
1.384941667992826,-1.1751262001247176,-1.585038067515331,-0.29029012074992433,0.0675828445065213,-0.3411335081521595,-0.08960336159486748,-0.09028286838951129,1.5180887252798747,0.8418904225980682,0.973942712482863
1.3670289636354929,-0.845464637421673,-1.1757817684642458,-0.23225159570914386,0.0675828445065213,-0.3411335081521595,-0.3419170982804377,-0.09028286838951129,1.3687491704834063,0.5637144789163369,0.9605657184704719
1.442262321936291,-0.639426160732271,-0.9388439111188808,-0.11617454562758035,0.0675828445065213,-0.3411335081521595,-0.3419170982804377,-0.3427072380577558,1.2976848758214587,0.5173518216360496,1.0167490933225152
1.48525281239389,-0.5158030747186283,-0.8526846902660207,-0.20323233318875364,0.3819948636133843,-0.3411335081521595,-0.3419170982804377,-0.3427072380577558,1.2754984219694039,0.23917587795431836,1.2100947524176267
0.6326080849848453,-0.35097229336710595,-0.9603837163320957,-9.749554601685544e-05,0.48853116760827275,-0.41906764151125403,-0.3419170982804377,-0.3427072380577558,1.1169945029255384,0.378263849795184,0.5785351861135218
0.5860350536557798,-0.06251842600194457,-0.9173041059056657,-0.1451938081479706,0.59506747160316,-0.44357204832895775,-0.41988493933401216,-0.3427072380577558,1.0831146044962894,-0.17808803756827044,0.5824905695779721
0.46422866402591634,0.061104660011698106,-0.8742244954792356,-0.1742130706683608,0.59506747160316,-0.46719862143803226,-0.4443999446792522,-0.42070926597298025,1.0223506311917276,-0.3635386666894233,0.48267485183987324
0.3316746517816531,-0.5158030747186283,-0.7234458589867306,-9.749554601685544e-05,0.59506747160316,-0.46719862143803226,-0.46803673663947243,-0.44523502050769065,0.8972874186674066,0.5637144789163369,0.3740518648895893
0.35316989701045254,-0.6806338560701506,-0.8096050798395906,-0.1451938081479706,0.48853116760827275,-0.46719862143803226,-0.46803673663947243,-0.4688821765837524,0.9492953896728122,0.5173518216360496,0.3536477807339675
0.33883973352458624,-0.7630492467459136,-0.8742244954792356,-0.23225159570914386,0.3819948636133843,-0.44357204832895775,-0.46803673663947243,-0.4688821765837524,0.9760959240308443,0.4709891643557625,0.30430680885949857
0.32809211091018653,-0.5982184653943913,-1.0034633267585258,-0.1742130706683608,0.275458559618497,-0.41906764151125403,-0.4443999446792522,-0.4688821765837524,1.0371795349588784,0.3782638497951881,0.25816451609019825
0.32450957003871994,-0.5570107700565116,-0.8526846902660207,-0.4063671708314878,0.17152070206250916,-0.3936355517022983,-0.41988493933401216,-0.44523502050769065,0.9596296661671226,-0.03900006572740474,0.21870559012804738
0.009245973349661443,-0.10372612133982424,-1.498878846662471,0.4642107047802372,0.0675828445065213,-0.367878434382075,-0.39444184976055896,-0.42070926597298025,1.1900743589678955,0.8418904225980682,-0.05341042766879367
0.03432375944992746,-0.021310730664061233,-1.585038067515331,0.3771529172190639,0.0675828445065213,-0.3411335081521595,-0.3686735920965108,-0.39525502026936565,1.2478464749122489,0.6100771361966241,-0.03468263605144565
0.0844793316504595,-0.6806338560701506,-1.498878846662471,0.14499881705593687,0.0675828445065213,-0.3411335081521595,-0.3419170982804377,-0.36947546389744235,1.215432510797998,0.9809783944389298,0.0027729471832501035
0.11672219949365865,-0.39217998870498927,-1.6927370935814061,0.29009512965789064,-0.03635501304946657,-0.3411335081521595,-0.3419170982804377,-0.3427072380577558,1.3324826771012712,0.8882530798783554,-0.006853871326530114
0.17046031256565727,-0.639426160732271,-1.628117677941761,0.20303734209671992,-0.03635501304946657,-0.31334283700611776,-0.3419170982804377,-0.3427072380577558,1.312004189597036,1.0273410517192212,0.03250758085374684
0.05223646380726033,-0.1449338166777039,-1.757356509221051,0.11597955453554665,-0.03635501304946657,-0.31334283700611776,-0.31411440724770434,-0.3427072380577558,1.3510137071738877,0.33190119251489686,-0.054087613942862975
0.07373170903605977,-0.4333876840428689,-1.8004361196474812,0.26107586713750036,-0.03635501304946657,-0.31334283700611776,-0.31411440724770434,-0.31489235627125806,1.3809428931415786,0.8882530798783554,-0.03834303307075202
0.5108016953549818,-0.18614151201558357,-0.9603837163320957,0.028921766974373375,0.17152070206250916,-0.31334283700611776,-0.31411440724770434,-0.31489235627125806,1.079068767634358,0.23917587795431836,0.3604940313608267
0.5251318588408481,-0.10372612133982424,-0.9388439111188808,0.08696029201515641,0.17152070206250916,-0.367878434382075,-0.31411440724770434,-0.31489235627125806,1.0736036608139146,0.23917587795432246,0.37140083453257916
0.6576858710851113,0.019896964673818438,-1.0680827423981707,-0.43538643335188065,0.0675828445065213,-0.367878434382075,-0.3686735920965108,-0.31489235627125806,1.1725967562415922,-0.7344399249317332,0.4308367555797737
0.6146953806275124,-0.22734920735346692,-0.7665254694131607,0.08696029201515641,0.0675828445065213,-0.3411335081521595,-0.3686735920965108,-0.36947546389744235,1.023570305119666,0.3782638497951881,0.3987319699500345
0.399742928339518,-0.8042569420837933,-1.1757817684642458,0.057941029494766184,0.0675828445065213,-0.3411335081521595,-0.3419170982804377,-0.36947546389744235,1.1472445080285893,0.9809783944389339,0.23820804180133806
-0.05882230320820346,-1.3811646768141197,-1.2619409893171059,0.17401807957632712,0.0675828445065213,-0.43589969676016016,-0.3419170982804377,-0.3427072380577558,1.0247288587695795,1.8155062254841157,-0.10424300491588057
0.009245973349661443,-1.0515031141110749,-1.326560404956751,0.23205660461711014,0.0675828445065213,-0.43589969676016016,-0.43672427470205666,-0.3427072380577558,1.0907118048581097,1.5373302818023884,-0.05341042766879367
0.027158677706994313,-0.6806338560701506,-1.1327021580378158,0.29009512965789064,0.0675828445065213,-0.43589969676016016,-0.43672427470205666,-0.43755598494971165,0.9867898930439186,1.21279168084037,-0.040033433656402224
0.030741218578460888,-0.22734920735346692,-0.9388439111188808,0.14499881705593687,0.0675828445065213,-0.43589969676016016,-0.43672427470205666,-0.43755598494971165,0.8776238629875963,0.4709891643557625,-0.03735803485392394
0.16687777169419069,-0.30976459802922623,-0.9819235215453107,-0.08715528310719013,0.0675828445065213,-0.43589969676016016,-0.43672427470205666,-0.43755598494971165,0.9628435999791223,0.19281322067403117,0.06430711964025045
0.059401545550193474,-0.4333876840428689,-1.563498262302116,-0.2612708582295341,0.0675828445065213,-0.43589969676016016,-0.43672427470205666,-0.43755598494971165,1.2436115541717445,0.05372524883316963,-0.015954844434097625
0.05223646380726033,-0.2685569026913466,-1.2834807945303208,-0.029116758066407088,0.0675828445065213,-0.43589969676016016,-0.43672427470205666,-0.43755598494971165,1.0828980828799928,0.23917587795432246,-0.021305642039054204
-0.03016197623647087,-0.1449338166777039,-1.628117677941761,-9.749554601685544e-05,0.0675828445065213,-0.43589969676016016,-0.43672427470205666,-0.43755598494971165,1.2519541638710883,0.146450563393744,-0.08283981449605456
-0.012249271879138,-0.22734920735346692,-1.6711972883681911,0.11597955453554665,0.0675828445065213,-0.43589969676016016,-0.43672427470205666,-0.43755598494971165,1.282836743420631,0.42462650707547533,-0.0694628204836631
0.030741218578460888,-0.4745953793807486,-1.498878846662471,-0.058136020586797316,0.0675828445065213,-0.3411335081521595,-0.43672427470205666,-0.43755598494971165,1.1974912320827256,0.42462650707547533,-0.03735803485392394
0.016411055092594592,-0.6806338560701506,-1.628117677941761,-0.1451938081479706,0.0675828445065213,-0.3411335081521595,-0.3419170982804377,-0.43755598494971165,1.2668473340034383,0.5173518216360496,-0.04805963006383709
-0.026579435365004296,-0.35097229336710595,-1.563498262302116,0.34813365469867363,0.0675828445065213,-0.3411335081521595,-0.3419170982804377,-0.3427072380577558,1.2152572105058506,0.9346157371586425,-0.08016441569357627
-0.6606891696145879,0.18472774602534078,-1.0896225476113859,0.5222492298210176,-0.14029287060545442,-0.3411335081521595,-0.3419170982804377,-0.3427072380577558,0.5212401666163966,0.6100771361966241,-0.5988557553368494
-0.6356113835143219,-0.30976459802922623,-0.9603837163320957,0.3771529172190639,-0.14029287060545442,-0.7771713550374282,-0.3419170982804377,-0.3427072380577558,0.43943694306300873,0.9346157371586425,-0.5808461915859386
-0.6141161382855224,-0.4745953793807486,-0.8311448850528057,0.23205660461711014,-0.14029287060545442,-0.7771713550374282,-0.7781435381466122,-0.3427072380577558,0.35659690797910093,0.8882530798783554,-0.5654094226565867
-0.667854251357521,-0.2685569026913466,-0.8957643006924507,0.4351914422598469,-0.24163228172254175,-0.7771713550374282,-0.7781435381466122,-0.779124951822838,0.35459521178278347,0.9809783944389339,-0.6259098600058217
-0.7359225279153859,-0.639426160732271,-0.9388439111188808,0.5802877548618006,-0.24163228172254175,-0.7576325933154379,-0.7781435381466122,-0.779124951822838,0.31839916023508663,1.630055596362967,-0.6738425922421691
-0.7180098235580531,-0.06251842600194457,-0.7665254694131607,0.26107586713750036,-0.3403732464007302,-0.7576325933154379,-0.7585963256138891,-0.779124951822838,0.190970988383438,0.4709891643557625,-0.6818931570950723
-0.7466701505297857,-0.39217998870498927,-1.1327021580378158,0.4351914422598469,-0.3403732464007302,-0.7378348938492089,-0.7585963256138891,-0.7595691683480257,0.47495059212967466,1.1200663662797996,-0.7016854650144609
-0.1376382023804681,-0.10372612133982424,-1.1327021580378158,0.3771529172190639,0.0675828445065213,-0.7378348938492089,-0.7387900633424264,-0.7595691683480257,0.9094090557422582,0.7028024507572026,-0.16310177857040262
-0.1627159884807341,0.10231235534957778,-1.6711972883681911,-0.5514634834334441,0.0675828445065213,-0.5306658853681613,-0.7387900633424264,-0.73975422154793,1.23280540555397,-1.0126158686134603,-0.18182957018775064
-0.3561731955399291,-0.35097229336710595,-1.520418651875686,-0.08715528310719013,-0.03635501304946657,-0.5306658853681613,-0.5315314511236762,-0.73975422154793,1.052883061043455,0.23917587795431836,-0.3532346505129694
-0.4170763903548608,-0.2685569026913466,-1.455799236236041,-0.029116758066407088,-0.03635501304946657,-0.7964373370948035,-0.5315314511236762,-0.5324047318416679,0.9761172450371031,0.23917587795432246,-0.3978442963172834
-0.3955811451260614,-0.39217998870498927,-1.2619409893171059,0.29009512965789064,-0.03635501304946657,-0.7964373370948035,-0.7974178530333789,-0.5324047318416679,0.8513911006014642,0.8882530798783554,-0.38209971544517246
-0.5532129434705907,-0.30976459802922623,-1.1111623528246009,0.057941029494766184,-0.03635501304946657,-0.7964373370948035,-0.7974178530333789,-0.7984077179932048,0.630446484397964,0.42462650707547533,-0.49755997517398565
-0.5424653208561909,-0.22734920735346692,-1.1542419632510308,0.028921766974373375,-0.03635501304946657,-0.7964373370948035,-0.7974178530333789,-0.7984077179932048,0.6718870854999981,0.28553853523460965,-0.4896876847379302
-0.5890383521852564,-0.10372612133982424,-1.1327021580378158,0.08696029201515641,-0.03635501304946657,-0.7964373370948035,-0.7974178530333789,-0.7984077179932048,0.6181996589555927,0.23917587795432246,-0.5238009432941703
-0.5603780252135238,-0.021310730664061233,-1.1757817684642458,0.11597955453554665,-0.03635501304946657,-0.7964373370948035,-0.7974178530333789,-0.7984077179932048,0.6746311095233801,0.19281322067403117,-0.5028081687980226
-0.5532129434705907,0.10231235534957778,-1.0680827423981707,-9.749554601685544e-05,-0.03635501304946657,-0.7964373370948035,-0.7974178530333789,-0.7984077179932048,0.5973080155539018,-0.13172538028798322,-0.49755997517398565
-0.5460478617276575,0.061104660011698106,-1.1111623528246009,0.028921766974373375,-0.14029287060545442,-0.7964373370948035,-0.7974178530333789,-0.7984077179932048,0.636133382652983,-0.03900006572740886,-0.5165263210469716
-0.5603780252135238,0.22593544136322044,-1.1542419632510308,0.14499881705593687,-0.14029287060545442,-0.7771713550374282,-0.7974178530333789,-0.7984077179932048,0.6579910664072378,-0.03900006572740886,-0.5268175003332063
-0.5388827799847243,-0.1449338166777039,-0.6372866381338705,0.34813365469867363,-0.14029287060545442,-0.7771713550374282,-0.7781435381466122,-0.7984077179932048,0.2803252777079615,0.7028024507572026,-0.5113807314038541
-0.5317176982417912,0.019896964673818438,-0.7880652746263757,0.29009512965789064,-0.14029287060545442,-0.7771713550374282,-0.7781435381466122,-0.779124951822838,0.40195813409079895,0.4246265070754712,-0.5062351417607368
-0.5567954843420573,-0.06251842600194457,-0.7665254694131607,0.3771529172190639,-0.14029287060545442,-0.7771713550374282,-0.7781435381466122,-0.779124951822838,0.3619118344153277,0.6564397934769154,-0.5242447055116477
-0.5639605660849903,0.061104660011698106,-0.7234458589867306,0.4642107047802372,-0.14029287060545442,-0.7771713550374282,-0.7781435381466122,-0.779124951822838,0.3216626574709091,0.6564397934769154,-0.529390295154765
-0.617698679156989,-0.06251842600194457,-0.8096050798395906,0.34813365469867363,-0.14029287060545442,-0.7771713550374282,-0.7781435381466122,-0.779124951822838,0.33579270943273354,0.6100771361966282,-0.5679822174781453
-1.0368559611185781,0.3495585273768631,-0.4434283912149355,-0.5224442209130513,-1.0211662133924502,-0.7771713550374282,-0.7781435381466122,-0.779124951822838,-0.6310410497330711,-1.2444291550149003,-1.0146519752646745
-1.0619337472188441,0.10231235534957778,-0.3788089755752905,-0.08715528310719013,-1.1147102851928392,-0.8139411810092348,-0.7781435381466122,-0.779124951822838,-0.7578330899503648,-0.27081335212884894,-1.0447623960152894
-0.979535307175113,0.3083508320389798,-0.42188858600172047,0.11597955453554665,-1.2082543569932283,-0.7930014718581213,-0.8149292676257336,-0.779124951822838,-0.5345453569162787,-0.17808803756827044,-1.0128564055985818
-1.029690879375645,0.22593544136322044,-0.4649681964281505,-0.058136020586797316,-1.2991999823547173,-0.7711165219177413,-0.79398050173288,-0.8159268108834303,-0.5924810164304435,-0.3635386666894233,-1.0566234162095938
-0.9974480115324458,0.4319739180526225,-0.5511274172810106,0.14499881705593687,-1.390145607716207,-0.7488711093937637,-0.7720860862197848,-0.7949688595039501,-0.4357310739028883,-0.27081335212884894,-1.0541480951699087
-1.0476035837329778,0.5143893087283855,-0.6588264433470856,0.3771529172190639,-1.4810912330776962,-0.725604595967046,-0.7498310522175587,-0.7730648438615716,-0.4200030520927149,0.007362591552878325,-1.096433760806394
-1.0153607158897786,0.3907662227147428,-0.5942070277074406,-9.749554601685544e-05,-1.5694384120002858,-0.7012450248625633,-0.7265544756709679,-0.7508000516082748,-0.4253684562363706,-0.4562639812500018,-1.0941046504395195
-0.7108447418151199,-0.2685569026913466,-1.2834807945303208,-9.749554601685544e-05,-0.4417126575178187,-0.676460021688163,-0.7021843686825912,-0.7275132688908917,0.6380698880287567,0.28553853523460965,-0.6982533618527008
-0.7430876096583191,0.019896964673818438,-1.348100210169966,-0.6095020084742246,-0.5404536221960066,-0.71668840374683,-0.6773886456184752,-0.7031324762471892,0.6652935313718751,-1.0126158686134603,-0.7403928168163758
-0.8756416219025823,-0.22734920735346692,-1.2619409893171059,-0.4934249583926611,-0.5404536221960066,-0.6952274742252518,-0.7176344270624104,-0.6783258809062159,0.45603349048184966,-0.5489892958105761,-0.8282782566730494
-1.0332734202471117,-0.30976459802922623,-1.197321573677461,-0.3773479083110976,-0.6391945868741951,-0.6952274742252518,-0.6961642153633781,-0.7185893090740263,0.187909848376224,-0.27081335212884894,-0.9491662669925086
-1.0153607158897786,-0.39217998870498927,-0.9603837163320957,-0.1451938081479706,-0.6391945868741951,-0.8908191953260219,-0.6961642153633781,-0.6971096832480023,-0.037133315379989144,0.19281322067403528,-0.9375335406557502
-1.0225257976327118,-0.35097229336710595,-0.6157468329206556,0.20303734209671992,-0.6391945868741951,-0.8908191953260219,-0.8918405328494997,-0.6971096832480023,-0.41654339924310657,0.7028024507572026,-0.9421866311904536
-1.0941766150620433,0.14352005068745746,-0.7665254694131607,0.4351914422598469,-0.7353371051134842,-0.8908191953260219,-0.8918405328494997,-0.8928717996879446,-0.3954436380770557,0.5173518216360539,-1.003855471372411
-1.079846451576177,0.3083508320389798,-0.9388439111188808,0.23205660461711014,-0.7353371051134842,-0.8726667674970925,-0.8918405328494997,-0.8928717996879446,-0.17323833197961253,0.007362591552882442,-0.9947391076677055
-1.0726813698332438,0.47318161339050213,-0.7665254694131607,0.08696029201515641,-0.7353371051134842,-0.8726667674970925,-0.8736802538202688,-0.8928717996879446,-0.3517267498802642,-0.40990132396971046,-0.9901809258153528
-1.0870115333191102,0.2671431367011001,-0.6372866381338705,0.29009512965789064,-0.8314796233527726,-0.8726667674970925,-0.8736802538202688,-0.8747035578507366,-0.5262512544284822,0.146450563393744,-1.0145301330373326
-1.0941766150620433,0.5143893087283855,-0.35726917036207545,0.23205660461711014,-0.8314796233527726,-0.8537423398639443,-0.8736802538202688,-0.8747035578507366,-0.8592783195464463,-0.22445069484856173,-1.0189934062073347
-1.104924237676443,0.8028431760935468,-0.40034878078850544,0.34813365469867363,-0.8314796233527726,-0.8537423398639443,-0.854747641085197,-0.8747035578507366,-0.8368745791023885,-0.3635386666894233,-1.0256883159623378
-1.0690988289617773,-0.021310730664061233,-0.3357293651488604,0.3771529172190639,-0.9276221415920611,-0.8537423398639443,-0.854747641085197,-0.8557626436595325,-0.8223602540048888,0.6100771361966241,-1.0188420653354784
-1.0941766150620433,0.18472774602534078,-0.4434283912149355,0.5222492298210176,-0.9276221415920611,-0.8339955941774472,-0.854747641085197,-0.8557626436595325,-0.7616289129213105,0.6100771361966241,-1.0341313410422583
-1.1013416968049765,0.061104660011698106,-0.3788089755752905,0.4642107047802372,-0.8314796233527726,-0.8339955941774472,-0.8349923546317486,-0.8557626436595325,-0.8525783996912513,0.6564397934769154,-1.0234566793773368
-1.0905940741905766,0.3907662227147428,-0.4649681964281505,0.4932299673006274,-0.9276221415920611,-0.8537423398639443,-0.8349923546317486,-0.8359986950290157,-0.7287485267842542,0.33190119251489686,-1.0319471587984326
-1.0619337472188441,0.22593544136322044,-0.35726917036207545,0.028921766974373375,-1.0211662133924502,-0.8339955941774472,-0.854747641085197,-0.8359986950290157,-0.781575590494128,-0.22445069484856173,-1.029618048431558
-1.0977591559335098,-0.5570107700565116,-0.6588264433470856,0.028921766974373375,-2.003378967296535,-0.8139411810092348,-0.8349923546317486,-0.8557626436595325,-0.5253357733048293,0.6564397934769154,-1.2051657644864051
-1.1264194829052425,-0.4745953793807486,-0.7019060537735156,-0.029116758066407088,-1.9825913957853374,-0.6890996607368519,-0.8149292676257336,-0.8359986950290157,-0.539555262370602,0.4709891643557625,-1.2152106942184329
-1.1729925142343078,-0.35097229336710595,-0.7880652746263757,-0.1451938081479706,-2.0865292533413253,-0.6957212593585038,-0.6900337515027217,-0.8159268108834303,-0.5446302315321224,0.146450563393744,-1.2520724569135566
-1.1765750551057745,-0.8578269460230376,-0.6803662485603006,-0.20323233318875364,-2.169679539386115,-0.9763006831898748,-0.6966582140661881,-0.6909765313390811,-0.6846805207074176,0.6239859333807111,-1.265832933304635
-1.215983004691907,-0.5570107700565116,-0.7234458589867306,-0.4063671708314878,-2.169679539386115,-0.9557599314097659,-0.9773589927531049,-0.6976038985563394,-0.7325910630564679,-0.03900006572740474,-1.2831152913407782
-1.323459230835904,0.3495585273768631,-0.7665254694131607,-0.6095020084742246,-2.2437352628947567,-0.9557599314097659,-0.9568093567863687,-0.9784277572023304,-0.9897647325170917,-1.383517126855766,-1.340714601129512
-1.3091290673500378,0.2671431367011001,-0.7234458589867306,0.20303734209671992,-2.2437352628947567,-0.9341172449155523,-0.9568093567863687,-0.9578691107570142,-1.0041500743561298,0.007362591552882442,-1.3448918657027007
-1.3377893943217702,0.10231235534957778,-1.0034633267585258,0.028921766974373375,-2.2437352628947567,-0.9120141624172255,-0.9351573095020541,-0.9578691107570142,-0.6956863853397963,-0.08536272300769604,-1.3767734876739401
-1.2446433316636394,-0.021310730664061233,-1.0465429371849557,0.14499881705593687,-2.2437352628947567,-0.8640705671072197,-0.9130446670853732,-0.9362075696155536,-0.3890100580376746,0.23917587795431836,-1.3507505530132093
1.897245012612546,1.3797509108238768,-0.01263228695063528,1.65400046811626,0.9224717229045212,-0.838877414672688,-0.8650803354433736,-0.9140852313827926,1.0817786462888803,1.073703708999504,1.8434652789849624
1.8184291134402812,1.2149201294723508,0.1596861547550848,1.5669426805550892,0.8133369724707346,1.5116141502854261,-0.8398762865883821,-0.8660998686342776,1.009431128969715,1.1200663662797996,1.7143458642962297
1.7396132142680165,1.2973355201481176,0.43970362252687994,1.4508656304735281,0.59506747160316,1.5695653093572417,1.5116319016147002,-0.8408847684622356,0.8991367723227879,0.8418904225980682,1.5278041316858484
1.7181179690392172,1.1737124341344711,0.590482259019385,1.3928271054327426,0.48853116760827275,1.6918475716188717,1.5696081254415926,1.511654494655996,0.8439254612267381,0.8882530798783554,1.4521362608571753
1.7790211638541489,1.091297043458712,0.9351191424308252,1.3347885803919621,0.3819948636133843,0.8754822406142598,1.691943276635953,1.5696561395425992,0.7498898237061092,0.8882530798783554,1.4422029129543972
1.6894576420674845,0.9676739574450691,1.1935968049894052,1.189692267790006,0.17152070206250916,0.9244910542496666,0.875224855246224,1.692044931505157,0.6367355368793187,0.7955277653177769,1.257578592237451
1.660797315095752,0.8852585667693098,1.5166938831876304,1.1316537427492255,-0.03635501304946657,1.0268694685080253,0.9242548659367034,0.8749684004217173,0.5195483547460994,0.7955277653177769,1.1241318546534336
-0.2773572963676645,1.8742432548784402,-0.3357293651488604,1.915173830799777,0.8133369724707346,1.1359406632599391,1.0266775604117067,0.9240199094911375,0.30684660993625396,0.9346157371586425,-0.06609612735973881
0.568122349298447,1.668204778189042,-0.07725170259028032,1.7700775181978259,0.9224717229045212,1.1530413535285648,1.135795930109319,1.026487513642214,0.6895497688688871,0.9346157371586425,0.6943455819272227
1.2022320835480305,1.4621663014996362,0.07352693390222476,1.537923418034699,0.9224717229045212,1.1023340893407259,1.1529040166858027,1.1356537288945818,0.8693196139822414,0.795527765317781,1.242577890227007
-0.5711256478279235,1.1325047387965914,-1.1542419632510308,-0.2612708582295341,-1.2082543569932283,1.1023340893407259,1.1021748208372717,1.1527693169201372,0.649510012173848,-1.7080557278177804,-0.779650382465972
-0.5782907295708567,1.0088816527829525,-1.455799236236041,-0.1742130706683608,-1.2082543569932283,-0.7711165219177413,1.1021748208372717,1.1020178776443592,0.879271294195761,-1.429879784136053,-0.7837417162051404
-0.6750193331004541,1.0500893481208322,-1.348100210169966,0.11597955453554665,-1.2082543569932283,-0.7711165219177413,-0.7720860862197848,1.1020178776443592,0.7222613246815102,-1.0126158686134603,-0.8389747216839165
-0.7036796600721867,1.2561278248102306,-1.1757817684642458,0.028921766974373375,-1.2991999823547173,-0.7711165219177413,-0.7720860862197848,-0.7730648438615716,0.5533298606393535,-1.3835171268557618,-0.8745526520677838
-0.7180098235580531,1.1737124341344711,-0.9603837163320957,-0.058136020586797316,-1.2991999823547173,-0.7488711093937637,-0.7720860862197848,-0.7730648438615716,0.35627254877303816,-1.429879784136049,-0.8825557625795116
-0.7359225279153859,1.4621663014996362,-0.8311448850528057,-0.11617454562758035,-1.2991999823547173,-0.7488711093937637,-0.7498310522175587,-0.7730648438615716,0.22546908650770645,-1.847143699658646,-0.8925596507191716
-0.7681653957585851,1.5445816921753956,-0.9819235215453107,-9.749554601685544e-05,-1.2991999823547173,-0.7488711093937637,-0.7498310522175587,-0.7508000516082748,0.320076434736508,-1.7544183850980675,-0.9105666493705594
1.0840082347896336,1.1737124341344711,2.722922975127671,0.4351914422598469,-0.5404536221960066,-0.7488711093937637,-0.7498310522175587,-0.7508000516082748,-0.9845265875909823,-0.6417146103711505,0.47100108391074696
0.6863461980568439,0.7204277854177875,2.722922975127671,0.14499881705593687,-0.5404536221960066,0.37217138882167117,-0.7498310522175587,-0.7508000516082748,-0.7569020114976679,-0.5953519530908674,0.207344764340726
0.03790630032139403,0.4319739180526225,0.6766414798722451,0.3191143921782834,-0.5404536221960066,0.37217138882167117,0.3716963138779715,-0.7508000516082748,-0.03871574670909386,0.007362591552882442,-0.2225813063094881
-0.5281351573703247,-0.1449338166777039,0.9566589476440401,-0.7255790585557881,-0.571634979462803,0.37217138882167117,0.3716963138779715,0.37121907494109346,-0.9171616942283265,-1.0126158686134603,-0.6052172021538638
-0.5962034339281895,-0.39217998870498927,0.8058803111515351,-0.5514634834334441,-0.7353371051134842,-0.15108609730241807,0.3716963138779715,0.37121907494109346,-0.9180172093395126,-0.4562639812500018,-0.6870618326338966
-0.6391939243857885,-0.30976459802922623,0.6766414798722451,-0.43538643335188065,-0.8314796233527726,-0.6501768750533219,-0.151787489043603,0.37121907494109346,-0.8910253239425096,-0.3635386666894274,-0.7355755599122011
-0.6893494965863205,-0.18614151201558357,0.3750842068872349,-0.5224442209130513,-0.9276221415920611,-0.6265213405118867,-0.651094131124154,-0.15249426195377833,-0.7314525337906266,-0.6417146103711546,-0.7873187474899496
-0.6786018739719207,-0.2685569026913466,0.00890751826257973,-0.3483286457907074,-0.9276221415920611,-0.6018379084037653,-0.6274283652053143,-0.6520198369541462,-0.4084635589604066,-0.27081335212884894,-0.7807662007584724
-0.7036796600721867,-0.4333876840428689,-0.07725170259028032,-0.4063671708314878,-0.9276221415920611,-0.6018379084037653,-0.6027342571385037,-0.628343694215141,-0.37462469332344955,-0.17808803756827044,-0.7960554764652525
-0.6929320374577871,-0.22734920735346692,-0.03417209216385029,-0.08715528310719013,-0.9276221415920611,-0.6018379084037653,-0.6027342571385037,-0.6036387584269951,-0.39442409670857975,0.10008790611345682,-0.7895029297337753
-0.5603780252135238,1.2561278248102306,-0.09879150780349533,0.057941029494766184,-0.9276221415920611,-0.6018379084037653,-0.6027342571385037,-0.6036387584269951,-0.15737104628372528,-1.3371544695754705,-0.7086881867122229
-0.5173875347559249,1.1737124341344711,-0.5511274172810106,-0.11617454562758035,-1.0211662133924502,-0.8339955941774472,-0.6027342571385037,-0.6036387584269951,0.2365819744909385,-1.5226050986966275,-0.7046404596649452
-0.5209700756273915,1.4209586061617565,-0.9388439111188808,-0.20323233318875364,-1.0211662133924502,-0.8139411810092348,-0.8349923546317486,-0.6036387584269951,0.525600243201356,-1.9398690142192245,-0.7067784701173571
-0.5066399121415252,1.2973355201481176,-0.8957643006924507,-0.31930938327031716,-1.1147102851928392,-0.8139411810092348,-0.8149292676257336,-0.8359986950290157,0.5053367578200212,-1.9862316714995158,-0.7205274035605819
-0.6320288426428553,1.4209586061617565,-1.0034633267585258,-0.3773479083110976,-1.2082543569932283,-0.7930014718581213,-0.8149292676257336,-0.8159268108834303,0.47762488477334014,-2.218044957900952,-0.814426719248905
-0.8684765401596491,0.18472774602534078,-0.9173041059056657,0.29009512965789064,-1.4810912330776962,-0.7711165219177413,-0.79398050173288,-0.8159268108834303,0.13779369757747623,0.23917587795431836,-1.0008838035750274
-0.8971368671313817,-0.06251842600194457,-0.8096050798395906,-0.8996946336781321,-1.4810912330776962,-0.7012450248625633,-0.7720860862197848,-0.7949688595039501,-0.005564021919348978,-1.3835171268557618,-1.016171796732046
-1.0404385019900446,-0.1449338166777039,-0.7665254694131607,0.4351914422598469,-1.5694384120002858,-0.7012450248625633,-0.7021843686825912,-0.7730648438615716,-0.2890964175384544,0.8418904225980682,-1.107176397608675
-1.0762639107047105,-0.18614151201558357,-0.8311448850528057,0.3771529172190639,-1.6577855909228756,-1.3553139689281701,-0.7021843686825912,-0.7031324762471892,-0.2867936038537188,0.7955277653177769,-1.1399788903086676
-1.130002023776709,-0.021310730664061233,-0.7449856641999456,0.4932299673006274,-1.7461327698454652,-1.3455751359297903,-1.3565362074848828,-0.7031324762471892,-0.4972802765396761,0.7955277653177769,-1.1808101445156178
-1.1694099733628414,-0.5158030747186283,-0.6588264433470856,0.6093070173821908,-1.9176302348128447,-1.3353591843118933,-1.3467931622935505,-1.357771231238017,-0.6929794139684057,1.5373302818023884,-1.225617302983202
-1.190905218591641,-0.30976459802922623,-0.7234458589867306,0.3771529172190639,-2.003378967296535,-1.3140281464182637,-1.336572792121663,-1.3480239139758732,-0.6677416837774532,0.9346157371586425,-1.248149137193144
-1.2195655455633734,-0.06251842600194457,-0.6157468329206556,0.26107586713750036,-2.003378967296535,-1.3025434758998935,-1.315232528230678,-1.3377990624386387,-0.8792208039980578,0.4709891643557625,-1.2613747903336787
-1.2338957090492397,-0.22734920735346692,-0.7019060537735156,0.057941029494766184,-2.0865292533413253,-1.3025434758998935,-1.3037428904181536,-1.3164494413993812,-0.8087098768298578,0.33190119251490097,-1.2794792627669402
-1.241060790792173,-0.06251842600194457,-0.8526846902660207,0.11597955453554665,-2.0865292533413253,-1.2908309448227948,-1.3037428904181536,-1.304954765680805,-0.6326298316872083,0.23917587795432246,-1.2827035928673385
-1.4273529161084346,2.080281731567846,-1.197321573677461,1.8571353057589965,-2.0865292533413253,-1.2908309448227948,-1.292025293493754,-1.304954765680805,-0.680722490839203,0.6100771361966241,-1.3665361754776884
-1.3306243125788373,1.5857893875132751,-1.1542419632510308,1.9441930933201725,-2.0865292533413253,-0.9763006831898748,-1.292025293493754,-1.2932320308962375,-0.45912803370214395,1.3055169954009567,-1.3230077191223142
-1.3019639856071046,0.8852585667693098,-1.1327021580378158,1.5089041555143088,-2.169679539386115,-0.9763006831898748,-0.9773589927531049,-1.2932320308962375,-0.41443102269861004,1.3982423099615269,-1.3208222543287271
-1.2876338221212382,0.7204277854177875,-1.0896225476113859,1.6249812055958697,-2.169679539386115,-0.9557599314097659,-0.9773589927531049,-0.9784277572023304,-0.43717494109704336,1.7691435682038286,-1.314537760497402
-1.3055465264785713,0.9676739574450691,-1.0034633267585258,1.4508656304735281,-2.169679539386115,-0.9557599314097659,-0.9568093567863687,-0.9784277572023304,-0.6033242017963334,1.2127916808403783,-1.3223933777865582
2.426117608762799,1.3797509108238768,-0.7665254694131607,1.2477307928307915,2.2983491123019095,-0.9557599314097659,-0.9568093567863687,-0.9578691107570142,1.4689602077155381,0.42462650707547533,2.525482757687079
2.426117608762799,-1.628410848841405,-1.9512147561399862,-1.7122339842490766,-0.24163228172254175,0.902782524889739,-0.9568093567863687,-0.9578691107570142,1.7219209955779498,-0.9198905540528819,1.5613363952001313
2.3558102441602675,-1.5047877628277624,-1.9942943665664163,-1.8283110343306401,-0.24163228172254175,0.24736115064129888,0.902536947308637,-0.9578691107570142,1.7295734997788899,-1.2444291550149003,1.5033125614403424
2.276994344988003,-1.7932416301929273,-2.080453587419276,-1.7412532467694668,-0.24163228172254175,0.24736115064129888,0.24683209337694945,0.9022924681230615,1.7500533246294765,-0.7808025822120161,1.4478115030614143
2.2340038545304037,-1.8756570208686867,-1.9727545613532012,-1.6832147217286864,-0.24163228172254175,0.24736115064129888,0.24683209337694945,0.2463001047410467,1.716713809671778,-0.5953519530908674,1.4175381984910898
2.140857791872273,-1.7520339348550478,-2.0373739769928463,-1.7702725092898597,-0.24163228172254175,0.24736115064129888,0.24683209337694945,0.2463001047410467,1.7303887387220116,-0.8735278967725947,1.3519460385887194
2.105032383157607,-1.9580724115444497,-2.080453587419276,-1.79929177181025,-0.24163228172254175,0.24736115064129888,0.24683209337694945,0.2463001047410467,1.741241397977873,-0.6880772676514418,1.3267182847801156
2.0512942700856085,-1.834449325530807,-2.0158341717796313,-1.7122339842490766,-0.24163228172254175,0.24736115064129888,0.24683209337694945,0.2463001047410467,1.7188250933378288,-0.6880772676514418,1.28887665406721
1.6536322333528188,-1.834449325530807,-2.2096924186985665,-1.7412532467694668,0.3819948636133843,0.24736115064129888,0.24683209337694945,0.2463001047410467,1.7574290532909018,-0.734439924931729,1.3431323566277265
1.6393020698669525,-1.6696185441792846,-2.2527720291249964,-1.6541954592082961,0.3819948636133843,1.3723439528366408,0.24683209337694945,0.2463001047410467,1.7710284790575772,-0.7808025822120203,1.33181000733325
1.6249719063810864,-1.91686471620657,-2.145073003058921,-1.7702725092898597,0.275458559618497,1.3723439528366408,1.3723014676936092,0.2463001047410467,1.7341603854899779,-0.6880772676514418,1.2638015236802238
1.6142242837666865,-2.040487802220209,-2.1881526134853515,-1.7122339842490766,0.275458559618497,1.4316854957242038,1.3723014676936092,1.3722629679791776,1.7479835465089841,-0.4562639812500018,1.25546751533003
1.6070592020237533,-2.2053185835717315,-2.2312322239117814,-1.8283110343306401,0.275458559618497,0.5190249720109523,1.4316686766983329,1.3722629679791776,1.7620804137080173,-0.4562639812500018,1.2499115097632345
1.5963115794093536,-2.370149364923254,-2.145073003058921,-1.8573302968510303,0.275458559618497,0.5190249720109523,0.5186134134688866,1.4316562079542776,1.7323779997920898,-0.3171760094091361,1.2415775014130408
1.4386797810648244,-2.246526278909611,-2.2096924186985665,-1.9443880844122037,0.17152070206250916,0.5190249720109523,0.5186134134688866,0.5182005938424556,1.7448486194142012,-0.5953519530908674,1.066709536731786
1.48525281239389,-2.081695497558089,-2.2743118343382114,-1.8283110343306401,0.17152070206250916,0.5619535008779915,0.5186134134688866,0.5182005938424556,1.7701833611141553,-0.5953519530908674,1.1021566470399808
1.424349617578958,-2.2053185835717315,-2.1666128082721365,-1.7412532467694668,0.17152070206250916,0.5619535008779915,0.5615605095756339,0.5182005938424556,1.7287175981134373,-0.3171760094091361,1.055802733560034
1.460175026293624,-1.9992801068823294,-2.3173914447646413,-1.6832147217286864,0.0675828445065213,0.5619535008779915,0.5615605095756339,0.5611665211289948,1.7839028209750374,-0.4562639812500018,1.0301260873349067
1.6213893655096197,-1.834449325530807,-2.2527720291249964,-1.8863495593714232,0.0675828445065213,0.6065283779278511,0.5615605095756339,0.5611665211289948,1.7700928894868952,-0.9662532113331732,1.150519033446429
1.8327592769261476,-1.7520339348550478,-2.145073003058921,-1.8573302968510303,0.0675828445065213,0.6065283779278511,0.6061546659357562,0.5611665211289948,1.7463319145844887,-1.0126158686134563,1.3083675627926472
2.426117608762799,-1.7108262395171643,-2.1666128082721365,-1.9443880844122037,-0.03635501304946657,0.6065283779278511,0.6061546659357562,0.6057802308618061,1.781155635633657,-1.1980664977346132,1.685688572425388
2.1802657414584052,-1.7932416301929273,-2.0373739769928463,-1.79929177181025,-0.03635501304946657,-0.12010503697064343,0.6061546659357562,0.6057802308618061,1.7325491791700764,-0.8735278967725947,1.504625892396113
1.854254522154947,-1.91686471620657,-2.145073003058921,-1.8863495593714232,-0.03635501304946657,-0.12010503697064343,-0.12079302893343451,0.6057802308618061,1.747520474433864,-0.8735278967725947,1.2658330825024313
2.155187955358139,-1.7108262395171643,-2.101993392632491,-1.7702725092898597,-0.14029287060545442,-0.12010503697064343,-0.12079302893343451,-0.12148621158247933,1.750234810068264,-0.919890554052886,1.4233609744082758
2.3343149989314678,-1.7932416301929273,-2.0158341717796313,-1.6832147217286864,-0.14029287060545442,0.2082836271973186,-0.12079302893343451,-0.12148621158247933,1.734534043933697,-0.6880772676514418,1.5520007154862103
1.1019209391469664,-1.4635800674898827,-0.42188858600172047,-0.9287138961985248,-0.3403732464007302,0.2082836271973186,0.20773766831150356,-0.12148621158247933,1.0283570046060058,0.146450563393744,0.5749183957861062
1.1520765113474984,-1.2987492861383603,-0.18495072865635537,-0.8416561086373516,-0.4417126575178187,-0.22543917213772577,0.20773766831150356,0.20718853779142224,0.9517775358848328,0.10008790611345682,0.5622365437444448
1.1628241339618983,-1.2163338954625973,-0.07725170259028032,-0.7255790585557881,-0.4417126575178187,-0.4029070236892264,-0.22617272271127553,0.20718853779142224,0.9139741954404911,0.19281322067403117,0.5695086008921207
1.2416400331341628,-1.33995698147624,0.00890751826257973,-0.8416561086373516,-0.4417126575178187,-0.4029070236892264,-0.40371733179971503,-0.2269121116033458,0.9058780114896218,0.146450563393744,0.6228370199750768
1.1771542974477645,-1.545995458165642,0.2889249860343749,-0.6385212709946149,-0.5404536221960066,-0.4029070236892264,-0.40371733179971503,-0.40453456936510457,0.779500048616296,0.7028024507572026,0.5327584200262474
1.2165622470338968,-1.7108262395171643,0.48278323295330994,-0.7545983210761783,-0.5404536221960066,-0.37500781531117505,-0.40371733179971503,-0.40453456936510457,0.7204084895482851,0.7028024507572026,0.5588865237674204
1.173571756576298,-1.4635800674898827,0.7628007007251051,-0.8503618873934692,-0.5404536221960066,-0.37500781531117505,-0.37580605659097344,-0.40453456936510457,0.5982826764022562,0.27162973805052265,0.5303831378679588
1.3276210140493607,-1.33995698147624,-1.865055535287126,-1.8573302968510303,-0.24163228172254175,-0.37500781531117505,-0.37580605659097344,-0.37661105579127374,1.6125274894625556,-1.4762424414163402,0.7792760271334125
1.3061257688205612,-0.9690877234353156,-1.9081351457135562,-1.131848733841259,-0.24163228172254175,0.24736115064129888,-0.37580605659097344,-0.37661105579127374,1.626091613282565,-0.734439924931729,0.76413937484825
1.2953781462061615,-1.422372372152003,-2.0158341717796313,-1.2479257839228226,-0.24163228172254175,0.24736115064129888,0.24683209337694945,-0.37661105579127374,1.6645280355075882,-0.40990132396971046,0.7565710487056687
0.9012986503448384,-2.2877339742474945,-2.080453587419276,-1.1028294713208688,-0.24163228172254175,-0.05413697254572204,0.24683209337694945,0.2463001047410467,1.6525185748418658,0.795527765317781,0.47906575681102664
0.980114549517103,-1.9992801068823294,-1.649657483154976,-0.9577331587189151,-0.24163228172254175,-0.05413697254572204,-0.05479643232030205,0.2463001047410467,1.486917223152783,0.7028024507572026,0.534566815189955
1.0446002852035012,-1.7520339348550478,-1.3050205997435358,-0.8706753711577419,-0.24163228172254175,-0.05413697254572204,-0.05479643232030205,-0.05546067718567492,1.3604334105283968,0.563714478916341,0.5799767720454421
1.0159399582317687,-1.834449325530807,-1.2404011841038909,-0.9867524212393054,-0.24163228172254175,-0.05413697254572204,-0.05479643232030205,-0.05546067718567492,1.3293105151192603,0.4709891643557625,0.5597945689985588
1.0696780713037672,-1.5047877628277624,-1.197321573677461,-1.0738102088004786,-0.24163228172254175,-0.05413697254572204,-0.05479643232030205,-0.05546067718567492,1.322889690639563,-0.03900006572740886,0.5976361997114648
1.048182826074968,-1.9992801068823294,-1.1327021580378158,-1.1898872588820422,-0.24163228172254175,-0.05413697254572204,-0.05479643232030205,-0.05546067718567492,1.2931616544054068,0.33190119251489686,0.5824995474263023
1.037435203460568,-1.8756570208686867,-1.0680827423981707,-1.0157716837596955,-0.24163228172254175,-0.05413697254572204,-0.05479643232030205,-0.05546067718567492,1.2653708458828747,0.4709891643557625,0.5749312212837211
0.9263764364451044,-1.3811646768141197,-1.1111623528246009,-1.160867996361652,-0.24163228172254175,-0.05413697254572204,-0.05479643232030205,-0.05546067718567492,1.25818215724077,-0.3171760094091402,0.49672518447704933
0.8153176694296406,-0.6806338560701506,-1.0896225476113859,-1.0157716837596955,-0.24163228172254175,-0.05413697254572204,-0.05479643232030205,-0.05546067718567492,1.2230494319427103,-0.8735278967725947,0.4185191476703773
0.83681291465844,-1.2575415908004806,-1.1327021580378158,-1.2189065214024324,-0.24163228172254175,-0.05413697254572204,-0.05479643232030205,-0.05546067718567492,1.2464435002417167,-0.5489892958105761,0.43365579995553977
0.8547256190157729,-1.0927108094489584,-1.0034633267585258,-1.131848733841259,-0.24163228172254175,-0.25513572133706935,-0.05479643232030205,-0.05546067718567492,1.1965075950175876,-0.5953519530908633,0.4462696768598414
0.9012986503448384,-1.3811646768141197,-0.8526846902660207,-1.0447909462800884,-0.24163228172254175,-0.25513572133706935,-0.2558821161184697,-0.05546067718567492,1.1457950700859234,-0.13172538028798736,0.47906575681102664
0.9263764364451044,-1.2987492861383603,-0.7665254694131607,-1.160867996361652,-0.3403732464007302,-0.25513572133706935,-0.2558821161184697,-0.25663453180348933,1.1170715764325347,-0.40990132396971457,0.45369050977985076
0.9836970903885696,-1.33995698147624,-0.5942070277074406,-1.0157716837596955,-0.3403732464007302,-0.22543917213772577,-0.2558821161184697,-0.25663453180348933,1.062997499582215,-0.13172538028798322,0.4932751256186281
0.29943178393845393,-1.0927108094489584,2.1198084291576507,-1.2479257839228226,-1.390145607716207,-0.22543917213772577,-0.22617272271127553,-0.25663453180348933,-0.5682955008637083,-0.7808025822120161,-0.34611649933667266
0.3173444882957868,-1.1751262001247176,2.442905507355876,-1.3930220965247764,-1.5694384120002858,0.8299280159906467,-0.22617272271127553,-0.2269121116033458,-0.7143107221934241,-0.9198905540528819,-0.39943465802153705
0.32450957003871994,-1.2493000517329018,2.722922975127671,-1.334983571483996,-1.6577855909228756,0.9527894516878548,0.8296509277296716,-0.2269121116033458,-0.8592783195464463,-0.7437124563877897,-0.426878657818004
0.30659686568138705,-1.33995698147624,2.572144338635166,-1.2189065214024324,-1.7461327698454652,1.017715005010387,0.9525655028609038,0.8293744899284172,-0.7914738724109645,-0.4562639812500018,-0.4669583378647183
0.29584924306698734,-1.0515031141110749,2.249047260436941,-1.160867996361652,-1.9176302348128447,1.0858213491297004,1.0175191374697863,0.9523429598901074,-0.6379787979550425,-0.688077267651446,-0.5321452120424558
0.32092702916725335,-1.3811646768141197,2.012109403091576,-1.2479257839228226,-2.003378967296535,1.2280282684205654,1.085654938615704,1.017325074971067,-0.4924092253280651,-0.4562639812500018,-0.5504959340299244
0.31017940655285364,-1.2575415908004806,2.270587065650156,-1.1898872588820422,-2.169679539386115,1.3045927385430331,1.2279233645556042,1.0854907518859644,-0.6342451933083535,-0.502626638530289,-0.6138166983046868
1.037435203460568,-0.06251842600194457,-0.3788089755752905,-1.334983571483996,-0.6391945868741951,1.4648392861774602,1.3045209499724324,1.227821558814347,0.9927217367938768,-2.0789569860600863,0.3955768975367574
1.0446002852035012,0.10231235534957778,-0.3357293651488604,-0.7836175835965685,-0.6391945868741951,-0.3459397316096768,1.4648368066687083,1.3044527302715219,0.9778577467446063,-1.3835171268557618,0.40022998807146065
1.030270121717635,-0.18614151201558357,-0.24957014429600038,-0.8706753711577419,-0.6391945868741951,-0.3459397316096768,-0.34672540050248246,1.4648388812832374,0.9393391638314819,-1.1980664977346132,0.39092380700205387
0.9622018451597701,-0.35097229336710595,-0.29264975472243043,-0.5514634834334441,-0.7353371051134842,0.08996383936339983,-0.34672540050248246,-0.347517648594724,0.9347971587815833,-0.5026266385302931,0.30434272025282044
0.8439779964013732,-0.5158030747186283,-0.20649053386957036,-0.9867524212393054,-0.7353371051134842,0.46227258716553077,0.08936670537513178,-0.347517648594724,0.8587551214922259,-1.0126158686134603,0.2291327196890007
0.47139374576884946,-1.1751262001247176,-0.14187111822992535,-1.6832147217286864,-0.8314796233527726,0.46227258716553077,0.4618364823564198,0.08876567227985295,0.6746311095233801,-1.383517126855766,-0.043768218561875
0.46064612315444975,-1.0102954187731954,-0.2280303390827854,-1.4510606215655593,-0.8314796233527726,0.5095836562484013,0.4618364823564198,0.4613987675288056,0.7108281754254261,-1.1980664977346132,-0.05046312831687819
0.5358794814552478,-0.7630492467459136,-0.2711099495092154,-1.2769450464432155,-0.9276221415920611,0.5095836562484013,0.5091680141940991,0.4613987675288056,0.7651839022949434,-1.1980664977346132,-0.040328420101545776
0.42482071443978403,-0.639426160732271,-0.07725170259028032,-1.1898872588820422,-0.9276221415920611,0.5589505204646441,0.5091680141940991,0.508751053006816,0.6204781832046288,-1.1980664977346132,-0.10803806966014393
0.36391751962485225,-0.4745953793807486,0.11660654432865478,-1.131848733841259,-1.0211662133924502,0.5589505204646441,0.5585562303277203,0.508751053006816,0.4922782403332602,-1.2907918122951874,-0.17868988837161112
0.34600481526751936,-1.3811646768141197,0.1381463495418698,-1.0447909462800884,-1.0211662133924502,0.6090865533851753,0.5585562303277203,0.5581609245831078,0.4712117752297924,-0.13172538028798736,-0.1893799406336708
0.34242227439605283,-1.91686471620657,0.18122595996829982,-1.1028294713208688,-1.1147102851928392,0.6090865533851753,0.6087139478427581,0.5581609245831078,0.4474945209880402,0.3782638497951881,-0.22476164090402942
0.3710826013677854,-1.628410848841405,0.3320045964608049,-0.8416561086373516,-1.1147102851928392,0.6614358262629588,0.6087139478427581,0.6083406349470715,0.3893732275323717,0.4709891643557625,-0.20802693161604452
0.34242227439605283,-1.4635800674898827,0.78434050593832,-1.0157716837596955,-1.2082543569932283,0.6614358262629588,0.6610858625748917,0.6083406349470715,0.14464573627425334,0.007362591552882442,-0.2580053307219759
0.32809211091018653,-1.7108262395171643,1.1505171945629753,-0.9867524212393054,-1.2082543569932283,0.7161482011139085,0.6610858625748917,0.660735513395772,-0.050465741347616146,0.33190119251489686,-0.26618799820031325
0.33883973352458624,-1.545995458165642,1.5166938831876304,-1.1898872588820422,-1.2991999823547173,0.7161482011139085,0.7158219013576291,0.660735513395772,-0.22615297693904376,-0.17808803756827454,-0.2923263623395783
0.31376194742432023,-1.2987492861383603,1.8182511561726407,-1.131848733841259,-1.2991999823547173,0.7717617324238524,0.7158219013576291,0.7154955525017175,-0.4008952727868159,-0.3635386666894233,-0.3063318057351022
-0.2486969693959319,-1.7520339348550478,0.26738518082115986,-0.7255790585557881,-2.2437352628947567,0.7717617324238524,0.7714594863631945,0.7154955525017175,-0.062028096537181075,0.795527765317781,-1.1891941723065096
-0.2701922146247313,-1.5872031535035254,0.20276576518151482,-0.5804827459538344,-2.2437352628947567,0.8350381756882737,0.7714594863631945,0.7711575331349598,-0.04170910724693398,0.8418904225980682,-1.2309604052895897
-0.2773572963676645,-1.422372372152003,0.3535444016740199,-0.6675405335150051,-2.2437352628947567,1.0216309787319118,0.8347632976488589,0.7711575331349598,-0.14873160890715395,0.5173518216360539,-1.267859361927797
-0.2952700007249973,-1.0515031141110749,0.2889249860343749,-1.1028294713208688,-2.2437352628947567,1.2325595632776756,1.021436804909328,0.8344891014882703,-0.12519620276764282,-0.5953519530908674,-1.30545859073578
-0.2737747554961979,-1.2575415908004806,0.4181638173136649,-1.1898872588820422,-2.2437352628947567,1.4674761044972715,1.2324566192664532,1.021244460205445,-0.18749316812900388,-0.502626638530289,-1.3176171624747512
-0.3060176233393971,-0.721841551408034,0.3750842068872349,-0.8416561086373516,-2.2437352628947567,1.5993170204878617,1.467474765452428,1.2323568012389707,-0.19466450098557955,-0.5489892958105761,-1.340304185205834
-0.3525906546684625,-1.33995698147624,0.3320045964608049,-1.1898872588820422,-2.2437352628947567,1.7361748916887132,1.599372704638435,1.4674779967429759,-0.2186165281712747,-0.40990132396971457,-1.365240800218578
0.2492762117379219,-2.4113570602611336,1.6243929092537055,-0.6675405335150051,-2.2437352628947567,1.884648006570816,1.7362897689439092,1.5994337697299181,-0.36146333303387185,1.630055596362967,-0.6966014377598954
0.14179998559392468,-2.6173955369505393,1.1720569997761903,-0.4063671708314878,-2.2437352628947567,1.6398223621476216,1.884827100699662,1.7364108685915847,-0.22062325836978242,2.279132798287004,-0.7677111267362162
0.012828514221128018,-2.246526278909611,1.6028531040404905,-0.8996946336781321,-2.2437352628947567,1.7330813450671736,1.6398955654726903,1.8850133300872656,-0.5943576562700553,1.0737037089995083,-0.8449001015820227
-0.15555090673780095,-2.164110888233852,1.0428181684969002,-0.3773479083110976,-2.2437352628947567,1.8315967433876457,1.733194884316545,1.6399743987801236,-0.45351226112177906,1.8155062254841199,-0.9335627665941622
-0.16988107022366725,-1.8756570208686867,1.3012958310554803,-0.31930938327031716,-2.2437352628947567,1.932369353125772,1.8317528920406896,1.733314626938155,-0.6322899891548301,1.5836929390826757,-0.9612530159448361
-0.22720172416713244,-1.1504015829219885,1.4305346623347703,-0.4063671708314878,-2.2437352628947567,2.038955767271866,1.932569087460655,1.8319158497741843,-0.789870653072698,0.6286221991087414,-0.9825946439761105
-0.23794934678153215,-0.9690877234353156,1.3659152466951254,-0.31930938327031716,-2.2437352628947567,0.13816471499984576,2.039201601847156,1.9327762504623516,-0.7628539054775402,0.5637144789163369,-1.0073504194724845
-0.2916874598535308,-1.0515031141110749,1.3228356362686953,-0.20323233318875364,-2.2437352628947567,0.19268790047550244,0.1375884286212141,2.039455520420989,-0.8097342835883892,0.8418904225980641,-1.026800286605554
-0.3418430320540628,0.2671431367011001,1.2582162206290504,-0.1451938081479706,-2.2437352628947567,0.19268790047550244,0.19213519620138483,0.13700853949194555,-0.8392038904907118,-0.5489892958105761,-1.0646290918208448
-0.3203477868252633,-0.30976459802922623,1.0643579737101152,-0.4063671708314878,-2.2437352628947567,0.25043139629493477,0.19213519620138483,0.19157922440484623,-0.6766648030446752,-0.3171760094091361,-1.057072308626117
-0.3024350824679305,-0.845464637421673,0.7628007007251051,-0.6385212709946149,-2.2437352628947567,0.25043139629493477,0.24990366695838806,0.19157922440484623,-0.4502358051278261,-0.08536272300769604,-1.0708597185621866
-0.3131827050823302,-0.5570107700565116,1.0212783632836853,-0.23225159570914386,-2.2437352628947567,0.311689186718278,0.24990366695838806,0.24937302512726608,-0.6377941905531235,0.23917587795432246,-1.0944996757660599
-0.3024350824679305,-1.4635800674898827,0.8058803111515351,-1.2189065214024324,-2.2437352628947567,0.37679216312057534,0.31118795230500956,0.24937302512726608,-0.47907854652913884,-0.3171760094091361,-1.1103366002209984
-0.2916874598535308,-1.2163338954625973,0.8920395320043951,-1.1028294713208688,-2.2437352628947567,0.44364899125784873,0.3763190867318299,0.3106841820321627,-0.5229003911996416,-0.40990132396971457,-1.2510489822038837
-0.3096001642108636,-1.1339185047868379,0.56894245380617,-0.8416561086373516,-2.2437352628947567,1.1064922321950261,0.4432048314610973,0.3758438747600936,-0.32896762473791885,-0.08536272300769604,-1.15058557683623
-0.2952700007249973,-1.2987492861383603,0.43970362252687994,-0.7836175835965685,-2.2437352628947567,0.5879357249904903,1.106334762151411,0.44275894714125585,-0.22577328994196144,0.19281322067403528,-1.165039912648277
-0.23794934678153215,-1.7520339348550478,0.31046479124758986,-0.6675405335150051,-2.2437352628947567,0.6659027712817585,0.5875539713940588,1.1061796429841,-0.07900181096253976,0.8882530798783596,-1.1669432164943354
-0.6750193331004541,1.2561278248102306,0.11660654432865478,1.8571353057589965,0.8133369724707346,0.7460319043051112,0.6655547396151492,0.5871713804014339,-0.49230916185084206,1.5373302818023926,-0.4039235821867687
-0.6499415470001881,0.3495585273768631,-0.03417209216385029,1.8281160432386063,2.0709850488981867,-0.09653051395746617,0.745718529703622,0.665206349921877,-0.33030729573455647,2.3486767842074348,-0.10762508863694244
-0.3490081137969959,0.5968046994041448,-0.09879150780349533,1.8861545682793868,2.0709850488981867,-0.3787812589642283,-0.09720830958156729,0.7454052897382896,0.08108361332368427,2.3254954555672867,0.20017146352468546
0.8439779964013732,0.8440508714314302,-0.2280303390827854,2.0022316183609528,1.2576713135225819,-0.3787812589642283,-0.37958113231562757,-0.09789115094724914,0.8678104007693824,2.232770141006713,1.0751281933662387
1.467340108036557,1.091297043458712,-0.3141895599356454,1.915173830799777,1.0342049197772085,-0.208520445477441,-0.37958113231562757,-0.38038778678802176,1.0838409899462624,1.8155062254841157,1.5288070855993374
1.6034766611522868,1.2973355201481176,0.00890751826257973,1.4508656304735281,0.9224717229045212,0.00670235581097509,-0.20924667844515268,-0.38038778678802176,1.0063764467231826,0.8418904225980682,1.589481949716136
2.047711729214142,1.3797509108238768,0.05198712868900975,1.5669426805550892,0.7042022220369467,0.03820593088450572,0.0060692099684839206,-0.2099786457089492,1.0935261079688694,0.9346157371586425,1.8447042220545664
-0.7466701505297857,1.2149201294723508,-1.714276898794621,1.8861545682793868,-0.03635501304946657,0.10310078739465625,0.03758641081595768,0.005431653097340984,0.9803919017824905,1.630055596362967,-0.6392612030229834
-0.399163685997528,1.0088816527829525,-1.757356509221051,1.7120389931570454,-0.03635501304946657,-0.7964373370948035,0.1025093353356219,0.036962673414103676,1.1983545718103779,1.5836929390826797,-0.384723812257191
0.1095571177507255,0.7616354807556671,-1.6711972883681911,1.8571353057589965,-0.03635501304946657,-0.5065806370415923,-0.7974178530333789,0.101914064940273,1.3186388850870465,2.093682169165847,-0.012102064950567195
0.23852858912352218,1.091297043458712,-1.628117677941761,1.7700775181978259,-0.24163228172254175,-0.5065806370415923,-0.5074357855619744,-0.7984077179932048,1.330166932544537,1.5836929390826797,0.01235231135185555
0.38899530572511826,1.1737124341344711,-1.735816704007836,1.915173830799777,-0.3403732464007302,-0.45613447012841696,-0.5074357855619744,-0.5082985009600369,1.420095960611884,1.7227809109235412,0.08258473629131392
0.3316746517816531,0.9264662621071895,-1.585038067515331,1.7120389931570454,-0.3403732464007302,-0.4303974608223191,-0.45696779991663766,-0.5082985009600369,1.33173875358258,1.6764182536432584,0.04300012045253661
0.2349460482520556,1.7094124735269216,-1.348100210169966,2.5245783437279874,-0.3403732464007302,-0.4303974608223191,-0.431219658963736,-0.45780838642130406,1.182514164633455,2.093682169165847,-0.023798918775400153
0.059401545550193474,1.8330355595405605,-0.9388439111188808,2.031250880881343,-0.4417126575178187,-0.4303974608223191,-0.431219658963736,-0.43204895558117956,0.8912891436065642,1.166429023560087,-0.17708926626926547
-0.05165722146527031,1.7506201688648013,-0.6803662485603006,2.2924242435648603,-0.5404536221960066,-0.4029070236892264,-0.431219658963736,-0.43204895558117956,0.6831420823958977,1.6764182536432541,-0.28196336026669994
-0.08031754843700291,1.91545095021632,-0.5295876120677955,2.23438571852408,-0.6391945868741951,-0.37500781531117505,-0.40371733179971503,-0.43204895558117956,0.5754542412497619,1.398242309961531,-0.3303052258769641
-0.12689057976606835,1.7918278642026808,-0.40034878078850544,2.2924242435648603,-0.6391945868741951,-0.3459397316096768,-0.37580605659097344,-0.40453456936510457,0.4652886316106237,1.630055596362967,-0.36055031435253565
-0.2988525415964639,1.0088816527829525,0.3750842068872349,0.8994996425860984,-0.8314796233527726,-0.3459397316096768,-0.34672540050248246,-0.37661105579127374,-0.18665260089845184,0.28553853523460554,-0.5235700843371012
-0.2773572963676645,0.9264662621071895,0.590482259019385,0.9575381676268788,-0.9276221415920611,-0.0584688421317423,-0.34672540050248246,-0.347517648594724,-0.3053366216345749,0.4709891643557584,-0.5361377894499892
-0.255862051138865,0.8028431760935468,0.547402648592955,0.8704803800657082,-0.9276221415920611,-0.021443693969560168,-0.05913017550560722,-0.347517648594724,-0.25245700694739404,0.4709891643557625,-0.5230326959870348
-0.20928901980979955,0.6792200900799078,0.48278323295330994,0.7544033299841446,-0.9276221415920611,-0.021443693969560168,-0.02208901340539135,-0.05979632060416214,-0.16007578827433444,0.4246265070754712,-0.4946383268173002
-0.22361918329566585,0.5968046994041448,0.4181638173136649,0.6963648049433642,-1.0211662133924502,-0.021443693969560168,-0.02208901340539135,-0.02273891692194323,-0.13368415216822008,0.42462650707547533,-0.529323602567167
-0.2343668059100656,0.47318161339050213,0.3535444016740199,0.6093070173821908,-1.0211662133924502,0.016158330720838037,-0.02208901340539135,-0.02273891692194323,-0.1031941617195413,0.42462650707547533,-0.5357376339244028
-0.2522795102673985,0.6380123947420245,0.09506673911543977,0.667345542422974,-1.0211662133924502,0.016158330720838037,0.015529274730886873,-0.02273891692194323,0.04675482558866083,0.33190119251490097,-0.5464276861864625
1.1449114296045653,1.0088816527829525,-0.07725170259028032,1.7120389931570454,0.7042022220369467,0.016158330720838037,0.015529274730886873,0.014895865851029332,0.9083673083793581,1.5836929390826797,1.0913191015553494
0.9156288138307046,0.7616354807556671,0.00890751826257973,1.537923418034699,0.59506747160316,0.10310078739465625,0.015529274730886873,0.014895865851029332,0.7955739683538852,1.5836929390826797,0.852580158751651
1.0051923356173689,0.8852585667693098,0.11660654432865478,1.2187115303104012,0.22868652371830306,0.13733431261790055,0.1025093353356219,0.014895865851029332,0.7850621580930467,0.9346157371586468,0.7623143065376429
0.736501770257376,0.8028431760935468,0.22430557039472984,1.4798848929939186,0.275458559618497,0.26205239997102014,0.13675766707764636,0.101914064940273,0.6308457430587353,1.4446049672418182,0.5748568333975543
0.44631595966858345,0.6792200900799078,0.31046479124758986,1.2477307928307915,0.275458559618497,0.24522681489697742,0.26152969689478556,0.1361774136811419,0.44415873664372924,1.212791680840374,0.34983860794232746
0.11313965862219208,0.3907662227147428,0.22430557039472984,1.0155766926676644,0.17152070206250916,0.24522681489697742,0.24469683450005325,0.2610041527740991,0.274965683703357,1.166429023560087,0.05783024334470148
0.04507138206432718,0.5555970040662651,0.1381463495418698,1.0736152177084448,0.0675828445065213,0.2830039202999714,0.24469683450005325,0.24416390960890957,0.273232518436033,1.0737037089995083,-0.02665643964401078
-0.08390008930846948,0.47318161339050213,-0.03417209216385029,0.8994996425860984,-0.03635501304946657,0.32222981210384816,0.2824902790739904,0.24416390960890957,0.275103951177405,0.8882530798783554,-0.15380329279956492
-0.10181279366580234,0.4319739180526225,0.07352693390222476,1.0445959551880546,-0.14029287060545442,-0.5065806370415923,0.32173313667089826,0.2819739256210636,0.19553188154855036,1.166429023560087,-0.19749976317369491
-0.12330803889460179,0.8028431760935468,0.1596861547550848,0.8704803800657082,-0.24163228172254175,-0.48153486036700416,-0.5074357855619744,0.32123399018593773,0.1246635828034289,0.4709891643557625,-0.24244800211504344
-0.1340556615090015,1.0500893481208322,0.20276576518151482,1.102634480228835,-0.2624198532337393,-0.45613447012841696,-0.4823791762091775,-0.5082985009600369,0.08868615005036957,0.5637144789163369,-0.25603918193760444
-0.19495885632393326,0.9264662621071895,0.3320045964608049,0.9285189051064886,-0.2624198532337393,-0.4507991281492694,-0.45696779991663766,-0.48323090493855997,-0.049473503551687906,0.4246265070754712,-0.29875193664466754
-0.05165722146527031,0.6380123947420245,-0.03417209216385029,0.8704803800657082,-0.2624198532337393,-0.4507991281492694,-0.4516301503211784,-0.45780838642130406,0.30014830313256147,0.6564397934769154,-0.19825133733393063
-0.11614295715166864,1.2561278248102306,0.26738518082115986,1.0155766926676644,-0.5404536221960066,-0.4507991281492694,-0.4516301503211784,-0.4524683964059257,0.06513331403279657,0.1928132206740394,-0.3247184391158925
-0.2451144285244653,1.1325047387965914,0.46124342774009497,0.9575381676268788,-0.5404536221960066,-0.26826792900648255,-0.4516301503211784,-0.4524683964059257,-0.1844260804150065,0.23917587795431836,-0.4102285968142777
-0.2666096737532647,1.2149201294723508,0.11660654432865478,1.0736152177084448,-0.6391945868741951,-0.16152804270179022,-0.26902000366683826,-0.4524683964059257,0.018589846013516514,0.33190119251490097,-0.451285579779251
-0.3096001642108636,0.9676739574450691,0.3535444016740199,0.8733823063177456,-0.7353371051134842,-0.12798794612313838,-0.16223395074270325,-0.269778179972364,-0.1842178072963854,0.2901748009626359,-0.5047345585397878
-0.7502526914012522,0.7616354807556671,0.3535444016740199,0.9575381676268788,-1.1147102851928392,-0.09395214394389557,-0.12867934756367527,-0.16294530415345435,-0.8234539288026465,0.6564397934769113,-0.8627724325084536
-0.7717479366300517,0.9676739574450691,0.4181638173136649,0.6963648049433642,-1.1147102851928392,0.05542028537917534,-0.09462882438386712,-0.12937598815743545,-0.921592488566398,0.007362591552882442,-0.8753234644744423
-0.7430876096583191,0.4319739180526225,0.2889249860343749,0.6093070173821908,-1.1147102851928392,-0.5505952555046081,0.05480821077998669,-0.0953105347126703,-0.7540183476567626,0.4709891643557625,-0.8585887551864574
-0.8433987540593831,0.5555970040662651,0.3966240121004499,0.5512684923414104,-1.2082543569932283,-0.7930014718581213,-0.5514694410149181,0.05419202468755432,-1.0503724346965326,0.23917587795432246,-0.9351210645543784
-1.0081956341468454,-0.021310730664061233,0.590482259019385,0.4351914422598469,-1.2082543569932283,-0.7711165219177413,-0.79398050173288,-0.5523514640206632,-1.660117330731589,0.7028024507572026,-1.0292217405552562
-1.155079809876975,-0.30976459802922623,0.7628007007251051,0.3771529172190639,-1.2082543569932283,-0.7711165219177413,-0.7720860862197848,-0.7949688595039501,-2.359587083588252,0.9346157371586425,-1.1130940822082123
-1.104924237676443,-0.1449338166777039,0.633561869445815,0.5222492298210176,-1.2082543569932283,-0.7711165219177413,-0.7720860862197848,-0.7730648438615716,-2.019792074548641,0.9809783944389298,-1.0844547460340321
-1.130002023776709,0.061104660011698106,0.48278323295330994,0.4351914422598469,-1.2991999823547173,-0.7711165219177413,-0.7720860862197848,-0.7730648438615716,-1.9338168142943895,0.6100771361966282,-1.1126451897916891
-1.1120893194193762,0.3083508320389798,0.3966240121004499,0.5512684923414104,-1.2991999823547173,-0.7488711093937637,-0.7720860862197848,-0.7730648438615716,-1.7724091163714524,0.5173518216360539,-1.1026413016520291
-1.1407496463911089,-0.021310730664061233,0.2889249860343749,0.4642107047802372,-1.2991999823547173,-0.7488711093937637,-0.7498310522175587,-0.7730648438615716,-1.7430692726455004,0.7491651080374897,-1.118647522675485
-0.3955811451260614,1.1737124341344711,0.3966240121004499,1.2187115303104012,-1.2082543569932283,-0.7488711093937637,-0.7498310522175587,-0.7508000516082748,-0.3152248405138981,0.6100771361966323,-0.6794127058563413
-0.374085899897262,0.9676739574450691,0.1596861547550848,0.8704803800657082,-1.2082543569932283,-0.5232390680791329,-0.7498310522175587,-0.7508000516082748,-0.12409096005144178,0.28553853523460965,-0.6671387046388355
-0.3848335225116617,1.091297043458712,0.20276576518151482,0.8414611175453179,-1.2991999823547173,-0.5232390680791329,-0.5241014216235491,-0.7508000516082748,-0.1663830618978838,0.10008790611345682,-0.6964834431818379
-0.4063287677404611,1.0088816527829525,0.24584537560794484,0.667345542422974,-1.2991999823547173,-0.49543230242416114,-0.5241014216235491,-0.5249714444676901,-0.22197739763876562,-0.08536272300769604,-0.7084881089494296
-0.399163685997528,0.8852585667693098,0.18122595996829982,0.4932299673006274,-1.390145607716207,-0.49543230242416114,-0.49628262912076665,-0.5249714444676901,-0.16788054719918324,-0.22445069484856173,-0.727514734661206
-0.424241472097794,0.7616354807556671,0.1381463495418698,0.40617217973945413,-1.4810912330776962,-0.46634916064076426,-0.49628262912076665,-0.49714045415106906,-0.16671051712361518,-0.22445069484856173,-0.7639199096412376
-0.3848335225116617,0.9676739574450691,0.2889249860343749,0.34813365469867363,-1.4810912330776962,-0.43589969676016016,-0.46718690843752836,-0.49714045415106906,-0.22663482343254096,-0.5489892958105761,-0.7428989190503367
-0.6248637608999221,0.7616354807556671,0.4181638173136649,1.5959619430754795,-1.2082543569932283,-0.43589969676016016,-0.43672427470205666,-0.4680319757543407,-0.6579035432172787,1.6764182536432541,-0.8103353855097364
-0.5818732704423233,1.338543215485997,0.52586284337974,1.5089041555143088,-1.2082543569932283,-0.5232390680791329,-0.43672427470205666,-0.43755598494971165,-0.6738606962522911,0.8882530798783554,-0.7857873830747247
-0.5138049938844583,1.2561278248102306,0.6766414798722451,1.6249812055958697,-1.2082543569932283,-0.5232390680791329,-0.5241014216235491,-0.43755598494971165,-0.6826567316797783,1.166429023560087,-0.7469197125526232
-0.4672319625553929,1.1325047387965914,0.8058803111515351,1.7120389931570454,-1.2082543569932283,-0.5232390680791329,-0.5241014216235491,-0.5249714444676901,-0.7073682608593691,1.4446049672418182,-0.7203260432480273
-0.4206589312263274,1.2973355201481176,0.633561869445815,1.4798848929939186,-1.2082543569932283,-0.5232390680791329,-0.5241014216235491,-0.5249714444676901,-0.5157719749390931,0.8882530798783554,-0.6937323739434315
-1.0153607158897786,0.9676739574450691,1.3228356362686953,0.7544033299841446,-2.2437352628947567,-0.5232390680791329,-0.5241014216235491,-0.5249714444676901,-2.4578936054256686,0.10008790611345682,-1.3390203528945774
-1.029690879375645,0.8440508714314302,1.3874550519083404,0.8124418550249277,-2.2437352628947567,-1.1007437387131676,-0.5241014216235491,-0.5249714444676901,-2.579805809719722,0.33190119251489686,-1.3552869315196165
-1.054768665475911,0.7616354807556671,1.0212783632836853,0.8414611175453179,-2.2437352628947567,-1.0801789168937277,-1.1018558717849802,-0.5249714444676901,-2.2751947156109003,0.4709891643557625,-1.36308868171879
-1.0726813698332438,0.5968046994041448,0.8920395320043951,0.7834225925045374,-2.2437352628947567,-1.0801789168937277,-1.0812821553682561,-1.102979224863592,-2.1967747305981,0.563714478916341,-1.3803325632620882
-1.0941766150620433,0.6792200900799078,0.8274201163647501,0.7253840674637544,-2.2437352628947567,-1.0574577185933751,-1.0812821553682561,-1.0823964874096392,-2.2019576606420492,0.378263849795184,-1.3978509104543466
-1.1120893194193762,0.47318161339050213,0.7412608955118901,0.6383262799025812,-2.2437352628947567,-1.034067604705995,-1.0585511298050918,-1.0823964874096392,-2.169226450300344,0.4709891643557625,-1.4135416242364747
-1.1013416968049765,0.3907662227147428,0.78434050593832,0.5802877548618006,-2.2437352628947567,-1.010028864798989,-1.0351508993387648,-1.0596554948855383,-2.1791625310197777,0.4709891643557625,-1.4105096766003007
-0.3919986042545948,0.061104660011698106,0.9566589476440401,0.5512684923414104,-1.6577855909228756,-1.010028864798989,-1.011101762312223,-1.0362450040294056,-0.7039399188131615,0.795527765317781,-0.7916358099871414
-0.4349890947121937,0.22593544136322044,0.78434050593832,0.9865574301472743,-1.9176302348128447,-0.5114727332450218,-1.011101762312223,-1.0121853220844819,-0.6439351698467826,1.3055169954009525,-0.8780334921204809
-0.7860781001159179,-0.021310730664061233,0.633561869445815,0.6383262799025812,-2.003378967296535,-0.41683176471044164,-0.5123299976711964,-1.0121853220844819,-1.142461598759337,1.027341051719217,-1.0613367865830874
-0.9365448167175141,0.10231235534957778,1.1074375841365454,0.5802877548618006,-2.0865292533413253,-0.8424606145276122,-0.41764809548257836,-0.5131948590534237,-1.9748488134154103,0.795527765317781,-1.1456695636004204
-1.0189432567612453,0.2671431367011001,1.5813132988272756,0.5396607873332528,-2.169679539386115,-1.2908309448227948,-0.8434610362315796,-0.4184714413239477,-2.74577869430291,0.5451694160042236,-1.1967035011600622
-1.0726813698332438,0.3083508320389798,2.227507455223726,0.7834225925045374,-2.2437352628947567,-1.2785064937547295,-1.292025293493754,-0.8444710899245119,-2.7917361312616227,0.8882530798783596,-1.2336088705470767
-1.054768665475911,0.5143893087283855,2.3567462865030158,0.667345542422974,-2.2437352628947567,-1.265520881858201,-1.2796955119137123,-1.2932320308962375,-2.7917361312616227,0.4709891643557625,-1.239078945279852
-1.0476035837329778,0.4319739180526225,2.313666676076586,0.6383262799025812,-2.2437352628947567,-1.2522590323592053,-1.2667042835431235,-1.2808968430290477,-2.7917361312616227,0.5173518216360496,-1.2492983017794432
-1.1120893194193762,0.5968046994041448,2.1844278447972956,0.6093070173821908,-2.2437352628947567,-1.2382701849212725,-1.253436698093115,-1.2678999183441713,-2.7917361312616227,0.28553853523460965,-1.2878927892023464
-1.0977591559335098,0.47318161339050213,2.0767288187312207,0.6963648049433642,-2.2437352628947567,-1.2234928751732017,-1.239441800266537,-1.2546265154045149,-2.7917361312616227,0.563714478916341,-1.282249570251769
-1.1264194829052425,0.7204277854177875,1.9690297926651457,0.6383262799025812,-2.2437352628947567,-1.2234928751732017,-1.2246580991079152,-1.2406254811808102,-2.7917361312616227,0.19281322067403117,-1.3054637209348259
-1.0834289924476437,0.8852585667693098,2.0982686239444357,0.7253840674637544,-2.2437352628947567,-1.2083769837124827,-1.2246580991079152,-1.225835297755406,-2.7917361312616227,0.146450563393744,-1.288995781997232
-1.029690879375645,1.2149201294723508,1.9905695978783606,1.2477307928307915,-2.2437352628947567,-1.2083769837124827,-1.2095356697949204,-1.225835297755406,-2.7917361312616227,0.6100771361966323,-1.293911795233042
-0.9902829297895127,1.1325047387965914,1.8182511561726407,0.9575381676268788,-2.2437352628947567,-1.1760320659478716,-1.2095356697949204,-1.2107062376521807,-2.7917361312616227,0.23917587795431836,-1.3055355437214697
-0.979535307175113,1.0500893481208322,1.6674725196801354,0.9285189051064886,-2.2437352628947567,-1.140331680075039,-1.177176762362894,-1.2107062376521807,-2.686657599937323,0.28553853523460554,-1.314923807975612
-0.9902829297895127,1.1737124341344711,1.6243929092537055,0.8994996425860984,-2.2437352628947567,-1.1208007871543495,-1.1414609355318066,-1.1783331416845149,-2.6820672432156285,0.10008790611345682,-1.3184790359144756
-1.0081956341468454,1.091297043458712,1.4736142727612005,0.9575381676268788,-2.2437352628947567,-1.1208007871543495,-1.1219215952037602,-1.1426016543963198,-2.590989480330815,0.28553853523460554,-1.3367220237219788
-1.1371671055196422,0.22593544136322044,0.9781987528572552,0.7253840674637544,-2.2437352628947567,-1.1007437387131676,-1.1219215952037602,-1.1230537465779404,-2.5426968360400153,0.8882530798783554,-1.4710152441485824
-1.1264194829052425,0.10231235534957778,0.590482259019385,1.4798848929939186,-2.2437352628947567,-0.8640705671072197,-1.1018558717849802,-1.1230537465779404,-2.0468211033424395,2.232770141006717,-1.4684757956208225
-1.1407496463911089,0.2671431367011001,0.6120220642326,0.7834225925045374,-2.2437352628947567,-1.1635891571622046,-0.8650803354433736,-1.102979224863592,-2.124811438251114,0.9346157371586468,-1.4812807724395871
-1.1013416968049765,0.4319739180526225,0.719721090298675,0.7253840674637544,-2.2437352628947567,-1.1409839805542814,-1.1647284718304916,-0.8660998686342776,-2.1054634126126377,0.6564397934769154,-1.4918233314790748
-0.8684765401596491,0.8028431760935468,0.56894245380617,1.0445959551880546,0.7042022220369467,-1.4264320014961709,-1.142113518140898,-1.1658793929018842,-1.2688562299263473,0.7491651080374938,-0.5888493020976664
0.0020808916067282957,0.6792200900799078,0.43970362252687994,0.8994996425860984,1.8345264229583138,-1.3385974453024403,-1.4276849996804113,-1.1432545231458386,0.06616463692128097,0.6564397934769113,0.4863224233615644
1.1019209391469664,0.4319739180526225,0.590482259019385,0.7253840674637544,2.0709850488981867,0.024089763923506174,-1.3398124537091938,-1.4289512203203962,0.6356377037662396,0.6564397934769154,1.6841905543039624
2.426117608762799,0.5143893087283855,0.6981812850854601,0.6093070173821908,1.8345264229583138,1.0050638193437176,0.023464138398688328,-1.3410401445331501,1.0876067250421788,0.378263849795184,2.525482757687079
2.426117608762799,-0.18614151201558357,0.6120220642326,0.5512684923414104,1.717596333207828,1.810805865119187,1.0048624799734722,0.022834208749277034,1.215432510797998,1.0737037089995083,2.525482757687079
2.426117608762799,-0.639426160732271,0.719721090298675,0.29009512965789064,1.4863346001457551,1.8699034208367946,1.8109530214021043,1.004662867861054,1.281992683262566,1.1664290235600827,2.525482757687079
2.426117608762799,-0.4333876840428689,0.9997385580704702,0.4351914422598469,1.1459381166498945,1.9927359240555254,1.870076137708722,1.811106858935652,1.1823222209240416,1.166429023560087,2.525482757687079
0.04865392293579376,0.3495585273768631,0.2889249860343749,0.8704803800657082,-2.169679539386115,2.1894382256284683,1.992961767847741,1.8702558991843743,0.19045280167375295,0.9809783944389298,-0.7285087107263644
-1.0905940741905766,-1.91686471620657,0.20276576518151482,-1.8863495593714232,-1.5694384120002858,-0.4716400878923208,2.1897491461489307,1.9931954114622283,-1.4831664815623462,-0.8735278967725947,-1.1333198919469862
-1.1120893194193762,-1.7932416301929273,0.46124342774009497,-1.6832147217286864,-1.5694384120002858,-1.2195431794801688,-0.4724801240953534,2.1900690758883834,-1.8468123664831193,-0.6880772676514418,-1.1445242466634054
-1.1192544011623093,-1.4635800674898827,0.547402648592955,-1.5381184091267326,-1.6577855909228756,-1.2195431794801688,-1.2207066951116015,-0.473327512348964,-1.9711357459432124,-0.8271652394923075,-1.1618643194388159
-1.1335845646481757,-1.2987492861383603,0.48278323295330994,-1.4510606215655593,-1.6577855909228756,-1.2065580688156623,-1.2207066951116015,-1.221882161171657,-1.94649983795308,-0.8735278967725947,-1.1691594624821986
-1.190905218591641,-1.0515031141110749,0.590482259019385,-1.3640028340043862,-1.7461327698454652,-1.2065580688156623,-1.2077159681898249,-1.221882161171657,-2.294590830625482,-1.0126158686134603,-1.2110731886878505
-1.1228369420337758,-1.628410848841405,0.43970362252687994,-1.7702725092898597,-1.7461327698454652,-1.1929367999917995,-1.2077159681898249,-1.208885738155465,-1.8586148113025476,-1.0126158686134603,-1.1772497863777083
-1.0655162880903106,-2.122903192895972,0.2889249860343749,-1.8573302968510303,-1.7461327698454652,-1.1929367999917995,-1.1940888079606413,-1.208885738155465,-1.5044512339611358,-0.5953519530908633,-1.1487669212744303
-0.5173875347559249,-0.4333876840428689,-0.03417209216385029,-2.3796770222180674,-0.9276221415920611,-1.1929367999917995,-1.1940888079606413,-1.1952526027724855,-0.1527950344267864,-2.2875889438213823,-0.682477999786314
-0.5317176982417912,-0.6806338560701506,0.31046479124758986,-1.1028294713208688,-0.9276221415920611,-0.950074437064288,-1.1940888079606413,-1.1952526027724855,-0.4324211707328979,-1.0126158686134603,-0.6912147287616169
-0.7932431818588511,-0.30976459802922623,0.3966240121004499,-1.3640028340043862,-1.0211662133924502,-1.2983109657248109,-0.9511214033783708,-1.1952526027724855,-0.9453576041707119,-1.847143699658646,-0.8692672645006635
-0.9544575210748469,-0.5982184653943913,0.46124342774009497,-1.5381184091267326,-1.0211662133924502,-1.2882837591407046,-1.2995085496182381,-0.9521786633300259,-1.37739297844154,-1.8007810423783588,-0.9654777348592002
-1.0153607158897786,-0.5158030747186283,0.547402648592955,-1.7122339842490766,-1.1147102851928392,-1.2882837591407046,-1.2894770061152305,-1.3007185682330569,-1.6357486012592113,-2.1716823006206645,-1.017568493422314
-0.9150495714887146,-0.39217998870498927,0.7412608955118901,-1.8863495593714232,-1.1147102851928392,-1.277813904565148,-1.2894770061152305,-1.2906826261602642,-1.5518878303584627,-2.2875889438213823,-0.9589970109143666
-0.9472924393319138,-0.5982184653943913,0.3320045964608049,-1.973407346932594,-1.2082543569932283,-1.277813904565148,-1.2790026231688039,-1.2906826261602642,-1.2289898229632754,-2.2875889438213823,-0.994445403772323
-0.9616226028177801,-0.4745953793807486,0.3966240121004499,-1.6251761966879033,-1.2082543569932283,-1.266871429594958,-1.2790026231688039,-1.280203650470524,-1.3305875693600353,-2.0789569860600863,-1.0026280712506603
-1.0081956341468454,-0.5570107700565116,0.6981812850854601,-1.6832147217286864,-1.2082543569932283,-1.266871429594958,-1.2680554154122563,-1.280203650470524,-1.7736383245851537,-2.0789569860600863,-1.0292217405552562
-1.0726813698332438,-0.721841551408034,0.8489599215779652,-1.7702725092898597,-1.2082543569932283,-1.266871429594958,-1.2680554154122563,-1.269251642649335,-2.1488514064236104,-2.032594328779799,-1.0660437442077735
-1.1264194829052425,-0.6806338560701506,0.9135793372176102,-1.8573302968510303,-1.2082543569932283,-1.266871429594958,-1.2680554154122563,-1.269251642649335,-2.4236375635853995,-2.218044957900952,-1.096728747251538
-1.1514972690055085,-0.5158030747186283,0.9566589476440401,-1.9153688218918135,-1.2991999823547173,-1.266871429594958,-1.2680554154122563,-1.269251642649335,-2.576602661307789,-2.2875889438213823,-1.124649855559281
-1.1443321872625754,-1.9580724115444497,0.719721090298675,-2.0024266094529866,-1.390145607716207,-1.2557487233329692,-1.2680554154122563,-1.269251642649335,-2.265910017931789,-1.0126158686134603,-1.1343395190073746
-1.1586623507484417,-1.422372372152003,0.590482259019385,-1.79929177181025,-1.4810912330776962,-1.2441154666196104,-1.2569278984111432,-1.269251642649335,-2.1670017684033174,-1.2907918122951874,-1.1556747342898417
-1.0655162880903106,-1.1751262001247176,0.3535444016740199,-1.7412532467694668,-1.4810912330776962,-1.231935681067369,-1.245289610137848,-1.2581192465226865,-1.5758965566983336,-1.4762424414163402,-1.1059887565295308
-1.0762639107047105,-1.33995698147624,0.31046479124758986,-1.8283110343306401,-1.4810912330776962,-1.231935681067369,-1.2331045566436594,-1.246475855163995,-1.560681349078375,-1.429879784136053,-1.1117217539634128
-1.0834289924476437,-1.5872031535035254,0.26738518082115986,-1.973407346932594,-1.4810912330776962,-1.231935681067369,-1.2331045566436594,-1.2342854588421435,-1.5342570984156814,-1.3835171268557618,-1.1155437522526677
-0.3669208181543288,-2.6586032322884185,0.3320045964608049,-1.7702725092898597,0.17152070206250916,-1.231935681067369,-1.2331045566436594,-1.2342854588421435,-0.2354071105525295,0.146450563393744,-0.3075476629089995
0.0056634324781948695,-2.164110888233852,0.09506673911543977,-1.3930220965247764,0.48853116760827275,-0.4608616279080816,-1.2331045566436594,-1.2342854588421435,0.2682525485655834,0.19281322067403528,0.07398010994144485
0.05223646380726033,-2.246526278909611,0.2889249860343749,-1.5381184091267326,0.7042022220369467,-0.44357204832895775,-0.4616970022637252,-1.2342854588421435,0.19324169317752304,0.05372524883316551,0.17948393587177328
0.09522695426485922,-1.9580724115444497,0.1381463495418698,-1.4510606215655593,0.59506747160316,-0.490539661362972,-0.4443999446792522,-0.462539662400086,0.30977707658972053,-0.13172538028798322,0.18029194222151518
0.08089679077899292,-1.8756570208686867,0.18122595996829982,-1.5671376716471228,0.48853116760827275,-0.46719862143803226,-0.49138787191812594,-0.44523502050769065,0.2754243873460109,-0.40990132396971457,0.13452671908209418
0.04865392293579376,-2.2877339742474945,0.07352693390222476,-1.3640028340043862,0.3819948636133843,-0.44357204832895775,-0.46803673663947243,-0.4922435507252544,0.31251455995517163,0.3782638497951881,0.07502923564634734
0.11313965862219208,-2.122903192895972,0.22430557039472984,-1.596156934167513,0.25986788098509944,-0.41906764151125403,-0.4443999446792522,-0.4688821765837524,0.274965683703357,-0.17808803756827044,0.08643623322508288
-1.1264194829052425,-1.2163338954625973,0.9351191424308252,-1.5671376716471228,-2.169679539386115,-0.38983279952016003,-0.41988493933401216,-0.44523502050769065,-2.44875866093493,-1.151703840454326,-1.2438372048949982
-1.1335845646481757,-1.0515031141110749,0.09506673911543977,-1.9153688218918135,-2.2437352628947567,-1.1171332125822477,-0.39063745283043655,-0.42070926597298025,-1.4913838535037913,-1.8935063569389372,-1.259620262259954
-1.155079809876975,-1.0102954187731954,0.18122595996829982,-1.8283110343306401,-2.2437352628947567,-1.0998190633868767,-1.1182524343500406,-0.39144895521056666,-1.663350047775102,-1.8007810423783588,-1.268800753452734
-1.1407496463911089,-1.1751262001247176,0.46124342774009497,-2.031445871973377,-2.2437352628947567,-1.0998190633868767,-1.1009307965225887,-1.119382976893031,-1.9466650943018273,-1.9398690142192245,-1.2618955055368457
-1.1479147281340418,-1.2575415908004806,0.24584537560794484,-1.8573302968510303,-2.2437352628947567,-1.1009283642636722,-1.1009307965225887,-1.1020537439798623,-1.7162803487433527,-1.5689677559769146,-1.2778273386741348
-1.1228369420337758,-0.721841551408034,0.1381463495418698,-1.8283110343306401,-2.2437352628947567,-1.0821365973882155,-1.102040577188835,-1.1020537439798623,-1.5080503016660107,-2.125319643340373,-1.2673950789141357
-1.1407496463911089,-1.0515031141110749,0.3750842068872349,-1.7702725092898597,-2.2437352628947567,-1.0821365973882155,-1.0832406825892442,-1.1031640112559415,-1.8448671834736645,-1.6616930705374973,-1.287012960065961
-1.1514972690055085,-1.3811646768141197,0.2889249860343749,-1.8573302968510303,-2.2437352628947567,-1.063484800804305,-1.0832406825892442,-1.0843558733936538,-1.7798576265586488,-1.429879784136053,-1.291364651406713
-0.9831178480465795,-1.1339185047868379,0.1381463495418698,-1.7122339842490766,-2.0865292533413253,-1.063484800804305,-1.0645808188204733,-1.0843558733936538,-1.1202114839640385,-1.4762424414163402,-1.1666277092530077
-1.029690879375645,-2.040487802220209,-0.03417209216385029,-1.5381184091267326,-1.4810912330776962,-1.133565814006335,-1.0645808188204733,-1.0656878277620474,-1.0546495730093455,-0.17808803756827454,-1.0868787650832574
-1.079846451576177,-2.370149364923254,-0.14187111822992535,-1.4510606215655593,-1.2082543569932283,-1.231935681067369,-1.1346921431234296,-1.0656878277620474,-1.0653094979211495,0.33190119251489686,-1.070135077946942
-1.1228369420337758,-2.2053185835717315,-0.09879150780349533,-1.50909914660634,-0.9276221415920611,-1.266871429594958,-1.2331045566436594,-1.135829894049284,-1.2326067583801608,0.05372524883316963,-1.0516047989928643
-0.6786018739719207,-2.370149364923254,0.24584537560794484,-1.7122339842490766,-0.2546245139170405,-1.2983109657248109,-1.2680554154122563,-1.2342854588421435,-0.6053898623210953,-0.08536272300769604,-0.6362677318796542
-0.7574177731441853,0.5143893087283855,1.8397909613858556,0.08696029201515641,-0.9276221415920611,-1.2588488922255636,-1.2995085496182381,-1.269251642649335,-2.1380599557015096,-0.4562639812500018,-0.8288182101226387
-0.7180098235580531,0.2671431367011001,1.5382336884008454,0.17401807957632712,-0.9276221415920611,-1.066153279951129,-1.260029408173795,-1.3007185682330569,-1.7742808962484755,-0.03900006572740886,-0.8047922054405555
-0.7466701505297857,0.3907662227147428,1.4089948571215554,0.08696029201515641,-0.9276221415920611,-1.066153279951129,-1.0672504521249933,-1.2612221162163524,-1.7340151315381882,-0.3171760094091361,-0.8222656633911615
-0.7896606409873845,0.3083508320389798,1.3443754414819105,-9.749554601685544e-05,-0.9276221415920611,-1.066153279951129,-1.0672504521249933,-1.0683586316310363,-1.7862829897421098,-0.3635386666894233,-0.8484758503170703
-0.8219035088305837,0.18472774602534078,1.2366764154158354,-0.1451938081479706,-1.0211662133924502,-1.066153279951129,-1.0672504521249933,-1.0683586316310363,-1.773350929664005,-0.4562639812500018,-0.8863713481199589
-0.8505638358023163,0.061104660011698106,1.1720569997761903,-0.23225159570914386,-1.0211662133924502,-1.0511124700749694,-1.0672504521249933,-1.0683586316310363,-1.7904171381469725,-0.4562639812500018,-0.9034754317392544
-0.861311458416716,0.10231235534957778,1.0858977789233302,-0.29029012074992433,-1.0211662133924502,-1.0511124700749694,-1.0522031368704818,-1.0683586316310363,-1.7386951436646032,-0.5953519530908633,-0.9098894630964901
0.22419842563765588,-1.545995458165642,0.9997385580704702,-1.2479257839228226,0.0675828445065213,-1.0511124700749694,-1.0522031368704818,-1.053304718521847,-0.056513492374531814,-0.27081335212884894,0.10711350047990278
0.0988094951363258,-1.4635800674898827,2.313666676076586,-0.4934249583926611,-0.03635501304946657,-0.3411335081521595,-1.0522031368704818,-1.053304718521847,-0.8940247341737946,0.8418904225980682,-0.01997435538662253
0.030741218578460888,-1.5872031535035254,2.464445312569091,-1.1028294713208688,-0.03635501304946657,-0.31334283700611776,-0.3419170982804377,-1.053304718521847,-1.0661855338212671,0.007362591552882442,-0.06983219481497364
-0.08390008930846948,-1.0927108094489584,2.722922975127671,-0.9287138961985248,-0.14029287060545442,-0.31334283700611776,-0.31411440724770434,-0.3427072380577558,-1.4223465702276514,-0.27081335212884894,-0.18463578906590153
-0.14122074325193465,-0.5982184653943913,2.593684143848381,-0.6675405335150051,-0.14029287060545442,-0.2844438639200549,-0.31411440724770434,-0.31489235627125806,-1.3953902541246967,-0.40990132396971046,-0.22580050621084047
-0.2451144285244653,0.22593544136322044,2.507524922995521,-0.1451938081479706,-0.24163228172254175,-0.2844438639200549,-0.28520293491755444,-0.31489235627125806,-1.5150309670043538,-0.502626638530289,-0.3282223650642964
-0.17346361109513384,-0.06251842600194457,2.615223949061596,-0.058136020586797316,-0.3403732464007302,-0.25513572133706935,-0.28520293491755444,-0.28596820701570796,-1.4615344255113614,-0.03900006572740474,-0.3058393066266882
-0.230784265038599,0.3907662227147428,2.3567462865030158,0.057941029494766184,-0.2624198532337393,-0.4303974608223191,-0.2558821161184697,-0.28596820701570796,-1.3927753902064457,-0.3635386666894233,-0.32387708647235197
-0.3131827050823302,0.3495585273768631,2.529064728208736,0.4351914422598469,-0.4417126575178187,-0.4507991281492694,-0.431219658963736,-0.25663453180348933,-1.652929781772518,0.28553853523460965,-0.4291872473886947
-0.47081450342685943,0.5143893087283855,2.464445312569091,0.5802877548618006,-0.5404536221960066,-0.4029070236892264,-0.4516301503211784,-0.43204895558117956,-1.929113730365937,0.33190119251489686,-0.5598713727864516
-0.6714367922289876,0.3495585273768631,2.3782860917162307,0.7544033299841446,-0.6288008011185963,-1.3356667920534055,-0.40371733179971503,-0.4524683964059257,-2.3578168394087116,0.7955277653177769,-0.7119432980068968
-0.7000971192007202,0.5555970040662651,2.507524922995521,0.6963648049433642,-0.6288008011185963,-1.3276818500636156,-1.336880532908188,-0.40453456936510457,-2.5474863302386797,0.4709891643557625,-0.730596701738078
-0.5997859747996561,0.8028431760935468,2.1198084291576507,-0.31930938327031716,-0.733518192606254,-1.3276818500636156,-1.3288921373099027,-1.3381069381614599,-1.9638170398899426,-1.429879784136053,-0.6889306358913707
-0.6463590061287215,0.6792200900799078,2.1844278447972956,-0.11617454562758035,-0.7353371051134842,-1.0954194876250234,-1.3288921373099027,-1.3301150398603752,-2.1316896754692323,-0.9662532113331732,-0.7189691056003658
-0.667854251357521,0.6380123947420245,1.9474899874519307,0.20303734209671992,-0.7353371051134842,-1.095156659940863,-1.0965293178775029,-1.3301150398603752,-1.9923347049815856,-0.40990132396971046,-0.732643651157424
-0.6212812200284555,0.7204277854177875,2.012109403091576,0.29009512965789064,-0.8314796233527726,-1.095156659940863,-1.0962663765163836,-1.0976503354013647,-1.929849253156155,-0.3635386666894274,-0.7244173769871959
-0.6893494965863205,0.5968046994041448,1.8828705718122856,0.08696029201515641,-0.8314796233527726,-1.0809633392160016,-1.0962663765163836,-1.0973872787473269,-1.993322470098069,-0.5489892958105761,-0.7668184721022159
-0.9114670306172481,-0.5158030747186283,1.4520744675479855,0.26107586713750036,-1.1147102851928392,-1.0809633392160016,-1.0820669169650796,-1.0973872787473269,-2.236926704906455,0.9809783944389298,-0.9569051722533686
-0.9257971941031143,-0.4333876840428689,1.6674725196801354,-0.11617454562758035,-1.1147102851928392,-1.3990170127419046,-1.0820669169650796,-1.0831815931039237,-2.495706285489791,0.28553853523460965,-0.9652725268973611
-1.0690988289617773,-0.22734920735346692,1.2797560258422653,0.057941029494766184,-1.2082543569932283,-1.3990170127419046,-1.400258153527785,-1.0831815931039237,-2.6139722582275486,0.33190119251490097,-1.0639980773381892
-1.0261083385041785,-0.021310730664061233,1.1935968049894052,0.23205660461711014,-1.2082543569932283,-1.5147488834335663,-1.400258153527785,-1.4015123482121676,-2.358976750880986,0.378263849795184,-1.0394500749031776
0.40332546921098456,-0.5982184653943913,0.1596861547550848,-0.5804827459538344,-0.3403732464007302,-1.5147488834335663,-1.516040080008492,-1.4015123482121676,0.4932388349031816,-0.27081335212884894,0.09248089025100811
0.42123817356831744,-0.6806338560701506,0.05198712868900975,-0.6385212709946149,-0.3403732464007302,-0.4303974608223191,-1.516040080008492,-1.5173450420432164,0.5556839549573181,-0.27081335212884894,0.10485108270062599
1.3312035549208272,0.019896964673818438,2.701383169914456,0.17401807957632712,-0.4417126575178187,-0.4303974608223191,-0.431219658963736,-1.5173450420432164,-0.04469991096719665,0.23917587795431836,0.6834374962057088
1.2774654418488285,-0.22734920735346692,2.722922975127671,-1.0157716837596955,-0.4417126575178187,1.1659998765987902,-0.431219658963736,-0.43204895558117956,-0.11523662518230132,-1.3835171268557618,0.6470772104673297
0.9908621721315027,-1.2163338954625973,2.722922975127671,0.4932299673006274,-0.4417126575178187,1.1659998765987902,1.1658681445137604,-0.43204895558117956,-0.4216171471780212,2.1400448264461343,0.4531556865293072
-0.22361918329566585,-0.8042569420837933,0.56894245380617,-1.7122339842490766,-0.4417126575178187,2.421125396829204,1.1658681445137604,1.1657391291795025,-0.23068198357121303,-1.847143699658646,-0.3685867711580628
-0.21287156068126614,-0.9690877234353156,0.633561869445815,-1.5381184091267326,-0.4417126575178187,0.3292495297785147,2.4215365255645414,1.1657391291795025,-0.26033315377758814,-1.383517126855766,-0.3613147140103869
-0.23794934678153215,-1.0515031141110749,0.52586284337974,-1.6832147217286864,-0.4417126575178187,0.3292495297785147,0.3287558904799069,2.421958088015189,-0.21856346290437662,-1.5226050986966315,-0.37828284735496387
-0.2200366424241993,-1.2575415908004806,0.590482259019385,-1.596156934167513,-0.4417126575178187,0.3292495297785147,0.3287558904799069,0.3282598232890454,-0.24060081789128487,-1.1517038404543218,-0.3661627521088374
-0.2630271328817982,-1.1339185047868379,0.547402648592955,-1.50909914660634,-0.5404536221960066,0.3292495297785147,0.3287558904799069,0.3282598232890454,-0.26053327366075185,-1.1517038404543218,-0.42210500760572006
-0.2451144285244653,-0.927880028097436,0.48278323295330994,-1.4510606215655593,-0.5404536221960066,0.37217138882167117,0.3287558904799069,0.3282598232890454,-0.19843244764226362,-1.2907918122951874,-0.4102285968142777
-0.255862051138865,-1.2163338954625973,0.633561869445815,-1.596156934167513,-0.5404536221960066,0.37217138882167117,0.3716963138779715,0.3282598232890454,-0.30878641149245417,-1.1980664977346132,-0.4173544432891432
0.37824768311071855,0.2671431367011001,-0.3788089755752905,-1.8283110343306401,-0.3403732464007302,0.37217138882167117,0.3716963138779715,0.37121907494109346,0.745750197910179,-2.2875889438213823,0.07516262082154314
0.15971268995125754,0.22593544136322044,-0.4865080016413655,-1.9443880844122037,-0.3403732464007302,0.286956549573757,0.3716963138779715,0.37121907494109346,0.6920919619412145,-2.2875889438213823,-0.07575372706379535
0.19195555779445672,0.5143893087283855,-0.4649681964281505,-2.495754072299631,-0.3403732464007302,0.286956549573757,0.286444617919875,0.37121907494109346,0.6976032044447792,-2.2875889438213823,-0.053487380654483
0.23136350738058903,0.5968046994041448,-0.5295876120677955,-1.7412532467694668,-0.2624198532337393,0.286956549573757,0.286444617919875,0.28592999834123806,0.7518660266284917,-2.2875889438213823,0.00023734630477494786
-0.10897787540873549,0.18472774602534078,-0.6803662485603006,-2.1185036595345474,-0.2624198532337393,0.2555693690707568,0.286444617919875,0.28592999834123806,0.6484104355221858,-2.2875889438213823,-0.2384515770582255
-0.09823025279433577,0.14352005068745746,-0.7019060537735156,-2.060465134493767,-0.24163228172254175,1.0628476516079295,0.2550438619853484,0.28592999834123806,0.6681088815683082,-2.2875889438213823,-0.22478857444902076
-0.20928901980979955,0.22593544136322044,-0.6588264433470856,-1.9443880844122037,-0.24163228172254175,1.051356145806688,1.0626713046213792,0.25451547399547514,0.5691461718896024,-2.2875889438213823,-0.3029946112556925
-0.3096001642108636,0.3083508320389798,-0.6157468329206556,-1.7702725092898597,-0.24163228172254175,1.051356145806688,1.05117482856962,1.0624970401685045,0.4671563711905151,-2.2875889438213823,-0.3736323219197833
-0.2881049189820642,0.3907662227147428,-0.3141895599356454,-1.5381184091267326,-0.24163228172254175,1.051356145806688,1.05117482856962,1.0509955232123043,0.2833453897776267,-2.2875889438213823,-0.3584956696346211
-0.2343668059100656,0.3083508320389798,0.05198712868900975,-1.3930220965247764,-0.3403732464007302,0.24736115064129888,1.05117482856962,1.0509955232123043,0.0918426227115189,-2.2875889438213823,-0.34789796095538916
-0.205706478938333,0.2671431367011001,0.18122595996829982,-1.4510606215655593,-0.3403732464007302,0.286956549573757,0.24683209337694945,1.0509955232123043,0.035970407065734865,-2.2875889438213823,-0.32810565303600053
-0.230784265038599,0.47318161339050213,0.26738518082115986,-1.6541954592082961,-0.3403732464007302,0.286956549573757,0.286444617919875,0.2463001047410467,-0.043862180741469824,-2.2875889438213823,-0.3454239224654655
-0.14122074325193465,0.22593544136322044,-0.01263228695063528,-0.9287138961985248,-0.4417126575178187,0.286956549573757,0.286444617919875,0.28592999834123806,0.2153659195178584,-1.7544183850980717,-0.3128343330258814
-0.18779377458100013,0.3907662227147428,-0.07725170259028032,-1.3059643089636057,-0.4417126575178187,0.3292495297785147,0.286444617919875,0.28592999834123806,0.21627355823328412,-2.2875889438213823,-0.3443465806658099
-0.1627159884807341,0.2671431367011001,0.18122595996829982,-1.1028294713208688,-0.4417126575178187,0.3292495297785147,0.3287558904799069,0.28592999834123806,0.07610686438214412,-2.0789569860600863,-0.32737844732123295
-0.20928901980979955,0.019896964673818438,0.31046479124758986,-1.2189065214024324,-0.4417126575178187,0.3292495297785147,0.3287558904799069,0.3282598232890454,-0.05000454900430652,-1.9862316714995116,-0.3588906949611615
-0.2164541015527327,-0.2685569026913466,0.43970362252687994,-1.334983571483996,-0.4417126575178187,0.3292495297785147,0.3287558904799069,0.3282598232890454,-0.14002291622647045,-1.847143699658646,-0.363738733059612
0.22419842563765588,-1.3811646768141197,1.0858977789233302,-0.9577331587189151,0.17152070206250916,0.3292495297785147,0.3287558904799069,0.3282598232890454,-0.10185579326742487,0.007362591552878325,0.14235796792578148
2.426117608762799,-1.1339185047868379,1.1074375841365454,-1.9443880844122037,2.2983491123019095,0.09703753324795829,0.3287558904799069,0.3282598232890454,1.0713548544584197,-1.847143699658646,2.525482757687079
2.426117608762799,-1.2987492861383603,1.1935968049894052,-1.1898872588820422,2.2983491123019095,1.6466683353858902,0.09644345873956162,0.3282598232890454,1.07820043866026,-0.4562639812500018,2.525482757687079
2.426117608762799,-1.4635800674898827,1.7967113509594257,-1.0157716837596955,2.2983491123019095,1.0657574429080716,1.6467444996981975,0.0958455286157763,1.0140879890926782,0.007362591552882442,2.525482757687079
2.426117608762799,-1.2163338954625973,1.8828705718122856,-0.8416561086373516,2.2983491123019095,1.718461392180436,1.0655823544503829,1.646826336084383,1.0239061673565544,0.007362591552878325,2.525482757687079
2.426117608762799,-0.39217998870498927,1.6028531040404905,-0.6095020084742246,2.2983491123019095,1.9938063361015095,1.718568608078485,1.065409366416817,1.1072722305430736,-0.5489892958105761,2.525482757687079
2.426117608762799,-0.4745953793807486,1.2797560258422653,-0.5514634834334441,2.2983491123019095,2.209023865707134,1.994032642863167,1.7186819374600277,1.1278043515406186,-0.3635386666894274,2.525482757687079
2.426117608762799,-0.5982184653943913,1.1720569997761903,-0.4644056958722709,2.2983491123019095,2.517534151605125,2.2093432573139293,1.9942667560283756,1.1057270836822892,-0.08536272300769604,2.525482757687079
2.426117608762799,-0.721841551408034,1.0212783632836853,-9.749554601685544e-05,1.8345264229583138,2.1976194611176108,2.5179869785888567,2.2096717785592963,1.050345767251008,0.795527765317781,2.525482757687079
2.426117608762799,-0.4333876840428689,0.9135793372176102,0.34813365469867363,1.6006662434573418,2.1681490853583236,2.197933920146483,2.5184508320437056,0.9963227166999136,1.0273410517192212,2.525482757687079
2.309237212831202,0.10231235534957778,0.7412608955118901,0.7544033299841446,1.3720029568341685,2.3003500524871514,2.168450798002788,2.1982574386955336,0.9477166398124067,1.0737037089995083,2.4812285384854182
2.384470571132,-0.10372612133982424,0.590482259019385,0.6093070173821908,1.1459381166498945,2.0565828867674343,2.30070894405461,2.1687613889729276,1.0066580163524477,1.0737037089995083,2.406991993190573
2.1265276283864067,-0.2685569026913466,1.1289773893497603,0.23205660461711014,1.0342049197772085,2.1894382256284683,2.0568363453392053,2.3010775267669863,0.7897179101887167,0.6564397934769154,2.1088684313301393
0.980114549517103,-0.8866723327595563,1.6674725196801354,-1.422041359045169,0.48853116760827275,2.2585752379168027,2.1897491461489307,2.0570979962874105,0.15141478722116578,-1.2907918122951874,0.8582028569060445
0.7723271789720417,-0.7630492467459136,1.9474899874519307,-1.160867996361652,0.3819948636133843,1.7548517665764043,2.2589160612434815,2.1900690758883834,-0.09485202714736185,-1.0126158686134603,0.6468078750174158
0.6720160345709776,-0.639426160732271,2.033649208304791,-1.2479257839228226,0.3819948636133843,1.8201968514236138,1.7549747218632075,2.259266318868446,-0.20450417333683632,-1.2907918122951874,0.5675514299560794
0.5967826762701796,-0.9690877234353156,2.1198084291576507,-1.422041359045169,0.3819948636133843,1.8201968514236138,1.8203480694505136,1.7551040143746555,-0.30168292463610813,-1.1980664977346132,0.5081090961600774
0.49647153186911547,-0.8042569420837933,2.0551890135180058,-1.4800798840859495,0.275458559618497,1.8201968514236138,1.8203480694505136,1.8205060264672162,-0.3545217537148186,-1.4762424414163402,0.3887306469098976
0.3710826013677854,-0.8866723327595563,1.7751715457462105,-1.334983571483996,0.275458559618497,1.8880157575808292,1.8203480694505136,1.8205060264672162,-0.32733720097003277,-1.1517038404543218,0.29150054949097254
0.35316989701045254,-0.9690877234353156,2.270587065650156,-1.2769450464432155,0.275458559618497,1.8880157575808292,1.8881963083130557,1.8205060264672162,-0.5909788088122419,-0.9662532113331732,0.2776105355739833
0.22419842563765588,-1.4635800674898827,0.590482259019385,-0.3773479083110976,0.0675828445065213,1.8880157575808292,1.8881963083130557,1.8883840150101885,0.15886243686671267,1.0273410517192212,0.10711350047990278
0.16687777169419069,-1.2987492861383603,0.52586284337974,-1.334983571483996,0.0675828445065213,-0.3411335081521595,1.8881963083130557,1.8883840150101885,0.15043255305689446,-0.6880772676514418,0.06430711964025045
0.12030474036512523,-1.1751262001247176,0.3966240121004499,-0.5224442209130513,0.0675828445065213,-0.3411335081521595,-0.3419170982804377,1.8883840150101885,0.1854441884919921,0.4709891643557625,0.02952693520803299
0.03432375944992746,-0.845464637421673,0.504323038166525,-0.6095020084742246,-0.03635501304946657,-0.3411335081521595,-0.3419170982804377,-0.3427072380577558,0.056377393996813324,-0.03900006572740886,-0.0672080980029551
0.016411055092594592,-1.0515031141110749,0.31046479124758986,-0.8416561086373516,-0.03635501304946657,-0.31334283700611776,-0.3419170982804377,-0.3427072380577558,0.15257290466813553,-0.17808803756827454,-0.08032858206304751
-0.06598738495113661,-1.7108262395171643,0.07352693390222476,-1.0738102088004786,-0.03635501304946657,-0.31334283700611776,-0.31411440724770434,-0.3427072380577558,0.22485568668112207,0.19281322067403117,-0.1406828087394725
-0.04449213972233716,-1.7932416301929273,0.030447323475794742,-0.7429906160680233,-0.03635501304946657,-0.31334283700611776,-0.31411440724770434,-0.31489235627125806,0.26743946621072584,0.8140728282298942,-0.12493822786736183
-0.055239762336736886,-1.5872031535035254,0.1596861547550848,-0.8996946336781321,-0.14029287060545442,-0.31334283700611776,-0.31411440724770434,-0.31489235627125806,0.1823153511216581,0.33190119251490097,-0.16405343049343205
-0.04807468059380374,-1.4635800674898827,0.78434050593832,-0.7255790585557881,-0.14029287060545442,-0.2844438639200549,-0.31411440724770434,-0.31489235627125806,-0.18144600228154698,0.4709891643557625,-0.15890784085031448
-0.05882230320820346,-1.3811646768141197,1.0858977789233302,-0.6675405335150051,0.0675828445065213,-0.2844438639200549,-0.28520293491755444,-0.31489235627125806,-0.37139265346831574,0.4709891643557625,-0.10424300491588057
-0.08031754843700291,-1.1339185047868379,1.4520744675479855,-0.5804827459538344,0.59506747160316,0.13269743488784588,-0.28520293491755444,-0.28596820701570796,-0.6146681780336493,0.33190119251489686,0.0364398784224904
0.11672219949365865,-1.422372372152003,1.3874550519083404,-0.5224442209130513,1.3720029568341685,-0.035389382826651765,0.13211878382765932,-0.28596820701570796,-0.3625222627841077,0.7491651080374938,0.4498544034432197
0.34242227439605283,-0.6806338560701506,1.4089948571215554,-1.0447909462800884,1.4863346001457551,-0.23494264765633152,-0.03604073398438767,0.1315364964020252,-0.16901907646502456,-0.919890554052886,0.6995976232005444
0.5358794814552478,-0.5570107700565116,1.4520744675479855,-0.5514634834334441,1.3720029568341685,0.4905910195244451,-0.2356803086271549,-0.03669675496597086,-0.03972981123006892,-0.27081335212884894,0.8382053410248166
0.693511279799777,-0.4745953793807486,1.4951540779744155,-0.6095020084742246,1.1459381166498945,0.5288991971515901,0.49016716286675327,-0.236423866347295,0.049469978661180455,-0.4562639812500018,0.8929779111392158
1.1664066748333648,-0.5982184653943913,1.6243929092537055,-1.0157716837596955,0.9224717229045212,1.0828601480162878,0.5284919093616316,0.48974187030249755,0.2674930440585304,-0.966253211333169,1.2116043134869061
1.0947558574040333,-0.35097229336710595,1.6459327144669205,-1.131848733841259,0.7042022220369467,1.1841901015296659,1.082692456737906,0.5280834211976065,0.22245135723182818,-1.429879784136053,1.0494643726387263
-0.3848335225116617,0.10231235534957778,1.1074375841365454,0.14499881705593687,-0.24163228172254175,1.6296047984856998,1.1840662369927575,1.082526971037248,-0.7990265580117875,0.10008790611345682,-0.42661060491785135
-0.4457367173265934,-0.1449338166777039,1.2151366102026202,0.057941029494766184,-0.3403732464007302,0.7498580226196672,1.6296735825595445,1.1839452010466867,-0.9711357148355376,0.23917587795432246,-0.4938662318608803
-0.4206589312263274,-0.06251842600194457,1.1505171945629753,0.11597955453554665,-0.3403732464007302,0.286956549573757,0.7495463028723686,1.6297479337944858,-0.8844129301274719,0.23917587795432246,-0.4765479624314152
-0.40274622686899453,0.061104660011698106,1.0858977789233302,0.028921766974373375,-0.3403732464007302,0.286956549573757,0.286444617919875,0.7492347412855828,-0.8108827396028367,-0.03900006572740886,-0.46417776998179733
-0.4349890947121937,-0.10372612133982424,1.1289773893497603,-0.029116758066407088,-0.3403732464007302,0.286956549573757,0.286444617919875,0.28592999834123806,-0.8916501655797292,0.05372524883316963,-0.4864441163911095
-0.47081450342685943,-0.18614151201558357,1.1935968049894052,-0.08715528310719013,-0.4417126575178187,0.286956549573757,0.286444617919875,0.28592999834123806,-0.997136305370166,0.05372524883316551,-0.535844085554607
-0.4815621260412592,-0.021310730664061233,1.3012958310554803,-0.058136020586797316,-0.4417126575178187,0.3292495297785147,0.286444617919875,0.28592999834123806,-1.0947827813408397,-0.08536272300769604,-0.5431161427022829
0.28510162045258763,-1.5872031535035254,2.464445312569091,-0.8706753711577419,0.17152070206250916,0.3292495297785147,0.3287558904799069,0.28592999834123806,-0.7597216979481636,0.3782638497951881,0.18871188140572867
0.24211112999498874,-1.4635800674898827,2.335206481289801,-0.9867524212393054,0.17152070206250916,1.9567014037680912,0.3287558904799069,0.3282598232890454,-0.7395801849080492,0.05372524883316963,0.15599147189047197
0.28151907958112105,-1.6696185441792846,2.464445312569091,-0.8416561086373516,0.17152070206250916,1.9567014037680912,1.956911662083851,0.3282598232890454,-0.7636082927853338,0.5173518216360496,0.18598518061279065
0.22778096650912244,-1.545995458165642,2.550604533421951,-0.6385212709946149,0.0675828445065213,1.9567014037680912,1.956911662083851,1.9571294986686507,-0.8685394006253557,0.7028024507572026,0.10978889928238107
0.10239203600779237,-1.4635800674898827,2.701383169914456,-2.495754072299631,-0.03635501304946657,2.0280212070478663,1.956911662083851,1.9571294986686507,-1.1042990741487173,-2.2875889438213823,-0.017350258574604278
-0.3597557364113957,-1.6696185441792846,2.701383169914456,-1.6251761966879033,-0.03635501304946657,2.10212966343731,2.0282623122600465,1.9571294986686507,-1.8617687450042941,-0.734439924931729,-0.3558587473249879
-0.3131827050823302,-1.545995458165642,2.464445312569091,-1.422041359045169,-0.03635501304946657,2.10212966343731,2.1024028216806676,2.0285114342411483,-1.6094239707202582,-0.5489892958105803,-0.3217454887687475
-0.40274622686899453,-1.422372372152003,2.313666676076586,-0.8706753711577419,-0.14029287060545442,1.1359406632599391,2.1024028216806676,2.102684452338475,-1.6778549860212086,0.19281322067403528,-0.41361452818462424
-0.4099113086119277,-0.9690877234353156,1.9259501822387157,-0.1742130706683608,-0.14029287060545442,1.193738609432065,1.135795930109319,2.102684452338475,-1.417315957995378,0.795527765317781,-0.41876011782774153
-0.399163685997528,-0.721841551408034,2.0767288187312207,-0.08715528310719013,-0.14029287060545442,0.2082836271973186,1.1936188747696188,1.1356537288945818,-1.50375488578631,0.6564397934769154,-0.41104173336306543
-0.4457367173265934,0.019896964673818438,1.9905695978783606,0.11597955453554665,-0.24163228172254175,0.2082836271973186,0.20773766831150356,1.193502027405682,-1.5318386076770611,0.146450563393744,-0.469497786392478
-0.4385716355836603,-0.1449338166777039,1.8828705718122856,-9.749554601685544e-05,-0.24163228172254175,0.24736115064129888,0.20773766831150356,0.20718853779142224,-1.4403117410390311,0.146450563393744,-0.4644522356307571
-0.3776684407687285,0.14352005068745746,1.9690297926651457,-0.3773479083110976,-0.24163228172254175,0.24736115064129888,0.24683209337694945,0.20718853779142224,-1.3885418664375908,-0.7808025822120161,-0.42156505415613066
-0.3490081137969959,-0.021310730664061233,2.0551890135180058,-0.31930938327031716,-0.24163228172254175,0.7498580226196672,0.24683209337694945,0.2463001047410467,-1.3966279954722352,-0.5026266385302931,-0.40138285110924743
-0.2988525415964639,-0.30976459802922623,2.1628880395840806,0.11597955453554665,-0.24163228172254175,0.7498580226196672,0.7495463028723686,0.2463001047410467,-1.3814138482245581,0.5173518216360496,-0.36606399577720233
-0.3382604911825962,-0.22734920735346692,1.9474899874519307,-0.029116758066407088,-0.24163228172254175,0.7498580226196672,0.7495463028723686,0.7492347412855828,-1.3040897911402796,0.19281322067403528,-0.39381452496666647
-0.3669208181543288,-0.639426160732271,1.2582162206290504,0.17401807957632712,-0.24163228172254175,0.7498580226196672,0.7495463028723686,0.7492347412855828,-0.8769094624093172,0.9809783944389298,-0.4139967280135494
-0.8971368671313817,0.6792200900799078,0.9351191424308252,0.3191143921782834,-0.4417126575178187,0.7498580226196672,0.7495463028723686,0.7492347412855828,-1.6921703172314189,-0.27081335212884894,-0.8243023524124153
-0.9114670306172481,0.8028431760935468,0.8489599215779652,0.4351914422598469,-0.4417126575178187,-1.2396573705095024,0.7495463028723686,0.7492347412855828,-1.6475993400580073,-0.22445069484855762,-0.8339984286093165
-0.9365448167175141,0.7204277854177875,0.8274201163647501,0.5512684923414104,-0.5404536221960066,-1.2396573705095024,-1.2408295858335692,0.7492347412855828,-1.6959561899481688,0.05372524883316963,-0.8686580533639534
-0.979535307175113,0.8852585667693098,0.9135793372176102,0.4932299673006274,-0.5404536221960066,-1.3356667920534055,-1.2408295858335692,-1.2420138752555623,-1.9101222545173584,-0.22445069484856173,-0.8971614392634152
-0.9974480115324458,0.7616354807556671,0.8920395320043951,0.40617217973945413,-0.5404536221960066,-1.3356667920534055,-1.336880532908188,-1.2420138752555623,-1.9437229581507245,-0.22445069484856173,-0.9090378500548575
-1.029690879375645,0.6792200900799078,0.8704997267911802,0.3771529172190639,-0.6391945868741951,-1.3356667920534055,-1.336880532908188,-1.3381069381614599,-2.02520354182504,-0.17808803756827454,-0.946839721725157
-1.0117781750183121,0.9264662621071895,0.9566589476440401,0.4642107047802372,-0.6391945868741951,-1.3267227662990981,-1.336880532908188,-1.3381069381614599,-2.057839128495743,-0.3171760094091361,-0.9352069953883986
-0.5460478617276575,-0.927880028097436,1.1289773893497603,-0.6675405335150051,-0.3403732464007302,-1.3267227662990981,-1.3279326387271138,-1.3381069381614599,-1.0797653007132624,-0.03900006572740474,-0.5631393095787405
-0.5603780252135238,-0.4745953793807486,1.1935968049894052,-0.4644056958722709,-0.3403732464007302,0.286956549573757,-1.3279326387271138,-1.3291551205625212,-1.1557736332522506,-0.22445069484856173,-0.5730354635384348
-0.5496304025991241,-0.721841551408034,1.0858977789233302,-0.2612708582295341,-0.3403732464007302,0.286956549573757,0.286444617919875,-1.3291551205625212,-1.0531776986253363,0.3782638497951881,-0.5656133480686641
-0.5317176982417912,-0.845464637421673,1.0212783632836853,-0.1742130706683608,-0.4417126575178187,0.286956549573757,0.286444617919875,0.28592999834123806,-0.9723136620894067,0.6564397934769154,-0.5770524093914368
-0.5962034339281895,-0.927880028097436,1.1505171945629753,-0.08715528310719013,-0.4417126575178187,0.3292495297785147,0.286444617919875,0.28592999834123806,-1.1900710146968747,0.8882530798783554,-0.6206847522774918
-0.6320288426428553,-1.0927108094489584,1.3874550519083404,0.08696029201515641,-0.4417126575178187,-0.4029070236892264,0.3287558904799069,0.28592999834123806,-1.451877257631458,1.3518796526812398,-0.6449249427697447
-0.6499415470001881,-0.9690877234353156,1.3228356362686953,-9.749554601685544e-05,-0.4417126575178187,-0.4029070236892264,-0.40371733179971503,0.3282598232890454,-1.4377904362228937,1.0737037089995083,-0.657045038015871
-0.6642717104860545,-0.8042569420837933,1.1505171945629753,-0.08715528310719013,-0.4417126575178187,-0.4029070236892264,-0.40371733179971503,-0.40453456936510457,-1.326950022118988,0.7491651080374897,-0.6667411142127722
-0.7287574461724527,-0.5570107700565116,1.0643579737101152,-0.1742130706683608,-0.4417126575178187,-0.4029070236892264,-0.40371733179971503,-0.40453456936510457,-1.3940305926444228,0.33190119251490097,-0.7103734570988273
-0.811155886216184,-0.4333876840428689,1.1289773893497603,-0.029116758066407088,-0.4417126575178187,-0.71668840374683,-0.40371733179971503,-0.40453456936510457,-1.6472820424818142,0.42462650707547533,-0.7661258952310087
-0.861311458416716,0.6380123947420245,1.1074375841365454,0.4351914422598469,-0.4417126575178187,-0.71668840374683,-0.7176344270624104,-0.40453456936510457,-1.7589751962124012,-0.03900006572740474,-0.8000621619201626
-0.886389244516982,0.8852585667693098,1.1505171945629753,0.4932299673006274,-0.4417126575178187,-0.71668840374683,-0.7176344270624104,-0.7185893090740263,-1.8695741034757254,-0.22445069484856173,-0.8170302952647396
-0.8935543262599152,0.7616354807556671,1.1935968049894052,0.5222492298210176,-0.4417126575178187,-0.71668840374683,-0.7176344270624104,-0.7185893090740263,-1.9315990034992594,-0.03900006572740886,-0.82187833336319
-0.8756416219025823,0.9264662621071895,1.1074375841365454,0.4351914422598469,-0.4417126575178187,-0.71668840374683,-0.7176344270624104,-0.7185893090740263,-1.798254455883926,-0.3635386666894233,-0.8097582381170637
-0.8792241627740489,0.8028431760935468,1.0428181684969002,0.6383262799025812,-0.4417126575178187,-1.1350635771569677,-0.7176344270624104,-0.7185893090740263,-1.7465610215657275,0.10008790611345682,-0.812182257166289
-0.9078844897457815,0.9676739574450691,0.9997385580704702,0.4932299673006274,-0.4417126575178187,-1.1350635771569677,-1.1361905540793373,-0.7185893090740263,-1.784776233416069,-0.3171760094091361,-0.8315744095600912
-0.8935543262599152,0.8440508714314302,1.0212783632836853,0.5512684923414104,-0.4417126575178187,-1.2396573705095024,-1.1361905540793373,-1.1373289620192548,-1.7654648130276966,-0.08536272300769604,-0.82187833336319
-0.10539533453726892,1.0500893481208322,1.1720569997761903,0.6963648049433642,-0.9276221415920611,-1.2396573705095024,-1.2408295858335692,-1.1373289620192548,-0.47495815490038,-0.08536272300769604,-0.4312970417463536
-0.1519683658663344,1.2149201294723508,1.3659152466951254,0.4351914422598469,-1.0211662133924502,-0.6018379084037653,-1.2408295858335692,-1.2420138752555623,-0.6500535599905307,-0.6880772676514377,-0.48656339351892847
-0.18421123370953355,1.2973355201481176,1.2366764154158354,0.3191143921782834,-1.0211662133924502,-0.5767698919434997,-0.6027342571385037,-1.2420138752555623,-0.609701432980112,-0.9662532113331732,-0.5058054875906359
-0.2522795102673985,0.9264662621071895,1.3012958310554803,0.057941029494766184,-1.1147102851928392,-0.5767698919434997,-0.5776553983809848,-0.6036387584269951,-0.7404333512847182,-0.966253211333169,-0.572006858629716
-0.280939837239131,0.7616354807556671,1.3874550519083404,-0.20323233318875364,-1.1147102851928392,-0.5505952555046081,-0.5776553983809848,-0.5785489032450133,-0.8372356650289596,-1.1980664977346132,-0.5887415679177009
-0.3275128685681965,0.6380123947420245,1.2582162206290504,-0.6675405335150051,-1.2082543569932283,-0.5505952555046081,-0.5514694410149181,-0.5785489032450133,-0.8181025144076108,-1.8007810423783548,-0.6405450353342397
-0.3418430320540628,0.9264662621071895,1.5597734936140604,-0.4063671708314878,-1.2082543569932283,-0.5232390680791329,-0.5514694410149181,-0.5523514640206632,-1.0453013621295832,-1.7080557278177804,-0.6487277028125769
-0.6391939243857885,0.3495585273768631,0.8920395320043951,0.028921766974373375,-0.7353371051134842,-0.5232390680791329,-0.5241014216235491,-0.5523514640206632,-1.065633848120862,-0.3635386666894274,-0.7144109237480131
-0.667854251357521,0.5968046994041448,0.547402648592955,-0.8416561086373516,-0.7353371051134842,-1.3176465523846335,-0.5241014216235491,-0.5249714444676901,-0.836649518696101,-2.032594328779799,-0.732643651157424
-0.6929320374577871,0.8440508714314302,0.3966240121004499,-0.4644056958722709,-0.7353371051134842,-1.3176465523846335,-1.3188524992124981,-0.5249714444676901,-0.7557948706461434,-1.7080557278177844,-0.7485972876406585
-0.7466701505297857,0.061104660011698106,0.22430557039472984,0.34813365469867363,-0.7353371051134842,-1.3176465523846335,-1.3188524992124981,-1.3200709996439173,-0.7044124637268964,0.4709891643557625,-0.7827836515333039
-0.9150495714887146,0.3495585273768631,0.3750842068872349,0.4642107047802372,-0.7353371051134842,-1.3176465523846335,-1.3188524992124981,-1.3200709996439173,-1.1931122665860325,0.33190119251489686,-0.8899009250635929
-1.0905940741905766,0.5555970040662651,0.24584537560794484,0.7834225925045374,-0.7353371051134842,-1.3176465523846335,-1.3188524992124981,-1.3200709996439173,-1.5318386076770611,0.6100771361966282,-1.0015763804462345
-1.0476035837329778,0.3083508320389798,0.31046479124758986,0.3191143921782834,-0.7353371051134842,-1.3176465523846335,-1.3188524992124981,-1.3200709996439173,-1.4755431365082339,0.1464505633937481,-0.9742272893321182
-1.029690879375645,0.6380123947420245,0.56894245380617,0.4351914422598469,-0.7353371051134842,-1.3176465523846335,-1.3188524992124981,-1.3200709996439173,-1.7016855522198078,-0.03900006572740474,-0.9628318347012365
-1.0762639107047105,0.8852585667693098,0.719721090298675,0.5512684923414104,-0.7353371051134842,-1.3176465523846335,-1.3188524992124981,-1.3200709996439173,-2.0173580879324966,-0.13172538028798322,-0.9924600167415292
-1.1085067785479097,1.338543215485997,0.590482259019385,0.6963648049433642,-0.7353371051134842,-1.3176465523846335,-1.3188524992124981,-1.3200709996439173,-1.9830214910261719,-0.40990132396971457,-1.0129718350771164
-1.0726813698332438,1.4621663014996362,0.7412608955118901,0.9285189051064886,-0.7353371051134842,-1.3176465523846335,-1.3188524992124981,-1.3200709996439173,-2.0290430959873875,-0.17808803756827454,-0.9901809258153528
-1.0905940741905766,1.5445816921753956,0.48278323295330994,1.0736152177084448,-0.7353371051134842,-1.3176465523846335,-1.3188524992124981,-1.3200709996439173,-1.7995353013079975,-0.03900006572740474,-1.0015763804462345
-0.9938654706609792,0.7204277854177875,1.1074375841365454,0.8414611175453179,-0.8314796233527726,-1.3176465523846335,-1.3188524992124981,-1.3200709996439173,-2.1568616450464355,0.5173518216360496,-0.9565075818273052
-0.8219035088305837,0.3907662227147428,1.2151366102026202,0.6963648049433642,-0.8314796233527726,-1.3081843385680594,-1.3188524992124981,-1.3200709996439173,-1.753635638073234,0.6564397934769154,-0.8493890257472548
-0.7968257227303177,0.5968046994041448,1.0643579737101152,0.7834225925045374,-0.8314796233527726,-1.3081843385680594,-1.3093861928449624,-1.3200709996439173,-1.5531477972198235,0.563714478916341,-0.8337675696522474
-0.5639605660849903,0.9264662621071895,1.0212783632836853,0.6093070173821908,-0.8314796233527726,-1.3081843385680594,-1.3093861928449624,-1.3106005425483152,-1.0290670094385432,-0.08536272300769604,-0.688711191627179
-0.3131827050823302,0.7616354807556671,1.0858977789233302,0.7834225925045374,-0.9276221415920611,-1.3081843385680594,-1.3093861928449624,-1.3106005425483152,-0.6813000016053831,0.3782638497951881,-0.5579796118882466
-0.6141161382855224,-0.30976459802922623,0.48278323295330994,-0.058136020586797316,-1.1147102851928392,-0.6018379084037653,-1.3093861928449624,-1.3106005425483152,-0.6920564052209534,0.23917587795432246,-0.7832825633905254
-0.5926208930567229,-0.5570107700565116,0.43970362252687994,-0.4934249583926611,-1.1147102851928392,-0.5505952555046081,-0.6027342571385037,-1.3106005425483152,-0.6232922535357044,-0.17808803756827044,-0.7707315314245367
-0.6929320374577871,-0.639426160732271,0.3320045964608049,-0.4063671708314878,-1.1147102851928392,-0.5505952555046081,-0.5514694410149181,-0.6036387584269951,-0.7015892545555095,0.05372524883316963,-0.8293030139324837
-0.7144272826865865,-0.2685569026913466,0.2889249860343749,-0.4644056958722709,-1.1147102851928392,-0.5505952555046081,-0.5514694410149181,-0.5523514640206632,-0.7026946239816704,-0.4562639812500018,-0.8418540458984725
-0.861311458416716,-0.5158030747186283,0.3535444016740199,0.5222492298210176,-1.2082543569932283,-0.5505952555046081,-0.5514694410149181,-0.5523514640206632,-1.0491733570394655,1.3982423099615229,-0.9453493989023
-1.0726813698332438,2.45115098960877,0.43970362252687994,1.4218463679531328,-1.2082543569932283,-0.5232390680791329,-0.5514694410149181,-0.5523514640206632,-1.6935798267659625,-0.5026266385302931,-1.0660437442077735
-1.029690879375645,2.2863202082572442,0.3750842068872349,1.305769317871572,-1.2991999823547173,-1.266871429594958,-0.5241014216235491,-0.5523514640206632,-1.4937097017593026,-0.5026266385302849,-1.0566234162095938
-1.0870115333191102,1.7918278642026808,0.2889249860343749,1.1606730052696157,-1.2991999823547173,-1.2557487233329692,-1.2680554154122563,-0.5249714444676901,-1.5694419948311102,-0.17808803756827454,-1.0886358582565054
-1.1013416968049765,1.91545095021632,0.3535444016740199,1.0445959551880546,-1.2991999823547173,-1.2557487233329692,-1.2569278984111432,-1.269251642649335,-1.687835074972175,-0.5026266385302849,-1.0966389687682334
-1.1228369420337758,2.162697122243605,0.43970362252687994,0.8704803800657082,-1.2991999823547173,-1.2557487233329692,-1.2569278984111432,-1.2581192465226865,-1.8586148113025476,-1.0589785258937476,-1.108643634535825
-1.0977591559335098,2.719001009304992,0.6766414798722451,1.65400046811626,-1.2991999823547173,-1.2557487233329692,-1.2569278984111432,-1.2581192465226865,-2.0436612168833794,-0.6880772676514418,-1.0946381911403014
-1.0905940741905766,2.719001009304992,0.633561869445815,2.3214435060852505,-1.2991999823547173,-1.2557487233329692,-1.2569278984111432,-1.2581192465226865,-1.9698877427095023,-0.5026266385302931,-1.0906366358844373
-0.5532129434705907,2.327527903595131,-0.6372866381338705,1.1316537427492255,2.2983491123019095,-1.2557487233329692,-1.2569278984111432,-1.2581192465226865,0.2659233271132851,-0.8271652394923116,0.21796171126638045
0.9514542225453704,0.5968046994041448,0.030447323475794742,1.537923418034699,2.2983491123019095,0.07172815796095387,-1.2569278984111432,-1.2581192465226865,0.8000484232571787,1.7691435682038326,1.9594847304097873
0.7221716067715096,-0.4745953793807486,0.1381463495418698,1.5089041555143088,2.2983491123019095,0.9889054055775175,0.07112313676395131,-1.2581192465226865,0.6620604231983516,2.3486767842074348,1.592408728271867
0.6720160345709776,-0.30976459802922623,0.504323038166525,1.4218463679531328,2.2983491123019095,0.7580274011567719,0.9886970774482902,0.07051410434038939,0.4764260639330763,2.3486767842074348,1.58607036735056
-0.7681653957585851,2.203904817581485,-0.7449856641999456,1.2767500553511817,1.2576713135225819,0.7200395269198522,0.757719214789572,0.9884903772291325,0.11114242995138698,-0.4562639812499977,-0.39313477359307425
0.0056634324781948695,-0.5158030747186283,0.8274201163647501,-1.160867996361652,0.7042022220369467,-0.208520445477441,0.7197149102209924,0.7574112368111715,-0.1547128924313061,-1.2907918122951916,0.14061883044919446
-0.012249271879138,-0.4333876840428689,0.9135793372176102,-0.9577331587189151,0.7042022220369467,1.2055759065159652,-0.20924667844515268,0.7193902683477754,-0.2220019383870017,-1.0589785258937476,0.12567071297897192
-0.02299689449353772,-0.18614151201558357,1.0212783632836853,-0.8416561086373516,0.59506747160316,1.2055759065159652,1.2054612916640102,-0.2099786457089492,-0.29566111334603257,-1.151703840454326,0.08341198088747809
-0.04090959885087059,-0.06251842600194457,0.9781987528572552,-0.7836175835965685,0.59506747160316,1.2600383330074905,1.2054612916640102,1.2053496368905376,-0.28875409470481367,-1.198066497734609,0.06873319886716953
-0.05165722146527031,-0.1449338166777039,0.9781987528572552,-0.6385212709946149,0.59506747160316,1.2600383330074905,1.2599472739808675,1.2053496368905376,-0.29987528437999766,-0.8735278967725947,0.05992592965498439
-0.062404844079670035,-0.22734920735346692,0.8920395320043951,-0.6095020084742246,0.48853116760827275,1.2600383330074905,1.2599472739808675,1.2598595098873746,-0.25978818150927196,-0.734439924931729,0.019199844528476517
-0.08031754843700291,-0.10372612133982424,0.8489599215779652,-0.5224442209130513,0.48853116760827275,1.3151670035953316,1.2599472739808675,1.2598595098873746,-0.25245700694739404,-0.734439924931729,0.004783985209274311
-0.015831812750604572,0.061104660011698106,0.8058803111515351,0.3771529172190639,2.2983491123019095,1.3151670035953316,1.3150997885547153,1.2598595098873746,-0.1627388021276421,0.5173518216360496,0.7635968562991376
0.016411055092594592,-0.1449338166777039,1.0428181684969002,-1.4800798840859495,2.2983491123019095,0.7580274011567719,1.3150997885547153,1.3150362073981858,-0.2683752130807561,-2.218044957900952,0.6852523041182242
-0.012249271879138,-0.2685569026913466,0.9566589476440401,-0.29029012074992433,2.2983491123019095,0.8775375283210155,0.757719214789572,1.3150362073981858,-0.24708258308379624,-0.17808803756827044,0.6178850953459453
-0.026579435365004296,-0.10372612133982424,0.78434050593832,-9.749554601685544e-05,2.2983491123019095,0.583551835081218,0.8772810318960794,0.7574112368111715,-0.16049948226666283,0.10008790611345682,0.6027561383593519
-0.10181279366580234,-0.22734920735346692,1.4089948571215554,-0.058136020586797316,2.0709850488981867,0.583551835081218,0.583168185385923,0.877025478651323,-0.6145813584816163,0.1464505633937481,0.45300434565745124
-0.08390008930846948,-0.18614151201558357,2.0551890135180058,0.028921766974373375,1.9514565127088,0.6591025497667312,0.583168185385923,0.5827836713406976,-0.9817868929164155,0.23917587795431836,0.43586819829411827
0.07731424990752635,-0.1449338166777039,2.3782860917162307,-0.029116758066407088,1.717596333207828,0.6987324070430706,0.6587515769011973,0.5827836713406976,-0.9568143561174494,0.10008790611345682,0.5235368872410993
0.055819004678726906,-0.22734920735346692,2.529064728208736,0.17401807957632712,1.6006662434573418,0.780144493404104,0.6983985746917605,0.6584002041987852,-1.0694534095872634,0.5173518216360496,0.4656605467038824
0.09522695426485922,0.019896964673818438,1.9690297926651457,-0.029116758066407088,1.3720029568341685,0.8229040925746687,0.7798458730146872,0.6980645861622328,-0.7070292447008056,-0.08536272300769604,0.4299389707467275
0.08806187252192607,0.061104660011698106,1.8397909613858556,-0.11617454562758035,1.2576713135225819,0.910820119555551,0.8226239663603047,0.7795475969979326,-0.6432910726891568,-0.27081335212884894,0.386676002191983
0.10239203600779237,0.22593544136322044,1.7105521301065656,-0.2612708582295341,1.1459381166498945,0.9570589733686093,0.9105780183560249,0.8223444474200459,-0.5557127828710651,-0.6880772676514418,0.36371451381194053
0.08089679077899292,0.061104660011698106,1.8182511561726407,-0.058136020586797316,1.1459381166498945,1.0038188567582749,0.9568368711745286,0.9103370649700574,-0.6393407649800197,-0.17808803756827044,0.3444685720909486
0.10239203600779237,-0.22734920735346692,1.3874550519083404,-0.3483286457907074,1.0342049197772085,1.0038188567582749,1.0036169789228326,0.9566162010871625,-0.37682594875878705,-0.3171760094091361,0.32770179905892655
0.03432375944992746,-0.1449338166777039,1.4089948571215554,-0.29029012074992433,0.9224717229045212,1.052214765360109,1.0036169789228326,1.0034168206907383,-0.45951643485316906,-0.3171760094091361,0.23283928849972096
0.02357613683552774,-0.021310730664061233,1.3443754414819105,-0.3773479083110976,0.8133369724707346,1.1023340893407259,1.0520338194890182,1.0034168206907383,-0.4340546158155206,-0.5953519530908674,0.18955708169855393
0.030741218578460888,-0.10372612133982424,1.1935968049894052,-0.6095020084742246,0.8133369724707346,1.1530413535285648,1.1021748208372717,1.0518548907767822,-0.3403326577977051,-0.8735278967725947,0.19564406286660865
0.012828514221128018,-0.35097229336710595,0.9781987528572552,-0.7836175835965685,0.7042022220369467,1.1530413535285648,1.1529040166858027,1.1020178776443592,-0.23474194739699805,-0.8735278967725947,0.14659807743728354
0.21703334389472273,-0.4745953793807486,0.9351191424308252,-0.23225159570914386,-0.03635501304946657,1.2055759065159652,1.1529040166858027,1.1527693169201372,-0.028331763023948003,0.146450563393744,0.06662083940998699
0.17762539430859042,-0.5570107700565116,0.8920395320043951,-0.1451938081479706,-0.03635501304946657,1.1359406632599391,1.2054612916640102,1.1527693169201372,-0.03787874853576108,0.3782638497951881,0.037755774477783915
0.12746982210805838,-0.4333876840428689,0.8274201163647501,-0.029116758066407088,-0.03635501304946657,1.1359406632599391,1.135795930109319,1.2053496368905376,-0.04512639180938463,0.42462650707547533,0.001018419109525218
0.08806187252192607,-0.30976459802922623,0.8704997267911802,-0.11617454562758035,-0.03635501304946657,1.1359406632599391,1.135795930109319,1.1356537288945818,-0.10332295554593234,0.146450563393744,-0.02784664582267815
0.04865392293579376,-0.10372612133982424,0.78434050593832,-0.20323233318875364,-0.03635501304946657,1.1359406632599391,1.135795930109319,1.1356537288945818,-0.09028924237350906,-0.22445069484856173,-0.056711710754881225
0.009245973349661443,-0.18614151201558357,0.7412608955118901,-0.2612708582295341,-0.03635501304946657,1.1359406632599391,1.135795930109319,1.1356537288945818,-0.10163884445932607,-0.22445069484856173,-0.08557677568708459
0.019993595964061164,-0.06251842600194457,0.6766414798722451,-0.3773479083110976,-0.03635501304946657,1.1359406632599391,1.135795930109319,1.1356537288945818,-0.05467820876696194,-0.5489892958105761,-0.07770448525102927
0.016411055092594592,-0.4745953793807486,0.8274201163647501,-0.08715528310719013,0.275458559618497,0.9427028632244651,1.135795930109319,1.1356537288945818,-0.14456694315461088,0.378263849795184,0.01647827393458434
0.04507138206432718,-0.35097229336710595,0.9135793372176102,-0.2612708582295341,0.275458559618497,1.4316854957242038,0.9424745517950495,1.1356537288945818,-0.16687964235009217,-0.03900006572740886,0.0387022962017672
0.019993595964061164,-0.2685569026913466,0.9566589476440401,-0.31930938327031716,0.275458559618497,1.4316854957242038,1.4316686766983329,0.9422475842058035,-0.2153734822885638,-0.22445069484856173,0.019256276717982124
0.22419842563765588,-0.39217998870498927,1.0212783632836853,-0.20323233318875364,0.275458559618497,1.4316854957242038,1.4316686766983329,1.4316562079542776,-0.0678490675977548,0.10008790611345682,0.17760243537166018
0.15613014907979098,-0.5570107700565116,1.0858977789233302,-1.2479257839228226,0.275458559618497,1.4316854957242038,1.4316686766983329,1.4316562079542776,-0.16085848046974313,-1.3835171268557618,0.12482038248710083
0.11672219949365865,-0.8042569420837933,0.9997385580704702,-0.4644056958722709,0.275458559618497,1.4316854957242038,1.4316686766983329,1.4316562079542776,-0.1491649976237099,0.146450563393744,0.09426235186972433
0.055819004678726906,-0.5982184653943913,1.1505171945629753,-0.5514634834334441,0.275458559618497,1.4316854957242038,1.4316686766983329,1.4316562079542776,-0.2906993917518136,-0.22445069484856173,0.04703630455196084
0.0988094951363258,-0.7630492467459136,1.0212783632836853,-0.6095020084742246,0.275458559618497,1.4316854957242038,1.4316686766983329,1.4316562079542776,-0.1773799324847305,-0.13172538028798322,0.08037233795273512
0.055819004678726906,-0.639426160732271,1.0858977789233302,-0.43538643335188065,0.275458559618497,1.4316854957242038,1.4316686766983329,1.4316562079542776,-0.2541952971657769,0.007362591552878325,0.04703630455196084
0.10239203600779237,-0.7630492467459136,0.9997385580704702,-0.31930938327031716,0.17152070206250916,0.9753552338675779,1.4316686766983329,1.4316562079542776,-0.16216174782405368,0.33190119251489686,0.04965014096588737
0.15613014907979098,-0.639426160732271,1.0212783632836853,-0.20323233318875364,0.17152070206250916,1.0268694685080253,0.9751410450836098,1.4316562079542776,-0.12588449763282128,0.378263849795184,0.09055065285995821
0.08089679077899292,-0.5570107700565116,0.9566589476440401,-0.11617454562758035,0.17152070206250916,1.0268694685080253,1.0266775604117067,0.9749284008983666,-0.1578854216505298,0.42462650707547533,0.03328993620825886
0.15971268995125754,-0.18614151201558357,0.78434050593832,-0.08715528310719013,0.17152070206250916,1.0268694685080253,1.0266775604117067,1.026487513642214,0.005298433506363037,0.05372524883316551,0.09327735365289624
0.16687777169419069,0.019896964673818438,0.8920395320043951,-0.11617454562758035,0.17152070206250916,1.0268694685080253,1.0266775604117067,1.026487513642214,-0.046867272624217915,-0.22445069484856173,0.09873075523877231
0.22419842563765588,-0.1449338166777039,0.719721090298675,-0.23225159570914386,0.0675828445065213,1.0268694685080253,1.0266775604117067,1.026487513642214,0.09084898552737254,-0.22445069484856173,0.10711350047990278
0.20270318040885643,-0.06251842600194457,0.8058803111515351,-0.1742130706683608,0.0675828445065213,1.0803593209678564,1.0266775604117067,1.026487513642214,0.028528290027006808,-0.22445069484855762,0.09106110766503304
0.22419842563765588,-0.22734920735346692,0.9135793372176102,-0.20323233318875364,0.0675828445065213,1.0803593209678564,1.080190548043853,1.026487513642214,-0.011171191481637656,-0.08536272300769604,0.10711350047990278
-0.3919986042545948,-0.639426160732271,0.00890751826257973,0.14499881705593687,-0.14029287060545442,1.0803593209678564,1.080190548043853,1.080023965321587,-0.03859668027413621,0.9346157371586425,-0.40589614371994814
-0.4099113086119277,-0.2685569026913466,0.07352693390222476,0.3191143921782834,-0.14029287060545442,0.2082836271973186,1.080190548043853,1.080023965321587,-0.10412290831207079,0.795527765317781,-0.41876011782774153
-0.4349890947121937,-0.06251842600194457,0.18122595996829982,0.26107586713750036,-0.14029287060545442,-0.2844438639200549,0.20773766831150356,1.080023965321587,-0.21043392731412697,0.4709891643557625,-0.43676968157865237
-0.4600668808124597,0.10231235534957778,0.31046479124758986,0.4351914422598469,-0.14029287060545442,-0.2844438639200549,-0.28520293491755444,0.20718853779142224,-0.3354463464056653,0.563714478916341,-0.45477924532956315
-0.4815621260412592,0.2671431367011001,0.3750842068872349,0.5802877548618006,-0.14029287060545442,-0.2844438639200549,-0.28520293491755444,-0.28596820701570796,-0.41138639834238416,0.6100771361966282,-0.4702160142589152
-0.5711256478279235,0.3907662227147428,0.43970362252687994,0.6383262799025812,-0.14029287060545442,-0.2844438639200549,-0.28520293491755444,-0.28596820701570796,-0.5897974570696619,0.5637144789163369,-0.5345358847978824
-0.5890383521852564,0.22593544136322044,0.590482259019385,0.5512684923414104,-0.14029287060545442,-0.2844438639200549,-0.28520293491755444,-0.28596820701570796,-0.7361551546712759,0.6100771361966282,-0.5473998589056758
-0.05165722146527031,0.18472774602534078,0.6981812850854601,0.17401807957632712,0.0675828445065213,-0.2844438639200549,-0.28520293491755444,-0.28596820701570796,-0.13391131336588555,0.05372524883316551,-0.09889220731092428
-0.04090959885087059,-0.1449338166777039,0.78434050593832,0.3191143921782834,0.0675828445065213,0.8908269437518543,-0.28520293491755444,-0.28596820701570796,-0.1744182682689407,0.6564397934769154,-0.09086601090348942
-0.05882230320820346,-0.18614151201558357,0.7412608955118901,-0.2612708582295341,0.0675828445065213,0.8908269437518543,0.8905761952006144,-0.28596820701570796,-0.1664573856168824,-0.22445069484856173,-0.10424300491588057
-0.09823025279433577,-0.021310730664061233,0.547402648592955,-0.1742130706683608,0.0675828445065213,0.8908269437518543,0.8905761952006144,0.8903264715376747,-0.08846956121990011,-0.27081335212884894,-0.13367239174314174
-0.20928901980979955,0.10231235534957778,0.590482259019385,-0.029116758066407088,-0.03635501304946657,0.6065283779278511,0.8905761952006144,0.8903264715376747,-0.22887031281810258,-0.17808803756827044,-0.2456466812202118
-0.2916874598535308,0.3495585273768631,0.633561869445815,0.08696029201515641,-0.03635501304946657,0.6528461631712537,0.6061546659357562,0.8903264715376747,-0.35080005576639306,-0.27081335212884894,-0.3060009078966368
-0.1913763154524667,0.5968046994041448,0.547402648592955,-0.29029012074992433,-0.03635501304946657,0.6528461631712537,0.6524924843236446,0.6057802308618061,-0.1823165399919875,-1.1517038404543218,-0.2325261971601194
-0.20928901980979955,0.10231235534957778,0.48278323295330994,-0.11617454562758035,-0.03635501304946657,0.6528461631712537,0.6524924843236446,0.6521383671726353,-0.16007578827433444,-0.3171760094091361,-0.2456466812202118
-0.08390008930846948,0.47318161339050213,0.633561869445815,0.26107586713750036,-0.03635501304946657,0.6528461631712537,0.6524924843236446,0.6521383671726353,-0.12658281342989794,-0.13172538028798322,-0.15380329279956492
-0.0946477119228692,0.2671431367011001,0.52586284337974,0.11597955453554665,-0.03635501304946657,0.6528461631712537,0.6524924843236446,0.6521383671726353,-0.07200039029656209,-0.13172538028798322,-0.16167558323562053
-0.19854139719539984,0.019896964673818438,0.56894245380617,0.29009512965789064,-0.03635501304946657,0.6528461631712537,0.6524924843236446,0.6521383671726353,-0.20357714140411942,0.4246265070754712,-0.2377743907841562
-0.255862051138865,-0.06251842600194457,0.52586284337974,0.34813365469867363,-0.03635501304946657,0.6528461631712537,0.6524924843236446,0.6521383671726353,-0.2383746558111293,0.6100771361966282,-0.27975993977645197
-0.2881049189820642,-0.10372612133982424,0.504323038166525,0.3191143921782834,-0.03635501304946657,0.6528461631712537,0.6524924843236446,0.6521383671726353,-0.2606371962103713,0.6100771361966282,-0.3033768110846182
-0.3024350824679305,-0.30976459802922623,0.3966240121004499,0.3771529172190639,-0.03635501304946657,0.6528461631712537,0.6524924843236446,0.6521383671726353,-0.20507250321666567,0.9346157371586425,-0.3138731983326921
-0.3310954094396631,-0.18614151201558357,0.2889249860343749,0.26107586713750036,-0.03635501304946657,0.6528461631712537,0.6524924843236446,0.6521383671726353,-0.16462760643963642,0.6100771361966241,-0.3348659728288399
-0.3454255729255294,-0.4333876840428689,0.22430557039472984,0.23205660461711014,-0.03635501304946657,0.6528461631712537,0.6524924843236446,0.6521383671726353,-0.13657099238854822,0.8418904225980682,-0.34536236007691373
-0.374085899897262,-0.5570107700565116,0.1381463495418698,0.4351914422598469,-0.14029287060545442,0.6528461631712537,0.6524924843236446,0.6521383671726353,-0.10911492124691381,1.3055169954009525,-0.39303216961215476
-0.9114670306172481,0.7204277854177875,0.05198712868900975,0.14499881705593687,-0.24163228172254175,0.2082836271973186,0.6524924843236446,0.6521383671726353,-0.8688453222225575,-0.5953519530908674,-0.7974585859043278
-0.8828067036455155,0.6380123947420245,0.11660654432865478,0.23205660461711014,-0.24163228172254175,-0.7576325933154379,0.20773766831150356,0.6521383671726353,-0.8705157512612437,-0.3635386666894233,-0.7772763828574448
-0.9043019488743149,0.8028431760935468,0.20276576518151482,0.29009512965789064,-0.3403732464007302,-0.9586313421067855,-0.7585963256138891,0.20718853779142224,-1.0001087137786633,-0.4562639812500018,-0.8105431585710986
-0.9114670306172481,0.9676739574450691,0.3320045964608049,0.34813365469867363,-0.3403732464007302,-0.9427931825338018,-0.9596820094120572,-0.7595691683480257,-1.142461598759337,-0.5489892958105761,-0.8154912355509456
-0.9186321123601812,0.8440508714314302,0.26738518082115986,0.26107586713750036,-0.3403732464007302,-1.2502306155606917,-0.9438369995948865,-0.9607430229658404,-1.0959056520409136,-0.5489892958105803,-0.8204393125307927
-0.9043019488743149,0.8852585667693098,0.3750842068872349,0.3191143921782834,-0.3403732464007302,-1.2502306155606917,-1.251407403973577,-0.9448910655257634,-1.1675826961088673,-0.502626638530289,-0.8105431585710986
-0.9257971941031143,0.7616354807556671,0.43970362252687994,0.4932299673006274,-0.3403732464007302,-1.3527097599029883,-1.251407403973577,-1.252596331492514,-1.2828926511558936,-0.08536272300769604,-0.82538738951064
-0.5997859747996561,0.5143893087283855,0.46124342774009497,-0.08715528310719013,-0.24163228172254175,-1.3527097599029883,-1.3539308720998071,-1.252596331492514,-0.6516932023991405,-0.7344399249317332,-0.5779771277694745
-0.5890383521852564,0.3495585273768631,0.590482259019385,-0.1742130706683608,-0.24163228172254175,-0.25513572133706935,-1.3539308720998071,-1.3551647534814308,-0.7361551546712759,-0.6880772676514418,-0.5704088016268933
-0.5747081886993901,0.6380123947420245,0.43970362252687994,0.057941029494766184,-0.24163228172254175,-0.25513572133706935,-0.2558821161184697,-1.3551647534814308,-0.5953197672628793,-0.6417146103711505,-0.5603177001034518
-0.6069510565425893,0.10231235534957778,0.56894245380617,-0.029116758066407088,-0.24163228172254175,-0.25513572133706935,-0.2558821161184697,-0.25663453180348933,-0.7488057216117471,-0.17808803756827044,-0.5830226785311953
-0.6141161382855224,0.2671431367011001,0.00890751826257973,0.14499881705593687,-0.24163228172254175,-0.25513572133706935,-0.2558821161184697,-0.25663453180348933,-0.3138535709520808,-0.08536272300769604,-0.588068229292916
-0.6212812200284555,0.10231235534957778,-0.42188858600172047,0.26107586713750036,-0.24163228172254175,-0.25513572133706935,-0.2558821161184697,-0.25663453180348933,0.021352609713153066,0.28553853523460965,-0.5931137800546368
-0.5747081886993901,0.22593544136322044,-0.35726917036207545,-9.749554601685544e-05,-0.24163228172254175,-0.25513572133706935,-0.2558821161184697,-0.25663453180348933,0.025669427993837878,-0.27081335212884894,-0.5603177001034518
-0.6391939243857885,0.4319739180526225,-0.2711099495092154,-0.1451938081479706,-0.24163228172254175,-0.25513572133706935,-0.2558821161184697,-0.25663453180348933,-0.12274781755776154,-0.734439924931729,-0.6057276569589387
-0.667854251357521,0.5968046994041448,-0.3357293651488604,-0.23225159570914386,-0.24163228172254175,-0.25513572133706935,-0.2558821161184697,-0.25663453180348933,-0.1076788627314099,-1.0589785258937476,-0.6259098600058217
-0.6893494965863205,0.3907662227147428,-0.3788089755752905,-0.11617454562758035,-0.24163228172254175,-0.25513572133706935,-0.2558821161184697,-0.25663453180348933,-0.10051756563690602,-0.6417146103711546,-0.6410465122909841
-0.7323399870439193,0.061104660011698106,-0.09879150780349533,0.34813365469867363,-0.24163228172254175,-0.25513572133706935,-0.2558821161184697,-0.25663453180348933,-0.4007911055827184,0.4709891643557625,-0.6713198168613088
-0.7645828548871185,0.10231235534957778,0.05198712868900975,0.6093070173821908,-0.24163228172254175,-0.25513572133706935,-0.2558821161184697,-0.25663453180348933,-0.585396680891643,0.8418904225980682,-0.6940247952890521
-0.7932431818588511,0.22593544136322044,0.3320045964608049,0.5512684923414104,-0.24163228172254175,-0.25513572133706935,-0.2558821161184697,-0.25663453180348933,-0.8873858410564104,0.6100771361966282,-0.7142069983359353
-0.7681653957585851,0.3495585273768631,0.18122595996829982,0.4932299673006274,-0.24163228172254175,-0.25513572133706935,-0.2558821161184697,-0.25663453180348933,-0.7055995887540846,0.378263849795184,-0.6965475706699126
-0.7789130183729848,0.10231235534957778,0.3535444016740199,0.6093070173821908,-0.24163228172254175,-0.7576325933154379,-0.2558821161184697,-0.25663453180348933,-0.8784123248986683,0.8418904225980682,-0.7041158968124936
-0.7717479366300517,0.2671431367011001,0.22430557039472984,0.7253840674637544,-0.24163228172254175,-0.7576325933154379,-0.7585963256138891,-0.25663453180348933,-0.7502285237615307,0.8418904225980682,-0.6990703460507729
-0.83623367231645,0.5143893087283855,0.1381463495418698,0.3771529172190639,-0.24163228172254175,-0.7576325933154379,-0.7585963256138891,-0.7595691683480257,-0.7959061023312853,0.007362591552878325,-0.7444803029062599
-0.9580400619463135,-1.6696185441792846,0.6766414798722451,0.26107586713750036,-0.7353371051134842,-0.7576325933154379,-0.7585963256138891,-0.7595691683480257,-1.6049149650929933,2.2791327982869998,-0.9172500161777091
-0.9759527663036464,-1.1751262001247176,0.52586284337974,-0.6965597960353979,-0.7353371051134842,-1.3176465523846335,-0.7585963256138891,-0.7595691683480257,-1.5008654365131517,0.19281322067403117,-0.928645470808591
-0.9902829297895127,-0.8866723327595563,0.43970362252687994,-0.43538643335188065,-0.8314796233527726,-1.3176465523846335,-1.3188524992124981,-0.7595691683480257,-1.4512778472113261,0.28553853523460965,-0.9542759452423042
-1.0117781750183121,-0.5982184653943913,0.3750842068872349,-0.31930938327031716,-0.8314796233527726,-1.3081843385680594,-1.3188524992124981,-1.3200709996439173,-1.4430333249414404,0.146450563393744,-0.9676657647523105
-0.9974480115324458,0.019896964673818438,0.547402648592955,0.23205660461711014,-0.9276221415920611,-1.3081843385680594,-1.3093861928449624,-1.3200709996439173,-1.5836054932557195,0.33190119251489686,-0.9751584204589634
-0.9831178480465795,0.9676739574450691,0.31046479124758986,0.40617217973945413,-1.0211662133924502,-1.2983109657248109,-1.3093861928449624,-1.3106005425483152,-1.2982124023264274,-0.4562639812500018,-0.9825818184784956
-0.9938654706609792,0.7204277854177875,0.56894245380617,0.5222492298210176,-1.1147102851928392,-1.2882837591407046,-1.2995085496182381,-1.3106005425483152,-1.5957996725425099,0.007362591552878325,-1.0050174614563252
-1.004613093275379,0.3495585273768631,0.2889249860343749,0.23205660461711014,-1.1147102851928392,-1.277813904565148,-1.2894770061152305,-1.3007185682330569,-1.332622463579621,-0.03900006572740886,-1.0112929774393196
-1.0153607158897786,0.5143893087283855,0.46124342774009497,0.4351914422598469,-1.2082543569932283,-1.277813904565148,-1.2790026231688039,-1.2906826261602642,-1.5443991563518273,0.10008790611345682,-1.0333130742944248
-1.0619337472188441,0.8028431760935468,0.20276576518151482,0.3191143921782834,-1.2082543569932283,-1.266871429594958,-1.2790026231688039,-1.280203650470524,-1.3988806046319853,-0.40990132396971046,-1.0599067435990206
-1.1085067785479097,1.6269970828511622,0.26738518082115986,0.5802877548618006,-1.2082543569932283,-1.266871429594958,-1.2680554154122563,-1.280203650470524,-1.612186244437862,-0.919890554052886,-1.0865004129036167
-1.1980703003345738,1.956658645554207,0.2889249860343749,0.6963648049433642,-1.2082543569932283,-1.266871429594958,-1.2680554154122563,-1.269251642649335,-1.9480692034166986,-1.1053411831740387,-1.137642084643224
1.6249719063810864,0.22593544136322044,1.0643579737101152,0.4932299673006274,0.7042022220369467,-1.266871429594958,-1.2680554154122563,-1.269251642649335,0.6577749619511835,0.5173518216360496,1.4919286497573139
1.4530099445506908,0.5143893087283855,1.5382336884008454,0.8994996425860984,2.2983491123019095,2.138439468849382,-1.2680554154122563,-1.269251642649335,0.4301678741510865,0.8418904225980641,2.476583143249284
-0.4278240129692606,2.2451125129193645,0.8058803111515351,1.7120389931570454,1.8345264229583138,1.5269059327822612,2.1387283316341863,-1.269251642649335,-0.6489937062695464,0.1928132206740394,0.060618506526191274
-0.280939837239131,1.5445816921753956,0.6981812850854601,1.5669426805550892,1.8345264229583138,0.024089763923506174,1.5269302980393515,2.1390258900792243,-0.3808230538433474,0.7491651080374938,0.2060673447782773
1.6321369881240193,1.6269970828511622,0.8274201163647501,0.9865574301472743,1.6006662434573418,0.3814329841626423,0.023464138398688328,1.5269595990278595,0.7395272776763339,-0.27081335212884894,1.9757859378783875
1.4960004350082896,0.8440508714314302,0.65510167465903,0.8704803800657082,1.2576713135225819,1.6354993705265346,0.38096191499937154,0.022834208749277034,0.7543500109012882,0.4246265070754712,1.6689589933364493
1.6679623968386852,1.1325047387965914,0.9781987528572552,0.9575381676268788,0.9224717229045212,1.8118172138557134,1.6355707040921728,0.38048873878655204,0.700827727860352,0.23917587795431836,1.6452343878483173
1.7252830507821504,1.2149201294723508,1.4089948571215554,1.0155766926676644,0.7042022220369467,2.002750223419066,1.8119648075622954,1.6356476410608634,0.5784017100922364,0.2391758779543266,1.5756381075905603
0.37824768311071855,-0.845464637421673,1.1074375841365454,-2.495754072299631,0.59506747160316,2.138439468849382,2.0029803985476144,1.8121190887376448,0.009667633106808543,-2.2875889438213823,0.4122166981423916
0.33525719265311965,-0.6806338560701506,1.0428181684969002,-2.4086962847384576,0.48853116760827275,1.6918475716188717,2.1387283316341863,2.00321843506996,0.009400193637944533,-2.2875889438213823,0.3392319214147653
0.30659686568138705,-0.639426160732271,0.9997385580704702,-2.3506577596976745,0.3819948636133843,1.7548517665764043,1.691943276635953,2.1390258900792243,0.009216878321257595,-2.2875889438213823,0.27883152294692615
0.25285875260938845,-0.8042569420837933,0.8920395320043951,-2.495754072299631,0.3819948636133843,1.8201968514236138,1.7549747218632075,1.692044931505157,0.022868154548387122,-2.2875889438213823,0.23637271309263916
0.17046031256565727,-0.927880028097436,0.7628007007251051,-2.495754072299631,0.275458559618497,1.6410556919888244,1.8203480694505136,1.7551040143746555,0.025669427993837878,-2.2875889438213823,0.13593239362069226
0.14538252646539124,-0.7630492467459136,0.78434050593832,-2.495754072299631,0.275458559618497,1.7054836528381785,1.6411294287477518,1.8205060264672162,-0.006534685525672696,-2.2875889438213823,0.11648637413690718
0.786657342457908,-1.2163338954625973,2.722922975127671,-2.495754072299631,1.8345264229583138,1.7054836528381785,1.7055852556671662,1.6412088030720005,-0.7955285292023118,-2.2875889438213823,1.26323207158612
0.7078414432856434,-1.0515031141110749,2.485985117782306,-2.495754072299631,1.8345264229583138,1.0961194246409147,1.7055852556671662,1.7056928921878238,-0.37697103134930754,-2.2875889438213823,1.1851863534996352
0.7221716067715096,-0.639426160732271,2.464445312569091,-2.292619234656894,1.6006662434573418,1.0961194246409147,1.095957468200738,1.7056928921878238,-0.35616516912887036,-2.2875889438213823,1.104031734791287
0.6899287389283105,-0.5570107700565116,2.658303559488026,-2.1475229220549403,1.2576713135225819,1.5616270725309103,1.095957468200738,1.095797798861102,-0.46760499578810266,-2.2875889438213823,0.9348275098567929
0.07373170903605977,-0.4333876840428689,0.43970362252687994,-1.131848733841259,0.0675828445065213,1.7341119192659766,1.5616664552074575,1.095797798861102,0.1252775000425588,-1.3371544695754747,-0.0052532492241847625
0.13463490385099153,-0.2685569026913466,0.3320045964608049,-1.1898872588820422,0.0675828445065213,0.13269743488784588,1.7342259042543167,1.5617109870935162,0.2315334055183151,-1.615330413257206,0.04022853041794615
0.11672219949365865,-0.639426160732271,0.48278323295330994,-1.1028294713208688,0.0675828445065213,0.13269743488784588,0.13211878382765932,1.7343460989512374,0.13531135592348567,-1.0589785258937476,0.026851536405554703
0.08806187252192607,-0.18614151201558357,0.24584537560794484,-1.0157716837596955,0.0675828445065213,0.13269743488784588,0.13211878382765932,0.1315364964020252,0.2446564977241457,-1.429879784136053,0.005448345985728392
0.030741218578460888,-0.4745953793807486,0.31046479124758986,-1.160867996361652,-0.03635501304946657,0.13269743488784588,0.13211878382765932,0.1315364964020252,0.164073578083077,-1.3371544695754787,-0.06983219481497364
-0.05165722146527031,-0.9690877234353156,0.3750842068872349,-1.3059643089636057,-0.03635501304946657,0.6528461631712537,0.13211878382765932,0.1315364964020252,0.05758557626578256,-1.0126158686134603,-0.1301864214913986
-0.04449213972233716,-0.845464637421673,0.4181638173136649,-1.2479257839228226,-0.14029287060545442,0.6528461631712537,0.6524924843236446,0.1315364964020252,0.03839416684735853,-1.0589785258937476,-0.15633504602875598
-0.11614295715166864,-1.7108262395171643,0.7628007007251051,-2.495754072299631,0.275458559618497,0.7010111183146914,0.6524924843236446,0.6521383671726353,-0.23742314559921898,-2.2875889438213823,-0.08630782905113658
-0.09823025279433577,-1.5872031535035254,0.633561869445815,-1.973407346932594,0.275458559618497,0.9753552338675779,0.700678271540561,0.6521383671726353,-0.14064738486046682,-1.3835171268557618,-0.07241781513414737
-0.11972549802313522,-1.4635800674898827,0.52586284337974,-2.3796770222180674,0.17152070206250916,0.9753552338675779,0.9751410450836098,0.7003452825985519,-0.09621677615130461,-2.1716823006206645,-0.11940530819627292
-0.08031754843700291,-1.2987492861383603,0.65510167465903,-2.495754072299631,-0.03635501304946657,0.5619535008779915,0.9751410450836098,0.9749284008983666,-0.13603198766967,-2.2875889438213823,-0.15117919598754667
-0.08748263017993606,-1.422372372152003,0.24584537560794484,-2.495754072299631,-0.3403732464007302,0.6528461631712537,0.5615605095756339,0.9749284008983666,0.10354482977738286,-2.2875889438213823,-0.2464623828685222
-0.11614295715166864,-1.545995458165642,-0.01263228695063528,-2.437715547258848,-0.3403732464007302,0.7993522712852401,0.6524924843236446,0.5611665211289948,0.23614348686828315,-2.1716823006206645,-0.26625469078791086
-0.15913344760926754,-1.4635800674898827,0.05198712868900975,-2.466734809779238,-0.24163228172254175,0.286956549573757,0.7990619585510258,0.6521383671726353,0.15993736210339884,-2.2875889438213823,-0.2676757559236471
-0.1483858249948678,-1.5872031535035254,0.09506673911543977,-2.3506577596976745,-0.14029287060545442,0.24736115064129888,0.286444617919875,0.7987721082858222,0.1425493191784037,-1.9862316714995076,-0.23094609585395776
-0.1627159884807341,-1.5047877628277624,0.1596861547550848,-2.3216384971772843,-0.14029287060545442,0.2082836271973186,0.24683209337694945,0.28592999834123806,0.08955684741902623,-2.032594328779799,-0.24123727514019236
-0.14480328412340124,-1.7108262395171643,-0.07725170259028032,-2.263599972136504,-0.14029287060545442,0.2082836271973186,0.20773766831150356,0.2463001047410467,0.252361522226759,-1.7080557278177844,-0.22837330103239897
-0.1627159884807341,-1.5872031535035254,-0.3357293651488604,-1.7702725092898597,-0.03635501304946657,0.2082836271973186,0.20773766831150356,0.20718853779142224,0.3989064572673047,-1.0589785258937476,-0.21153342266397165
-0.1483858249948678,-1.5047877628277624,-0.2711099495092154,-1.79929177181025,0.0675828445065213,-0.31334283700611776,0.20773766831150356,0.20718853779142224,0.36963025062270294,-1.1980664977346132,-0.1711279749778375
-0.2021239380668664,-0.639426160732271,-0.6157468329206556,-1.4800798840859495,0.17152070206250916,-0.3411335081521595,-0.31411440724770434,0.20718853779142224,0.5466668342922029,-1.6616930705374933,-0.18211942643384835
-0.11256041628020207,-0.7630492467459136,-0.14187111822992535,-1.596156934167513,0.17152070206250916,-0.08892885380405516,-0.3419170982804377,-0.31489235627125806,0.3178663402508154,-1.7080557278177804,-0.11395190661039685
-0.02299689449353772,-0.5570107700565116,0.24584537560794484,-1.7122339842490766,0.17152070206250916,-0.08892885380405516,-0.08960336159486748,-0.3427072380577558,0.15798200383966643,-2.125319643340373,-0.04578438678694507
0.12030474036512523,-0.4333876840428689,0.2889249860343749,-1.6251761966879033,0.17152070206250916,-0.08892885380405516,-0.08960336159486748,-0.09028286838951129,0.24462002571353095,-2.125319643340373,0.06328364493057756
0.13105236297952497,-0.35097229336710595,0.3750842068872349,-1.2479257839228226,0.0675828445065213,-0.08892885380405516,-0.08960336159486748,-0.09028286838951129,0.2053365803688848,-1.615330413257206,0.037553131615467854
-0.3203477868252633,-0.6806338560701506,1.0428181684969002,-1.1898872588820422,0.7042022220369467,0.13269743488784588,-0.08960336159486748,-0.09028286838951129,-0.6621086531785915,-1.151703840454326,-0.131436907508856
0.19195555779445672,-0.8042569420837933,0.8704997267911802,-0.9577331587189151,1.1459381166498945,0.781547014546231,0.13211878382765932,-0.09028286838951129,-0.014531738118611514,-0.6417146103711546,0.44390593764940633
-0.205706478938333,-0.9690877234353156,0.9135793372176102,-0.8416561086373516,1.4863346001457551,0.2134059441781469,0.7812490007684761,0.1315364964020252,-0.4310073108602844,-0.27081335212884894,0.18311996444561124
-0.12689057976606835,-0.8866723327595563,0.9566589476440401,-0.9287138961985248,1.4863346001457551,0.11505479339167535,0.2128622007721015,0.7809513399865896,-0.3676740699790754,-0.502626638530289,0.25738472583520944
-0.2773572963676645,-0.4745953793807486,0.8489599215779652,-0.5804827459538344,1.3720029568341685,0.11505479339167535,0.11446851162150665,0.21231531722564267,-0.4761784537008541,-0.40990132396971457,0.0847381373408636
-0.424241472097794,0.18472774602534078,0.9566589476440401,-0.1742130706683608,1.3720029568341685,0.14697827474762973,0.11446851162150665,0.11387848501256514,-0.7515455502806716,-0.502626638530289,-0.05135065275183264
-0.38841606338312823,-0.18614151201558357,1.0212783632836853,-0.2612708582295341,1.3720029568341685,0.14697827474762973,0.1464058003672388,0.11387848501256514,-0.7440293105644554,-0.22445069484856173,-0.018158264924345593
-0.11256041628020207,-1.0927108094489584,0.18122595996829982,-0.5804827459538344,-0.03635501304946657,0.14697827474762973,0.1464058003672388,0.1458297774251562,0.1208796578303807,0.28553853523460965,-0.17479606729571295
-0.09823025279433577,-1.3811646768141197,0.24584537560794484,-0.08715528310719013,-0.03635501304946657,0.6528461631712537,0.1464058003672388,0.1458297774251562,0.09415282152208113,1.3982423099615229,-0.16429968004763879
-0.1770461519666004,-0.8866723327595563,0.1381463495418698,-0.23225159570914386,-0.14029287060545442,0.6528461631712537,0.6524924843236446,0.1458297774251562,0.09000128164111494,0.6100771361966282,-0.25152845442642724
-0.2164541015527327,-1.1339185047868379,0.4181638173136649,-0.29029012074992433,-0.14029287060545442,0.7010111183146914,0.6524924843236446,0.6521383671726353,-0.12621522087477827,0.795527765317781,-0.2798291974635728
-0.2451144285244653,-1.33995698147624,0.52586284337974,-0.8126368461169614,-0.14029287060545442,0.7010111183146914,0.700678271540561,0.6521383671726353,-0.2264451820967756,0.19281322067403117,-0.30041155603604225
-0.3848335225116617,-0.06251842600194457,0.6766414798722451,-1.4800798840859495,-0.14029287060545442,0.7010111183146914,0.700678271540561,0.7003452825985519,-0.49776775033850046,-2.2875889438213823,-0.40075055407683086
-0.3669208181543288,-0.1449338166777039,0.633561869445815,-1.3059643089636057,-0.14029287060545442,0.7010111183146914,0.700678271540561,0.7003452825985519,-0.44426834138962273,-1.9398690142192245,-0.38788657996903747
-0.3382604911825962,-0.22734920735346692,0.7412608955118901,-1.0738102088004786,-0.14029287060545442,0.7010111183146914,0.700678271540561,0.7003452825985519,-0.4812553572009363,-1.4762424414163402,-0.367304221396568
-0.2737747554961979,-0.4333876840428689,0.78434050593832,-0.9287138961985248,-0.14029287060545442,0.7010111183146914,0.700678271540561,0.7003452825985519,-0.4290774437348922,-1.0126158686134603,-0.32099391460851173
-0.3310954094396631,-0.30976459802922623,0.65510167465903,-0.9867524212393054,-0.14029287060545442,0.7010111183146914,0.700678271540561,0.7003452825985519,-0.41347757454494916,-1.2444291550149003,-0.3621586317534507
-0.2701922146247313,0.14352005068745746,0.8274201163647501,-0.8996946336781321,-0.24163228172254175,0.7010111183146914,0.700678271540561,0.7003452825985519,-0.45307279608533235,-1.615330413257202,-0.3458817927303191
-0.2630271328817982,0.5143893087283855,0.8704997267911802,-1.131848733841259,-0.24163228172254175,0.7498580226196672,0.700678271540561,0.7003452825985519,-0.4725352748863723,-2.2875889438213823,-0.3408362419685984
-0.3131827050823302,-0.2685569026913466,0.9997385580704702,-0.029116758066407088,-0.24163228172254175,0.7498580226196672,0.7495463028723686,0.7003452825985519,-0.6232922535357044,0.23917587795432246,-0.3761550973006438
-0.2952700007249973,-0.1449338166777039,0.8489599215779652,-0.20323233318875364,-0.24163228172254175,0.7498580226196672,0.7495463028723686,0.7492347412855828,-0.49876824084368815,-0.17808803756827454,-0.36354122039634185
-0.3203477868252633,-0.35097229336710595,0.9566589476440401,-0.11617454562758035,-0.24163228172254175,0.7498580226196672,0.7495463028723686,0.7492347412855828,-0.6038840537142586,0.19281322067403117,-0.38120064806236453
-0.3024350824679305,-0.5570107700565116,1.0858977789233302,-0.3483286457907074,-0.24163228172254175,0.7498580226196672,0.7495463028723686,0.7492347412855828,-0.6665563656376728,0.05372524883316963,-0.36858677115806254
-0.3346779503111296,-0.4745953793807486,0.9997385580704702,-0.7255790585557881,0.17152070206250916,0.24736115064129888,0.7495463028723686,0.7492347412855828,-0.6526238549607669,-0.6417146103711546,-0.28300735577255687
-0.8756416219025823,0.019896964673818438,0.24584537560794484,-0.058136020586797316,-0.5404536221960066,1.0268694685080253,0.24683209337694945,0.7492347412855828,-0.9785133844781893,-0.13172538028798322,-0.8282782566730494
-0.9043019488743149,0.10231235534957778,0.2889249860343749,-0.1451938081479706,-0.6391945868741951,-0.16152804270179022,1.0266775604117067,0.2463001047410467,-1.083845704943765,-0.3635386666894233,-0.8654106373678485
-0.9687876845607132,-0.06251842600194457,0.1596861547550848,-0.1742130706683608,-0.7353371051134842,-0.6728674098394839,-0.16223395074270325,1.026487513642214,-1.1072636770492599,-0.22445069484855762,-0.9240872889562383
-0.8935543262599152,-0.18614151201558357,0.09506673911543977,-0.31930938327031716,-0.8314796233527726,-0.6501768750533219,-0.6737944799106929,-0.16294530415345435,-0.8724935392430474,-0.3171760094091402,-0.8940217574472757
-1.0225257976327118,-0.4333876840428689,0.05198712868900975,-0.11617454562758035,-0.8314796233527726,-1.0809633392160016,-0.651094131124154,-0.6747301392506564,-1.1286783418064967,0.28553853523460965,-0.9743606745073137
-1.0153607158897786,-0.5570107700565116,-0.01263228695063528,-0.23225159570914386,-0.8314796233527726,-1.0809633392160016,-1.0820669169650796,-0.6520198369541462,-1.0419772093612143,0.23917587795432246,-0.9698974013373115
-1.0476035837329778,-0.18614151201558357,0.07352693390222476,-0.31930938327031716,-0.8314796233527726,-1.0809633392160016,-1.0820669169650796,-1.0831815931039237,-1.2175222269844403,-0.3171760094091402,-0.9899821306023211
-0.5460478617276575,-0.1449338166777039,0.8704997267911802,0.08696029201515641,1.2576713135225819,-1.0809633392160016,-1.0820669169650796,-1.0831815931039237,-0.8817769910940804,0.28553853523460965,-0.1908407648120133
-0.5603780252135238,-0.2685569026913466,0.8704997267911802,-0.5224442209130513,1.2576713135225819,0.18000602747124234,-1.0820669169650796,-1.0831815931039237,-0.9061729865101191,-0.5489892958105761,-0.20389199118498488
-0.5532129434705907,-0.18614151201558357,0.9351191424308252,-0.3773479083110976,1.1459381166498945,0.18000602747124234,0.179447838094741,-1.0831815931039237,-0.9436307856949667,-0.40990132396971457,-0.22328670867831021
-0.5711256478279235,-0.10372612133982424,0.8920395320043951,-0.29029012074992433,1.0342049197772085,0.2134059441781469,0.179447838094741,0.17888630322308793,-0.9414928199630913,-0.3635386666894233,-0.2649695759268931
-0.5854558113137898,0.019896964673818438,0.8489599215779652,-0.23225159570914386,0.9224717229045212,0.2479744503223141,0.2128622007721015,0.17888630322308793,-0.9329919714022965,-0.40990132396971457,-0.30300358910402303
-0.6642717104860545,0.019896964673818438,0.7628007007251051,-1.0157716837596955,0.8133369724707346,0.28377396745132577,0.24744565831937682,0.21231531722564267,-1.007643135534976,-1.6616930705374933,-0.39479311043468696
-0.6714367922289876,0.10231235534957778,0.8058803111515351,-0.9287138961985248,0.59506747160316,0.3199934418712103,0.2832606592824148,0.246913938715674,-1.0569234000039556,-1.615330413257206,-0.4479599282476947
-0.6929320374577871,-0.06251842600194457,0.7412608955118901,-0.7836175835965685,0.3819948636133843,0.3964198557847292,0.3194957991742222,0.2827446436210857,-1.0448914897961947,-1.198066497734609,-0.5109023403428165
-0.7000971192007202,-0.10372612133982424,0.6981812850854601,-0.7255790585557881,0.275458559618497,0.4766381556626937,0.3959552686706976,0.3189956716752125,-1.0226532883231136,-1.0589785258937476,-0.5391222827449879
-0.7108447418151199,-0.22734920735346692,0.65510167465903,-0.5514634834334441,0.0675828445065213,0.5190249720109523,0.47620826417979883,0.39548866665181115,-1.0071850792292352,-0.6417146103711546,-0.5911655869669262
-0.7538352322727188,0.3083508320389798,0.56894245380617,-0.6965597960353979,-0.03635501304946657,0.6065283779278511,0.5186134134688866,0.47577685100309897,-1.0183124075102077,-1.4762424414163402,-0.6445093966470204
-0.811155886216184,0.3907662227147428,0.22430557039472984,-1.0447909462800884,-0.14029287060545442,0.6528461631712537,0.6061546659357562,0.5182005938424556,-0.825481320142897,-2.125319643340377,-0.7069131378423141
-0.8648939992881826,-1.0927108094489584,0.3320045964608049,-0.4644056958722709,-0.24163228172254175,0.7010111183146914,0.6524924843236446,0.6057802308618061,-1.0367299827607903,0.4709891643557625,-0.764662505953143
-0.8756416219025823,-0.6806338560701506,0.2889249860343749,-0.6095020084742246,-0.24163228172254175,0.24736115064129888,0.700678271540561,0.6521383671726353,-1.0195004380484762,-0.22445069484856173,-0.7722308320957241
-0.8971368671313817,-0.9690877234353156,0.1381463495418698,-0.4063671708314878,-0.3403732464007302,0.24736115064129888,0.24683209337694945,0.7003452825985519,-0.9217452193728194,0.42462650707547533,-0.8055950815912513
-0.9043019488743149,-0.6806338560701506,0.26738518082115986,-0.23225159570914386,-0.4417126575178187,-0.22543917213772577,0.24683209337694945,0.2463001047410467,-1.0629114571524896,0.378263849795184,-0.829150390510866
-0.8935543262599152,-0.4333876840428689,0.18122595996829982,-0.29029012074992433,-0.4417126575178187,-0.19371943698415756,-0.22617272271127553,0.2463001047410467,-0.955560634478829,0.007362591552882442,-0.82187833336319
-0.9580400619463135,-0.30976459802922623,0.24584537560794484,-9.749554601685544e-05,-0.4417126575178187,-0.19371943698415756,-0.1944392682912517,-0.2269121116033458,-1.1686382044008645,0.33190119251489686,-0.865510676249245
-0.03732705797940402,-0.1449338166777039,0.09506673911543977,1.0736152177084448,-0.14029287060545442,0.12006194307344574,-0.1944392682912517,-0.1951647428924904,0.23494371617437407,1.861868882764407,-0.15118945638563838
0.019993595964061164,0.18472774602534078,0.20276576518151482,0.8994996425860984,1.4863346001457551,0.7010111183146914,0.11947782697144338,-0.1951647428924904,0.21726763873113178,1.21279168084037,0.3957872356976425
-0.3203477868252633,0.3083508320389798,0.3750842068872349,1.305769317871572,1.9514565127088,0.4905910195244451,0.700678271540561,0.11888999681643103,-0.2108680073300136,1.7227809109235455,0.1979218712430233
-0.3454255729255294,-0.35097229336710595,0.9781987528572552,-1.9443880844122037,0.48853116760827275,0.6987324070430706,0.49016716286675327,0.7003452825985519,-0.652790511787047,-2.2875889438213823,-0.20857073271491802
-0.3310954094396631,-0.1449338166777039,1.0428181684969002,-1.973407346932594,0.48853116760827275,1.3151670035953316,0.6983985746917605,0.48974187030249755,-0.676965776068222,-2.2875889438213823,-0.19703804525955632
-0.3561731955399291,-0.021310730664061233,0.9351191424308252,-1.8863495593714232,0.3819948636133843,1.3151670035953316,1.3150997885547153,0.6980645861622328,-0.6381256633992356,-2.2875889438213823,-0.24482713192261643
-0.3705033590257954,-0.18614151201558357,0.8058803111515351,-1.7412532467694668,0.3819948636133843,1.3723439528366408,1.3150997885547153,1.3150362073981858,-0.5684855088383907,-2.2875889438213823,-0.256149481217093
-0.3955811451260614,-1.2163338954625973,0.6981812850854601,-1.9153688218918135,0.275458559618497,1.3723439528366408,1.3723014676936092,1.3150362073981858,-0.5273368298075997,-1.7080557278177844,-0.30299204615616954
-0.44931925819806,-2.081695497558089,0.43970362252687994,-1.8283110343306401,0.275458559618497,1.4316854957242038,1.3723014676936092,1.3722629679791776,-0.4152083476344479,-0.5953519530908674,-0.3446620879071375
-0.474397044298326,-1.7932416301929273,0.3750842068872349,-1.7702725092898597,0.17152070206250916,0.9753552338675779,1.4316686766983329,1.3722629679791776,-0.40169558179390985,-0.8271652394923075,-0.38934868669714146
0.06298408642166005,-1.2163338954625973,2.335206481289801,-2.495754072299631,1.6006662434573418,1.0268694685080253,0.9751410450836098,1.4316562079542776,-0.9508056255225752,-2.2875889438213823,0.472524753027403
-0.03016197623647087,-0.6806338560701506,2.464445312569091,-2.292619234656894,1.4863346001457551,1.5616270725309103,1.0266775604117067,0.9749284008983666,-1.1500468651668252,-2.2875889438213823,0.34852784208608006
-0.1376382023804681,-0.4333876840428689,2.529064728208736,-2.466734809779238,1.3720029568341685,1.6171996979227552,1.5616664552074575,1.026487513642214,-1.3497749550431768,-2.2875889438213823,0.21418844986806257
-0.21287156068126614,-0.35097229336710595,2.313666676076586,-2.495754072299631,1.2576713135225819,1.2927410419595116,1.617263116602494,1.5617109870935162,-1.3354271960990944,-2.2875889438213823,0.11260024835957809
-0.23794934678153215,-0.5570107700565116,1.8828705718122856,-2.495754072299631,1.0342049197772085,1.3455854463172927,1.292664127350418,1.6173320261722957,-1.0978018701379484,-2.2875889438213823,0.0282136042522624
-0.205706478938333,-0.06251842600194457,1.6674725196801354,-2.0894843970141572,1.0342049197772085,1.4543349228790072,1.3455313877144224,1.292590708742508,-0.9117196675488333,-2.2875889438213823,0.056586170076051726
-0.22361918329566585,0.10231235534957778,1.6243929092537055,-2.1475229220549403,0.9224717229045212,1.4543349228790072,1.4543279000738394,1.3454811500191997,-0.9096668033921566,-2.2875889438213823,0.00982953597099504
-0.2343668059100656,0.2671431367011001,1.4736142727612005,-2.2055614470957208,0.8133369724707346,1.5116141502854261,1.4543279000738394,1.454325366807337,-0.8276165038920529,-2.2875889438213823,-0.029574240351411405
-0.255862051138865,0.3495585273768631,1.5382336884008454,-2.1185036595345474,0.7042022220369467,1.5695653093572417,1.5116319016147002,1.454325366807337,-0.9002451592155805,-2.2875889438213823,-0.07762368461605496
-0.3024350824679305,0.22593544136322044,1.3012958310554803,-2.031445871973377,0.59506747160316,1.4599932416978056,1.5696081254415926,1.511654494655996,-0.8107700726442373,-2.2875889438213823,-0.1455770186293366
-0.6212812200284555,-0.10372612133982424,-0.7019060537735156,-0.43538643335188065,-0.14029287060545442,1.519123876174319,1.4599886662013304,1.5696561395425992,0.24582716030873786,-0.5953519530908674,-0.570555012299704
-0.5997859747996561,0.019896964673818438,-0.6372866381338705,-0.4644056958722709,-0.14029287060545442,-0.38298936214352963,1.5191448755739188,1.4599886150329062,0.21737583282203965,-0.7808025822120203,-0.5551182433703519
-0.6069510565425893,0.10231235534957778,-0.5942070277074406,-0.3773479083110976,-0.24163228172254175,-0.38298936214352963,-0.3837910555633661,1.519170762858044,0.17542981603911753,-0.734439924931729,-0.5830226785311953
-0.5890383521852564,-0.021310730664061233,-0.5295876120677955,-0.29029012074992433,-0.24163228172254175,-0.35563509573274316,-0.3837910555633661,-0.38459955597713413,0.14417547418618884,-0.4562639812500018,-0.5704088016268933
-0.6750193331004541,-0.06251842600194457,-0.42188858600172047,-0.5224442209130513,-0.24163228172254175,-0.35563509573274316,-0.3564249580175537,-0.38459955597713413,-0.04577589474335885,-0.7808025822120161,-0.6309554107675425
-0.7860781001159179,0.019896964673818438,-0.3788089755752905,-0.8416561086373516,-0.24163228172254175,-0.35563509573274316,-0.3564249580175537,-0.35722145911239667,-0.23872236818486436,-1.383517126855766,-0.7091614475742145
-0.8004082636017843,0.10231235534957778,-0.29264975472243043,-0.6095020084742246,-0.24163228172254175,-0.35563509573274316,-0.3564249580175537,-0.35722145911239667,-0.3384611913182489,-1.1053411831740347,-0.719252549097656
-0.5173875347559249,-0.8866723327595563,-0.2711099495092154,-1.5671376716471228,0.17152070206250916,-0.5566338445240906,-0.3564249580175537,-0.35722145911239667,0.025669427993837878,-1.5226050986966275,-0.4220690962123983
-0.4887272077841923,-0.6806338560701506,-0.40034878078850544,-1.4510606215655593,0.17152070206250916,0.09703753324795829,-0.5575106418157215,-0.35722145911239667,0.15333402108161662,-1.5689677559769188,-0.4002554898688936
-0.5102224530129917,-0.9690877234353156,-0.4865080016413655,-1.4800798840859495,0.17152070206250916,0.09703753324795829,0.09644345873956162,-0.5583953137302112,0.19531501279201757,-1.2907918122951874,-0.4166156946265221
-0.5639605660849903,-0.8866723327595563,-0.42188858600172047,0.057941029494766184,0.0675828445065213,0.09703753324795829,0.09644345873956162,0.0958455286157763,0.08820320886927496,1.0737037089995123,-0.4814742360653171
-0.6606891696145879,-0.7630492467459136,-0.5080478068545805,-0.9287138961985248,0.0675828445065213,-0.3411335081521595,0.09644345873956162,0.0958455286157763,0.04336838294464406,-0.6417146103711546,-0.5537100037322304
-0.7610003140156519,-0.721841551408034,-0.5942070277074406,-0.7545983210761783,0.0675828445065213,-0.8149644511921644,-0.3419170982804377,0.0958455286157763,-0.012134165104970278,-0.40990132396971046,-0.6286211702016221
-0.7932431818588511,-0.5982184653943913,-0.7019060537735156,-0.6675405335150051,0.0675828445065213,-1.0044968284081663,-0.8159529803885343,-0.3427072380577558,0.040162368772413685,-0.40990132396971046,-0.6526997594239266
-0.8326511314449834,-0.4333876840428689,-0.5726672224942255,-0.7836175835965685,0.0675828445065213,-1.2887953942321695,-1.0055673332317727,-0.8169509725175365,-0.13325996340115226,-0.7808025822120161,-0.6821291462511875
-0.8541463766737829,-0.6806338560701506,-0.6588264433470856,-0.7255790585557881,-0.03635501304946657,-1.2887953942321695,-1.289988862496631,-1.0066484663014486,-0.08529293206043673,-0.40990132396971457,-0.7179841073835377
-0.8398162131879165,-0.7630492467459136,-0.7880652746263757,-0.8996946336781321,-0.03635501304946657,-1.2795318371834892,-1.289988862496631,-1.291194706977317,0.05562150560289381,-0.5953519530908633,-0.7074877201354638
-0.861311458416716,-0.845464637421673,-0.7234458589867306,-1.0447909462800884,-0.03635501304946657,-1.2795318371834892,-1.2807212988190533,-1.291194706977317,-0.035170729649556635,-0.7344399249317332,-0.7232323010075746
-0.8541463766737829,-0.9690877234353156,-0.8096050798395906,-0.9577331587189151,-0.03635501304946657,-1.2795318371834892,-1.2807212988190533,-1.2819230797151515,0.05593188982682207,-0.4562639812500018,-0.7179841073835377
-0.6857669557148539,0.3083508320389798,-0.6803662485603006,-0.3773479083110976,-0.03635501304946657,-1.2795318371834892,-1.2807212988190533,-1.2819230797151515,0.1560612670078561,-0.966253211333169,-0.5946515572186694
-0.6606891696145879,0.2671431367011001,-0.7665254694131607,-0.4644056958722709,-0.03635501304946657,-0.9896751371302777,-1.2807212988190533,-1.2819230797151515,0.2557558423543116,-1.0589785258937476,-0.5762828795345399
-0.642776465257255,0.18472774602534078,-0.9173041059056657,-0.31930938327031716,-0.03635501304946657,-0.7964373370948035,-0.9907392313476486,-1.2819230797151515,0.3975463466231256,-0.7344399249317332,-0.5631623954744476
-0.6320288426428553,0.061104660011698106,-0.8311448850528057,-0.2612708582295341,-0.03635501304946657,-0.7964373370948035,-0.7974178530333789,-0.9918138626819833,0.33856166730272363,-0.502626638530289,-0.555290105038392
-0.6391939243857885,-0.021310730664061233,-0.7449856641999456,-0.3483286457907074,-0.14029287060545442,-0.7964373370948035,-0.7974178530333789,-0.7984077179932048,0.2613909356346133,-0.5489892958105803,-0.5834189864074973
-1.0762639107047105,-0.5570107700565116,0.6766414798722451,-0.1742130706683608,-1.0211662133924502,-0.7771713550374282,-0.7974178530333789,-0.7984077179932048,-1.9692868522636418,0.33190119251490097,-1.0381700902412057
-1.0368559611185781,-0.22734920735346692,0.7412608955118901,-0.08715528310719013,-1.1147102851928392,-1.1696981146078371,-0.7781435381466122,-0.7984077179932048,-1.9095924222987355,0.10008790611345682,-1.0301195253883026
-1.0726813698332438,-0.06251842600194457,0.8274201163647501,-0.029116758066407088,-1.1147102851928392,-1.1566107963883914,-1.1708400714928562,-0.779124951822838,-2.1248897443363655,0.007362591552882442,-1.0510379119982836
-1.0941766150620433,0.061104660011698106,0.9135793372176102,0.028921766974373375,-1.2082543569932283,-1.1566107963883914,-1.1577470928098228,-1.1719936723410556,-2.299607067267184,-0.03900006572740886,-1.0783177454252793
-1.054768665475911,-0.10372612133982424,0.9566589476440401,-0.058136020586797316,-1.2082543569932283,-1.142932702675654,-1.1577470928098228,-1.1588949527288805,-2.2043988958076777,0.007362591552882442,-1.055815409859852
-1.0225257976327118,0.019896964673818438,0.8920395320043951,-0.23225159570914386,-1.2082543569932283,-1.142932702675654,-1.1440630831141385,-1.1588949527288805,-2.0245900437410858,-0.40990132396971457,-1.0374044080335934
-1.0476035837329778,-0.021310730664061233,0.8058803111515351,-0.1451938081479706,-1.2082543569932283,-1.142932702675654,-1.1440630831141385,-1.145204942952394,-2.015041401876166,-0.22445069484856173,-1.0517240761206834
-0.7645828548871185,-0.22734920735346692,-0.40034878078850544,-0.31930938327031716,-0.24163228172254175,-1.142932702675654,-1.1440630831141385,-1.145204942952394,-0.18749316812900388,-0.27081335212884894,-0.6940247952890521
-0.7753304775015183,-0.39217998870498927,-0.2711099495092154,-2.495754072299631,-0.24163228172254175,-0.7576325933154379,-1.1440630831141385,-1.145204942952394,-0.31789852105121313,-2.2875889438213823,-0.7015931214316333
-0.7896606409873845,-0.5570107700565116,-0.3788089755752905,-0.8416561086373516,-0.24163228172254175,-0.7576325933154379,-0.7585963256138891,-1.145204942952394,-0.24419582571151585,-0.734439924931729,-0.7116842229550749
-0.8183209679591171,-0.22734920735346692,0.2889249860343749,-0.8996946336781321,-0.24163228172254175,-0.7576325933154379,-0.7585963256138891,-0.7595691683480257,-0.8986093305482367,-1.198066497734609,-0.731866426001958
-0.9222146532316478,-0.4745953793807486,0.78434050593832,-0.7836175835965685,-0.3403732464007302,-0.7576325933154379,-0.7585963256138891,-0.7595691683480257,-1.61353351145544,-0.734439924931729,-0.8229133510207164
-0.9831178480465795,-0.10372612133982424,1.0428181684969002,-0.9577331587189151,-0.3403732464007302,-0.9427931825338018,-0.7585963256138891,-0.7595691683480257,-2.0547163053665782,-1.429879784136053,-0.8649720053494173
-1.0117781750183121,0.18472774602534078,0.8704997267911802,-0.7255790585557881,-0.4417126575178187,-0.9427931825338018,-0.9438369995948865,-0.7595691683480257,-1.9667567872284388,-1.383517126855766,-0.9018709619876243
-1.0189432567612453,-0.021310730664061233,1.2151366102026202,-0.8416561086373516,-0.5404536221960066,-1.2396573705095024,-0.9438369995948865,-0.9448910655257634,-2.3564016853851855,-1.3371544695754787,-0.9232895430045883
-1.0332734202471117,0.061104660011698106,1.3012958310554803,-0.6965597960353979,-0.6391945868741951,-1.2289269057487133,-1.2408295858335692,-0.9448910655257634,-2.50064568938902,-1.1980664977346132,-0.9491662669925086
-1.054768665475911,-0.1449338166777039,1.1935968049894052,-0.7836175835965685,-0.7353371051134842,-1.2177468735558292,-1.230094479984053,-1.2420138752555623,-2.463983568419494,-1.1053411831740347,-0.9787854711844709
-1.0619337472188441,-0.06251842600194457,1.2366764154158354,-0.8416561086373516,-0.8314796233527726,-1.2064016061627483,-1.21890961225771,-1.2312740623425502,-2.5385206307326436,-1.2907918122951874,-0.9989086769423252
-1.0726813698332438,0.14352005068745746,1.3443754414819105,-0.6095020084742246,-0.8314796233527726,-1.1945738388920308,-1.2075594378644408,-1.220084290343877,-2.6999696344302366,-1.1517038404543218,-1.0056035866973283
-1.0977591559335098,0.9264662621071895,1.4951540779744155,0.29009512965789064,-0.9276221415920611,-1.1945738388920308,-1.195726554905021,-1.208729139195622,-2.7917361312616227,-0.5953519530908674,-1.0363155232860843
-1.0690988289617773,0.8852585667693098,1.6028531040404905,0.20303734209671992,-0.9276221415920611,-1.18223212283797,-1.195726554905021,-1.1968910678261195,-2.7917361312616227,-0.6880772676514418,-1.0188420653354784
-1.0261083385041785,0.6792200900799078,1.5382336884008454,0.11597955453554665,-0.9276221415920611,-1.18223212283797,-1.183379500871616,-1.1968910678261195,-2.727617706069365,-0.5953519530908674,-0.9926318784095693
-1.0476035837329778,0.9264662621071895,1.3874550519083404,0.17401807957632712,-0.9276221415920611,-1.18223212283797,-1.183379500871616,-1.1845385999320466,-2.6483654525254776,-0.7808025822120203,-1.0057369718725238
-1.0583512063473777,0.3495585273768631,1.1289773893497603,0.028921766974373375,-1.0211662133924502,-1.18223212283797,-1.183379500871616,-1.1845385999320466,-2.4064574818114046,-0.3635386666894274,-1.0274800379791462
-1.1371671055196422,-2.720414775295238,0.7628007007251051,0.17401807957632712,-1.2082543569932283,-1.1696981146078371,-1.183379500871616,-1.1845385999320466,-2.28903103218482,2.3486767842074348,-1.102865747860291
-1.1443321872625754,-0.06251842600194457,0.9135793372176102,-0.029116758066407088,-1.2082543569932283,-1.142932702675654,-1.1708400714928562,-1.1845385999320466,-2.495706285489791,0.007362591552882442,-1.1069570815994596
-1.1371671055196422,0.061104660011698106,0.8274201163647501,-0.11617454562758035,-1.2082543569932283,-1.142932702675654,-1.1440630831141385,-1.1719936723410556,-2.3651307733413787,-0.27081335212884894,-1.102865747860291
-0.7108447418151199,2.080281731567846,-1.498878846662471,2.060270143401733,-0.8314796233527726,-1.142932702675654,-1.1440630831141385,-1.145204942952394,0.8208759955018669,0.9346157371586425,-0.7802082916122222
-0.7681653957585851,1.9978663408920865,-1.1542419632510308,1.8861545682793868,0.59506747160316,-0.6265213405118867,-1.1440630831141385,-1.145204942952394,0.4720284382165959,0.7491651080374856,-0.5272253511573616
-0.6786018739719207,1.91545095021632,-0.7880652746263757,1.7120389931570454,2.190513585087572,-0.46719862143803226,-0.6274283652053143,-1.145204942952394,0.2539249159800903,0.5637144789163451,-0.1112752252581568
-0.16629852935220069,1.7918278642026808,-0.5295876120677955,1.6249812055958697,2.2983491123019095,-0.4007092209353497,-0.46803673663947243,-0.628343694215141,0.5174431589798916,0.5637144789163369,0.4893492407986924
0.2600238343523216,2.1214894269057254,-0.40034878078850544,1.5089041555143088,2.2983491123019095,0.21749656192271796,-0.4015185784628196,-0.4688821765837524,0.6988391492934911,0.007362591552882442,0.9464563885442667
0.83681291465844,2.2451125129193645,-0.14187111822992535,1.6249812055958697,2.2983491123019095,0.21749656192271796,0.21695458777087767,-0.40233485193230606,0.8289296911457872,0.05372524883316963,1.5648954707882796
0.6863461980568439,2.080281731567846,-0.3357293651488604,1.4218463679531328,1.9514565127088,0.21749656192271796,0.21695458777087767,0.21640949862921774,0.855958638186045,-0.08536272300770016,1.2109963848999574
-0.16629852935220069,0.8852585667693098,0.7628007007251051,1.0445959551880546,0.275458559618497,0.3471097292837501,0.21695458777087767,0.21640949862921774,-0.2909520152437586,0.6564397934769154,-0.12519986801870672
0.618277921498979,1.4621663014996362,-1.0034633267585258,2.6116361312891634,1.9514565127088,0.5190249720109523,0.3466238147922624,0.21640949862921774,1.1322427343911363,2.3486767842074348,1.1424966846882785
0.5645398084269804,1.2973355201481176,-0.9819235215453107,1.8861545682793868,1.8345264229583138,0.3471097292837501,0.5186134134688866,0.34613558221947144,1.1061657315123332,1.5373302818023844,1.0432850478878444
0.5752874310413801,1.5445816921753956,-1.0465429371849557,2.5245783437279874,1.717596333207828,0.3814329841626423,0.3466238147922624,0.5182005938424556,1.13923807133179,2.279132798287004,1.0086215754839227
0.5573747266840472,1.3797509108238768,-1.1542419632510308,2.379482031126031,1.6006662434573418,0.41689151759320714,0.38096191499937154,0.34613558221947144,1.1838164288773276,2.2327701410067085,0.9461549893503158
0.5358794814552478,1.668204778189042,-0.9603837163320957,2.495559081207597,1.3720029568341685,0.45354260259654866,0.4164357847833423,0.38048873878655204,1.0871493877049483,2.093682169165847,0.8382053410248166
0.13105236297952497,1.091297043458712,-1.3911798205963959,1.4508656304735281,1.1459381166498945,0.5288991971515901,0.45310272193672907,0.41597816293578554,1.1714156947789738,1.0737037089995123,0.3893757694399294
0.20628572128032302,1.2973355201481176,-0.9819235215453107,1.3928271054327426,1.0342049197772085,0.2134059441781469,0.5284919093616316,0.4526611775833115,0.9791292592146603,0.7491651080374856,0.41912451115780314
0.06656662729312662,1.1325047387965914,-0.7234458589867306,1.3347885803919621,0.9224717229045212,0.2479744503223141,0.2128622007721015,0.5280834211976065,0.7735397328358133,0.8418904225980682,0.2607155075658116
0.04148884119286061,1.0088816527829525,-0.5942070277074406,1.2767500553511817,0.8133369724707346,0.28377396745132577,0.24744565831937682,0.21231531722564267,0.6868756695522384,0.8882530798783554,0.2047745346186904
0.012828514221128018,0.9264662621071895,-0.4649681964281505,1.189692267790006,0.8133369724707346,0.3199934418712103,0.2832606592824148,0.246913938715674,0.5960943455166199,0.8418904225980641,0.18042660994647214
0.027158677706994313,1.2561278248102306,-0.2280303390827854,1.3638078429123524,0.7042022220369467,0.3199934418712103,0.3194957991742222,0.2827446436210857,0.46926348878618257,0.7491651080374938,0.15855657141346166
0.019993595964061164,1.3797509108238768,-0.18495072865635537,1.305769317871572,0.7042022220369467,0.3575181225764966,0.3194957991742222,0.3189956716752125,0.4397687866841167,0.5173518216360496,0.1525773244253726
-0.04090959885087059,0.6792200900799078,-0.09879150780349533,1.189692267790006,0.7042022220369467,0.3575181225764966,0.3570367098729421,0.3189956716752125,0.3464449410500392,1.1200663662797914,0.10175372502661595
-0.09823025279433577,0.9264662621071895,0.00890751826257973,1.0445959551880546,0.48853116760827275,0.3575181225764966,0.3570367098729421,0.3565530430826416,0.23764183653363732,0.6100771361966282,-0.009631874109927897
-0.055239762336736886,1.1325047387965914,-0.14187111822992535,1.2187115303104012,0.275458559618497,0.4357974776331868,0.3570367098729421,0.3565530430826416,0.36133926326773863,0.6564397934769195,-0.039081781733372796
-0.04807468059380374,1.0500893481208322,-0.09879150780349533,1.1316537427492255,0.275458559618497,0.5190249720109523,0.4353499219377315,0.3565530430826416,0.34112216025942477,0.6100771361966241,-0.03352577616657723
-0.11972549802313522,0.9676739574450691,0.22430557039472984,1.0155766926676644,0.275458559618497,0.5190249720109523,0.5186134134688866,0.43490059344524756,0.08825964093323564,0.5173518216360539,-0.08908583183453436
2.255499099759203,-1.7932416301929273,-0.6803662485603006,-1.79929177181025,1.2576713135225819,0.5190249720109523,0.5186134134688866,0.5182005938424556,1.3453283497644366,-0.8735278967725947,2.3606739911039476
2.2304213136589373,-1.2987492861383603,-0.6372866381338705,-1.9153688218918135,1.1459381166498945,2.200343686804396,0.5186134134688866,0.5182005938424556,1.3293173928948017,-1.615330413257206,2.269062744190131
2.022633943113876,-1.5047877628277624,-0.4865080016413655,-1.7412532467694668,1.1459381166498945,2.268479516886481,2.2006593241021886,0.5182005938424556,1.252092387116529,-1.1053411831740347,2.0830186408872104
1.9796434526562772,-1.33995698147624,-0.5295876120677955,-1.6832147217286864,1.1459381166498945,2.268479516886481,2.268824623964003,2.200984037669681,1.2579798427929256,-1.1980664977346132,2.0445267574452264
2.0118863204994764,-1.8756570208686867,-0.42188858600172047,-1.8283110343306401,1.0342049197772085,1.9523143518544297,2.268824623964003,2.2691792262348924,1.2305713021321603,-0.8271652394923075,2.00798819729
2.054876810957075,-1.7108262395171643,-0.35726917036207545,-1.9153688218918135,0.9224717229045212,2.0173031434054636,1.952522712703711,2.2691792262348924,1.2185021681675026,-1.151703840454326,1.9797490166414062
2.2268387727874708,-1.1751262001247176,-0.3141895599356454,-1.7412532467694668,0.8133369724707346,2.0846062356080055,2.017539612892588,1.9527386248488543,1.235050667569758,-1.4762424414163402,2.0613037908753413
1.3598638818925597,-1.7108262395171643,-1.9727545613532012,-2.495754072299631,1.2576713135225819,2.152698847517389,2.0848718147030993,2.0177840332501127,1.6545373935859142,-2.2875889438213823,1.5449723427932185
1.410019454093092,-1.5047877628277624,-1.865055535287126,-2.3796770222180674,1.2576713135225819,2.122638392214659,2.152993877699698,2.085145758472287,1.6206616943856973,-2.125319643340377,1.5906516350986193
1.3813591271213592,-1.5872031535035254,-1.7788963144342662,-1.6251761966879033,1.1459381166498945,2.122638392214659,2.12292042079421,2.153297691214046,1.587032681574814,-0.8271652394923034,1.5088480462109541
1.449427403679224,-1.6696185441792846,-1.9296749509267712,-1.9443880844122037,1.1459381166498945,2.1894382256284683,2.12292042079421,2.1232110478832737,1.6471276235355792,-1.2444291550149003,1.5697935283274285
1.5031655167512228,-1.7108262395171643,-2.145073003058921,-2.495754072299631,1.0342049197772085,1.9523143518544297,2.1897491461489307,2.1232110478832737,1.726396593381602,-2.1716823006206645,1.560332158736881
1.524660761980022,-1.4635800674898827,-2.0158341717796313,-2.495754072299631,1.0342049197772085,2.0173031434054636,1.952522712703711,2.1900690758883834,1.6833029802435815,-2.2875889438213823,1.579247202619407
1.5891464976664205,-1.1339185047868379,-2.101993392632491,-2.495754072299631,0.9224717229045212,2.0173031434054636,2.017539612892588,1.9527386248488543,1.7173448225427552,-2.2875889438213823,1.577092519020096
1.786186245597082,-1.2163338954625973,-1.8219759248606961,-2.495754072299631,1.717596333207828,2.0846062356080055,2.017539612892588,2.0177840332501127,1.639694340293045,-2.2875889438213823,2.18818002603122
1.9617307482989441,-1.545995458165642,-1.369640015383181,-2.263599972136504,1.9514565127088,1.6519516353502564,2.0848718147030993,2.0177840332501127,1.5140730115701238,-1.8935063569389372,2.494464452024045
2.2877419676024022,-1.422372372152003,-1.0896225476113859,-2.1185036595345474,1.717596333207828,1.5426268336654403,1.652030084769915,2.085145758472287,1.4669501221271426,-1.8007810423783548,2.525482757687079
2.276994344988003,-1.5872031535035254,-0.8311448850528057,-2.060465134493767,1.4863346001457551,1.9425540159989743,1.5426579984505564,1.652114238747086,1.3915792529274447,-1.5226050986966275,2.5224599482179553
2.2877419676024022,-1.545995458165642,0.9135793372176102,-0.1451938081479706,0.59506747160316,2.0678431692820793,1.9427581553549913,1.5426941956248603,0.8935207978302551,1.4909676245221013,1.9769748615072928
2.090702219671741,-1.0102954187731954,0.8058803111515351,-0.29029012074992433,0.59506747160316,1.432762028452043,2.0681014980967904,1.9429697859968038,0.8766258050987997,0.6564397934769154,1.8155082592838978
2.241168936273337,-1.0927108094489584,0.7628007007251051,-0.4063671708314878,0.59506747160316,1.432762028452043,1.4327456750429017,2.068368088520215,0.925909072611618,0.563714478916341,1.9388100282544902
2.2519165588877366,-1.5872031535035254,0.6981812850854601,-0.23225159570914386,0.48853116760827275,1.432762028452043,1.4327456750429017,1.4327336785344877,0.947060354922054,1.3982423099615269,1.8817288685694005
2.3020721310882686,-1.4635800674898827,0.4181638173136649,0.20303734209671992,0.48853116760827275,1.4910409087877607,1.4327456750429017,1.4327336785344877,1.03829550880197,1.9545941973249854,1.9220932746631667
2.2805768858594693,-1.2987492861383603,0.52586284337974,-0.058136020586797316,0.48853116760827275,1.4910409087877607,1.4910497618781122,1.4327336785344877,1.0029717541037502,1.3518796526812398,1.9047942434801237
2.2877419676024022,-1.1339185047868379,0.24584537560794484,0.028921766974373375,0.48853116760827275,1.4910409087877607,1.4910497618781122,1.491063330188774,1.0846639059292171,1.3055169954009485,1.9105605872078049
1.6142242837666865,-1.5872031535035254,0.18122595996829982,-1.6251761966879033,0.8133369724707346,1.4910409087877607,1.4910497618781122,1.491063330188774,0.9511189701192211,-0.8271652394923034,1.540866901006674
1.7324481325250836,-1.5047877628277624,0.07352693390222476,-1.6832147217286864,0.8133369724707346,1.986089265185919,1.4910497618781122,1.491063330188774,1.016683114950502,-1.0126158686134603,1.6413020902795743
1.6894576420674845,-1.628410848841405,-0.0557118973770653,-1.6251761966879033,0.8133369724707346,1.986089265185919,1.986312234197383,1.491063330188774,1.0488498893834801,-0.7808025822120161,1.6047802032712473
1.6751274785816184,-1.7932416301929273,0.05198712868900975,-1.5671376716471228,0.8133369724707346,1.986089265185919,1.986312234197383,1.9865429621650617,1.0098091208628133,-0.502626638530289,1.5926062409351378
1.7396132142680165,-1.7520339348550478,-0.03417209216385029,-1.3640028340043862,0.8133369724707346,1.986089265185919,1.986312234197383,1.9865429621650617,1.0534844154973821,-0.22445069484855762,1.6473890714476291
1.6822925603245515,-1.8756570208686867,-0.07725170259028032,-1.2769450464432155,0.8133369724707346,1.986089265185919,1.986312234197383,1.9865429621650617,1.0542796252262192,0.05372524883316551,1.5986932221031926
1.635719528995486,-1.545995458165642,-0.3141895599356454,-0.8706753711577419,0.8133369724707346,1.986089265185919,1.986312234197383,1.9865429621650617,1.122480706582619,0.33190119251489686,1.5591278445108374
1.6679623968386852,-1.834449325530807,-0.24957014429600038,-1.0157716837596955,0.8133369724707346,1.986089265185919,1.986312234197383,1.9865429621650617,1.1080660674623763,0.42462650707547533,1.5865192597670832
1.7826037047256156,-1.91686471620657,-0.14187111822992535,-1.160867996361652,0.8133369724707346,1.986089265185919,1.986312234197383,1.9865429621650617,1.0980178750132403,0.28553853523460965,1.6839109584559568
1.660797315095752,-1.834449325530807,-0.18495072865635537,-0.7836175835965685,0.7042022220369467,1.986089265185919,1.986312234197383,1.9865429621650617,1.0850039375494123,0.795527765317781,1.5218248846977596
1.5676512524376212,-1.7932416301929273,-0.24957014429600038,-0.3773479083110976,0.7042022220369467,1.7992163552735936,1.986312234197383,1.9865429621650617,1.0852735294742755,1.3982423099615269,1.444094673852602
1.61064174289522,-1.628410848841405,-0.3141895599356454,-0.4644056958722709,0.7042022220369467,1.7992163552735936,1.799358498917758,1.9865429621650617,1.1169401885546864,1.0737037089995083,1.4799701557811362
2.0405466474712086,-1.5872031535035254,-0.6803662485603006,-0.11617454562758035,0.7042022220369467,1.7992163552735936,1.799358498917758,1.799507252556065,1.3138094491203145,1.5836929390826797,1.8387249750664776
1.9402355030701448,-1.2987492861383603,-0.3357293651488604,-0.2612708582295341,0.7042022220369467,1.3751874633038594,1.799358498917758,1.799507252556065,1.1911289143770798,1.0273410517192212,1.7550155172332311
1.886497389998146,-1.4635800674898827,-0.07725170259028032,-0.31930938327031716,0.59506747160316,1.3751874633038594,1.3751462080222243,1.799507252556065,1.099754574226485,1.1200663662797954,1.6481701442523793
2.015468861370943,-1.33995698147624,0.030447323475794742,-0.43538643335188065,0.59506747160316,1.432762028452043,1.3751462080222243,1.3751089556521172,1.0934218829451385,0.7955277653177769,1.7538573747986015
2.2017609866872045,-1.6696185441792846,0.547402648592955,-0.3483286457907074,0.59506747160316,1.432762028452043,1.4327456750429017,1.3751089556521172,0.9794702529052953,1.3055169954009485,1.9065167078098118
1.7037878055533509,-0.5570107700565116,0.3535444016740199,-0.3773479083110976,0.48853116760827275,1.432762028452043,1.4327456750429017,1.4327336785344877,0.9176967575144439,0.007362591552882442,1.4406035734018132
1.6034766611522868,-0.4745953793807486,0.26738518082115986,-0.7836175835965685,0.48853116760827275,1.4910409087877607,1.4327456750429017,1.4327336785344877,0.9192024895027961,-0.734439924931729,1.359874761214281
1.3526988001496267,-0.35097229336710595,0.18122595996829982,-0.5804827459538344,0.48853116760827275,0.8754822406142598,1.4910497618781122,1.4327336785344877,0.8767030103589253,-0.5489892958105803,1.15805273074545
1.3885242088642924,-0.5158030747186283,0.24584537560794484,-0.43538643335188065,0.48853116760827275,0.8754822406142598,0.875224855246224,1.491063330188774,0.8644459887059334,-0.13172538028798736,1.1868844493838544
1.374194045378426,-0.4333876840428689,0.1381463495418698,-0.5224442209130513,0.48853116760827275,0.4357974776331868,0.875224855246224,0.8749684004217173,0.8986774043371504,-0.3635386666894233,1.175351761928493
1.324038473177894,-0.5570107700565116,0.030447323475794742,-0.6675405335150051,0.48853116760827275,0.4357974776331868,0.4353499219377315,0.8749684004217173,0.9227251125226,-0.4562639812499977,1.1349873558347265
1.2201447879053635,-0.39217998870498927,-0.03417209216385029,-0.7255790585557881,0.3819948636133843,-0.003887285347885538,0.4353499219377315,0.43490059344524756,0.9153858058835623,-0.734439924931729,1.0006312904698091
1.1807368383192312,-0.5982184653943913,0.07352693390222476,-0.8126368461169614,0.3819948636133843,0.028785257075719523,-0.004525011370760449,0.43490059344524756,0.8623810299658878,-0.6417146103711546,0.9694948299099991
1.1520765113474984,-0.721841551408034,0.00890751826257973,-0.8706753711577419,0.3819948636133843,0.028785257075719523,0.028161662422893006,-0.005167213531221634,0.8776888872535528,-0.5953519530908633,0.9468501313210453
1.123416184375766,-0.4333876840428689,0.05198712868900975,-0.7255790585557881,0.3819948636133843,0.028785257075719523,0.028161662422893006,0.027533792515059042,0.8517464511774977,-0.6880772676514418,0.9242054327320922
1.1377463478616323,-0.1449338166777039,0.1381463495418698,-0.6385212709946149,0.275458559618497,0.028785257075719523,0.028161662422893006,0.027533792515059042,0.8234376097467139,-0.8735278967725947,0.8859931451381147
1.0947558574040333,-0.22734920735346692,-0.01263228695063528,-0.5224442209130513,0.275458559618497,0.06269471015432722,0.028161662422893006,0.027533792515059042,0.8672261892031137,-0.5953519530908633,0.8526571117373404
1.524660761980022,0.3495585273768631,0.22430557039472984,-9.749554601685544e-05,0.7042022220369467,0.06269471015432722,0.06208578185416404,0.027533792515059042,0.9119656673398974,-0.40990132396971457,1.408219191924068
1.9688958300418773,0.061104660011698106,0.26738518082115986,-0.058136020586797316,2.2983491123019095,1.6296047984856998,0.06208578185416404,0.06147278678654521,1.0107202938248787,-0.17808803756827044,2.525482757687079
1.9187402578413453,-0.10372612133982424,0.3535444016740199,-0.08715528310719013,2.2983491123019095,1.8675989779184619,1.6296735825595445,0.06147278678654521,0.9722583634662375,-0.03900006572740886,2.525482757687079
1.86141960389788,-0.021310730664061233,0.43970362252687994,-0.029116758066407088,2.190513585087572,1.5375784947193134,1.8677706980838824,1.6297479337944858,0.9310390466312047,-0.03900006572740886,2.525482757687079
1.854254522154947,-0.2685569026913466,0.52586284337974,0.08696029201515641,1.8345264229583138,1.505974741936205,1.5376074760212817,1.867949448684481,0.9019381783603465,0.42462650707547533,2.320396798393963
2.0620418927000084,-0.5158030747186283,-0.6372866381338705,-1.7702725092898597,2.2983491123019095,1.6678685770235329,1.5059900541358517,1.5376414586734286,1.304123940607035,-2.264407615181243,2.525482757687079
1.6464671516098857,-0.7630492467459136,-1.1757817684642458,-2.495754072299631,2.2983491123019095,1.388190835764008,1.6679539107618315,1.5060101733744025,1.4121964154683933,-2.2875889438213823,2.525482757687079
1.4386797810648244,-0.639426160732271,-1.3050205997435358,-2.495754072299631,2.2983491123019095,1.4361158866160155,1.3881552046381465,1.6680450469207424,1.426060424978638,-2.2875889438213823,2.2720703233808366
1.3885242088642924,-0.845464637421673,-0.8526846902660207,-2.495754072299631,2.2983491123019095,1.486589136697091,1.4361009838013885,1.3881236563732386,1.2569010767455366,-2.2875889438213823,2.156445897282553
1.3670289636354929,-0.9690877234353156,0.504323038166525,-2.495754072299631,2.2983491123019095,1.5375784947193134,1.4865960643285059,1.4360904585082186,0.7649438683843491,-2.2875889438213823,2.074047205305554
1.3312035549208272,-1.1339185047868379,2.270587065650156,-2.495754072299631,2.190513585087572,1.589056766089815,1.5376074760212817,1.4866076798091301,0.11167639783510279,-2.2875889438213823,1.9774635129664222
0.8654732416301726,-1.2987492861383603,2.636763754274811,-2.495754072299631,1.9514565127088,1.642166453569887,1.5891080125247734,1.5376414586734286,-0.3205433859399365,-2.2875889438213823,1.3912587538780599
0.6003652171416461,-1.3811646768141197,2.722922975127671,-2.495754072299631,1.8345264229583138,1.4019777625617122,1.6422406707500419,1.5891645768168958,-0.7904490502933128,-2.2875889438213823,1.0787603742907919
0.5573747266840472,-1.2575415908004806,2.722922975127671,-2.495754072299631,1.8345264229583138,1.4534626448800505,1.4019480944907574,1.642320532324881,-0.743100563971927,-2.2875889438213823,1.0361899826072547
0.7651620972291086,0.019896964673818438,1.6674725196801354,-2.0894843970141572,1.8345264229583138,1.4534626448800505,1.4534552448014209,1.401922594047756,0.021022924307468483,-2.2875889438213823,1.2419468757443515
0.9514542225453704,-0.10372612133982424,1.5813132988272756,-2.3796770222180674,2.2983491123019095,1.810805865119187,1.4534552448014209,1.4534523288983767,0.17004517287344328,-2.2875889438213823,1.635307452694347
0.8941335686019052,-0.22734920735346692,1.4736142727612005,-2.466734809779238,2.2983491123019095,1.589056766089815,1.8109530214021043,1.4534523288983767,0.18159843614166885,-2.2875889438213823,1.732845362056031
0.8833859459875054,-0.1449338166777039,1.5382336884008454,-2.495754072299631,2.2983491123019095,1.4361158866160155,1.5891080125247734,1.811106858935652,0.14860705997130516,-2.2875889438213823,1.880701546210443
0.7508319337432422,-1.545995458165642,0.3535444016740199,-2.1765421845753306,2.2983491123019095,1.2946311547830391,1.4361009838013885,1.5891645768168958,0.5812553280083379,-1.7544183850980717,1.7272816611906667
0.9012986503448384,-1.7520339348550478,0.3966240121004499,-2.0894843970141572,2.2983491123019095,0.9889054055775175,1.2945550576764036,1.4360904585082186,0.6301816792816302,-1.3835171268557618,1.9014339631050075
1.0875907756611,-1.3811646768141197,0.56894245380617,-1.8573302968510303,2.2983491123019095,0.9889054055775175,0.9886970774482902,1.2944824681920473,0.6382668773687067,-1.429879784136053,2.117051098808477
2.426117608762799,-1.2575415908004806,0.719721090298675,-1.6541954592082961,2.2983491123019095,0.9889054055775175,0.9886970774482902,0.9884903772291325,0.981195830245923,-1.2444291550149003,2.525482757687079
2.12294508751494,-1.0515031141110749,1.0212783632836853,-1.160867996361652,2.2983491123019095,1.6510392259918616,0.9886970774482902,0.9884903772291325,0.8207408061043936,-0.688077267651446,2.525482757687079
2.198178445815738,-0.9690877234353156,1.1289773893497603,-0.7255790585557881,2.2983491123019095,1.7559901090048344,1.651117280780637,0.9884903772291325,0.8088267399527516,-0.08536272300769604,2.525482757687079
2.158770496229606,-0.8042569420837933,0.9997385580704702,-1.1028294713208688,2.2983491123019095,1.8115106840940178,1.7561135566419999,1.6512010345171024,0.8364748540613094,-0.8735278967725947,2.525482757687079
1.374194045378426,-0.4333876840428689,-0.18495072865635537,-1.0157716837596955,2.2983491123019095,1.8675989779184619,1.8116581452218299,1.75624334850275,1.0145634188959962,-1.1517038404543218,2.3867148814613395
1.4386797810648244,-0.22734920735346692,-0.42188858600172047,-2.0024266094529866,2.190513585087572,1.6510392259918616,1.8677706980838824,1.8118122919337534,1.1148624256486823,-2.2875889438213823,2.0891607716950094
1.5461560072088216,-0.22734920735346692,-0.6588264433470856,-2.495754072299631,1.2576713135225819,1.982645732654094,1.651117280780637,1.867949448684481,1.2203488871732213,-2.2875889438213823,1.71463828564185
1.1305812661186991,-0.35097229336710595,0.9351191424308252,-2.495754072299631,0.59506747160316,2.122638392214659,1.9828672122855198,1.6512010345171024,0.5144618434437476,-2.2875889438213823,1.028725542995355
0.8439779964013732,-0.4333876840428689,2.033649208304791,-2.3796770222180674,-0.03635501304946657,2.123656810230252,2.12292042079421,1.9830964297010798,-0.08299392333203848,-2.2875889438213823,0.5258377815132209
0.593200135398713,-0.18614151201558357,2.722922975127671,-2.495754072299631,-0.3403732464007302,2.5852241635259956,2.123939279291038,2.1232110478832737,-0.5904334342177514,-2.2875889438213823,0.22360493021695793
0.49288899099764893,-0.4333876840428689,1.5382336884008454,-2.3216384971772843,-0.3403732464007302,2.3365394364196885,2.5857062674663416,2.1242303531229387,-0.11229880351244222,-2.2875889438213823,0.15433185249909778
0.30659686568138705,-0.18614151201558357,0.8274201163647501,-2.1185036595345474,2.190513585087572,1.8241437147082058,2.3369139804444776,2.5861998140604214,0.09696380990835098,-2.2875889438213823,0.9126163130872252
0.9012986503448384,-0.5570107700565116,1.1505171945629753,-2.2055614470957208,2.2983491123019095,0.6207286163172687,1.8242966398133271,2.337298438119574,0.31903566758938456,-2.2875889438213823,1.9014339631050075
0.40332546921098456,-0.06251842600194457,0.3966240121004499,-2.3216384971772843,2.2983491123019095,0.3774539071664752,0.6203610461436113,1.8244563281749904,0.37700689194266684,-2.2875889438213823,1.1445320911597707
0.41765563269685085,-0.22734920735346692,0.2889249860343749,-2.1475229220549403,2.0709850488981867,1.486589136697091,0.3769811169920644,0.6199928401962876,0.43816733892557075,-2.2875889438213823,0.9843198226031185
0.38899530572511826,-0.4745953793807486,0.3750842068872349,-2.3796770222180674,1.4863346001457551,1.351025088920704,1.4865960643285059,0.37650619530330387,0.3789241495904098,-2.2875889438213823,0.7434813458398524
0.3710826013677854,-0.5982184653943913,0.3320045964608049,-2.4086962847384576,2.2983491123019095,1.6171996979227552,1.350973383045747,1.4866076798091301,0.3893732275323717,-2.2875889438213823,1.022584694737317
0.2349460482520556,-0.6806338560701506,0.24584537560794484,-2.234580709616111,2.2983491123019095,1.2538884557536163,1.617263116602494,1.350925531523323,0.3473286962302187,-2.2875889438213823,1.003638869660515
0.32809211091018653,-0.9690877234353156,-0.0557118973770653,-0.4644056958722709,0.8133369724707346,1.1162416642271966,1.2537947368118234,1.6173320261722957,0.5586156133840204,0.33190119251489686,0.44825378134087435
0.28151907958112105,-0.8042569420837933,0.05198712868900975,-0.5514634834334441,0.8133369724707346,1.5695653093572417,1.116088410960777,1.2537042749914966,0.4770808963692945,0.007362591552878325,0.4086884037485193
0.22419842563765588,-1.0515031141110749,-0.03417209216385029,-0.43538643335188065,0.8133369724707346,1.5695653093572417,1.5696081254415926,1.115937568513687,0.48759411834019256,0.4709891643557584,0.35999255440408273
0.13105236297952497,-0.8866723327595563,-0.09879150780349533,-0.5804827459538344,0.8133369724707346,1.1530413535285648,1.5696081254415926,1.5696561395425992,0.4645285378935426,0.05372524883316963,0.2808617992193729
0.0988094951363258,-1.5047877628277624,-0.2280303390827854,-0.4934249583926611,0.7042022220369467,1.1530413535285648,1.1529040166858027,1.5696561395425992,0.5153767091480317,0.8882530798783554,0.2183490412943518
0.12030474036512523,-0.8866723327595563,-0.12033131301671034,-0.5514634834334441,0.7042022220369467,0.781547014546231,1.1529040166858027,1.1527693169201372,0.46948820715537815,0.10008790611345682,0.236286782258619
0.06656662729312662,-0.7630492467459136,-0.07725170259028032,-0.6095020084742246,0.7042022220369467,0.781547014546231,0.7812490007684761,1.1527693169201372,0.41020193291258644,-0.13172538028798322,0.1914424298479514
1.4565924854221572,-1.3811646768141197,0.9997385580704702,-9.749554601685544e-05,2.190513585087572,0.781547014546231,0.7812490007684761,0.7809513399865896,0.6204985153317788,1.5373302818023884,2.107776981483107
-1.7820244623836254,-1.5872031535035254,1.4089948571215554,-0.9867524212393054,2.0709850488981867,1.982645732654094,0.7812490007684761,0.7809513399865896,-2.7917361312616227,0.19281322067403528,-1.2655264039116376
1.4136019949645584,-1.1339185047868379,0.719721090298675,-0.5514634834334441,1.8345264229583138,2.0429476280746774,1.9828672122855198,0.7809513399865896,0.7039267300831027,0.378263849795184,1.884050283637706
1.467340108036557,-0.9690877234353156,0.9351191424308252,-1.0157716837596955,1.717596333207828,2.1681490853583236,2.0431951891902975,1.9830964297010798,0.6470157188199946,-0.5489892958105761,1.8775862328397719
1.6213893655096197,-0.639426160732271,0.78434050593832,-0.7836175835965685,1.6006662434573418,2.2331563966476913,2.168450798002788,2.0434508588478617,0.7505542031842168,-0.5489892958105761,1.9654896283931065
1.535408384594422,-1.1339185047868379,0.590482259019385,-0.5514634834334441,1.4863346001457551,2.3003500524871514,2.2334862259400667,2.1687613889729276,0.7892625176568027,0.378263849795184,1.823696056961281
1.4888353532653564,-1.0102954187731954,0.8489599215779652,-0.3483286457907074,1.3720029568341685,2.3682721501882953,2.30070894405461,2.2338253332465214,0.6846151353930651,0.5637144789163369,1.7211228572359683
1.460175026293624,-1.545995458165642,0.6766414798722451,-0.6675405335150051,1.2576713135225819,2.0565828867674343,2.368660419092988,2.3010775267669863,0.7349996380377556,0.6564397934769154,1.63633092740402
1.5891464976664205,-1.0927108094489584,0.590482259019385,-0.5804827459538344,1.1459381166498945,2.122638392214659,2.0568363453392053,2.369058796752161,0.8058817866866573,0.28553853523460965,1.6948921495138751
1.435097240193358,-1.7520339348550478,0.8274201163647501,-0.7545983210761783,1.1459381166498945,2.1894382256284683,2.12292042079421,2.0570979962874105,0.6733648428277117,0.7491651080374938,1.556962900513434
1.2559701966200292,-1.628410848841405,0.78434050593832,-0.4644056958722709,1.1459381166498945,2.1894382256284683,2.1897491461489307,2.1232110478832737,0.6227141750010164,1.0737037089995083,1.396580052838502
0.9227938955736378,-1.545995458165642,0.8704997267911802,-0.6385212709946149,1.0342049197772085,2.1894382256284683,2.1897491461489307,2.1900690758883834,0.44506643306394955,0.7028024507572026,1.0496259739086748
0.44631595966858345,-0.721841551408034,0.719721090298675,-0.20323233318875364,1.0342049197772085,2.2585752379168027,2.1897491461489307,2.1900690758883834,0.24661098846117238,0.4709891643557625,0.6303425011793451
0.41765563269685085,-0.8866723327595563,0.9351191424308252,-0.2612708582295341,0.9224717229045212,2.2585752379168027,2.2589160612434815,2.1900690758883834,0.12288231146182557,0.563714478916341,0.5642565596187995
0.3854127648536517,-0.9690877234353156,0.78434050593832,-0.3483286457907074,0.9224717229045212,2.330174272174826,2.2589160612434815,2.259266318868446,0.1746114532629127,0.5173518216360496,0.5363803405527087
0.36391751962485225,-0.8042569420837933,0.3966240121004499,-0.20323233318875364,0.8133369724707346,1.9208942112301262,2.330546063169557,2.259266318868446,0.35283192859963974,0.5637144789163369,0.4786886871811473
0.34958735613898595,-0.8866723327595563,0.2889249860343749,-0.31930938327031716,0.8133369724707346,1.986089265185919,1.9210889823921289,2.3309277286792693,0.39778873014512667,0.4709891643557625,0.4665147248450382
-0.10181279366580234,-0.6806338560701506,0.6981812850854601,-0.29029012074992433,0.59506747160316,1.5695653093572417,1.986312234197383,1.9212911116676328,-0.1833920533042693,0.28553853523460965,0.018825339998120128
-0.12689057976606835,-0.8042569420837933,0.6766414798722451,-0.20323233318875364,0.59506747160316,-0.035389382826651765,1.5696081254415926,1.9865429621650617,-0.19579287758754996,0.5637144789163369,-0.0017249548303121488
-0.15555090673780095,-0.927880028097436,0.7628007007251051,-0.3483286457907074,0.59506747160316,-0.035389382826651765,-0.03604073398438767,1.5696561395425992,-0.2792643741706458,0.4709891643557625,-0.025211006062805845
-0.12330803889460179,-0.721841551408034,0.8274201163647501,-0.2612708582295341,0.59506747160316,-0.035389382826651765,-0.03604073398438767,-0.03669675496597086,-0.2845122570762135,0.3782638497951881,0.0012108015737495631
-0.12689057976606835,-0.639426160732271,0.56894245380617,-0.1742130706683608,0.59506747160316,-0.035389382826651765,-0.03604073398438767,-0.03669675496597086,-0.12968472666773312,0.42462650707547533,-0.0017249548303121488
-0.10539533453726892,-0.7630492467459136,0.31046479124758986,-0.2612708582295341,0.59506747160316,-0.035389382826651765,-0.03604073398438767,-0.03669675496597086,0.048573957930174834,0.42462650707547533,0.015889583594058416
-0.11972549802313522,-0.8042569420837933,0.48278323295330994,-0.31930938327031716,0.59506747160316,-0.035389382826651765,-0.03604073398438767,-0.03669675496597086,-0.06986300228208472,0.378263849795184,0.004146557977811275
0.13105236297952497,-1.33995698147624,0.22430557039472984,-0.5224442209130513,0.7042022220369467,-0.035389382826651765,-0.03604073398438767,-0.03669675496597086,0.28780674867218564,0.6564397934769154,0.24525565274075245
0.12030474036512523,-1.2163338954625973,0.3320045964608049,-0.3773479083110976,0.8133369724707346,0.781547014546231,-0.03604073398438767,-0.03669675496597086,0.22094969082491564,0.7491651080374897,0.2717313274672911
0.14896506733685783,-1.422372372152003,0.09506673911543977,-0.2612708582295341,0.8133369724707346,0.7365173976998874,0.7812490007684761,-0.03669675496597086,0.3706130244825134,1.166429023560087,0.29607925213950936
0.16329523082272412,-1.2987492861383603,0.05198712868900975,-0.31930938327031716,0.8133369724707346,0.7365173976998874,0.7361999079300123,0.7809513399865896,0.40342324261551055,0.9346157371586425,0.30825321447561854
0.06298408642166005,-1.0515031141110749,-0.0557118973770653,-0.5804827459538344,0.8133369724707346,0.7365173976998874,0.7361999079300123,0.7358824942976747,0.39563823709011814,0.23917587795431836,0.22303547812285426
-0.13047312063753494,-0.8866723327595563,-0.2280303390827854,-0.7836175835965685,0.8133369724707346,0.7365173976998874,0.7361999079300123,0.7358824942976747,0.35677232673339987,-0.2708133521288448,0.0586869865853802
-0.11614295715166864,-1.0927108094489584,-0.14187111822992535,-0.8996946336781321,0.8133369724707346,0.7365173976998874,0.7361999079300123,0.7358824942976747,0.3150712589462005,-0.22445069484855762,0.07086094892148934
-0.12689057976606835,-0.9690877234353156,-0.01263228695063528,-0.9867524212393054,0.8133369724707346,0.7365173976998874,0.7361999079300123,0.7358824942976747,0.22729928829928145,-0.502626638530289,0.061730477169407556
-0.11614295715166864,-0.8042569420837933,-0.09879150780349533,-0.7255790585557881,0.8133369724707346,0.7365173976998874,0.7361999079300123,0.7358824942976747,0.28876200158689475,-0.27081335212884894,0.07086094892148934
-0.11256041628020207,-0.927880028097436,-0.18495072865635537,-0.4644056958722709,0.8133369724707346,0.7365173976998874,0.7361999079300123,0.7358824942976747,0.344131231240206,0.28553853523460965,0.07390443950551669
-0.08390008930846948,-0.845464637421673,-0.12033131301671034,-0.2612708582295341,0.8133369724707346,0.7365173976998874,0.7361999079300123,0.7358824942976747,0.3269345014493151,0.5173518216360496,0.09825236417773525
-0.062404844079670035,-1.0515031141110749,0.8058803111515351,-0.11617454562758035,0.8133369724707346,0.7365173976998874,0.7361999079300123,0.7358824942976747,-0.2084699595761287,0.9809783944389298,0.11651330768189881
-0.11614295715166864,-0.9690877234353156,-0.07725170259028032,-0.11617454562758035,0.7042022220369467,0.7365173976998874,0.7361999079300123,0.7358824942976747,0.27560737290724296,0.8882530798783554,0.03897163165168116
-0.1376382023804681,-0.845464637421673,0.05198712868900975,-0.20323233318875364,0.7042022220369467,0.781547014546231,0.7361999079300123,0.7358824942976747,0.17849658166461746,0.6100771361966241,0.021033890687413955
-0.18779377458100013,-1.0927108094489584,-0.03417209216385029,-0.2612708582295341,0.7042022220369467,0.3575181225764966,0.7812490007684761,0.7358824942976747,0.1890443967705053,0.795527765317781,-0.02082083822920924
-0.1340556615090015,-0.927880028097436,0.31046479124758986,-0.1742130706683608,0.7042022220369467,-0.06651076939323736,0.3570367098729421,0.7809513399865896,0.022352758411915568,0.7491651080374938,0.024023514181458636
-0.12330803889460179,-0.7630492467459136,0.43970362252687994,-0.23225159570914386,0.7042022220369467,-0.06651076939323736,-0.06717558102259158,0.3565530430826416,-0.04692628553319531,0.4709891643557625,0.03299238466359209
0.07373170903605977,-0.639426160732271,0.8274201163647501,0.028921766974373375,0.7042022220369467,-0.06651076939323736,-0.06717558102259158,-0.06784525382130607,-0.09204920260919502,0.7491651080374897,0.19742167683604017
0.04507138206432718,-0.8866723327595563,0.8704997267911802,-0.08715528310719013,0.7042022220369467,0.3575181225764966,-0.06717558102259158,-0.06784525382130607,-0.14242896675086275,0.8418904225980682,0.1735046888836842
0.055819004678726906,-0.7630492467459136,0.78434050593832,-0.029116758066407088,0.7042022220369467,0.3575181225764966,0.3570367098729421,-0.06784525382130607,-0.08384285576427225,0.795527765317781,0.18247355936581766
0.027158677706994313,-0.721841551408034,0.9351191424308252,-0.20323233318875364,0.7042022220369467,0.3575181225764966,0.3570367098729421,0.3565530430826416,-0.19612760240233504,0.4709891643557625,0.15855657141346166
0.016411055092594592,-0.639426160732271,0.8058803111515351,-0.11617454562758035,0.7042022220369467,0.3575181225764966,0.3570367098729421,0.3565530430826416,-0.1321861161619969,0.5173518216360496,0.1495877009313282
-0.008666731007671426,-0.5158030747186283,0.633561869445815,-0.08715528310719013,0.7042022220369467,0.3575181225764966,0.3570367098729421,0.3565530430826416,-0.05571161888607233,0.4246265070754712,0.1286603364730166
0.04507138206432718,-0.4333876840428689,0.719721090298675,-0.23225159570914386,0.7042022220369467,0.3575181225764966,0.3570367098729421,0.3565530430826416,-0.056851602153560866,0.10008790611345682,0.1735046888836842
-0.1519683658663344,-0.10372612133982424,0.11660654432865478,-0.20323233318875364,0.48853116760827275,0.3575181225764966,0.3570367098729421,0.3565530430826416,0.12602432719943701,-0.22445069484856173,-0.05287945206753423
-0.16988107022366725,-0.35097229336710595,0.07352693390222476,0.40617217973945413,0.48853116760827275,-0.003887285347885538,0.3570367098729421,0.3565530430826416,0.13701640628053563,1.027341051719217,-0.06729531138673643
-0.1770461519666004,-0.18614151201558357,0.00890751826257973,0.29009512965789064,0.48853116760827275,-0.003887285347885538,-0.004525011370760449,0.3565530430826416,0.17126257045872578,0.6564397934769113,-0.07306165511441744
-0.2021239380668664,0.019896964673818438,0.1596861547550848,0.14499881705593687,0.48853116760827275,-0.003887285347885538,-0.004525011370760449,-0.005167213531221634,0.05309034411480428,0.19281322067403117,-0.09324385816130064
-0.22720172416713244,-0.1449338166777039,0.26738518082115986,-0.29029012074992433,0.48853116760827275,-0.003887285347885538,-0.004525011370760449,-0.005167213531221634,-0.040267855156222276,-0.3171760094091361,-0.11342606120818356
-0.17346361109513384,-0.5570107700565116,0.18122595996829982,0.23205660461711014,0.48853116760827275,-0.003887285347885538,-0.004525011370760449,-0.005167213531221634,0.06622953308943497,0.9809783944389339,-0.07017848325057693
-0.255862051138865,-0.30976459802922623,0.3535444016740199,0.057941029494766184,0.48853116760827275,-0.003887285347885538,-0.004525011370760449,-0.005167213531221634,-0.12571584672100905,0.42462650707547533,-0.136491436118907
-0.280939837239131,-0.639426160732271,0.46124342774009497,-0.1742130706683608,0.48853116760827275,-0.003887285347885538,-0.004525011370760449,-0.005167213531221634,-0.22393121874829341,0.42462650707547533,-0.1566736391657902
-0.2630271328817982,-0.927880028097436,0.2889249860343749,-0.3483286457907074,0.48853116760827275,-0.003887285347885538,-0.004525011370760449,-0.005167213531221634,-0.09093167268025415,0.4709891643557625,-0.14225777984658797
-0.2881049189820642,-0.7630492467459136,0.1596861547550848,-0.08715528310719013,0.48853116760827275,-0.003887285347885538,-0.004525011370760449,-0.005167213531221634,-0.031591896847003954,0.7028024507572026,-0.1624399828934712
-0.2021239380668664,-0.06251842600194457,0.24584537560794484,0.14499881705593687,0.8133369724707346,-0.003887285347885538,-0.004525011370760449,-0.005167213531221634,-0.0017514881271285232,0.28553853523460965,-0.0021828250951657757
-0.19495885632393326,0.061104660011698106,0.18122595996829982,0.23205660461711014,1.0342049197772085,-0.09653051395746617,-0.004525011370760449,-0.005167213531221634,0.04616295477898188,0.28553853523460965,0.06604369201731483
0.07373170903605977,-0.7630492467459136,0.4181638173136649,-0.029116758066407088,1.0342049197772085,-0.15414570719658371,-0.09720830958156729,-0.005167213531221634,0.13735120574543347,0.795527765317781,0.30248174054889165
0.02357613683552774,-0.9690877234353156,0.590482259019385,-0.08715528310719013,1.0342049197772085,0.2479744503223141,-0.15484842226544415,-0.09789115094724914,-0.002099138410754547,0.9346157371586425,0.2583466381563306
0.04507138206432718,-0.8866723327595563,0.52586284337974,-0.2612708582295341,1.0342049197772085,0.2479744503223141,0.24744565831937682,-0.15555653731488048,0.053176438042971536,0.563714478916341,0.2772616820388568
0.06298408642166005,-0.721841551408034,0.65510167465903,-0.31930938327031716,0.9224717229045212,0.2479744503223141,0.24744565831937682,0.246913938715674,-0.0046558842271682095,0.28553853523460965,0.25761814989180154
0.0844793316504595,-0.845464637421673,0.7628007007251051,-0.1451938081479706,0.8133369724707346,0.28377396745132577,0.24744565831937682,0.246913938715674,-0.046437425509444345,0.7028024507572026,0.24129642162701812
-0.3239303276967299,0.6380123947420245,0.52586284337974,0.3771529172190639,0.59506747160316,0.3199934418712103,0.2832606592824148,0.246913938715674,-0.31704067348805526,-0.13172538028798322,-0.1631915570537072
-0.3096001642108636,0.6792200900799078,0.48278323295330994,0.3191143921782834,0.48853116760827275,-0.035389382826651765,0.3194957991742222,0.2827446436210857,-0.2710676977613059,-0.27081335212884894,-0.1797390140765136
-0.3024350824679305,0.8028431760935468,0.3535444016740199,0.17401807957632712,0.48853116760827275,-0.003887285347885538,-0.03604073398438767,0.3189956716752125,-0.17622976181535302,-0.6417146103711546,-0.1739726703488329
-0.2881049189820642,0.5143893087283855,0.43970362252687994,0.23205660461711014,0.48853116760827275,-0.003887285347885538,-0.004525011370760449,-0.03669675496597086,-0.2176912025797402,-0.22445069484856173,-0.1624399828934712
-0.2773572963676645,0.22593544136322044,0.48278323295330994,0.4351914422598469,0.48853116760827275,-0.003887285347885538,-0.004525011370760449,-0.005167213531221634,-0.23415252494029246,0.42462650707547533,-0.15379046730194967
-0.2845223781105976,0.3495585273768631,0.3750842068872349,0.028921766974373375,0.3819948636133843,-0.003887285347885538,-0.004525011370760449,-0.005167213531221634,-0.17080520953345507,-0.3635386666894274,-0.18821538545023359
-0.2916874598535308,0.5555970040662651,0.43970362252687994,0.34813365469867363,0.3819948636133843,0.028785257075719523,-0.004525011370760449,-0.005167213531221634,-0.22172480419145665,-0.08536272300769604,-0.19387656009747187
0.012828514221128018,0.4319739180526225,0.3966240121004499,0.3771529172190639,0.7042022220369467,0.028785257075719523,0.028161662422893006,-0.005167213531221634,0.10007267810550528,0.10008790611345682,0.14659807743728354
-0.033744517107937445,-0.2685569026913466,0.52586284337974,0.3191143921782834,0.8133369724707346,0.3575181225764966,0.028161662422893006,0.027533792515059042,-0.015484239615352755,0.795527765317781,0.14086123235411738
-0.11972549802313522,-0.1449338166777039,0.6981812850854601,0.4932299673006274,0.9224717229045212,0.3199934418712103,0.3570367098729421,0.027533792515059042,-0.2016318716281841,0.9346157371586425,0.09965290851728748
-0.0946477119228692,0.019896964673818438,0.3535444016740199,0.34813365469867363,1.0342049197772085,0.28377396745132577,0.3194957991742222,0.3565530430826416,0.03218074921319839,0.5173518216360496,0.15431389680243668
-0.3096001642108636,0.2671431367011001,0.46124342774009497,0.4351914422598469,1.0342049197772085,0.2479744503223141,0.2832606592824148,0.3189956716752125,-0.2565927160171521,0.3782638497951881,-0.034836542022824886
-0.3024350824679305,0.3495585273768631,0.3966240121004499,0.4932299673006274,0.9224717229045212,0.2479744503223141,0.24744565831937682,0.2827446436210857,-0.20507250321666567,0.378263849795184,-0.05831233285722687
-0.3275128685681965,0.3083508320389798,0.6766414798722451,0.5222492298210176,0.9224717229045212,0.28377396745132577,0.24744565831937682,0.246913938715674,-0.4236117361419989,0.4709891643557625,-0.07999383657529739
-0.3096001642108636,0.5968046994041448,0.1596861547550848,0.26107586713750036,0.8133369724707346,-0.12550609349337433,0.2832606592824148,0.246913938715674,-0.05394297159900463,-0.27081335212884894,-0.09348754261598445
-0.2845223781105976,0.7616354807556671,0.2889249860343749,0.23205660461711014,0.8133369724707346,-0.09653051395746617,-0.12619642149501373,0.2827446436210857,-0.1136489513436968,-0.502626638530289,-0.07218310852779353
-0.3167652459537968,0.8440508714314302,0.4181638173136649,0.34813365469867363,0.8133369724707346,-0.09653051395746617,-0.09720830958156729,-0.12689197339055103,-0.23585244366732114,-0.40990132396971457,-0.09957452378403917
-0.3060176233393971,0.5143893087283855,0.18122595996829982,0.40617217973945413,0.7042022220369467,-0.09653051395746617,-0.09720830958156729,-0.09789115094724914,-0.06463136257149721,0.05372524883316551,-0.11947841353267814
-0.2701922146247313,0.6792200900799078,0.3320045964608049,0.4932299673006274,0.7042022220369467,-0.06651076939323736,-0.09720830958156729,-0.09789115094724914,-0.12681883597211943,0.007362591552878325,-0.0895821785922328
-0.18779377458100013,0.5143893087283855,0.030447323475794742,0.26107586713750036,0.59506747160316,-0.06651076939323736,-0.06717558102259158,-0.09789115094724914,0.14820065457633871,-0.17808803756827454,-0.05163281369936155
-0.19495885632393326,0.5968046994041448,0.2889249860343749,0.34813365469867363,0.59506747160316,-0.035389382826651765,-0.06717558102259158,-0.06784525382130607,-0.02214880117149701,-0.13172538028798322,-0.05750432650748497
-0.205706478938333,0.7616354807556671,0.46124342774009497,0.20303734209671992,0.59506747160316,-0.035389382826651765,-0.03604073398438767,-0.06784525382130607,-0.14257989684715436,-0.5489892958105761,-0.0663115957196701
-0.2164541015527327,0.6380123947420245,0.3966240121004499,0.028921766974373375,0.59506747160316,-0.035389382826651765,-0.03604073398438767,-0.03669675496597086,-0.1124075255230861,-0.6880772676514418,-0.07511886493185524
-0.22720172416713244,0.3907662227147428,0.31046479124758986,-0.058136020586797316,0.59506747160316,-0.035389382826651765,-0.03604073398438767,-0.03669675496597086,-0.06803092174572159,-0.5489892958105761,-0.08392613414404038
-0.4815621260412592,-0.2685569026913466,0.46124342774009497,0.7834225925045374,0.275458559618497,-0.035389382826651765,-0.03604073398438767,-0.03669675496597086,-0.47495815490038,1.5373302818023926,-0.3696641129577184
-0.5030573712700587,-0.10372612133982424,0.3966240121004499,0.9575381676268788,0.275458559618497,-0.8499658135589238,-0.03604073398438767,-0.03669675496597086,-0.45702934339177215,1.6300555963629628,-0.3863321296581054
-0.5317176982417912,0.18472774602534078,0.31046479124758986,0.8414611175453179,0.275458559618497,-0.8499658135589238,-0.8509694813752818,-0.03669675496597086,-0.4324211707328979,1.1200663662797954,-0.40855615192528827
-0.6212812200284555,-0.18614151201558357,0.590482259019385,1.1606730052696157,0.275458559618497,-0.8499658135589238,-0.8509694813752818,-0.8519828273252764,-0.7902092270554965,2.0473195118855556,-0.4780062215102349
-0.2773572963676645,0.22593544136322044,0.48278323295330994,0.4351914422598469,0.275458559618497,-0.8499658135589238,-0.8509694813752818,-0.8519828273252764,-0.23415252494029246,0.42462650707547533,-0.21131795430404035
-0.5066399121415252,-0.06251842600194457,0.3320045964608049,0.7253840674637544,0.275458559618497,-0.8499658135589238,-0.8509694813752818,-0.8519828273252764,-0.41368972285535466,1.212791680840374,-0.3891101324415035
-0.5675431069564569,0.3083508320389798,0.24584537560794484,0.5802877548618006,0.275458559618497,-0.8499658135589238,-0.8509694813752818,-0.8519828273252764,-0.4338957112867392,0.563714478916341,-0.436336179759267
-0.4170763903548608,0.14352005068745746,1.1074375841365454,0.7834225925045374,0.3819948636133843,-0.8499658135589238,-0.8509694813752818,-0.8519828273252764,-0.8481293715459385,1.0737037089995123,-0.292947116424142
-0.399163685997528,0.3907662227147428,1.1505171945629753,0.6383262799025812,0.3819948636133843,0.028785257075719523,-0.8509694813752818,-0.8519828273252764,-0.8509981067039638,0.5637144789163369,-0.27879417980604615
-0.3848335225116617,0.5968046994041448,1.0212783632836853,0.5512684923414104,0.3819948636133843,0.028785257075719523,0.028161662422893006,-0.8519828273252764,-0.7387747964771303,0.19281322067403528,-0.2674718305115696
-0.45648433994099313,0.019896964673818438,0.78434050593832,0.7544033299841446,0.3819948636133843,0.028785257075719523,0.028161662422893006,0.027533792515059042,-0.6755225699565927,1.1664290235600827,-0.3240835769839527
-0.4887272077841923,0.3083508320389798,0.9566589476440401,0.5222492298210176,0.3819948636133843,0.028785257075719523,0.028161662422893006,0.027533792515059042,-0.8520246494846409,0.4709891643557625,-0.3495588628965251
-0.5209700756273915,0.22593544136322044,0.7412608955118901,0.7253840674637544,0.3819948636133843,0.028785257075719523,0.028161662422893006,0.027533792515059042,-0.7425169465933226,0.8882530798783554,-0.37503414880909725
-0.5353002391132577,0.2671431367011001,0.8058803111515351,0.667345542422974,0.3819948636133843,-0.41906764151125403,0.028161662422893006,0.027533792515059042,-0.8145651701970418,0.7491651080374938,-0.38635649810357414
-0.667854251357521,0.8440508714314302,0.8920395320043951,0.7544033299841446,0.3819948636133843,-0.41906764151125403,-0.41988493933401216,0.027533792515059042,-1.121125872243297,0.23917587795431836,-0.4910882290774825
-0.7502526914012522,1.2973355201481176,0.9566589476440401,0.7834225925045374,0.3819948636133843,-0.41906764151125403,-0.41988493933401216,-0.42070926597298025,-1.3488783263783715,-0.22445069484856173,-0.5561917375207229
-0.6786018739719207,1.3797509108238768,1.0212783632836853,0.8124418550249277,0.3819948636133843,-0.8669205400982276,-0.41988493933401216,-0.42070926597298025,-1.2498759460469857,-0.27081335212884894,-0.49957999104833994
-0.6893494965863205,1.1737124341344711,1.1935968049894052,0.8414611175453179,0.3819948636133843,-0.8669205400982276,-0.8679315410909174,-0.42070926597298025,-1.4164676420718105,0.007362591552882442,-0.5080717530191974
-0.6499415470001881,1.091297043458712,0.8920395320043951,0.8994996425860984,0.3819948636133843,-0.8669205400982276,-0.8679315410909174,-0.8689523244610194,-1.0862084868615167,0.19281322067403117,-0.4769352924593868
-0.5997859747996561,-0.5570107700565116,0.9781987528572552,0.3191143921782834,0.3819948636133843,-0.8669205400982276,-0.8679315410909174,-0.8689523244610194,-1.0606668660326377,1.1200663662797996,-0.43730706992871865
-0.6141161382855224,-0.30976459802922623,0.9135793372176102,0.4351914422598469,0.3819948636133843,-0.8669205400982276,-0.8679315410909174,-0.8689523244610194,-1.0358771636472004,1.0273410517192212,-0.4486294192231952
-0.6320288426428553,-0.06251842600194457,0.8274201163647501,0.5802877548618006,0.3819948636133843,-0.8669205400982276,-0.8679315410909174,-0.8689523244610194,-0.9999218008519557,0.9809783944389339,-0.46278235584129107
-0.6391939243857885,0.22593544136322044,0.78434050593832,0.6963648049433642,0.275458559618497,-0.8669205400982276,-0.8679315410909174,-0.8689523244610194,-0.9783295860316861,0.8418904225980682,-0.49189623542722427
-0.5854558113137898,-0.4333876840428689,0.590482259019385,0.5512684923414104,0.275458559618497,-0.8499658135589238,-0.8679315410909174,-0.8689523244610194,-0.730279428798709,1.3518796526812398,-0.4502261936762563
-0.9723702254321798,1.338543215485997,-0.2280303390827854,0.7544033299841446,-0.24163228172254175,-0.8499658135589238,-0.8509694813752818,-0.8689523244610194,-0.7188900083219253,-0.3171760094091402,-0.8403457673789545
-0.9867003889180461,1.1737124341344711,-0.0557118973770653,1.0445959551880546,-0.3403732464007302,-1.2601294652938062,-0.8509694813752818,-0.8519828273252764,-0.9282484591828238,0.33190119251490097,-0.8674460438393409
-1.004613093275379,1.3797509108238768,-0.2280303390827854,1.189692267790006,-0.3403732464007302,-1.2502306155606917,-1.2613105351093084,-0.8519828273252764,-0.789305706950237,0.3319011925148927,-0.8798162362889587
-0.979535307175113,1.5445816921753956,-0.09879150780349533,1.2767500553511817,-0.3403732464007302,-1.2502306155606917,-1.251407403973577,-1.2625038048925619,-0.8673462192391205,0.28553853523461376,-0.8624979668594936
-0.9867003889180461,1.2149201294723508,-0.29264975472243043,1.0445959551880546,-0.3403732464007302,-1.2502306155606917,-1.251407403973577,-1.252596331492514,-0.6827959034180678,0.28553853523461376,-0.8674460438393409
-1.0010305524039125,1.3797509108238768,-0.40034878078850544,0.9865574301472743,-0.3403732464007302,-1.2502306155606917,-1.251407403973577,-1.252596331492514,-0.600719673308589,0.007362591552882442,-0.8773421977990352
-1.0117781750183121,1.1737124341344711,-0.35726917036207545,1.102634480228835,-0.3403732464007302,-1.2502306155606917,-1.251407403973577,-1.252596331492514,-0.6688334241693555,0.42462650707547533,-0.8847643132688059
-0.7681653957585851,1.503373996837516,0.8274201163647501,1.102634480228835,0.275458559618497,-1.2502306155606917,-1.251407403973577,-1.252596331492514,-1.275419601804414,0.05372524883316963,-0.5919043356295473
-0.7323399870439193,1.338543215485997,0.11660654432865478,0.6963648049433642,0.275458559618497,-0.8499658135589238,-1.251407403973577,-1.252596331492514,-0.586208728876873,-0.40990132396971457,-0.5641243077955687
-0.6857669557148539,0.9676739574450691,0.1596861547550848,0.4932299673006274,0.275458559618497,-0.8499658135589238,-0.8509694813752818,-1.252596331492514,-0.5453569014813471,-0.3171760094091361,-0.5280102716113965
-0.8147384270876505,1.0088816527829525,0.00890751826257973,0.3771529172190639,0.275458559618497,-0.8499658135589238,-0.8509694813752818,-0.8519828273252764,-0.6363695670174072,-0.5489892958105803,-0.6280183718137194
-0.8433987540593831,0.8028431760935468,0.09506673911543977,0.5222492298210176,0.275458559618497,-0.8499658135589238,-0.8509694813752818,-0.8519828273252764,-0.7701010658097391,-0.08536272300769604,-0.6502423940809023
-0.83623367231645,0.8440508714314302,0.1381463495418698,0.29009512965789064,0.17152070206250916,-0.8499658135589238,-0.8509694813752818,-0.8519828273252764,-0.7959061023312853,-0.5026266385302931,-0.6647454667838861
-0.8720590810311157,0.7204277854177875,0.05198712868900975,0.4642107047802372,-0.24163228172254175,-1.2977103696421415,-0.8509694813752818,-0.8519828273252764,-0.7868101575431472,-0.08536272300769604,-0.7697080567148638
-0.9365448167175141,1.6269970828511622,-0.09879150780349533,0.8704803800657082,-0.24163228172254175,-1.2601294652938062,-1.2989076937686554,-0.8519828273252764,-0.7734652046334488,-0.4562639812500059,-0.8151180135703505
-0.9759527663036464,1.2973355201481176,0.1381463495418698,1.0445959551880546,-0.24163228172254175,-1.2601294652938062,-1.2613105351093084,-1.3001174489238796,-1.1026389501200242,0.19281322067403117,-0.8428685427598148
-0.9222146532316478,1.4621663014996362,-0.09879150780349533,0.8994996425860984,-0.24163228172254175,-1.2601294652938062,-1.2613105351093084,-1.2625038048925619,-0.743535834854529,-0.22445069484856173,-0.8050269120469091
-0.8648939992881826,1.7094124735269216,-0.3141895599356454,0.9575381676268788,-0.24163228172254175,-1.2601294652938062,-1.2613105351093084,-1.2625038048925619,-0.4267398904614825,-0.40990132396971873,-0.764662505953143
-0.9114670306172481,1.6269970828511622,-0.24957014429600038,0.8704803800657082,-0.24163228172254175,-1.2601294652938062,-1.2613105351093084,-1.2625038048925619,-0.5741816397983334,-0.4562639812500059,-0.7974585859043278
-0.9150495714887146,1.338543215485997,-0.29264975472243043,1.3928271054327426,-0.24163228172254175,-1.2601294652938062,-1.2613105351093084,-1.2625038048925619,-0.5388744738245431,0.7028024507571984,-0.7999813612851884
-0.9293797349745809,1.5445816921753956,-0.3357293651488604,1.305769317871572,-0.24163228172254175,-1.2601294652938062,-1.2613105351093084,-1.2625038048925619,-0.5237255297941849,0.33190119251490097,-0.8100724628086299
-0.9437098984604472,1.4209586061617565,-0.3788089755752905,1.4218463679531328,-0.24163228172254175,-1.2601294652938062,-1.2613105351093084,-1.2625038048925619,-0.5082408750927928,0.6564397934769113,-0.8201635643320715
-0.9508749802033803,1.2973355201481176,-0.09879150780349533,1.1606730052696157,-0.24163228172254175,-1.2601294652938062,-1.2613105351093084,-1.2625038048925619,-0.8040615241567459,0.3782638497951799,-0.8252091150937921
-0.9580400619463135,1.091297043458712,-0.18495072865635537,1.102634480228835,-0.24163228172254175,-1.2601294652938062,-1.2613105351093084,-1.2625038048925619,-0.7323614437087361,0.5173518216360496,-0.8302546658555129
-1.1264194829052425,0.6380123947420245,-0.09879150780349533,0.9575381676268788,-0.7353371051134842,-1.2601294652938062,-1.2613105351093084,-1.2625038048925619,-1.2429459881574598,0.7955277653177769,-1.024367289707998
-1.1371671055196422,0.8028431760935468,-0.2280303390827854,1.0445959551880546,-0.7353371051134842,-1.4288914986065187,-1.2613105351093084,-1.2625038048925619,-1.1221683344509206,0.7491651080374938,-1.0312045624865271
-1.1479147281340418,0.9264662621071895,-0.3357293651488604,0.9865574301472743,-0.7353371051134842,-1.4288914986065187,-1.4301455605605555,-1.2625038048925619,-1.0246238197447617,0.5173518216360539,-1.0380418352650562
-1.1335845646481757,1.0088816527829525,-0.4649681964281505,0.9285189051064886,-0.7353371051134842,-1.4288914986065187,-1.4301455605605555,-1.4314128600922122,-0.8339940981881518,0.3319011925148927,-1.0289254715603509
-0.9472924393319138,0.14352005068745746,0.22430557039472984,0.9285189051064886,-0.3403732464007302,-1.4288914986065187,-1.4301455605605555,-1.4314128600922122,-1.1208295427083526,1.3055169954009485,-0.8402316204501814
-0.9723702254321798,-0.06251842600194457,0.3320045964608049,0.7544033299841446,-0.3403732464007302,-1.2502306155606917,-1.4301455605605555,-1.4314128600922122,-1.2924765370392532,1.2591543381206614,-0.8575498898796465
-0.9150495714887146,0.061104660011698106,0.07352693390222476,0.8414611175453179,-0.3403732464007302,-1.2502306155606917,-1.251407403973577,-1.4314128600922122,-0.897650037596973,1.2591543381206614,-0.8179652740408692
-0.9759527663036464,-0.021310730664061233,-0.03417209216385029,0.7834225925045374,-0.3403732464007302,-1.2502306155606917,-1.251407403973577,-1.252596331492514,-0.9256494006119675,1.2591543381206614,-0.8600239283695701
-1.029690879375645,0.18472774602534078,0.1381463495418698,0.9285189051064886,-0.3403732464007302,-1.2502306155606917,-1.251407403973577,-1.252596331492514,-1.2395169956409062,1.2591543381206571,-0.8971345057184238
-1.1192544011623093,-0.1449338166777039,0.030447323475794742,0.5802877548618006,-0.3403732464007302,-1.2502306155606917,-1.251407403973577,-1.252596331492514,-1.3720941937620976,1.0737037089995083,-0.9589854679665132
-1.0619337472188441,-0.021310730664061233,-0.03417209216385029,0.8704803800657082,-0.3403732464007302,-1.2502306155606917,-1.251407403973577,-1.252596331492514,-1.137713098650584,1.3982423099615229,-0.919400852127736
-1.1013416968049765,0.18472774602534078,0.07352693390222476,0.9285189051064886,-0.3403732464007302,-1.2502306155606917,-1.251407403973577,-1.252596331492514,-1.3684722285412343,1.2591543381206571,-0.9466152755168953
-1.0905940741905766,-0.06251842600194457,-0.0557118973770653,0.7834225925045374,-0.3403732464007302,-1.455188904245285,-1.251407403973577,-1.252596331492514,-1.1911337248740526,1.3055169954009525,-0.9391931600471247
-1.0690988289617773,0.3083508320389798,-0.12033131301671034,0.9865574301472743,-0.4417126575178187,-1.455188904245285,-1.4564543402260373,-1.252596331492514,-1.0612418545679092,1.2127916808403783,-0.9406552667752288
-1.1264194829052425,0.5968046994041448,-0.2711099495092154,0.8704803800657082,-0.5404536221960066,-1.4488449572145714,-1.4564543402260373,-1.4577331754703475,-1.0419772093612143,0.7028024507572026,-0.9945480077532427
-1.1371671055196422,0.6792200900799078,-0.20649053386957036,0.9575381676268788,-0.5404536221960066,-1.4424066783580975,-1.4501076493420326,-1.4577331754703475,-1.1475349148364404,0.7491651080374856,-1.001673854228108
-1.130002023776709,1.338543215485997,0.07352693390222476,0.8414611175453179,-0.6391945868741951,-1.4424066783580975,-1.4436665858323228,-1.4513837017281765,-1.454971301709485,-0.17808803756827454,-1.0119829892110037
-1.1479147281340418,1.503373996837516,-0.0557118973770653,0.9285189051064886,-0.6391945868741951,-1.4356986590423673,-1.4436665858323228,-1.444939813980369,-1.3576436300033432,-0.22445069484856173,-1.023615715547762
-1.155079809876975,1.668204778189042,-0.16341092344314034,0.9865574301472743,-0.6391945868741951,-1.4356986590423673,-1.4369556651965172,-1.444939813980369,-1.2507651376636049,-0.3171760094091361,-1.0282688060824654
-1.1228369420337758,0.9676739574450691,-0.03417209216385029,0.8994996425860984,-0.7353371051134842,-1.4356986590423673,-1.4369556651965172,-1.4382259507811654,-1.307727724730847,0.33190119251489686,-1.0220881987818218
-1.130002023776709,0.7204277854177875,-0.07725170259028032,1.0736152177084448,-0.7353371051134842,-1.4288914986065187,-1.4369556651965172,-1.4382259507811654,-1.2785545339150468,0.8882530798783554,-1.0266463806341746
0.41407309182538427,1.1737124341344711,1.1720569997761903,1.5089041555143088,1.2576713135225819,-1.4288914986065187,-1.4301455605605555,-1.4382259507811654,0.00462202210639302,1.0737037089995123,0.6835914021770884
0.5251318588408481,0.9264662621071895,0.9566589476440401,2.031250880881343,1.8345264229583138,0.9570589733686093,-1.4301455605605555,-1.4314128600922122,0.1847534199641154,2.1864074837264256,1.0042621888446013
-1.0619337472188441,0.7204277854177875,0.09506673911543977,0.8414611175453179,-0.7353371051134842,0.7387762044017785,0.9568368711745286,-1.4314128600922122,-1.2801681019131668,0.5173518216360496,-0.9833436530368236
-1.104924237676443,0.8440508714314302,0.2889249860343749,0.4642107047802372,-0.7353371051134842,-1.4288914986065187,0.7384596916000548,0.9566162010871625,-1.6254862427332235,-0.22445069484856173,-1.0106927441509401
-1.0834289924476437,0.6792200900799078,0.1381463495418698,0.8704803800657082,-0.7353371051134842,-1.4288914986065187,-1.4301455605605555,0.7381432688238271,-1.3891476540985161,0.6100771361966241,-0.9970181985938819
-1.1192544011623093,0.9264662621071895,0.00890751826257973,0.6383262799025812,-0.8314796233527726,-1.4288914986065187,-1.4301455605605555,-1.4314128600922122,-1.3471341290878849,-0.03900006572740886,-1.0346148623023421
-1.130002023776709,0.7616354807556671,0.11660654432865478,0.7253840674637544,-0.8314796233527726,-1.4217948382440881,-1.4301455605605555,-1.4314128600922122,-1.5053760925078963,0.28553853523460965,-1.0413097720573452
-1.1443321872625754,0.6792200900799078,0.07352693390222476,0.4932299673006274,-0.8314796233527726,-1.4217948382440881,-1.4230458307849037,-1.4314128600922122,-1.499922459405117,0.007362591552878325,-1.0502363183973493
-1.1264194829052425,0.9264662621071895,-0.03417209216385029,0.7834225925045374,-0.8314796233527726,-1.4217948382440881,-1.4230458307849037,-1.4243100172705108,-1.3183092802060512,0.19281322067403528,-1.0390781354723442
-1.1371671055196422,0.8028431760935468,0.1381463495418698,0.7253840674637544,-0.8314796233527726,-1.4217948382440881,-1.4230458307849037,-1.4243100172705108,-1.5534002010047532,0.23917587795432246,-1.0457730452273473
-1.1228369420337758,0.7204277854177875,0.00890751826257973,0.5512684923414104,-0.8314796233527726,-1.4217948382440881,-1.4230458307849037,-1.4243100172705108,-1.3578083689646379,0.05372524883316963,-1.0368464988873431
0.36750006049631884,1.2561278248102306,0.9135793372176102,1.1606730052696157,2.2983491123019095,-1.4217948382440881,-1.4230458307849037,-1.4243100172705108,0.09797464973234184,0.42462650707547533,1.06169348461458
-0.45648433994099313,-0.7630492467459136,1.2366764154158354,-1.7122339842490766,0.48853116760827275,0.5475170451218668,-1.4230458307849037,-1.4243100172705108,-1.0045735634081905,-1.8935063569389332,-0.29794906049397174
1.4171845358360249,0.18472774602534078,1.7320919353197806,-0.08715528310719013,2.2983491123019095,1.4031039561915457,0.5471178098334787,-1.4243100172705108,0.3463328471025519,-0.3635386666894274,2.435733933345673
1.273882900977362,-0.1449338166777039,1.6243929092537055,-0.058136020586797316,2.2983491123019095,1.340705992967859,1.4030747752164134,0.5467174886402705,0.31968880207456846,0.05372524883316963,2.0335263281408853
0.643355707599245,-0.4333876840428689,1.3228356362686953,0.057941029494766184,2.0709850488981867,1.2075580115201647,1.3406498239274225,1.4030497687934795,0.09347139472080528,0.563714478916341,1.2151672367243394
0.19912063953738987,-0.5982184653943913,1.1289773893497603,0.20303734209671992,1.6006662434573418,1.351025088920704,1.207444253958681,1.340597445793994,-0.14611454652868763,0.9809783944389339,0.6029446731742919
0.15613014907979098,-0.6806338560701506,2.227507455223726,0.057941029494766184,1.3720029568341685,1.19226558255279,1.350973383045747,1.207333468662376,-0.7787321772553548,0.8418904225980682,0.48636603005345536
0.03790630032139403,-0.5570107700565116,2.615223949061596,-0.20323233318875364,1.1459381166498945,1.2927410419595116,1.1921452107838815,1.350925531523323,-1.142461598759337,0.28553853523460965,0.30597668864896505
-0.04090959885087059,-0.7630492467459136,2.722922975127671,-0.058136020586797316,0.9224717229045212,1.3990253130483394,1.292664127350418,1.1920277172567815,-1.6734879926503947,0.7491651080374938,0.1677947773455091
0.0020808916067282957,-0.4745953793807486,2.722922975127671,-0.2612708582295341,0.8133369724707346,1.5116141502854261,1.3989943679981987,1.292590708742508,-1.4290430773227825,0.10008790611345682,0.17129613819439038
-0.026579435365004296,-0.2685569026913466,2.722922975127671,-0.6095020084742246,0.7042022220369467,1.5695653093572417,1.5116319016147002,1.3989675724232866,-1.384796722623853,-0.6880772676514418,0.11371221900279409
-0.015831812750604572,-0.35097229336710595,2.722922975127671,-0.5224442209130513,0.59506747160316,1.6296047984856998,1.5696081254415926,1.511654494655996,-1.5192780590022963,-0.4562639812500018,0.08928349369560151
-0.3848335225116617,-0.639426160732271,2.722922975127671,-1.4800798840859495,0.59506747160316,1.6918475716188717,1.6296735825595445,1.5696561395425992,-1.9588729675539474,-1.6616930705374933,-0.21309941592275658
-0.374085899897262,-0.4745953793807486,2.3567462865030158,-1.0738102088004786,0.59506747160316,2.123656810230252,1.691943276635953,1.6297479337944858,-1.651646918113285,-1.1980664977346132,-0.20429214671057144
-0.3812509816401951,-0.5570107700565116,2.270587065650156,-1.1898872588820422,0.59506747160316,2.123656810230252,2.123939279291038,1.692044931505157,-1.6055045282831177,-1.2907918122951874,-0.21016365951869487
-0.3597557364113957,-0.22734920735346692,1.7967113509594257,-1.4510606215655593,0.48853116760827275,2.123656810230252,2.123939279291038,2.1242303531229387,-1.2375765933041245,-2.0789569860600863,-0.22010342017027973
-0.4170763903548608,-0.5570107700565116,1.6243929092537055,-1.5671376716471228,0.48853116760827275,2.1945365295574764,2.123939279291038,2.1242303531229387,-1.216044655562687,-1.8935063569389332,-0.26623416999172683
-0.3418430320540628,0.14352005068745746,-0.7019060537735156,0.3771529172190639,0.17152070206250916,2.1945365295574764,2.194849655171699,2.1242303531229387,0.5004296751619525,0.42462650707547533,-0.2884607573584329
-0.399163685997528,-0.021310730664061233,-0.5726672224942255,0.26107586713750036,0.0675828445065213,0.5619535008779915,2.194849655171699,2.195171821351124,0.36343311019342345,0.4246265070754712,-0.35840589115131655
-0.374085899897262,0.061104660011698106,-0.7449856641999456,0.20303734209671992,0.0675828445065213,0.6065283779278511,0.5615605095756339,2.195171821351124,0.5049026697387305,0.23917587795432246,-0.3396780995339685
-0.3812509816401951,-0.10372612133982424,-0.6157468329206556,0.14499881705593687,0.0675828445065213,0.6065283779278511,0.6061546659357562,0.5611665211289948,0.409032892372293,0.33190119251489686,-0.3450288971389251
-0.3633382772828622,-0.021310730664061233,-0.8096050798395906,-0.029116758066407088,-0.03635501304946657,0.6065283779278511,0.6061546659357562,0.6057802308618061,0.5579917250802111,-0.03900006572740886,-0.35848284413700615
-0.3561731955399291,-0.1449338166777039,-1.0680827423981707,-0.1742130706683608,-0.14029287060545442,0.6528461631712537,0.6061546659357562,0.6057802308618061,0.741381453909275,-0.13172538028798322,-0.3801681955043614
-0.3848335225116617,0.019896964673818438,-0.9819235215453107,-0.08715528310719013,-0.24163228172254175,0.2082836271973186,0.6524924843236446,0.6057802308618061,0.6620786592036589,-0.17808803756827454,-0.42661060491785135
-0.2952700007249973,-1.0927108094489584,1.1505171945629753,-0.29029012074992433,0.59506747160316,0.24736115064129888,0.20773766831150356,0.6521383671726353,-0.6999224151923287,0.7491651080374938,-0.1397055058212132
-0.23794934678153215,-0.845464637421673,0.4181638173136649,-2.0894843970141572,0.59506747160316,1.3464001807297672,0.24683209337694945,0.20718853779142224,-0.1487826369334582,-2.2875889438213823,-0.09273340335622551
-0.3131827050823302,-1.2987492861383603,0.547402648592955,-0.3483286457907074,0.59506747160316,1.3464001807297672,1.346346474511885,0.2463001047410467,-0.318751576169885,0.8882530798783554,-0.15438428784152206
-0.230784265038599,-0.35097229336710595,0.18122595996829982,-0.8126368461169614,0.48853116760827275,0.8282290943961101,1.346346474511885,1.3462965942109315,0.011763106246776118,-0.919890554052886,-0.11630923307202407
-0.5962034339281895,-0.5982184653943913,0.07352693390222476,-0.9577331587189151,0.48853116760827275,0.8754822406142598,0.8279512713257828,1.3462965942109315,-0.33990287295511756,-0.8735278967725947,-0.4103927631837489
-0.8183209679591171,-0.8866723327595563,-0.18495072865635537,-1.3059643089636057,0.48853116760827275,0.8754822406142598,0.875224855246224,0.8276740882695932,-0.46596820952854273,-1.1053411831740347,-0.5891494187418561
-0.7717479366300517,-0.6806338560701506,-0.03417209216385029,-1.2189065214024324,0.48853116760827275,0.8754822406142598,0.875224855246224,0.8749684004217173,-0.5217432373550414,-1.1980664977346132,-0.5516681845119303
-0.7287574461724527,-1.0515031141110749,0.26738518082115986,-0.9867524212393054,0.48853116760827275,0.8754822406142598,0.875224855246224,0.8749684004217173,-0.7096149475158806,-0.40990132396971457,-0.5170701221458451
-0.7430876096583191,-0.6806338560701506,0.07352693390222476,-1.3640028340043862,0.48853116760827275,0.8754822406142598,0.875224855246224,0.8749684004217173,-0.5672667846266781,-1.429879784136053,-0.528602809601207
-0.7574177731441853,-0.7630492467459136,0.00890751826257973,-1.4510606215655593,0.3819948636133843,0.8754822406142598,0.875224855246224,0.8749684004217173,-0.5352974492605124,-1.4762424414163402,-0.5618529121679612
-0.6786018739719207,-0.39217998870498927,-0.2711099495092154,-0.8416561086373516,0.3819948636133843,0.9244910542496666,0.875224855246224,0.8749684004217173,-0.175732473170503,-0.9198905540528819,-0.49957999104833994
-0.5209700756273915,0.3907662227147428,-0.5942070277074406,-0.5804827459538344,0.3819948636133843,0.9244910542496666,0.9242548659367034,0.8749684004217173,0.265473640166549,-1.383517126855766,-0.37503414880909725
-0.44931925819806,-0.4745953793807486,-0.40034878078850544,0.23205660461711014,0.275458559618497,0.9244910542496666,0.9242548659367034,0.9240199094911375,0.1934370771267249,0.8882530798783554,-0.3446620879071375
-0.4421541764551269,-0.35097229336710595,-0.4865080016413655,-0.029116758066407088,0.275458559618497,0.9753552338675779,0.9242548659367034,0.9240199094911375,0.2627153116663049,0.33190119251489686,-0.3391060823403419
-0.4134938494833943,-0.1449338166777039,-0.5295876120677955,-0.11617454562758035,0.275458559618497,0.9753552338675779,0.9751410450836098,0.9240199094911375,0.32018838365852176,-0.03900006572740886,-0.31688206007315906
-0.3776684407687285,0.18472774602534078,-0.6588264433470856,0.028921766974373375,0.17152070206250916,0.9753552338675779,0.9751410450836098,0.9749284008983666,0.44205524677868824,-0.17808803756827454,-0.3157277652878136
-0.3633382772828622,0.019896964673818438,-0.7234458589867306,0.26107586713750036,0.17152070206250916,1.0268694685080253,0.9751410450836098,0.9749284008983666,0.4984311883432748,0.378263849795184,-0.3048209621160614
-1.0189432567612453,0.6792200900799078,-0.6372866381338705,0.5802877548618006,-1.2991999823547173,0.5619535008779915,1.0266775604117067,0.9749284008983666,-0.386612110860224,0.146450563393744,-1.0506210833257978
-0.9759527663036464,0.8028431760935468,-0.5080478068545805,0.667345542422974,-1.2991999823547173,-0.7488711093937637,0.5615605095756339,1.026487513642214,-0.43892813946481135,0.1464505633937481,-1.0266117517906141
-0.9938654706609792,0.6380123947420245,-0.7019060537735156,0.6093070173821908,-1.2991999823547173,-0.7488711093937637,-0.7498310522175587,0.5611665211289948,-0.2716934174332424,0.23917587795432246,-1.036615639930274
-0.9831178480465795,0.7204277854177875,-0.4649681964281505,0.5512684923414104,-1.2991999823547173,-0.7488711093937637,-0.7498310522175587,-0.7508000516082748,-0.49720826969567905,0.05372524883316963,-1.030613307046478
-1.029690879375645,0.8852585667693098,-0.5511274172810106,0.4351914422598469,-1.2991999823547173,-1.0023099163633664,-0.7498310522175587,-0.7508000516082748,-0.5000473051146631,-0.3171760094091361,-1.0566234162095938
-1.104924237676443,0.6792200900799078,-0.7449856641999456,0.4932299673006274,-1.2991999823547173,-1.0023099163633664,-1.003379475314351,-0.7508000516082748,-0.442568747286971,0.007362591552878325,-1.0986397463961652
-1.0762639107047105,0.8028431760935468,-0.6588264433470856,0.6383262799025812,-1.2991999823547173,-1.0023099163633664,-1.003379475314351,-1.0044596490654805,-0.47907854652913884,0.10008790611345682,-1.0826335253727095
-0.4206589312263274,0.5968046994041448,-1.1757817684642458,-0.23225159570914386,-0.7353371051134842,-1.0023099163633664,-1.003379475314351,-1.0044596490654805,0.7744713682202318,-1.0589785258937476,-0.575386377251255
-0.4779795851697926,0.10231235534957778,-1.1327021580378158,-0.029116758066407088,-0.7353371051134842,0.46227258716553077,-1.003379475314351,-1.0044596490654805,0.7037088223414029,-0.17808803756827044,-0.6118518320700768
-0.4134938494833943,-0.10372612133982424,-1.0896225476113859,-0.3483286457907074,-0.7353371051134842,0.46227258716553077,0.4618364823564198,-1.0044596490654805,0.7179802198809513,-0.4562639812500018,-0.5708281953989023
-0.38841606338312823,-0.22734920735346692,-0.9173041059056657,-0.29029012074992433,-0.7353371051134842,0.46227258716553077,0.4618364823564198,0.4613987675288056,0.6142625810090035,-0.22445069484855762,-0.5548745589156678
-0.4063287677404611,-0.021310730664061233,-1.0250031319717408,-0.1451938081479706,-0.8314796233527726,0.46227258716553077,0.4618364823564198,0.4613987675288056,0.6771710769657643,-0.22445069484856173,-0.5905191818871327
-0.6893494965863205,0.5143893087283855,-1.369640015383181,0.5512684923414104,-0.8314796233527726,0.5095836562484013,0.4618364823564198,0.4613987675288056,0.7287112496508418,0.28553853523460965,-0.7668184721022159
-0.5926208930567229,0.3083508320389798,-1.2619409893171059,0.6383262799025812,-0.9276221415920611,0.5095836562484013,0.5091680141940991,0.4613987675288056,0.7170469057017815,0.6564397934769154,-0.7283458269066546
-0.6499415470001881,0.22593544136322044,-1.326560404956751,0.4932299673006274,-0.9276221415920611,0.5589505204646441,0.5091680141940991,0.508751053006816,0.7244385523495749,0.5173518216360496,-0.7632927428078663
-0.667854251357521,0.4319739180526225,-1.3911798205963959,0.5802877548618006,-1.0211662133924502,0.5589505204646441,0.5585562303277203,0.508751053006816,0.763529970006878,0.42462650707547533,-0.794436898666246
-0.6821844148433873,0.3495585273768631,-1.2834807945303208,0.4351914422598469,-1.0211662133924502,0.6090865533851753,0.5585562303277203,0.5581609245831078,0.6626686822140787,0.28553853523460965,-0.8029889404758938
-0.7681653957585851,0.6792200900799078,-1.348100210169966,0.5222492298210176,-1.1147102851928392,0.6090865533851753,0.6087139478427581,0.5581609245831078,0.6429744421316941,0.05372524883316551,-0.873231625813444
-0.9007194080028483,0.8440508714314302,-1.3911798205963959,0.34813365469867363,-1.1147102851928392,0.6614358262629588,0.6087139478427581,0.6083406349470715,0.5528420540084519,-0.40990132396971457,-0.9506296562703742
-0.9329622758460475,0.2671431367011001,-1.4127196258096109,0.7253840674637544,-1.2082543569932283,0.6614358262629588,0.6610858625748917,0.6083406349470715,0.5391336155776514,0.8418904225980682,-0.9862627362939859
-0.9222146532316478,0.5555970040662651,-1.348100210169966,0.5802877548618006,-1.2082543569932283,0.09645456651738786,0.6610858625748917,0.660735513395772,0.48719258570285756,0.28553853523460965,-0.980125735685233
-0.9437098984604472,0.4319739180526225,-1.4127196258096109,0.6963648049433642,-1.2082543569932283,0.09645456651738786,0.09586023986704004,0.660735513395772,0.5272215308934008,0.6100771361966282,-0.9923997369027389
-0.9723702254321798,0.5143893087283855,-1.1542419632510308,0.7834225925045374,-1.2991999823547173,-0.5232390680791329,0.09586023986704004,0.09526205401701379,0.22973386609519567,0.6564397934769154,-1.024610974162682
-0.9867003889180461,0.5968046994041448,-0.8742244954792356,0.667345542422974,-1.2991999823547173,-0.49543230242416114,-0.5241014216235491,0.09526205401701379,-0.08032144835912454,0.3782638497951881,-1.03261408467441
-1.1264194829052425,-0.639426160732271,-0.8311448850528057,0.40617217973945413,-1.390145607716207,-0.7488711093937637,-0.49628262912076665,-0.5249714444676901,-0.38882867827341805,1.3518796526812356,-1.1245600770759763
-1.1371671055196422,-0.5158030747186283,-0.8096050798395906,-2.495754072299631,-1.390145607716207,-0.9848600312933281,-0.7498310522175587,-0.49714045415106906,-0.4372706640418941,-2.2875889438213823,-1.1304277422348155
-1.1443321872625754,-0.6806338560701506,-0.6372866381338705,-2.495754072299631,-1.390145607716207,-0.9848600312933281,-0.9859220429044078,-0.7508000516082748,-0.6573361450257779,-2.2875889438213823,-1.1343395190073746
1.2810479827202952,0.14352005068745746,0.05198712868900975,-1.0447909462800884,0.8133369724707346,-0.9848600312933281,-0.9859220429044078,-0.9869945620274434,0.9019659551915687,-1.847143699658646,1.257822276692135
1.3097083096920277,-0.021310730664061233,0.11660654432865478,-1.1028294713208688,0.7042022220369467,2.402613221014595,-0.9859220429044078,-0.9869945620274434,0.8870185689330476,-1.7544183850980717,1.228841782281397
1.2917956053346948,0.10231235534957778,0.22430557039472984,-1.1898872588820422,0.59506747160316,2.477662582425168,2.403016342953172,-0.9869945620274434,0.8419775735929268,-2.032594328779799,1.1608345811781322
1.2380574922626963,0.019896964673818438,0.26738518082115986,-1.2479257839228226,0.59506747160316,2.555466048841633,2.478098164350612,2.403429784787523,0.8084376417975119,-2.032594328779799,1.1167982351172063
1.2774654418488285,-0.1449338166777039,0.1381463495418698,-1.3930220965247764,0.59506747160316,2.555466048841633,2.5559352819461227,2.478544527602381,0.8691211547524166,-2.0789569860600863,1.1490915555618855
1.1664066748333648,-1.2163338954625973,-0.01263228695063528,-1.422041359045169,0.59506747160316,2.555466048841633,2.5559352819461227,2.5564157747407203,0.8904962583268903,-0.919890554052886,1.058083107035972
1.1520765113474984,-0.9690877234353156,-0.0557118973770653,-1.4800798840859495,0.59506747160316,2.123656810230252,2.5559352819461227,2.5564157747407203,0.9023851034639798,-1.2907918122951874,1.0463400814197252
1.8184291134402812,0.2671431367011001,0.11660654432865478,1.305769317871572,2.2983491123019095,2.123656810230252,2.123939279291038,2.5564157747407203,1.0231900338784687,1.7691435682038326,2.525482757687079
1.6393020698669525,0.019896964673818438,0.3750842068872349,1.4218463679531328,2.2983491123019095,1.7981470539549067,2.123939279291038,2.1242303531229387,0.8929509358420052,2.2327701410067085,2.525482757687079
1.1305812661186991,-0.22734920735346692,0.26738518082115986,-1.2189065214024324,1.9514565127088,1.9060826531940824,1.798288735110036,2.1242303531229387,0.7712849769852254,-1.7080557278177804,1.6580470599656514
1.0660955304323008,-0.4745953793807486,-0.12033131301671034,-1.4800798840859495,1.717596333207828,2.456845795839675,1.9062710181326303,1.7984370196848571,0.8998672679718099,-1.847143699658646,1.4867266279246913
1.0159399582317687,-0.5982184653943913,-0.40034878078850544,-1.2769450464432155,1.4863346001457551,2.2331563966476913,2.4572723741892526,1.9064666501178769,0.994823657238395,-1.383517126855766,1.3342237659843839
1.0589304486893676,-0.8866723327595563,-0.3357293651488604,-1.50909914660634,1.4863346001457551,2.3682721501882953,2.2334862259400667,2.457709605876041,0.9821825151178142,-1.429879784136049,1.3747318176514371
1.4028543723501588,-1.0927108094489584,0.8920395320043951,-1.4800798840859495,1.4863346001457551,2.3682721501882953,2.368660419092988,2.2338253332465214,0.6388615680217511,-1.1517038404543218,1.6987962309878657
1.3885242088642924,-0.927880028097436,0.9566589476440401,-1.5381184091267326,1.2576713135225819,2.3682721501882953,2.368660419092988,2.369058796752161,0.6105044611508954,-1.429879784136053,1.5710747955391622
1.374194045378426,-0.7630492467459136,0.6981812850854601,-1.4510606215655593,1.1459381166498945,2.122638392214659,2.368660419092988,2.369058796752161,0.6978083124351486,-1.4762424414163402,1.5024327323039568
1.3813591271213592,-0.22734920735346692,0.7628007007251051,-1.596156934167513,1.0342049197772085,2.1894382256284683,2.12292042079421,2.369058796752161,0.6772012547967636,-2.2875889438213823,1.4531469100692331
1.3526988001496267,-0.06251842600194457,0.31046479124758986,-1.3059643089636057,0.9224717229045212,2.2585752379168027,2.1897491461489307,2.1232110478832737,0.8300710332430307,-2.032594328779799,1.3726669125354303
1.0875907756611,-0.9690877234353156,-0.2711099495092154,-1.4510606215655593,0.59506747160316,2.330174272174826,2.2589160612434815,2.1900690758883834,0.9655449667607602,-1.2444291550149003,0.9934964661466138
1.123416184375766,-1.2163338954625973,-0.18495072865635537,-1.596156934167513,0.59506747160316,2.123656810230252,2.330546063169557,2.259266318868446,0.9430715492179015,-1.1980664977346132,1.0228540301872315
1.0446002852035012,-1.0515031141110749,0.09506673911543977,-1.9153688218918135,0.59506747160316,1.6918475716188717,2.123939279291038,2.3309277286792693,0.8078241183962549,-1.8935063569389372,0.9582673892978733
0.9729494677741698,-0.8042569420837933,0.1381463495418698,-1.79929177181025,0.59506747160316,1.2600383330074905,1.691943276635953,2.1242303531229387,0.7644427708064853,-1.9862316714995116,0.8995522612166384
0.886968486858972,-0.9690877234353156,0.2889249860343749,-1.7122339842490766,0.48853116760827275,1.2600383330074905,1.2599472739808675,1.692044931505157,0.668677332628613,-1.6616930705374933,0.7832403884461929
0.33525719265311965,-1.6696185441792846,-0.01263228695063528,-1.596156934167513,0.48853116760827275,1.3151670035953316,1.2599472739808675,1.2598595098873746,0.5408618492638082,-0.6880772676514418,0.3392319214147653
0.40332546921098456,-1.2987492861383603,-0.03417209216385029,-1.8863495593714232,0.48853116760827275,1.3151670035953316,1.3150997885547153,1.2598595098873746,0.5883376973254221,-1.5689677559769188,0.39401218682773365
0.29226670219552076,-1.5047877628277624,0.11660654432865478,-1.7702725092898597,0.48853116760827275,1.3151670035953316,1.3150997885547153,1.3150362073981858,0.4503440694480136,-1.151703840454326,0.3046338590486802
0.31017940655285364,-1.3811646768141197,0.1596861547550848,-1.7122339842490766,0.48853116760827275,1.3151670035953316,1.3150997885547153,1.3150362073981858,0.4391429044113944,-1.1980664977346132,0.3190497183678824
0.36391751962485225,-0.845464637421673,0.20276576518151482,-1.2769450464432155,0.3819948636133843,1.3151670035953316,1.3150997885547153,1.3150362073981858,0.44937168287676177,-1.1053411831740387,0.3241209201248327
0.41049055095391773,-0.5570107700565116,0.2889249860343749,-0.6385212709946149,0.3819948636133843,0.9244910542496666,1.3150997885547153,1.3150362073981858,0.4340147350455792,-0.40990132396971046,0.36091855533188166
0.36750006049631884,-0.639426160732271,0.1596861547550848,-0.8416561086373516,0.3819948636133843,0.9244910542496666,0.9242548659367034,1.3150362073981858,0.4728906143023662,-0.6417146103711546,0.3269515074484517
0.9156288138307046,-0.22734920735346692,0.3535444016740199,-0.6385212709946149,0.3819948636133843,0.028785257075719523,0.9242548659367034,0.9240199094911375,0.653982328747439,-0.7808025822120161,0.7600313679621817
0.886968486858972,-0.30976459802922623,0.31046479124758986,-0.5804827459538344,0.3819948636133843,0.9244910542496666,0.028161662422893006,0.9240199094911375,0.6597466672864637,-0.5953519530908674,0.7373866693732286
1.2595527374914957,-1.834449325530807,-2.2096924186985665,-2.495754072299631,1.717596333207828,0.9244910542496666,0.9242548659367034,0.027533792515059042,1.733183360542878,-2.264407615181239,1.6751767945801763
1.22372732877683,-1.5872031535035254,-2.2743118343382114,-2.4086962847384576,1.717596333207828,2.2331563966476913,0.9242548659367034,0.9240199094911375,1.7548903061067154,-2.0789569860600863,1.6402786155699012
1.0875907756611,-0.5158030747186283,-1.735816704007836,1.5089041555143088,1.0342049197772085,2.2331563966476913,2.2334862259400667,0.9240199094911375,1.5361836867263918,2.3486767842074348,1.1946413103413758
1.1090860208898996,-0.2685569026913466,-1.585038067515331,1.65400046811626,1.0342049197772085,0.6500946078412115,2.2334862259400667,2.2338253332465214,1.4806220630290194,2.3486767842074348,1.2135563542239018
1.0875907756611,-0.639426160732271,-1.520418651875686,1.4508656304735281,1.0342049197772085,0.6500946078412115,0.6497397389041975,2.2338253332465214,1.4522662279079164,2.3486767842074348,1.1946413103413758
1.0947558574040333,-0.18614151201558357,-1.6927370935814061,1.6830197306366501,1.0342049197772085,0.6500946078412115,0.6497397389041975,0.6493844147462281,1.5203747202909106,2.3486767842074348,1.200946324968884
1.1592415930904316,-0.6806338560701506,-1.4127196258096109,1.189692267790006,1.0342049197772085,0.6500946078412115,0.6497397389041975,0.6493844147462281,1.4221692490067757,2.3486767842074348,1.2576914566164628
1.2165622470338968,-0.845464637421673,-1.0896225476113859,0.6963648049433642,1.0342049197772085,0.6500946078412115,0.6497397389041975,0.6493844147462281,1.3101288557514776,2.04731951188556,1.3081315736365324
1.1377463478616323,-0.5982184653943913,-1.197321573677461,0.8124418550249277,1.0342049197772085,0.6500946078412115,0.6497397389041975,0.6493844147462281,1.3359933327381988,1.9545941973249854,1.2387764127339365
1.6751274785816184,-0.8866723327595563,-2.3389312499778563,-0.23225159570914386,1.3720029568341685,0.6500946078412115,0.6497397389041975,0.6493844147462281,1.8013997433878575,0.6100771361966282,1.8937232739389
1.6464671516098857,-1.33995698147624,-2.2743118343382114,-2.495754072299631,1.3720029568341685,2.438503809171394,0.6497397389041975,0.6493844147462281,1.7785843758891302,-2.2875889438213823,1.8671693636769109
1.5712337933090876,-0.845464637421673,-2.3604710551910713,-2.495754072299631,1.3720029568341685,2.438503809171394,2.438922454333598,0.6493844147462281,1.8040564254496747,-2.2875889438213823,1.7974653492391879
1.3347860957922937,-0.9690877234353156,-2.2527720291249964,-2.4086962847384576,1.3720029568341685,2.438503809171394,2.438922454333598,2.439351640059861,1.7538472258483335,-2.2875889438213823,1.5783955895777744
1.1950670018050973,-1.5047877628277624,-2.3173914447646413,-0.8706753711577419,1.2576713135225819,2.438503809171394,2.438922454333598,2.439351640059861,1.76933056396152,0.28553853523460965,1.3948832395040445
1.0446002852035012,-2.534980146274776,-2.3604710551910713,1.915173830799777,1.2576713135225819,1.3455854463172927,2.438922454333598,2.439351640059861,1.7770157999818585,2.3486767842074348,1.2578453625878419
1.1019209391469664,-2.2053185835717315,-2.2527720291249964,1.6830197306366501,1.2576713135225819,1.3455854463172927,1.3455313877144224,2.439351640059861,1.738594038039623,2.3486767842074348,1.3100502680797281
1.1699892157048313,-2.328941669585374,-2.3389312499778563,1.8571353057589965,1.2576713135225819,1.3455854463172927,1.3455313877144224,1.3454811500191997,1.7760234901634215,2.3486767842074348,1.372043593351344
1.0840082347896336,-1.545995458165642,-2.2312322239117814,2.031250880881343,1.2576713135225819,1.3455854463172927,1.3455313877144224,1.3454811500191997,1.7289313170568088,2.3486767842074348,1.293736235113514
1.062512989560834,-1.422372372152003,-2.1881526134853515,2.1763471934832994,1.2576713135225819,1.3455854463172927,1.3455313877144224,1.3454811500191997,1.7104331419320935,2.3486767842074348,1.2741593955540562
1.2344749513912296,-0.639426160732271,-2.2527720291249964,2.060270143401733,1.1459381166498945,1.3455854463172927,1.3455313877144224,1.3454811500191997,1.7475275118044171,2.3486767842074348,1.3773341111175101
1.524660761980022,-0.1449338166777039,-2.2743118343382114,1.8861545682793868,1.1459381166498945,1.3990253130483394,1.3455313877144224,1.3454811500191997,1.7723034394247754,2.3486767842074348,1.6371543243508995
1.0660955304323008,0.061104660011698106,-1.757356509221051,1.3347885803919621,1.1459381166498945,1.3990253130483394,1.3989943679981987,1.3454811500191997,1.5417903195498377,2.04731951188556,1.2265742343030743
1.0159399582317687,-0.06251842600194457,-1.606577872728546,1.65400046811626,1.1459381166498945,1.3990253130483394,1.3989943679981987,1.3989675724232866,1.4751124788109187,2.3486767842074348,1.1816670369540931
1.0446002852035012,-0.22734920735346692,-1.6711972883681911,1.799096780718216,1.0342049197772085,1.0038188567582749,1.3989943679981987,1.3989675724232866,1.5049619946244968,2.3486767842074348,1.1568112225763232
1.073260612175234,-0.4333876840428689,-1.6927370935814061,1.7120389931570454,1.0342049197772085,0.6500946078412115,1.0036169789228326,1.3989675724232866,1.5174384881331742,2.3486767842074348,1.1820312810863578
1.0589304486893676,-0.35097229336710595,-1.649657483154976,1.6249812055958697,1.0342049197772085,0.6500946078412115,0.6497397389041975,1.0034168206907383,1.4985302878130586,2.3486767842074348,1.1694212518313405
1.3956892906072256,-1.0515031141110749,-0.8096050798395906,-0.08715528310719013,1.0342049197772085,0.6500946078412115,0.6497397389041975,0.6493844147462281,1.2429525821054634,1.027341051719217,1.4657569393242504
1.3312035549208272,-0.8866723327595563,-0.9173041059056657,-0.029116758066407088,1.0342049197772085,0.6500946078412115,0.6497397389041975,0.6493844147462281,1.268861082972116,0.9346157371586468,1.4090118076766718
1.3025432279490947,-0.9690877234353156,-0.7880652746263757,-0.11617454562758035,1.0342049197772085,0.6500946078412115,0.6497397389041975,0.6493844147462281,1.2158704066694745,0.8882530798783554,1.3837917491666372
1.324038473177894,-0.721841551408034,-0.7234458589867306,-0.058136020586797316,0.9224717229045212,0.6500946078412115,0.6497397389041975,0.6493844147462281,1.1969342737322652,0.7028024507572067,1.34788805114335
1.2810479827202952,-0.22734920735346692,-0.7019060537735156,-0.20323233318875364,0.9224717229045212,0.6930540283960258,0.6497397389041975,0.6493844147462281,1.179525941181801,-0.08536272300769604,1.310719759055229
1.2595527374914957,-0.06251842600194457,-0.6157468329206556,-0.31930938327031716,0.9224717229045212,0.6930540283960258,0.6927177400598433,0.6493844147462281,1.1427346175119006,-0.4562639812500018,1.2921356130111683
1.2308924105197632,-0.1449338166777039,-0.6803662485603006,-0.11617454562758035,0.9224717229045212,0.6930540283960258,0.6927177400598433,0.6923812606327224,1.1600115407500198,-0.03900006572740886,1.267356751619088
1.384941667992826,0.14352005068745746,-1.369640015383181,0.23205660461711014,1.0342049197772085,0.6930540283960258,0.6927177400598433,0.6923812606327224,1.4410606325167254,0.19281322067403528,1.456299417382987
1.4028543723501588,-0.06251842600194457,-1.2834807945303208,0.34813365469867363,1.0342049197772085,1.8564550803979043,0.6927177400598433,0.6923812606327224,1.4130166448069916,0.6100771361966282,1.4720619539517588
1.3706115045069596,0.4319739180526225,-1.1757817684642458,-0.6675405335150051,1.0342049197772085,0.6500946078412115,1.8566219806586597,0.6923812606327224,1.3693487785291847,-1.5689677559769146,1.4436893881279698
1.3562813410210932,0.3083508320389798,-1.1111623528246009,-0.6095020084742246,1.1459381166498945,0.6500946078412115,0.6497397389041975,1.8567958428378908,1.3436504302627075,-1.3371544695754747,1.4863944475364634
1.4064369132216252,0.061104660011698106,-1.0034633267585258,-0.4934249583926611,1.1459381166498945,0.6086124004682107,0.6497397389041975,0.6493844147462281,1.3140210848356713,-0.8735278967725947,1.5313016448854446
1.34911625927816,-0.927880028097436,-1.0680827423981707,-0.029116758066407088,1.1459381166498945,0.6086124004682107,0.6082395898474668,0.6493844147462281,1.326834357893728,0.9809783944389339,1.4799791336294663
1.2810479827202952,-1.9992801068823294,-1.1542419632510308,0.5222492298210176,1.1459381166498945,0.6086124004682107,0.6082395898474668,0.6078660689581904,1.3460619327759393,2.3486767842074348,1.4190336515129924
1.3312035549208272,-1.545995458165642,-1.0250031319717408,0.3191143921782834,1.1459381166498945,0.6086124004682107,0.6082395898474668,0.6078660689581904,1.3079551601726909,2.232770141006713,1.4639408488619736
1.374194045378426,-1.2987492861383603,-0.9603837163320957,0.08696029201515641,1.1459381166498945,0.6086124004682107,0.6082395898474668,0.6078660689581904,1.292689853837228,1.5836929390826797,1.5024327323039568
1.4136019949645584,-1.1751262001247176,-0.9388439111188808,0.29009512965789064,1.1459381166498945,0.6086124004682107,0.6082395898474668,0.6078660689581904,1.2923865865436497,1.7691435682038286,1.5377169587924417
1.3921067497357589,-0.4333876840428689,-1.0465429371849557,-9.749554601685544e-05,1.1459381166498945,0.6086124004682107,0.6082395898474668,0.6078660689581904,1.3267959582865325,0.4709891643557625,1.5184710170714502
1.3634464227640264,-0.5570107700565116,-0.7665254694131607,0.23205660461711014,1.1459381166498945,0.6086124004682107,0.6082395898474668,0.6078660689581904,1.2209212414377995,0.9809783944389339,1.4928097614434612
1.3455337184066936,-0.35097229336710595,-0.5080478068545805,-0.8416561086373516,1.1459381166498945,0.6086124004682107,0.6082395898474668,0.6078660689581904,1.1237125931418217,-0.9662532113331732,1.4767714766759679
1.5318258437229553,-1.3811646768141197,-0.5511274172810106,-0.2612708582295341,1.1459381166498945,0.6086124004682107,0.6082395898474668,0.6078660689581904,1.1804757662289165,1.1200663662797954,1.6435696382578968
1.5819814159234873,-1.0515031141110749,-0.42188858600172047,-0.3773479083110976,1.1459381166498945,0.6086124004682107,0.6082395898474668,0.6078660689581904,1.1470459921377547,0.5637144789163369,1.6884768356068778
1.3025432279490947,-0.8866723327595563,-0.4865080016413655,-0.31930938327031716,1.1459381166498945,0.6086124004682107,0.6082395898474668,0.6078660689581904,1.105520647057164,0.4709891643557625,1.438279593233984
1.374194045378426,-0.7630492467459136,-0.6803662485603006,-0.058136020586797316,1.1459381166498945,0.6086124004682107,0.6082395898474668,0.6078660689581904,1.1922553078862284,0.7491651080374938,1.5024327323039568
1.3312035549208272,-0.927880028097436,-0.7665254694131607,-0.20323233318875364,1.0342049197772085,0.6086124004682107,0.6082395898474668,0.6078660689581904,1.2141293748913118,0.7028024507572026,1.4090118076766718
0.42840325531125056,-1.2163338954625973,-0.42188858600172047,0.4932299673006274,1.4863346001457551,0.6500946078412115,0.6082395898474668,0.6078660689581904,0.7897694723753949,2.1400448264461343,0.7806137265346514
0.48572390925471576,-1.0102954187731954,-0.5511274172810106,0.3191143921782834,1.3720029568341685,-0.2604814327410947,0.6497397389041975,0.6078660689581904,0.8761507895772895,1.630055596362967,0.7917359980663349
0.47497628664031605,-0.927880028097436,-0.4865080016413655,0.23205660461711014,1.2576713135225819,-0.23494264765633152,-0.2612301396237403,0.6493844147462281,0.8409436144331962,1.3982423099615269,0.7390591142622179
0.46064612315444975,-0.721841551408034,-0.40034878078850544,0.17401807957632712,1.2576713135225819,-0.208520445477441,-0.2356803086271549,-0.26198490027736754,0.7935643260586743,1.0737037089995083,0.7260078878892464
0.44631595966858345,-0.845464637421673,-0.4434283912149355,0.028921766974373375,1.0342049197772085,-0.208520445477441,-0.20924667844515268,-0.236423866347295,0.8080624832958078,0.9809783944389298,0.6303425011793451
0.46064612315444975,-0.30976459802922623,-0.3788089755752905,0.14499881705593687,1.0342049197772085,-0.15414570719658371,-0.20924667844515268,-0.2099786457089492,0.783222307229518,0.5637144789163369,0.6429525304343627
0.49288899099764893,-0.4745953793807486,-0.3141895599356454,0.3191143921782834,0.9224717229045212,-0.15414570719658371,-0.15484842226544415,-0.2099786457089492,0.7666099305275661,1.0273410517192212,0.6293010707730111
1.0446002852035012,-0.6806338560701506,-0.16341092344314034,-0.3773479083110976,0.8133369724707346,-0.12550609349337433,-0.15484842226544415,-0.15555653731488048,0.9098442954052662,0.146450563393744,1.0569518981463335
1.030270121717635,-0.5570107700565116,-0.24957014429600038,-9.749554601685544e-05,0.8133369724707346,0.7365173976998874,-0.12619642149501373,-0.15555653731488048,0.9393391638314819,0.6100771361966282,1.0447779358102247
1.023105039974702,-0.10372612133982424,-0.3141895599356454,-0.08715528310719013,0.8133369724707346,0.7365173976998874,0.7361999079300123,-0.12689197339055103,0.962741570334297,-0.03900006572740886,1.0386909546421699
0.886968486858972,-0.22734920735346692,-0.18495072865635537,-0.1451938081479706,0.7042022220369467,0.7365173976998874,0.7361999079300123,0.7358824942976747,0.8651519701559047,0.007362591552882442,0.8760662099841448
0.8081525876867074,-0.4333876840428689,-0.3788089755752905,0.057941029494766184,0.7042022220369467,0.3575181225764966,0.7361999079300123,0.7358824942976747,0.9189460955109714,0.563714478916341,0.8102944931151652
0.5143842362264484,-0.639426160732271,-0.7019060537735156,0.11597955453554665,0.59506747160316,0.3575181225764966,0.3570367098729421,0.7358824942976747,0.9585518451925531,0.8882530798783554,0.5237754414967375
0.5752874310413801,-0.5158030747186283,-0.6372866381338705,0.028921766974373375,0.59506747160316,0.3964198557847292,0.3570367098729421,0.3565530430826416,0.9507498377155668,0.6100771361966241,0.5736833003657866
0.6003652171416461,-0.39217998870498927,-0.6157468329206556,0.17401807957632712,0.48853116760827275,0.3964198557847292,0.3959552686706976,0.3565530430826416,0.949948186535913,0.7028024507572026,0.5525866393389579
0.5860350536557798,-0.2685569026913466,-0.5511274172810106,0.11597955453554665,0.48853116760827275,0.4357974776331868,0.3959552686706976,0.39548866665181115,0.915109296080011,0.4709891643557625,0.5410539518835962
0.937124059059504,-0.639426160732271,-0.5295876120677955,-0.08715528310719013,0.59506747160316,-0.003887285347885538,0.4353499219377315,0.39548866665181115,1.0232832093067452,0.5637144789163369,0.8701946971760213
1.0804256939181671,-0.6806338560701506,-0.5942070277074406,-0.058136020586797316,0.59506747160316,-0.035389382826651765,-0.004525011370760449,0.43490059344524756,1.0895180592701275,0.6564397934769154,0.9876249533384903
1.0875907756611,-0.8042569420837933,-0.6372866381338705,-0.20323233318875364,0.8133369724707346,-0.035389382826651765,-0.03604073398438767,-0.005167213531221634,1.1082046467521673,0.5637144789163369,1.0934737851546612
0.39616038746805143,0.019896964673818438,-0.4434283912149355,-0.4934249583926611,1.717596333207828,-0.09653051395746617,-0.03604073398438767,-0.03669675496597086,0.785881683499872,-0.8271652394923075,0.8341306804325475
0.5143842362264484,0.22593544136322044,-0.29264975472243043,-0.3773479083110976,1.717596333207828,-0.3096144340285868,-0.09720830958156729,-0.03669675496597086,0.7658913459884719,-0.8735278967725947,0.949294671166455
0.5322969405837812,-0.39217998870498927,-0.14187111822992535,-0.2612708582295341,1.8345264229583138,-0.3096144340285868,-0.31038439167934767,-0.09789115094724914,0.7031753490731913,0.007362591552882442,1.0113572541251912
0.5179667770979149,-0.5158030747186283,-0.24957014429600038,-0.11617454562758035,1.717596333207828,-0.33325345631562997,-0.31038439167934767,-0.31116070518850897,0.7472067982249933,0.378263849795184,0.9527844890674826
0.4534810414115166,-0.845464637421673,-0.3141895599356454,0.08696029201515641,1.6006662434573418,-0.3096144340285868,-0.3340336382019949,-0.31116070518850897,0.7489462954242327,1.0737037089995083,0.8466239976592689
-0.2200366424241993,0.019896964673818438,-0.5295876120677955,-0.08715528310719013,0.7042022220369467,-0.2851803773596923,-0.31038439167934767,-0.334820321287998,0.47867465151268246,-0.17808803756827454,-0.04772744967560961
-0.230784265038599,-0.10372612133982424,-0.4865080016413655,-0.1742130706683608,0.7042022220369467,-0.23612232618113096,-0.2859397669104231,-0.31116070518850897,0.44285908040568633,-0.17808803756827044,-0.05669632015774336
-0.18062869283806698,-0.22734920735346692,-0.42188858600172047,-0.29029012074992433,0.8133369724707346,-0.23612232618113096,-0.23686049738080509,-0.28670536209015823,0.43946729461371953,-0.22445069484855762,0.016078118408998074
-0.20928901980979955,-0.39217998870498927,-0.5080478068545805,-0.058136020586797316,1.0342049197772085,-0.26314009628893736,-0.23686049738080509,-0.23760457258288514,0.4728338375283269,0.33190119251490097,0.05343366276229726
-0.255862051138865,-0.639426160732271,-0.40034878078850544,0.057941029494766184,1.3720029568341685,-0.3149937702041428,-0.26388995308388363,-0.23760457258288514,0.36716644304826174,0.795527765317781,0.10465357003735579
-0.22361918329566585,-0.22734920735346692,-0.5080478068545805,0.14499881705593687,1.3720029568341685,-0.3877110166179157,-0.31576605449937256,-0.26464587999623435,0.46215966930730173,0.4709891643557625,0.13452671908209418
-0.2630271328817982,0.10231235534957778,-0.5942070277074406,-9.749554601685544e-05,1.3720029568341685,-0.3877110166179157,-0.388514752224912,-0.3165447277271023,0.48854046400311135,-0.13172538028798322,0.09801509247185848
0.5537921858125807,-0.39217998870498927,-0.20649053386957036,-0.2612708582295341,0.8133369724707346,-0.3877110166179157,-0.388514752224912,-0.38932532385627516,0.7429428654738568,0.007362591552882442,0.639993688134594
0.5036366136120486,-0.22734920735346692,-0.2711099495092154,-0.20323233318875364,0.8133369724707346,-0.09653051395746617,-0.388514752224912,-0.38932532385627516,0.7509795426445018,-0.08536272300769604,0.5973848199582119
0.5215493179693815,-0.10372612133982424,-0.29264975472243043,-0.058136020586797316,0.8133369724707346,-0.09653051395746617,-0.09720830958156729,-0.38932532385627516,0.7690255359276764,0.007362591552882442,0.6126022728783483
0.5143842362264484,-0.021310730664061233,-0.24957014429600038,-9.749554601685544e-05,0.8133369724707346,-0.09653051395746617,-0.09720830958156729,-0.09789115094724914,0.7456112934406722,0.007362591552878325,0.6065152917102937
0.49288899099764893,-0.1449338166777039,-0.18495072865635537,0.057941029494766184,0.8133369724707346,-0.09653051395746617,-0.09720830958156729,-0.09789115094724914,0.7052907165247755,0.23917587795432246,0.5882543482061299
0.07373170903605977,-0.30976459802922623,-0.16341092344314034,-9.749554601685544e-05,0.8133369724707346,-0.09653051395746617,-0.09720830958156729,-0.09789115094724914,0.4633412597230636,0.33190119251489686,0.23216594987493605
0.04148884119286061,-0.18614151201558357,-0.2280303390827854,0.057941029494766184,0.8133369724707346,-0.26314009628893736,-0.09720830958156729,-0.09789115094724914,0.47871814906163096,0.28553853523460965,0.2047745346186904
0.0844793316504595,-0.10372612133982424,-0.2711099495092154,0.08696029201515641,0.8133369724707346,-0.26314009628893736,-0.26388995308388363,-0.09789115094724914,0.5304174025168146,0.23917587795432246,0.24129642162701812
0.14896506733685783,-0.39217998870498927,-0.3141895599356454,-0.08715528310719013,0.8133369724707346,-0.26314009628893736,-0.26388995308388363,-0.26464587999623435,0.5927800866277615,0.28553853523460965,0.29607925213950936
0.09164441339339265,-0.30976459802922623,-0.3788089755752905,-0.029116758066407088,0.8133369724707346,-0.26314009628893736,-0.26388995308388363,-0.26464587999623435,0.5947589025658973,0.28553853523460965,0.24738340279507254
0.05223646380726033,-0.2685569026913466,-0.35726917036207545,0.057941029494766184,0.8133369724707346,-0.26314009628893736,-0.26388995308388363,-0.26464587999623435,0.5588539081237432,0.3782638497951881,0.2139050063707725
0.027158677706994313,-0.06251842600194457,-0.29264975472243043,0.08696029201515641,0.8133369724707346,-0.26314009628893736,-0.26388995308388363,-0.26464587999623435,0.5062296605188783,0.19281322067403528,0.1926005722825813
-0.18421123370953355,-0.639426160732271,-0.42188858600172047,0.20303734209671992,0.7042022220369467,-0.26314009628893736,-0.26388995308388363,-0.26464587999623435,0.4367917498005111,1.0273410517192212,-0.01783121473516456
-0.1376382023804681,-0.4745953793807486,-0.35726917036207545,0.26107586713750036,0.7042022220369467,-0.23612232618113096,-0.26388995308388363,-0.26464587999623435,0.4309936181641666,0.9346157371586425,0.021033890687413955
-0.21287156068126614,-0.5570107700565116,-0.4649681964281505,0.17401807957632712,0.7042022220369467,-0.23612232618113096,-0.23686049738080509,-0.26464587999623435,0.44261295081724206,0.8882530798783554,-0.04174820268752084
-0.2021239380668664,-0.30976459802922623,-0.5511274172810106,0.08696029201515641,0.7042022220369467,-0.23612232618113096,-0.23686049738080509,-0.23760457258288514,0.5055354601107527,0.4709891643557625,-0.032779332205387084
-0.2164541015527327,-0.1449338166777039,-0.4434283912149355,-9.749554601685544e-05,0.7042022220369467,-0.23612232618113096,-0.23686049738080509,-0.23760457258288514,0.42609259319291654,0.146450563393744,-0.04473782618156522
-0.3382604911825962,0.8852585667693098,-1.2834807945303208,0.5222492298210176,0.7042022220369467,-0.23612232618113096,-0.23686049738080509,-0.23760457258288514,0.8999310140543905,-0.17808803756827454,-0.14638502497907852
-0.3633382772828622,0.5555970040662651,-1.197321573677461,0.7253840674637544,0.7042022220369467,-0.5753454397569184,-0.23686049738080509,-0.23760457258288514,0.826014140396427,0.5173518216360496,-0.16731238943739013
-0.4206589312263274,1.0500893481208322,-1.1327021580378158,0.6093070173821908,0.7042022220369467,-0.5753454397569184,-0.5762303300972323,-0.23760457258288514,0.7437512886211997,-0.22445069484856173,-0.21514636534210238
-0.4314065538407271,0.5968046994041448,-1.218861378890676,0.5512684923414104,0.7042022220369467,-0.5753454397569184,-0.5762303300972323,-0.5771232101060436,0.7982428583861495,0.19281322067403528,-0.22411523582423584
-0.4134938494833943,0.3907662227147428,-1.1542419632510308,0.4642107047802372,0.59506747160316,-0.5753454397569184,-0.5762303300972323,-0.5771232101060436,0.7638792779066169,0.28553853523460965,-0.23658546715525028
-0.4600668808124597,-0.06251842600194457,-1.0896225476113859,0.5512684923414104,0.3819948636133843,-0.5535604691603084,-0.5762303300972323,-0.5771232101060436,0.6850982334190172,0.9346157371586468,-0.3269141643075717
-0.5353002391132577,0.22593544136322044,-0.9603837163320957,0.6963648049433642,0.17152070206250916,-0.5086382212286483,-0.5544359371704894,-0.5771232101060436,0.5298101869083659,0.8418904225980682,-0.4357026001770886
-0.3776684407687285,-0.10372612133982424,-0.5295876120677955,0.08696029201515641,1.3720029568341685,-0.4608616279080816,-0.5094942596853929,-0.5553192609073088,0.3520258805549367,0.23917587795432246,-0.008200548576099656
-0.3525906546684625,-0.021310730664061233,-0.5942070277074406,0.028921766974373375,1.3720029568341685,-0.6168635700602924,-0.4616970022637252,-0.5103578776705877,0.4180074788044734,0.05372524883316551,0.015034122903141161
-0.374085899897262,0.061104660011698106,-0.7019060537735156,0.08696029201515641,1.3720029568341685,-0.6168635700602924,-0.617766417621548,-0.462539662400086,0.47495059212967466,0.05372524883316963,-0.004881309793351009
-0.38841606338312823,-0.06251842600194457,-0.7449856641999456,0.17401807957632712,1.2576713135225819,-0.6168635700602924,-0.617766417621548,-0.6186775101197458,0.4935255239802514,0.33190119251489686,-0.047277274709325065
-0.3812509816401951,-0.1449338166777039,-0.8096050798395906,0.26107586713750036,1.2576713135225819,-0.674752213015861,-0.617766417621548,-0.6186775101197458,0.5443376445058652,0.5637144789163369,-0.04075166152283927
-0.3919986042545948,-0.22734920735346692,-0.8957643006924507,0.23205660461711014,1.1459381166498945,-0.674752213015861,-0.6756800982930251,-0.6186775101197458,0.5965036837858428,0.6100771361966282,-0.07894214577087169
-0.3633382772828622,0.019896964673818438,-0.7880652746263757,0.11597955453554665,1.1459381166498945,-0.6560482596599947,-0.6756800982930251,-0.6766165844273938,0.5431015908959765,0.146450563393744,-0.053280890142882543
-0.3848335225116617,-0.1449338166777039,-0.8742244954792356,0.17401807957632712,1.1459381166498945,-0.6560482596599947,-0.6569680551937035,-0.6766165844273938,0.5867639572853375,0.4246265070754712,-0.0725268318638742
-0.3669208181543288,-0.18614151201558357,-0.6588264433470856,0.23205660461711014,1.1459381166498945,-0.6560482596599947,-0.6569680551937035,-0.6578963365859634,0.4508512193407789,0.5637144789163369,-0.05648854709638115
-0.40274622686899453,-0.021310730664061233,-0.7234458589867306,0.14499881705593687,1.0342049197772085,-0.6560482596599947,-0.6569680551937035,-0.6578963365859634,0.46676057090844814,0.23917587795431836,-0.1168017321804381
-0.424241472097794,0.061104660011698106,-0.7665254694131607,0.20303734209671992,0.9224717229045212,-0.6366898962192611,-0.6569680551937035,-0.6578963365859634,0.4796860984710273,0.23917587795432246,-0.16362249377356947
-0.4063287677404611,0.10231235534957778,-0.8311448850528057,0.17401807957632712,0.9224717229045212,-0.6166421666270144,-0.6376013189672293,-0.6578963365859634,0.5400128350769381,0.146450563393744,-0.148135705403519
-0.4421541764551269,0.019896964673818438,-0.9819235215453107,0.6093070173821908,0.8133369724707346,-0.6166421666270144,-0.6175449184279279,-0.6385211085515459,0.6202271362215017,0.9346157371586425,-0.2060966942249946
-0.4278240129692606,-0.18614151201558357,-0.9173041059056657,0.5222492298210176,0.8133369724707346,-0.5963592609518791,-0.6175449184279279,-0.6184559138045151,0.5846760249549274,1.027341051719217,-0.19392273188888548
-0.4063287677404611,0.14352005068745746,-0.9603837163320957,0.23205660461711014,0.8133369724707346,-0.5963592609518791,-0.5972532400885158,-0.6184559138045151,0.6314516630028233,0.19281322067403528,-0.17566178838472163
-0.3525906546684625,-0.39217998870498927,-1.1111623528246009,0.40617217973945413,0.8133369724707346,-0.5963592609518791,-0.5972532400885158,-0.5981553380942041,0.7733325059537277,1.0737037089995083,-0.13000942962431214
-0.3919986042545948,0.3083508320389798,-1.0465429371849557,0.6383262799025812,0.7042022220369467,-0.5963592609518791,-0.5972532400885158,-0.5981553380942041,0.7023537444625054,0.6564397934769154,-0.1912293773897464
-0.9186321123601812,0.3907662227147428,-1.0896225476113859,0.6383262799025812,-1.0211662133924502,-0.5753454397569184,-0.5972532400885158,-0.5981553380942041,0.23728736762303634,0.5637144789163369,-0.944097630335081
-0.9257971941031143,0.6380123947420245,-1.1111623528246009,0.6963648049433642,-1.0211662133924502,-1.1696981146078371,-0.5762303300972323,-0.5981553380942041,0.24908246589745067,0.3782638497951881,-0.9483736512399049
-0.9222146532316478,0.8440508714314302,-1.0465429371849557,0.5802877548618006,-1.1147102851928392,-1.1696981146078371,-1.1708400714928562,-0.5771232101060436,0.19012020832693705,-0.03900006572740886,-0.9631806882363629
-0.9437098984604472,0.9264662621071895,-1.0034633267585258,0.7253840674637544,-1.1147102851928392,-1.1566107963883914,-1.1708400714928562,-1.1719936723410556,0.11735099519053309,0.10008790611345682,-0.9757317202023515
-0.9687876845607132,0.7204277854177875,-0.8742244954792356,0.6093070173821908,-1.1147102851928392,-1.1566107963883914,-1.1577470928098228,-1.1719936723410556,-0.05132602574695514,0.146450563393744,-0.9903745908293384
-1.0225257976327118,0.5555970040662651,-0.8096050798395906,0.5802877548618006,-1.2082543569932283,-1.1566107963883914,-1.1577470928098228,-1.1588949527288805,-0.20979454495050873,0.28553853523460965,-1.0374044080335934
-0.9150495714887146,0.7616354807556671,-0.8957643006924507,0.6093070173821908,-1.2082543569932283,-1.142932702675654,-1.1577470928098228,-1.1588949527288805,0.05204998415357496,0.10008790611345682,-0.9760344019460645
-0.5890383521852564,0.14352005068745746,-0.4865080016413655,0.5512684923414104,-0.03635501304946657,-1.142932702675654,-1.1440630831141385,-1.1588949527288805,0.11031660384551793,0.7028024507572067,-0.5238009432941703
-0.5639605660849903,-0.1449338166777039,-0.8096050798395906,0.11597955453554665,-0.03635501304946657,-0.7964373370948035,-1.1440630831141385,-1.145204942952394,0.38836535707137587,0.33190119251489686,-0.505432265610041
-0.5962034339281895,0.019896964673818438,-0.7665254694131607,0.4932299673006274,-0.03635501304946657,-0.7964373370948035,-0.7974178530333789,-1.145204942952394,0.3232282776034532,0.7491651080374897,-0.5290491369182074
-0.6248637608999221,-0.10372612133982424,-0.8311448850528057,0.26107586713750036,-0.03635501304946657,-0.7964373370948035,-0.7974178530333789,-0.7984077179932048,0.34582385754841194,0.5173518216360496,-0.5500419114143551
-0.7574177731441853,-0.639426160732271,-0.8742244954792356,0.40617217973945413,-0.14029287060545442,-0.7964373370948035,-0.7974178530333789,-0.7984077179932048,0.23779975972867579,1.3518796526812356,-0.6683212155189339
-0.8004082636017843,0.14352005068745746,-0.8957643006924507,0.028921766974373375,-0.14029287060545442,-0.7771713550374282,-0.7974178530333789,-0.7984077179932048,0.20530720018780116,-0.13172538028798322,-0.699194753377638
-0.8147384270876505,-0.18614151201558357,-0.9819235215453107,-0.029116758066407088,-0.14029287060545442,-0.7771713550374282,-0.7781435381466122,-0.7984077179932048,0.2659650632201413,0.146450563393744,-0.7094859326638728
-0.8039908044732508,-0.06251842600194457,-1.0896225476113859,-0.1742130706683608,-0.14029287060545442,-0.7771713550374282,-0.7781435381466122,-0.779124951822838,0.3761087360197903,-0.22445069484855762,-0.7017675481991968
-0.8254860497020503,-0.1449338166777039,-0.9603837163320957,-0.058136020586797316,-0.24163228172254175,-0.7771713550374282,-0.7781435381466122,-0.779124951822838,0.23320539721394498,0.05372524883316963,-0.7369119767636787
-0.8828067036455155,0.18472774602534078,-1.1327021580378158,0.028921766974373375,-0.3403732464007302,-1.059130716502459,-0.7781435381466122,-0.779124951822838,0.3243978210788649,-0.17808803756827454,-0.795698927631557
-0.9293797349745809,-0.021310730664061233,-1.1757817684642458,0.17401807957632712,-0.5404536221960066,-1.0452723268760986,-1.060224851311141,-0.779124951822838,0.3083678043313639,0.28553853523460554,-0.8639074890473765
-1.0117781750183121,-0.18614151201558357,-1.2404011841038909,-0.029116758066407088,-0.6391945868741951,-1.0154471331393287,-1.0463604677211167,-1.0613299502747475,0.2647605738205112,0.146450563393744,-0.9352069953883986
-1.0153607158897786,0.7616354807556671,-1.2619409893171059,1.1316537427492255,-0.7353371051134842,-0.999795088069291,-1.016522374135783,-1.0474594875146803,0.2825897417958556,0.9346157371586425,-0.953715470996531
-0.9938654706609792,0.9264662621071895,-1.3050205997435358,0.9865574301472743,-0.8314796233527726,-0.9839117137189777,-1.000863559318903,-1.017608310704731,0.3566959917711543,0.5173518216360539,-0.9565075818273052
-1.0081956341468454,1.0088816527829525,-1.218861378890676,1.0736152177084448,-0.9276221415920611,-1.1945738388920308,-0.9849733151683261,-1.0019426299065888,0.2470353660082872,0.5637144789163369,-0.9817109671904406
-0.979535307175113,0.8852585667693098,-1.1757817684642458,0.8994996425860984,-0.9276221415920611,-1.18223212283797,-1.195726554905021,-0.9860454182990317,0.24198998850368567,0.4246265070754712,-0.9642375092398346
-0.9544575210748469,0.6792200900799078,-1.1327021580378158,0.7834225925045374,-0.9276221415920611,-1.18223212283797,-1.183379500871616,-1.1968910678261195,0.2323220304920718,0.4709891643557625,-0.9489482335330546
-0.9544575210748469,0.14352005068745746,-0.7019060537735156,0.8704803800657082,-1.2082543569932283,-1.18223212283797,-1.183379500871616,-1.1845385999320466,-0.2027360800305264,1.212791680840374,-0.9985367375114917
-1.0117781750183121,-0.06251842600194457,-0.7880652746263757,-0.5804827459538344,-1.2082543569932283,-1.142932702675654,-1.183379500871616,-1.1845385999320466,-0.21342171783283548,-0.8735278967725947,-1.0312674074248405
-0.9938654706609792,0.061104660011698106,-0.7449856641999456,-0.3773479083110976,-1.2082543569932283,-1.142932702675654,-1.1440630831141385,-1.1845385999320466,-0.22680845963292814,-0.6880772676514418,-1.021039073076919
-1.054768665475911,-0.1449338166777039,-0.9173041059056657,-0.058136020586797316,-1.2991999823547173,-1.142932702675654,-1.1440630831141385,-1.145204942952394,-0.1513201215142184,0.05372524883316963,-1.0706288596051174
-1.1371671055196422,0.019896964673818438,-1.0465429371849557,0.08696029201515641,-1.2991999823547173,-1.1290293198481678,-1.1440630831141385,-1.145204942952394,-0.15823827980117916,0.10008790611345682,-1.116646745047553
-0.9472924393319138,0.6792200900799078,2.033649208304791,1.0736152177084448,-0.4417126575178187,-1.1290293198481678,-1.130153686862747,-1.145204942952394,-2.7917361312616227,0.9346157371586425,-0.8582386191015693
-0.9365448167175141,0.9264662621071895,1.8613307665990706,1.189692267790006,-0.5404536221960066,-1.2396573705095024,-1.130153686862747,-1.1312894477940836,-2.7257135689041356,0.8418904225980641,-0.8686580533639534
-0.9508749802033803,1.1737124341344711,1.9905695978783606,1.305769317871572,-0.6391945868741951,-1.2289269057487133,-1.2408295858335692,-1.1312894477940836,-2.7917361312616227,0.7491651080374938,-0.8956557258434202
-0.979535307175113,1.2973355201481176,1.6674725196801354,1.1606730052696157,-0.7353371051134842,-1.2177468735558292,-1.230094479984053,-1.2420138752555623,-2.686657599937323,0.3782638497951799,-0.9309245617347673
-0.9652051436892467,0.9676739574450691,1.5813132988272756,1.102634480228835,-0.7353371051134842,-1.2064016061627483,-1.21890961225771,-1.2312740623425502,-2.5464125041528236,0.6564397934769154,-0.921808198030062
-0.9329622758460475,0.8440508714314302,1.8397909613858556,1.189692267790006,-0.7353371051134842,-1.2064016061627483,-1.2075594378644408,-1.220084290343877,-2.6914118979705064,0.9346157371586384,-0.9012963796944746
-0.9043019488743149,1.1325047387965914,2.1628880395840806,1.2477307928307915,-0.7353371051134842,-1.2064016061627483,-1.2075594378644408,-1.208729139195622,-2.7917361312616227,0.7028024507572067,-0.8830636522850638
-1.1264194829052425,0.6380123947420245,1.4089948571215554,0.8704803800657082,-0.24163228172254175,-1.2064016061627483,-1.2075594378644408,-1.208729139195622,-2.7917361312616227,0.6564397934769154,-0.948825108755951
-1.0977591559335098,0.019896964673818438,0.1381463495418698,0.057941029494766184,-0.24163228172254175,-1.2601294652938062,-1.2075594378644408,-1.208729139195622,-1.431433215440416,0.05372524883316963,-0.928642905709068
-1.0870115333191102,0.3907662227147428,0.24584537560794484,0.26107586713750036,0.0675828445065213,-1.2601294652938062,-1.2613105351093084,-1.208729139195622,-1.5209214952774999,-0.03900006572740886,-0.8720824612271447
-1.0762639107047105,0.5143893087283855,0.20276576518151482,0.3771529172190639,0.48853116760827275,-1.2887953942321695,-1.2613105351093084,-1.2625038048925619,-1.4405032599062373,0.007362591552878325,-0.7967377929383678
-1.4022751300081686,0.5555970040662651,0.52586284337974,0.6383262799025812,0.59506747160316,-1.3229415742911024,-1.289988862496631,-1.2625038048925619,-2.7917361312616227,0.378263849795184,-1.0468542346762875
-1.0977591559335098,0.4319739180526225,0.8489599215779652,0.8414611175453179,0.59506747160316,-1.330817098660794,-1.3241498112962358,-1.291194706977317,-2.2395741773451276,0.8418904225980682,-0.7973149403310404
-1.0762639107047105,0.5968046994041448,0.8920395320043951,0.7834225925045374,0.59506747160316,-1.330817098660794,-1.3320287419496426,-1.3253706344606289,-2.209643030607916,0.563714478916341,-0.7797004019066701
-1.0977591559335098,0.5143893087283855,1.3443754414819105,0.9285189051064886,0.48853116760827275,-1.330817098660794,-1.3320287419496426,-1.3332530198193162,-2.7917361312616227,0.8882530798783513,-0.8140368241214104
-1.1156718602908426,0.6380123947420245,1.5382336884008454,1.0445959551880546,0.3819948636133843,-1.3229415742911024,-1.3320287419496426,-1.3332530198193162,-2.7917361312616227,0.9346157371586468,-0.8449116445298763
